1-2	000070
1-2	003130
1-2	001230
1-2	030110
1-2	000040
1-2	001120
1-2	000050
1-2	527370
1-2	004810
1-2	01001470
1-3	437570
1-3	000070
1-3	247060
1-3	030110
1-3	001230
1-3	000040
1-3	001120
1-3	527370
1-3	004810
1-3	003130
1-4	437570
1-4	247060
1-4	000070
1-4	001230
1-4	000040
1-4	212770
1-4	004810
1-4	527370
1-4	01001470
1-4	003130
1-5	437570
1-5	222540
1-5	030110
1-5	001230
1-5	000040
1-5	000100
1-5	001470
1-5	527370
1-5	341960
1-5	003130
1-6	000070
1-6	000100
1-6	032260
1-6	032250
1-6	152800
1-6	341960
1-6	342170
1-6	001120
1-6	527370
1-6	003130
1-7	000070
1-7	002690
1-7	000100
1-7	003070
1-7	032260
1-7	032250
1-7	152800
1-7	341960
1-7	031420
1-7	035460
1-8	000100
1-8	035460
1-8	000070
1-8	341960
1-8	002690
1-8	032260
1-8	032250
1-8	003070
1-8	152800
1-8	342060
1-9	000100
1-9	341960
1-9	001600
1-9	423380
1-9	243880
1-9	254530
1-9	039250
1-9	163890
1-9	01002490
1-9	527370
1-10	152650
1-10	002660
1-10	152640
1-10	000070
1-10	031420
1-10	000100
1-10	000080
1-10	032250
1-10	032290
1-10	001280
1-11	247060
1-11	030110
1-11	437570
1-11	001230
1-11	002710
1-11	000100
1-11	000070
1-11	341960
1-11	527370
1-11	003130
1-12	247060
1-12	001230
1-12	222540
1-12	080300
1-12	341960
1-12	030110
1-12	004930
1-12	004810
1-12	527370
1-12	003130
1-13	030110
1-13	000090
1-13	000100
1-13	001230
1-13	032250
1-13	032260
1-13	341960
1-13	001120
1-13	003130
1-13	527370
1-14	030110
1-14	247060
1-14	000100
1-14	032250
1-14	001230
1-14	000200
1-14	341960
1-14	001120
1-14	003130
1-14	527370
1-15	247060
1-15	030110
1-15	016960
1-15	341960
1-15	342170
1-15	001230
1-15	032240
1-15	108400
1-15	112000
1-15	527370
1-16	247060
1-16	222540
1-16	002710
1-16	000100
1-16	001230
1-16	342170
1-16	341960
1-16	030110
1-16	003130
1-16	527370
1-17	033510
1-17	001220
1-17	247060
1-17	437570
1-17	359340
1-17	01007220
1-17	004910
1-17	112000
1-17	067190
1-17	01013120
1-18	000070
1-18	437570
1-18	001220
1-18	033510
1-18	359340
1-18	247060
1-18	004910
1-18	003130
1-18	112000
1-18	067000
1-19	001060
1-19	032250
1-19	001310
1-19	152800
1-19	084160
1-19	151270
1-19	341960
1-19	080720
1-19	003090
1-19	527370
1-20	001060
1-20	065130
1-20	152800
1-20	001310
1-20	341960
1-20	000200
1-20	436790
1-20	317510
1-20	342170
1-20	527370
1-21	001060
1-21	001310
1-21	032250
1-21	000200
1-21	152800
1-21	341960
1-21	342600
1-21	080720
1-21	01001330
1-21	527370
1-22	001060
1-22	032250
1-22	001310
1-22	152800
1-22	000200
1-22	341960
1-22	342600
1-22	065130
1-22	079080
1-22	527370
1-23	032820
1-23	021770
1-23	032240
1-23	108400
1-23	085690
1-23	084160
1-23	108520
1-23	01011780
1-23	017030
1-23	01009010
1-24	006680
1-24	057740
1-24	338040
1-24	004750
1-24	004640
1-24	098840
1-24	003270
1-24	016640
1-24	373120
1-24	016620
1-25	065130
1-25	146620
1-25	111990
1-25	000090
1-25	069220
1-25	389040
1-25	242710
1-25	185710
1-25	289490
1-25	01001160
1-26	001340
1-26	019550
1-26	279370
1-26	033790
1-26	005360
1-26	019810
1-26	001120
1-26	465840
1-26	000040
1-26	01068820
1-27	188910
1-27	005160
1-27	268600
1-27	188700
1-27	188680
1-27	188770
1-27	388510
1-27	188570
1-27	01000450
1-27	527370
1-28	000010
1-28	001600
1-28	080230
1-28	436790
1-28	016920
1-28	000380
1-28	038040
1-28	117310
1-28	01013780
1-28	003130
1-29	000010
1-29	080230
1-29	001600
1-29	016920
1-29	000380
1-29	436790
1-29	01011870
1-29	117310
1-29	01013860
1-29	003130
1-30	000100
1-30	242710
1-30	001230
1-30	001600
1-30	341960
1-30	000200
1-30	016920
1-30	038630
1-30	527370
1-30	003130
1-31	001340
1-31	000240
1-31	103990
1-31	002690
1-31	000160
1-31	266590
1-31	266610
1-31	341960
1-31	030160
1-31	527370
1-32	001230
1-32	003140
1-32	001310
1-32	001400
1-32	066920
1-32	341960
1-32	088970
1-32	01001330
1-32	527370
1-32	003130
1-33	004490
1-33	000100
1-33	028970
1-33	035460
1-33	032250
1-33	152770
1-33	022420
1-33	064630
1-33	003130
1-33	527370
1-34	021770
1-34	032240
1-34	029830
1-34	000470
1-34	015450
1-34	489800
1-34	482780
1-34	029850
1-34	01000880
1-34	000200
1-35	152650
1-35	152640
1-35	002670
1-35	000070
1-35	031240
1-35	000080
1-35	032250
1-35	032290
1-35	031380
1-35	163180
1-36	004440
1-36	031600
1-36	000100
1-36	032320
1-36	266590
1-36	266610
1-36	000270
1-36	527370
1-36	01013780
1-36	003130
1-37	000090
1-37	003720
1-37	031550
1-37	242710
1-37	103760
1-37	01002400
1-37	031540
1-37	01001470
1-37	527370
1-37	003130
1-38	002690
1-38	341960
1-38	002710
1-38	152800
1-38	242710
1-38	342170
1-38	109690
1-38	317510
1-38	003130
1-38	527370
1-39	097980
1-39	001230
1-39	247060
1-39	341960
1-39	030110
1-39	103740
1-39	004810
1-39	004930
1-39	527370
1-39	003130
1-40	034440
1-40	184660
1-40	247060
1-40	000200
1-40	034430
1-40	040700
1-40	064570
1-40	112000
1-40	003130
1-40	527370
1-41	033510
1-41	222540
1-41	341960
1-41	247060
1-41	001230
1-41	342170
1-41	030110
1-41	437570
1-41	000090
1-41	527370
1-42	084160
1-42	242710
1-42	084170
1-42	151270
1-42	152770
1-42	000200
1-42	193850
1-42	103810
1-42	196860
1-42	01000880
1-43	001220
1-43	222540
1-43	341970
1-43	527370
1-43	349690
1-43	482820
1-43	351180
1-43	196930
1-43	345070
1-43	482780
1-44	002660
1-44	000070
1-44	000080
1-44	000100
1-44	341960
1-44	032250
1-44	032260
1-44	003030
1-44	002760
1-44	132650
1-45	152650
1-45	002670
1-45	152640
1-45	000070
1-45	000080
1-45	000150
1-45	01001070
1-45	002780
1-45	437710
1-45	527370
1-46	000020
1-46	000070
1-46	000140
1-46	000100
1-46	003030
1-46	032260
1-46	032250
1-46	064570
1-46	085110
1-46	055790
1-47	152640
1-47	000070
1-47	000140
1-47	064560
1-47	184520
1-47	055590
1-47	032290
1-47	233630
1-47	002780
1-47	001410
1-48	151260
1-48	084160
1-48	151270
1-48	032240
1-48	085690
1-48	084170
1-48	004320
1-48	116400
1-48	004380
1-48	019400
1-49	116230
1-49	222540
1-49	004270
1-49	032240
1-49	031270
1-49	326880
1-49	01000880
1-49	103730
1-49	108520
1-49	527370
1-50	342390
1-50	242710
1-50	341960
1-50	001230
1-50	151270
1-50	000200
1-50	085680
1-50	343580
1-50	342630
1-50	342320
1-51	342170
1-51	001400
1-51	152800
1-51	341960
1-51	004440
1-51	342630
1-51	342320
1-51	289500
1-51	341970
1-51	527370
1-52	242710
1-52	084160
1-52	151270
1-52	001620
1-52	000200
1-52	001230
1-52	109370
1-52	345130
1-52	017060
1-52	193920
1-53	01001070
1-53	222540
1-53	342170
1-53	001600
1-53	001230
1-53	341960
1-53	317860
1-53	108400
1-53	098700
1-53	527370
1-54	000070
1-54	000100
1-54	003030
1-54	032250
1-54	032260
1-54	031420
1-54	224280
1-54	085110
1-54	224640
1-54	001120
1-55	000140
1-55	000070
1-55	000080
1-55	031240
1-55	003070
1-55	078860
1-55	000150
1-55	001410
1-55	103670
1-55	317500
1-56	032290
1-56	000200
1-56	131960
1-56	001410
1-56	085680
1-56	152770
1-56	151850
1-56	440800
1-56	103810
1-56	01074100
1-57	000070
1-57	000100
1-57	341960
1-57	085720
1-57	055700
1-57	266590
1-57	184540
1-57	064570
1-57	224280
1-57	085750
1-58	152640
1-58	01000820
1-58	000020
1-58	000070
1-58	000200
1-58	000100
1-58	000140
1-58	032250
1-58	015480
1-58	279360
1-59	152650
1-59	002670
1-59	002660
1-59	152640
1-59	01001070
1-59	000070
1-59	000140
1-59	078860
1-59	002780
1-59	527370
1-60	000100
1-60	031240
1-60	031260
1-60	103670
1-60	055540
1-60	064560
1-60	032290
1-60	000140
1-60	233630
1-60	01012600
1-61	000010
1-61	080230
1-61	016920
1-61	000380
1-61	436790
1-61	242710
1-61	038040
1-61	117310
1-61	01013860
1-61	003130
1-62	055580
1-62	064560
1-62	055540
1-62	000100
1-62	001280
1-62	154120
1-62	000140
1-62	001410
1-62	099470
1-62	099620
1-63	162340
1-63	003140
1-63	455240
1-63	041440
1-63	341960
1-63	108400
1-63	162600
1-63	436790
1-63	070390
1-63	527370
1-64	000010
1-64	000100
1-64	004780
1-64	001600
1-64	032290
1-64	000510
1-64	436790
1-64	162810
1-64	01024430
1-64	003130
1-65	132650
1-65	342260
1-65	003130
1-65	103830
1-65	224280
1-65	000270
1-65	343150
1-65	064630
1-65	098700
1-65	056940
1-66	132650
1-66	342260
1-66	015850
1-66	103830
1-66	224280
1-66	000270
1-66	166880
1-66	163020
1-66	027010
1-66	064570
1-67	004290
1-67	004440
1-67	001230
1-67	300270
1-67	005590
1-67	170930
1-67	036240
1-67	168500
1-67	01070630
1-67	01044850
1-68	280050
1-68	279650
1-68	300920
1-68	357060
1-68	017110
1-68	363210
1-68	349290
1-68	276370
1-68	01002400
1-68	527370
1-69	373130
1-69	055280
1-69	038560
1-69	031420
1-69	217480
1-69	189630
1-69	239460
1-69	062880
1-69	01000190
1-69	01096830
1-70	403440
1-70	047390
1-70	030960
1-70	373550
1-70	103750
1-70	225650
1-70	289930
1-70	189630
1-70	062880
1-70	01000190
1-71	152800
1-71	035460
1-71	035660
1-71	004490
1-71	031620
1-71	213280
1-71	169180
1-71	01002490
1-71	01020320
1-71	01077930
1-72	004260
1-72	001080
1-72	000050
1-72	162310
1-72	000040
1-72	099470
1-72	032250
1-72	038140
1-72	038130
1-72	527370
1-73	001600
1-73	400180
1-73	315270
1-73	000100
1-73	002690
1-73	342060
1-73	195010
1-73	341960
1-73	000040
1-73	01024430
1-74	003750
1-74	003720
1-74	317520
1-74	031420
1-74	317560
1-74	344530
1-74	289210
1-74	031300
1-74	035460
1-74	098840
1-75	033510
1-75	001230
1-75	247060
1-75	222540
1-75	097980
1-75	341960
1-75	152800
1-75	030110
1-75	527370
1-75	003130
1-76	001230
1-76	097980
1-76	341960
1-76	103740
1-76	103750
1-76	01000100
1-76	004930
1-76	527370
1-76	004810
1-76	003130
1-77	222540
1-77	080300
1-77	001230
1-77	341960
1-77	342170
1-77	284660
1-77	289500
1-77	289210
1-77	285180
1-77	527370
1-78	084170
1-78	222540
1-78	000090
1-78	080430
1-78	018440
1-78	387870
1-78	437040
1-78	081750
1-78	416590
1-78	527370
1-79	132650
1-79	029820
1-79	031620
1-79	224280
1-79	343320
1-79	103830
1-79	478790
1-79	236990
1-79	221510
1-79	162610
1-80	002670
1-80	032250
1-80	152640
1-80	152650
1-80	221350
1-80	239600
1-80	032290
1-80	214030
1-80	001860
1-80	116960
1-81	242710
1-81	000100
1-81	032260
1-81	162310
1-81	212770
1-81	133930
1-81	222330
1-81	342170
1-81	527370
1-81	01036470
1-82	015570
1-82	108460
1-82	184510
1-82	000090
1-82	222540
1-82	001120
1-82	035900
1-82	304330
1-82	108520
1-82	527370
1-83	018650
1-83	085690
1-83	427450
1-83	416380
1-83	416630
1-83	000160
1-83	072890
1-83	417240
1-83	416750
1-83	01087800
1-84	084170
1-84	306890
1-84	002990
1-84	498130
1-84	003000
1-84	108560
1-84	084160
1-84	098700
1-84	035750
1-84	017030
1-85	036210
1-85	069300
1-85	098070
1-85	036130
1-85	247110
1-85	036250
1-85	279340
1-85	341990
1-85	001230
1-85	342100
1-86	032290
1-86	163120
1-86	162350
1-86	162340
1-86	300010
1-86	151270
1-86	002760
1-86	300020
1-86	098840
1-86	098700
1-87	069880
1-87	159410
1-87	294430
1-87	252390
1-87	548260
1-87	354130
1-87	248230
1-87	004160
1-87	395050
1-87	418900
1-88	000420
1-88	242690
1-88	084160
1-88	032240
1-88	161810
1-88	000160
1-88	084170
1-88	161680
1-88	342760
1-88	108520
1-89	038110
1-89	008920
1-89	035560
1-89	257280
1-89	055780
1-89	167520
1-89	146610
1-89	466650
1-89	008200
1-89	298320
1-90	227440
1-90	297560
1-90	418420
1-90	323860
1-90	530860
1-90	016890
1-90	483510
1-90	496230
1-90	302700
1-90	103000
1-91	084210
1-91	016960
1-91	005160
1-91	004810
1-91	035880
1-91	104550
1-91	035660
1-91	527370
1-91	01036700
1-91	01013780
1-92	053420
1-92	001960
1-92	01012370
1-92	524750
1-92	525370
1-92	524680
1-92	473620
1-92	01013710
1-92	032830
1-92	315200
1-93	118410
1-93	084210
1-93	411670
1-93	035660
1-93	455780
1-93	027410
1-93	071130
1-93	363770
1-93	527370
1-93	385270
1-94	016960
1-94	017150
1-94	035460
1-94	016930
1-94	016980
1-94	152800
1-94	212770
1-94	01007400
1-94	527370
1-94	003130
2-1	473620
2-1	524680
2-1	473160
2-1	474140
2-1	01100440
2-1	01013710
2-1	001960
2-1	01094940
2-1	01049920
2-1	383050
2-2	336710
2-2	154320
2-2	017760
2-2	037510
2-2	054060
2-2	021250
2-2	017770
2-2	053450
2-2	053470
2-2	017780
2-3	475300
2-3	030140
2-3	030110
2-3	099060
2-3	099050
2-3	003470
2-3	372550
2-3	535230
2-3	002080
2-3	017770
2-4	001980
2-4	001080
2-4	001950
2-4	035560
2-4	193220
2-4	035370
2-4	104440
2-4	162310
2-4	225650
2-4	01000190
2-5	016890
2-5	427790
2-5	528660
2-5	433260
2-5	115130
2-5	433580
2-5	385290
2-5	299880
2-5	021070
2-5	483400
2-6	342600
2-6	254530
2-6	103840
2-6	345420
2-6	080350
2-6	349010
2-6	436860
2-6	342100
2-6	289210
2-6	349440
2-7	479210
2-7	395340
2-7	395240
2-7	037290
2-7	244820
2-7	244810
2-7	287810
2-7	047930
2-7	218960
2-7	337960
2-8	085260
2-8	006930
2-8	163120
2-8	162640
2-8	162340
2-8	068160
2-8	287830
2-8	436790
2-8	193900
2-8	032290
2-9	003070
2-9	003020
2-9	342060
2-9	003030
2-9	289130
2-9	080230
2-9	002760
2-9	342170
2-9	343320
2-9	01076240
2-10	000010
2-10	112000
2-10	080230
2-10	016920
2-10	001600
2-10	436790
2-10	018050
2-10	035750
2-10	01011870
2-10	003130
2-11	000010
2-11	080230
2-11	016920
2-11	436790
2-11	004930
2-11	004540
2-11	007860
2-11	01011870
2-11	117310
2-11	003130
2-12	152650
2-12	152640
2-12	002660
2-12	000150
2-12	000070
2-12	000080
2-12	031240
2-12	032250
2-12	032290
2-12	163180
2-13	152650
2-13	002670
2-13	002660
2-13	152640
2-13	000070
2-13	031240
2-13	000080
2-13	032250
2-13	032290
2-13	031380
2-14	159810
2-14	246510
2-14	395290
2-14	516600
2-14	226830
2-14	350330
2-14	482390
2-14	084150
2-14	338010
2-14	528150
2-26	030040
2-26	242710
2-26	255510
2-26	059010
2-26	436790
2-26	240440
2-26	395270
2-26	528180
2-26	084840
2-26	003130
2-27	158080
2-27	030040
2-27	151270
2-27	323860
2-27	031400
2-27	242710
2-27	436790
2-27	255510
2-27	003130
2-27	527370
2-28	065180
2-28	224640
2-28	056940
2-28	192850
2-28	032160
2-28	345420
2-28	081100
2-28	374700
2-28	01000450
2-28	348740
2-29	065180
2-29	347530
2-29	192850
2-29	056940
2-29	081100
2-29	345420
2-29	032160
2-29	374700
2-29	01000450
2-29	348740
2-30	002980
2-30	029050
2-30	067420
2-30	004070
2-30	132430
2-30	092660
2-30	132070
2-30	386370
2-30	527370
2-30	057970
2-31	002980
2-31	067420
2-31	067500
2-31	079220
2-31	154490
2-31	317560
2-31	146750
2-31	386370
2-31	256860
2-31	527370
2-32	020590
2-32	037530
2-32	01002450
2-32	212480
2-32	133640
2-32	058030
2-32	031780
2-32	017790
2-32	056330
2-32	259600
2-33	037530
2-33	037540
2-33	253990
2-33	344630
2-33	154360
2-33	258660
2-33	018210
2-33	344680
2-33	343640
2-33	258570
2-42	016910
2-42	284430
2-42	193210
2-42	466650
2-42	162310
2-42	193270
2-42	098700
2-42	109370
2-42	000090
2-42	527370
2-43	084160
2-43	003720
2-43	341960
2-43	242710
2-43	103830
2-43	001230
2-43	003610
2-43	035740
2-43	065130
2-43	01036470
2-44	018640
2-44	000100
2-44	001280
2-44	031420
2-44	343020
2-44	099470
2-44	343000
2-44	037540
2-44	117860
2-44	01011970
2-45	035460
2-45	031620
2-45	103830
2-45	035610
2-45	224280
2-45	000270
2-45	343320
2-45	109710
2-45	376350
2-45	056940
2-46	035460
2-46	016960
2-46	031620
2-46	103830
2-46	343320
2-46	000270
2-46	224280
2-46	100290
2-46	376350
2-46	417180
2-47	080300
2-47	084170
2-47	084160
2-47	135830
2-47	092610
2-47	079070
2-47	035460
2-47	103830
2-47	275010
2-47	056940
2-48	154310
2-48	032860
2-48	111980
2-48	000130
2-48	031550
2-48	351150
2-48	348970
2-48	133070
2-48	242710
2-48	234050
2-60	002980
2-60	224640
2-60	029930
2-60	067120
2-60	013350
2-60	032020
2-60	029070
2-60	000200
2-60	257220
2-60	527370
2-61	002670
2-61	000070
2-61	098630
2-61	233620
2-61	002780
2-61	032290
2-61	001280
2-61	438000
2-61	003210
2-61	527370
2-62	002690
2-62	247060
2-62	341960
2-62	030110
2-62	342170
2-62	01000460
2-62	000040
2-62	112010
2-62	112000
2-62	527370
2-63	001300
2-63	342600
2-63	003720
2-63	356960
2-63	078910
2-63	342100
2-63	103850
2-63	058580
2-63	342930
2-63	234760
2-64	485800
2-64	038360
2-64	001600
2-64	079130
2-64	135830
2-64	245630
2-64	243880
2-64	038400
2-64	260350
2-64	300840
2-65	290900
2-65	031930
2-65	067330
2-65	041440
2-65	436790
2-65	116710
2-65	242710
2-65	031400
2-65	395270
2-65	003130
2-66	109680
2-66	017790
2-66	103830
2-66	343150
2-66	346730
2-66	224280
2-66	109710
2-66	343320
2-66	158010
2-66	056940
2-67	065130
2-67	032290
2-67	070370
2-67	162640
2-67	000200
2-67	152800
2-67	163120
2-67	322720
2-67	413010
2-67	527370
2-68	004490
2-68	032260
2-68	004910
2-68	004820
2-68	163120
2-68	001590
2-68	162640
2-68	150230
2-68	341960
2-68	527370
2-69	001220
2-69	222540
2-69	004260
2-69	194650
2-69	004290
2-69	001120
2-69	000040
2-69	438450
2-69	081140
2-69	527370
2-70	035660
2-70	152800
2-70	035460
2-70	004490
2-70	213280
2-70	169180
2-70	411880
2-70	01002490
2-70	527370
2-70	003130
2-71	152800
2-71	040620
2-71	035460
2-71	344110
2-71	032260
2-71	032250
2-71	346560
2-71	001120
2-71	01002490
2-71	527370
2-72	032260
2-72	032250
2-72	341960
2-72	001230
2-72	001600
2-72	243880
2-72	254530
2-72	01011970
2-72	01024430
2-72	527370
2-73	000070
2-73	002690
2-73	000100
2-73	032260
2-73	000200
2-73	032250
2-73	035460
2-73	085680
2-73	01034510
2-73	527370
2-74	000310
2-74	040700
2-74	109450
2-74	227700
2-74	227800
2-74	414160
2-74	231250
2-74	414380
2-74	000090
2-74	414320
2-82	004260
2-82	016560
2-82	193900
2-82	035370
2-82	066870
2-82	193920
2-82	038560
2-82	036140
2-82	098700
2-82	01000190
2-83	330070
2-83	426230
2-83	473350
2-83	472820
2-83	059080
2-83	001230
2-83	474670
2-83	138160
2-83	398570
2-83	01014950
2-84	031350
2-84	001150
2-84	039440
2-84	327450
2-84	003120
2-84	032820
2-84	032240
2-84	108970
2-84	084170
2-84	017030
2-85	032840
2-85	032820
2-85	471210
2-85	031270
2-85	032240
2-85	108520
2-85	064610
2-85	184510
2-85	323970
2-85	112260
2-86	001220
2-86	184610
2-86	002660
2-86	016600
2-86	000020
2-86	000100
2-86	032250
2-86	002050
2-86	003030
2-86	001590
2-87	274920
2-87	152640
2-87	000100
2-87	287830
2-87	031380
2-87	031320
2-87	031440
2-87	152740
2-87	031420
2-87	152760
2-88	002660
2-88	002670
2-88	152640
2-88	152650
2-88	000070
2-88	000100
2-88	004300
2-88	085190
2-88	322720
2-88	317540
2-89	084170
2-89	032240
2-89	341960
2-89	002290
2-89	151260
2-89	319630
2-89	002300
2-89	451420
2-89	451570
2-89	353460
2-94	003470
2-94	030110
2-94	030140
2-94	247060
2-94	028970
2-94	021250
2-94	112010
2-94	002710
2-94	001230
2-94	527370
3-16	017150
3-16	016960
3-16	006260
3-16	154360
3-16	038110
3-16	344680
3-16	084580
3-16	155520
3-16	348050
3-16	185720
3-17	152640
3-17	000070
3-17	152650
3-17	002660
3-17	002670
3-17	000140
3-17	031240
3-17	004300
3-17	000080
3-17	032290
3-18	002130
3-18	117520
3-18	193770
3-18	001470
3-18	001310
3-18	017120
3-18	212770
3-18	035590
3-18	001390
3-18	527370
3-19	000030
3-19	035590
3-19	000300
3-19	017150
3-19	038630
3-19	016960
3-19	155150
3-19	289500
3-19	038140
3-19	527370
3-20	151270
3-20	151260
3-20	084160
3-20	274940
3-20	019400
3-20	084170
3-20	342790
3-20	032240
3-20	134420
3-20	01003090
3-21	037540
3-21	234120
3-21	239600
3-21	079000
3-21	163050
3-21	389670
3-21	116940
3-21	006520
3-21	003080
3-21	01000090
3-22	356960
3-22	038110
3-22	099880
3-22	01013700
3-22	039540
3-22	154400
3-22	344680
3-22	004200
3-22	217480
3-22	01014030
3-23	002690
3-23	038360
3-23	038010
3-23	341960
3-23	079000
3-23	289210
3-23	258640
3-23	039240
3-23	423380
3-23	243880
3-24	017150
3-24	156010
3-24	155150
3-24	004200
3-24	348050
3-24	156390
3-24	031550
3-24	344680
3-24	01002370
3-24	527370
3-25	351770
3-25	065530
3-25	070530
3-25	016960
3-25	335950
3-25	388420
3-25	346900
3-25	409590
3-25	01061380
3-25	066020
3-33	016910
3-33	001980
3-33	020610
3-33	193220
3-33	001120
3-33	456090
3-33	217480
3-33	000090
3-33	109370
3-33	108460
3-34	080460
3-34	154330
3-34	002000
3-34	032830
3-34	029790
3-34	103770
3-34	031550
3-34	103760
3-34	293810
3-34	233620
3-35	247060
3-35	007860
3-35	01002450
3-35	004070
3-35	268700
3-35	268720
3-35	279670
3-35	097980
3-35	065580
3-35	527370
3-36	290890
3-36	147540
3-36	188470
3-36	395830
3-36	103770
3-36	103760
3-36	031550
3-36	243030
3-36	147110
3-36	233620
3-37	080460
3-37	446190
3-37	029790
3-37	446180
3-37	032830
3-37	000310
3-37	279100
3-37	395830
3-37	466650
3-37	233620
3-38	032820
3-38	003150
3-38	032240
3-38	031270
3-38	109890
3-38	108520
3-38	085690
3-38	323970
3-38	108400
3-38	017030
3-39	109620
3-39	017150
3-39	006520
3-39	004070
3-39	279480
3-39	017790
3-39	268700
3-39	261600
3-39	247980
3-39	249250
3-40	037540
3-40	133660
3-40	133210
3-40	086710
3-40	017880
3-40	259090
3-40	103720
3-40	001130
3-40	000400
3-40	259600
3-41	002670
3-41	152650
3-41	152640
3-41	002660
3-41	000070
3-41	000080
3-41	003030
3-41	001280
3-41	002780
3-41	032290
3-42	437910
3-42	002070
3-42	113590
3-42	084160
3-42	004320
3-42	032240
3-42	004380
3-42	116490
3-42	084170
3-42	116410
3-43	080460
3-43	020600
3-43	466680
3-43	001110
3-43	395830
3-43	466650
3-43	243030
3-43	01094830
3-43	446180
3-43	233620
3-44	116230
3-44	109240
3-44	029800
3-44	098640
3-44	032240
3-44	037730
3-44	259440
3-44	01000880
3-44	108520
3-44	527370
3-45	021060
3-45	326500
3-45	500600
3-45	268540
3-45	268950
3-45	116470
3-45	006120
3-45	242700
3-45	269930
3-45	032030
3-46	037530
3-46	133660
3-46	133640
3-46	017790
3-46	162860
3-46	004370
3-46	103720
3-46	373380
3-46	056330
3-46	344680
3-47	017150
3-47	004070
3-47	214880
3-47	268720
3-47	004160
3-47	212790
3-47	006520
3-47	065580
3-47	389940
3-47	527370
3-48	032820
3-48	031270
3-48	032240
3-48	222540
3-48	108520
3-48	224150
3-48	108400
3-48	016920
3-48	155080
3-48	527370
3-49	017150
3-49	017120
3-49	214880
3-49	007860
3-49	006520
3-49	004160
3-49	234830
3-49	213870
3-49	065580
3-49	389940
3-50	154330
3-50	080460
3-50	000300
3-50	002000
3-50	293810
3-50	103770
3-50	103760
3-50	031550
3-50	242710
3-50	233620
3-51	005420
3-51	007860
3-51	155150
3-51	261600
3-51	103720
3-51	527370
3-51	418660
3-51	260490
3-51	344680
3-51	01002370
3-52	000080
3-52	002670
3-52	000150
3-52	003030
3-52	000020
3-52	152640
3-52	003070
3-52	003020
3-52	065150
3-52	437710
3-53	004730
3-53	233710
3-53	086710
3-53	154360
3-53	01002450
3-53	055600
3-53	103720
3-53	017790
3-53	01062390
3-53	056330
3-54	222140
3-54	341960
3-54	135830
3-54	317510
3-54	000160
3-54	260350
3-54	484900
3-54	039250
3-54	01000400
3-54	543970
3-55	243920
3-55	089930
3-55	108590
3-55	274030
3-55	094160
3-55	01012330
3-55	093600
3-55	108810
3-55	244180
3-55	108740
3-56	003140
3-56	004290
3-56	017060
3-56	039250
3-56	001460
3-56	000160
3-56	133940
3-56	466650
3-56	186000
3-56	000200
3-57	002690
3-57	341960
3-57	003070
3-57	342170
3-57	343320
3-57	152800
3-57	317510
3-57	346350
3-57	039250
3-57	527370
3-58	037830
3-58	036220
3-58	193230
3-58	003140
3-58	004290
3-58	003080
3-58	002830
3-58	289110
3-58	245630
3-58	527370
3-65	001230
3-65	036140
3-65	084160
3-65	020620
3-65	069580
3-65	032240
3-65	003090
3-65	098700
3-65	01029210
3-65	01001740
3-66	031270
3-66	032240
3-66	108520
3-66	347240
3-66	326870
3-66	184510
3-66	345950
3-66	151310
3-66	328490
3-66	01000880
3-67	000710
3-67	000100
3-67	213770
3-67	242710
3-67	069300
3-67	003090
3-67	108400
3-67	000160
3-67	466650
3-67	527370
3-68	113590
3-68	084170
3-68	437660
3-68	004320
3-68	084160
3-68	032240
3-68	056410
3-68	437910
3-68	004380
3-68	079000
3-69	410740
3-69	031540
3-69	162310
3-69	038970
3-69	003090
3-69	324090
3-69	164920
3-69	289490
3-69	098700
3-69	527370
3-70	000100
3-70	001280
3-70	003030
3-70	002760
3-70	002670
3-70	000150
3-70	003070
3-70	001410
3-70	000070
3-70	001600
3-71	323860
3-71	069220
3-71	035860
3-71	000710
3-71	003090
3-71	233660
3-71	479260
3-71	290750
3-71	080690
3-71	01001180
3-72	032240
3-72	098640
3-72	031330
3-72	031270
3-72	032440
3-72	108400
3-72	103730
3-72	323830
3-72	108520
3-72	289350
3-73	002660
3-73	000100
3-73	000070
3-73	032260
3-73	032250
3-73	000080
3-73	003030
3-73	342060
3-73	031420
3-73	002760
3-74	000070
3-74	002690
3-74	055550
3-74	132630
3-74	000200
3-74	152770
3-74	015580
3-74	103810
3-74	006410
3-74	019580
3-75	002000
3-75	466650
3-75	002060
3-75	233620
3-75	029790
3-75	243030
3-75	064600
3-75	108480
3-75	242720
3-75	001230
3-76	002660
3-76	152640
3-76	002670
3-76	152650
3-76	000070
3-76	002780
3-76	000080
3-76	031240
3-76	032290
3-76	001280
3-77	021390
3-77	344570
3-77	099440
3-77	184600
3-77	099470
3-77	098090
3-77	037540
3-77	000530
3-77	099990
3-77	289930
3-78	194710
3-78	108400
3-78	031330
3-78	098640
3-78	108460
3-78	031270
3-78	150870
3-78	103730
3-78	098760
3-78	289350
3-79	000710
3-79	410740
3-79	242710
3-79	162310
3-79	108400
3-79	133930
3-79	000160
3-79	003090
3-79	031550
3-79	527370
3-80	151310
3-80	000710
3-80	032240
3-80	003090
3-80	000370
3-80	227700
3-80	024300
3-80	036270
3-80	437360
3-80	003130
3-81	079000
3-81	084160
3-81	437660
3-81	004320
3-81	084170
3-81	437910
3-81	247100
3-81	438340
3-81	439960
3-81	003090
3-82	001280
3-82	000100
3-82	031420
3-82	069580
3-82	004440
3-82	01001070
3-82	001180
3-82	003080
3-82	182200
3-82	527370
3-83	410740
3-83	000710
3-83	031540
3-83	003090
3-83	081430
3-83	352690
3-83	164920
3-83	069580
3-83	000970
3-83	071610
3-84	000060
3-84	032220
3-84	001230
3-84	482780
3-84	005480
3-84	112780
3-84	067690
3-84	350300
3-84	447300
3-84	194070
3-85	031330
3-85	258680
3-85	000710
3-85	031270
3-85	108400
3-85	000970
3-85	352690
3-85	108460
3-85	289350
3-85	103730
3-86	000100
3-86	146590
3-86	031420
3-86	317560
3-86	103850
3-86	003720
3-86	289210
3-86	482860
3-86	292540
3-86	01036470
3-87	085420
3-87	242710
3-87	505590
3-87	388420
3-87	108960
3-87	031780
3-87	003660
3-87	301580
3-87	246190
3-87	355710
3-88	000470
3-88	065130
3-88	015540
3-88	003080
3-88	001230
3-88	005480
3-88	032240
3-88	004290
3-88	069580
3-88	347270
3-89	004460
3-89	146590
3-89	069300
3-89	146610
3-89	003090
3-89	003720
3-89	342600
3-89	001230
3-89	341990
3-89	342100
3-90	000710
3-90	000100
3-90	004440
3-90	017200
3-90	242710
3-90	352690
3-90	227840
3-90	029540
3-90	069580
3-90	01001450
4-1	035470
4-1	290780
4-1	257010
4-1	184600
4-1	444740
4-1	055780
4-1	131960
4-1	099870
4-1	001620
4-1	049490
4-2	258760
4-2	001500
4-2	196940
4-2	001290
4-2	236960
4-2	395010
4-2	274220
4-2	346210
4-2	296750
4-2	342620
4-3	239600
4-3	437650
4-3	344680
4-3	437830
4-3	037540
4-3	156190
4-3	085730
4-3	348050
4-3	082130
4-3	527370
4-4	132200
4-4	222540
4-4	017460
4-4	337280
4-4	542020
4-4	033590
4-4	087570
4-4	431030
4-4	527370
4-4	01063570
4-5	016960
4-5	032250
4-5	084160
4-5	004910
4-5	080430
4-5	342790
4-5	000070
4-5	003090
4-5	01002400
4-5	527370
4-6	080300
4-6	004910
4-6	041210
4-6	345940
4-6	388350
4-6	036290
4-6	036520
4-6	038440
4-6	066020
4-6	069360
4-7	015480
4-7	032250
4-7	000070
4-7	146590
4-7	000100
4-7	001590
4-7	015570
4-7	01002400
4-7	080690
4-7	527370
4-8	015520
4-8	085680
4-8	015690
4-8	018660
4-8	185810
4-8	001120
4-8	081270
4-8	01006510
4-8	071150
4-8	540040
4-9	038110
4-9	038460
4-9	184830
4-9	114770
4-9	249470
4-9	022420
4-9	000890
4-9	346120
4-9	037830
4-9	527370
4-10	029210
4-10	327010
4-10	036330
4-10	037730
4-10	400140
4-10	317630
4-10	017180
4-10	000380
4-10	000090
4-10	01000880
4-11	131920
4-11	000200
4-11	491510
4-11	224330
4-11	187060
4-11	225650
4-11	034440
4-11	034430
4-11	540100
4-11	284520
4-12	492110
4-12	131920
4-12	491510
4-12	491590
4-12	187060
4-12	491720
4-12	034440
4-12	034430
4-12	379680
4-12	056040
4-13	315320
4-13	003040
4-13	344510
4-13	086810
4-13	003130
4-13	322240
4-13	294150
4-13	347950
4-13	080340
4-13	527370
4-14	315320
4-14	344510
4-14	003040
4-14	343320
4-14	154730
4-14	117210
4-14	347950
4-14	294150
4-14	080340
4-14	527370
4-15	084160
4-15	342790
4-15	343390
4-15	001230
4-15	151270
4-15	242710
4-15	01000070
4-15	341990
4-15	342100
4-15	065320
4-16	342790
4-16	084160
4-16	343390
4-16	000320
4-16	001230
4-16	289170
4-16	342100
4-16	341990
4-16	342760
4-16	347640
4-17	547070
4-17	456220
4-17	090020
4-17	242710
4-17	260210
4-17	070700
4-17	416380
4-17	181960
4-17	423970
4-17	182150
4-18	156040
4-18	259240
4-18	084160
4-18	117240
4-18	071920
4-18	038340
4-18	213080
4-18	070250
4-18	116930
4-18	416380
4-19	001950
4-19	035370
4-19	099050
4-19	305070
4-19	345950
4-19	347240
4-19	104440
4-19	003130
4-19	357210
4-19	527370
4-20	001950
4-20	527370
4-20	035370
4-20	347240
4-20	345950
4-20	004810
4-20	104440
4-20	305070
4-20	357210
4-20	099050
4-21	000050
4-21	289290
4-21	155520
4-21	055780
4-21	527370
4-21	038060
4-21	099260
4-21	081000
4-21	000200
4-21	085060
4-22	000050
4-22	155520
4-22	289290
4-22	527370
4-22	055780
4-22	038060
4-22	000200
4-22	099260
4-22	085060
4-22	01012830
4-23	186990
4-23	279100
4-23	000300
4-23	002000
4-23	437580
4-23	112760
4-23	000170
4-23	527370
4-23	103770
4-23	000310
4-24	032830
4-24	031360
4-24	112760
4-24	000300
4-24	000170
4-24	103770
4-24	031550
4-24	279100
4-24	186990
4-24	242710
4-25	032250
4-25	000200
4-25	103740
4-25	103710
4-25	116700
4-25	162640
4-25	031420
4-25	000100
4-25	162360
4-25	193910
4-26	000200
4-26	103740
4-26	085060
4-26	103710
4-26	116700
4-26	162640
4-26	000100
4-26	031420
4-26	162360
4-26	193910
4-27	108420
4-27	000300
4-27	031360
4-27	031330
4-27	002000
4-27	032830
4-27	000420
4-27	000170
4-27	031280
4-27	01011790
4-28	084170
4-28	064600
4-28	084160
4-28	002000
4-28	420170
4-28	031330
4-28	002060
4-28	163820
4-28	224450
4-28	224460
4-29	001600
4-29	078900
4-29	078840
4-29	162600
4-29	078920
4-29	289500
4-29	038560
4-29	233650
4-29	000250
4-29	117310
4-30	001600
4-30	162600
4-30	078900
4-30	266610
4-30	289500
4-30	266590
4-30	01002320
4-30	103700
4-30	000250
4-30	117310
4-31	437570
4-31	034490
4-31	001980
4-31	214510
4-31	274970
4-31	001770
4-31	040430
4-31	080950
4-31	034440
4-31	01001470
4-32	086710
4-32	034490
4-32	001980
4-32	214510
4-32	274970
4-32	001770
4-32	034440
4-32	040430
4-32	135830
4-32	01001470
4-33	163320
4-33	099490
4-33	067000
4-33	041440
4-33	037730
4-33	080520
4-33	038140
4-33	067500
4-33	089060
4-33	154490
4-34	163320
4-34	152780
4-34	099490
4-34	041440
4-34	037730
4-34	080520
4-34	038140
4-34	089060
4-34	067500
4-34	154490
4-35	000090
4-35	001230
4-35	038060
4-35	084160
4-35	038130
4-35	080370
4-35	067070
4-35	016920
4-35	289500
4-35	130750
4-36	028970
4-36	064570
4-36	029050
4-36	029210
4-36	213110
4-36	283180
4-36	243140
4-36	163050
4-36	059130
4-36	527370
4-37	028970
4-37	152800
4-37	064570
4-37	000730
4-37	029050
4-37	283180
4-37	112800
4-37	243140
4-37	527370
4-37	01050330
4-38	000080
4-38	342100
4-38	343480
4-38	345130
4-38	151020
4-38	349830
4-38	540040
4-38	068340
4-38	344290
4-38	080680
4-39	000080
4-39	352300
4-39	343480
4-39	349440
4-39	349830
4-39	540040
4-39	002760
4-39	347790
4-39	351050
4-39	214030
4-40	001990
4-40	437630
4-40	029790
4-40	154640
4-40	002170
4-40	184560
4-40	290690
4-40	155150
4-40	289160
4-40	527370
4-41	001990
4-41	029790
4-41	154640
4-41	002170
4-41	290690
4-41	155150
4-41	289160
4-41	116370
4-41	040550
4-41	527370
4-42	276580
4-42	065130
4-42	058810
4-42	019610
4-42	163030
4-42	084170
4-42	019550
4-42	247100
4-42	200140
4-42	079000
4-43	004330
4-43	001190
4-43	030110
4-43	007430
4-43	006130
4-43	007310
4-43	008660
4-43	009830
4-43	005160
4-43	085250
4-44	019320
4-44	066960
4-44	193350
4-44	067050
4-44	104440
4-44	104850
4-44	067250
4-44	067260
4-44	067680
4-44	067340
4-45	031280
4-45	163770
4-45	029210
4-45	224610
4-45	224840
4-45	163560
4-45	225150
4-45	151330
4-45	132700
4-45	491720
4-46	188570
4-46	070460
4-46	186990
4-46	066060
4-46	152990
4-46	067680
4-46	049380
4-46	542280
4-46	01000450
4-46	01073480
4-47	260210
4-47	471750
4-47	038340
4-47	156040
4-47	416380
4-47	039990
4-47	084160
4-47	070680
4-47	259240
4-47	039270
4-48	194760
4-48	038340
4-48	156040
4-48	416380
4-48	039990
4-48	070680
4-48	084160
4-48	259240
4-48	039270
4-48	037960
4-49	155720
4-49	223190
4-49	223520
4-49	000200
4-49	007930
4-49	148120
4-49	01012560
4-49	01000500
4-49	132630
4-49	224110
4-50	300060
4-50	268610
4-50	019240
4-50	028500
4-50	182200
4-50	229670
4-50	498710
4-50	348780
4-50	162910
4-50	01002740
4-51	279220
4-51	019240
4-51	300060
4-51	164230
4-51	410790
4-51	229670
4-51	004930
4-51	498710
4-51	162910
4-51	01002740
4-52	007520
4-52	006430
4-52	006060
4-52	247690
4-52	268700
4-52	005320
4-52	338150
4-52	007080
4-52	118640
4-52	000200
4-53	002760
4-53	031400
4-53	002930
4-53	344940
4-53	085060
4-53	103740
4-53	133960
4-53	000200
4-53	000100
4-53	01011970
4-54	002760
4-54	344940
4-54	031400
4-54	103740
4-54	133960
4-54	079130
4-54	031600
4-54	343730
4-54	000100
4-54	01011970
4-55	002930
4-55	344940
4-55	133960
4-55	031400
4-55	103750
4-55	103740
4-55	031600
4-55	000200
4-55	032260
4-55	01011970
4-56	104460
4-56	212450
4-56	032250
4-56	162310
4-56	279040
4-56	000540
4-56	276310
4-56	001310
4-56	035750
4-56	527370
4-57	343150
4-57	113760
4-57	104460
4-57	279040
4-57	276310
4-57	032250
4-57	000540
4-57	019280
4-57	347290
4-57	001310
4-58	104460
4-58	343150
4-58	032250
4-58	019280
4-58	164180
4-58	013350
4-58	000540
4-58	001310
4-58	035750
4-58	01005160
4-59	106260
4-59	01061470
4-59	194790
4-59	258740
4-59	193360
4-59	350560
4-59	104510
4-59	105980
4-59	192930
4-59	549670
4-60	106260
4-60	194790
4-60	193360
4-60	040250
4-60	104510
4-60	350560
4-60	105980
4-60	071080
4-60	192930
4-60	037960
4-61	258600
4-61	296390
4-61	193750
4-61	224110
4-61	01012560
4-61	194790
4-61	193660
4-61	079490
4-61	104510
4-61	132630
4-62	162350
4-62	031420
4-62	099470
4-62	099440
4-62	103710
4-62	317540
4-62	000100
4-62	163890
4-62	000530
4-62	01070630
4-63	026630
4-63	031670
4-63	000230
4-63	021750
4-63	000110
4-63	116730
4-63	335950
4-63	156980
4-63	084250
4-63	01069700
4-64	420500
4-64	420380
4-64	420140
4-64	002000
4-64	300030
4-64	421480
4-64	421550
4-64	040110
4-64	103770
4-64	527370
4-65	167150
4-65	070480
4-65	167660
4-65	280090
4-65	229290
4-65	006080
4-65	001400
4-65	280510
4-65	01030270
4-65	067340
4-66	119650
4-66	080290
4-66	342120
4-66	109780
4-66	099490
4-66	344380
4-66	000090
4-66	037730
4-66	038510
4-66	01010560
4-67	103830
4-67	031400
4-67	103850
4-67	032290
4-67	000100
4-67	196320
4-67	032260
4-67	067520
4-67	304920
4-67	064630
4-68	152800
4-68	000100
4-68	035460
4-68	032290
4-68	348190
4-68	032140
4-68	345550
4-68	304920
4-68	317560
4-68	01002400
4-69	248290
4-69	152770
4-69	164160
4-69	000200
4-69	099490
4-69	103810
4-69	293820
4-69	151990
4-69	388240
4-69	247690
4-70	195590
4-70	006710
4-70	152770
4-70	064460
4-70	116990
4-70	000200
4-70	118150
4-70	386670
4-70	104940
4-70	426130
4-71	000140
4-71	000070
4-71	233630
4-71	078860
4-71	031240
4-71	001410
4-71	035810
4-71	032290
4-71	085680
4-71	085750
4-72	002660
4-72	193910
4-72	193900
4-72	374700
4-72	001120
4-72	105710
4-72	032290
4-72	032260
4-72	032250
4-72	000100
4-73	000030
4-73	001970
4-73	184990
4-73	164590
4-73	001400
4-73	548240
4-73	080340
4-73	247850
4-73	01031450
4-73	247100
4-74	132840
4-74	112020
4-74	103770
4-74	133040
4-74	108480
4-74	395570
4-74	336030
4-74	103760
4-74	185720
4-74	335950
4-75	345760
4-75	089310
4-75	245160
4-75	410740
4-75	214250
4-75	344940
4-75	268410
4-75	037830
4-75	01014030
4-75	01039900
4-76	152670
4-76	224630
4-76	031360
4-76	224420
4-76	300030
4-76	162420
4-76	162430
4-76	224810
4-76	242710
4-76	031550
4-77	214250
4-77	342790
4-77	033650
4-77	343390
4-77	289590
4-77	410740
4-77	037540
4-77	035590
4-77	01014030
4-77	01039900
4-78	016920
4-78	032240
4-78	031270
4-78	069610
4-78	108460
4-78	004270
4-78	000090
4-78	431600
4-78	01000880
4-78	527370
4-79	029210
4-79	151330
4-79	491720
4-79	031280
4-79	224840
4-79	163770
4-79	132700
4-79	224610
4-79	055870
4-79	224810
4-80	016560
4-80	065160
4-80	027720
4-80	004260
4-80	066920
4-80	271940
4-80	066960
4-80	387380
4-80	021800
4-80	000270
4-81	029930
4-81	067490
4-81	133930
4-81	182690
4-81	016810
4-81	395600
4-81	016800
4-81	01061380
4-81	158960
4-81	01004530
4-82	151310
4-82	067760
4-82	099250
4-82	005110
4-82	346120
4-82	274970
4-82	345470
4-82	152330
4-82	069580
4-82	527370
4-83	193850
4-83	001980
4-83	360500
4-83	342980
4-83	346700
4-83	293820
4-83	000090
4-83	491720
4-83	351010
4-83	355010
5-1	000100
5-1	001280
5-1	080350
5-1	000670
5-1	342170
5-1	001600
5-1	194240
5-1	035710
5-1	234390
5-1	112180
5-2	001280
5-2	289500
5-2	086720
5-2	080350
5-2	343110
5-2	342700
5-2	080940
5-2	343580
5-2	342630
5-2	342080
5-3	000100
5-3	031420
5-3	317560
5-3	079130
5-3	289210
5-3	032260
5-3	080300
5-3	078970
5-3	01024430
5-3	01002490
5-4	342180
5-4	152800
5-4	002690
5-4	287830
5-4	103750
5-4	341960
5-4	000100
5-4	343190
5-4	031620
5-4	342060
5-5	010840
5-5	000030
5-5	017150
5-5	411480
5-5	411520
5-5	058120
5-5	032670
5-5	082060
5-5	335950
5-5	003130
5-6	336820
5-6	036470
5-6	371730
5-6	038440
5-6	154540
5-6	036390
5-6	154870
5-6	036270
5-6	036140
5-6	01012830
5-7	000140
5-7	000070
5-7	055540
5-7	233610
5-7	098650
5-7	078890
5-7	001410
5-7	184520
5-7	056360
5-7	233630
5-8	002980
5-8	162340
5-8	067420
5-8	079220
5-8	344140
5-8	155450
5-8	092300
5-8	342320
5-8	092610
5-8	003210
5-9	085680
5-9	152770
5-9	103810
5-9	080490
5-9	157970
5-9	01006540
5-9	01000500
5-9	003660
5-9	015580
5-9	000200
5-10	132630
5-10	152770
5-10	000200
5-10	419580
5-10	065950
5-10	162550
5-10	038340
5-10	398150
5-10	01000880
5-10	01097830
5-11	026580
5-11	021810
5-11	021820
5-11	000410
5-11	026600
5-11	089330
5-11	018660
5-11	152750
5-11	026610
5-11	01000520
5-12	026580
5-12	021810
5-12	021820
5-12	000410
5-12	089330
5-12	026600
5-12	018660
5-12	152750
5-12	026610
5-12	01000520
5-13	000200
5-13	067070
5-13	065180
5-13	548240
5-13	004820
5-13	184660
5-13	342870
5-13	035460
5-13	342790
5-13	362910
5-14	000200
5-14	067070
5-14	184660
5-14	342870
5-14	004820
5-14	341960
5-14	342790
5-14	035460
5-14	034260
5-14	362910
5-15	065890
5-15	185710
5-15	069300
5-15	146590
5-15	146610
5-15	069220
5-15	341990
5-15	01001330
5-15	003610
5-15	01000400
5-16	185710
5-16	069300
5-16	067190
5-16	146590
5-16	146610
5-16	069220
5-16	01001330
5-16	341990
5-16	003610
5-16	01000400
5-17	233980
5-17	146600
5-17	055700
5-17	234760
5-17	029030
5-17	029140
5-17	006060
5-17	117240
5-17	259240
5-17	527370
5-18	233980
5-18	146600
5-18	029030
5-18	234760
5-18	029140
5-18	006060
5-18	117240
5-18	165530
5-18	01004040
5-18	527370
5-19	021270
5-19	002980
5-19	054070
5-19	021510
5-19	028950
5-19	112010
5-19	037730
5-19	099470
5-19	000130
5-19	289930
5-20	021270
5-20	002980
5-20	054070
5-20	021510
5-20	028950
5-20	037730
5-20	000130
5-20	099470
5-20	316120
5-20	289930
5-21	242690
5-21	108480
5-21	242710
5-21	067700
5-21	067490
5-21	003720
5-21	215170
5-21	275610
5-21	022630
5-21	087210
5-22	242690
5-22	108480
5-22	133110
5-22	242710
5-22	067700
5-22	067490
5-22	003720
5-22	275610
5-22	022630
5-22	087210
5-23	065890
5-23	212560
5-23	253870
5-23	036240
5-23	035560
5-23	001590
5-23	015860
5-23	201550
5-23	195340
5-23	527370
5-24	253870
5-24	065890
5-24	036240
5-24	035560
5-24	001590
5-24	067750
5-24	003130
5-24	195340
5-24	201550
5-24	527370
5-25	036090
5-25	001270
5-25	065130
5-25	001400
5-25	080470
5-25	165510
5-25	342630
5-25	080920
5-25	344970
5-25	017110
5-26	036090
5-26	001440
5-26	001270
5-26	065130
5-26	080470
5-26	001400
5-26	342630
5-26	080920
5-26	344970
5-26	017110
5-27	002000
5-27	002060
5-27	031360
5-27	108420
5-27	031280
5-27	029790
5-27	032830
5-27	186990
5-27	167290
5-27	222820
5-28	002000
5-28	002060
5-28	031360
5-28	108420
5-28	120570
5-28	031280
5-28	029790
5-28	186990
5-28	167290
5-28	466650
5-29	085030
5-29	035480
5-29	038440
5-29	036390
5-29	255510
5-29	386270
5-29	004370
5-29	154870
5-29	061170
5-29	036280
5-30	004370
5-30	001600
5-30	185710
5-30	342600
5-30	036210
5-30	001310
5-30	193390
5-30	341990
5-30	01000400
5-30	527370
5-31	065890
5-31	185730
5-31	146590
5-31	146580
5-31	185710
5-31	080660
5-31	069300
5-31	146610
5-31	004370
5-31	01001330
5-32	065890
5-32	065130
5-32	185710
5-32	146620
5-32	067110
5-32	019260
5-32	146590
5-32	001600
5-32	001310
5-32	003610
5-33	233620
5-33	001600
5-33	031260
5-33	103670
5-33	001280
5-33	004780
5-33	322750
5-33	005420
5-33	066900
5-33	067570
5-34	001600
5-34	031260
5-34	001280
5-34	004780
5-34	066900
5-34	005420
5-34	322750
5-34	317810
5-34	039100
5-34	067570
5-35	004910
5-35	016960
5-35	185720
5-35	035680
5-35	036270
5-35	133940
5-35	058030
5-35	247560
5-35	036140
5-35	036290
5-36	085030
5-36	065890
5-36	129990
5-36	036290
5-36	146580
5-36	253870
5-36	066020
5-36	036140
5-36	129980
5-36	255510
5-37	129990
5-37	038440
5-37	247110
5-37	036280
5-37	036390
5-37	154870
5-37	004370
5-37	066020
5-37	036140
5-37	01012830
5-38	003020
5-38	003070
5-38	342170
5-38	342060
5-38	266600
5-38	000100
5-38	001280
5-38	080230
5-38	080350
5-38	347610
5-39	003020
5-39	003070
5-39	342170
5-39	342060
5-39	001280
5-39	000100
5-39	002760
5-39	342550
5-39	080350
5-39	347610
5-40	032220
5-40	116260
5-40	000060
5-40	002670
5-40	112780
5-40	088840
5-40	002730
5-40	186170
5-40	010510
5-40	527370
5-41	032220
5-41	112780
5-41	002730
5-41	186170
5-41	010510
5-41	036260
5-41	511140
5-41	151860
5-41	000870
5-41	527370
5-42	001220
5-42	116630
5-42	001280
5-42	032320
5-42	000100
5-42	224640
5-42	001580
5-42	038230
5-42	212490
5-42	080940
5-43	002980
5-43	029930
5-43	254530
5-43	001810
5-43	032260
5-43	035850
5-43	091340
5-43	029070
5-43	279300
5-43	527370
5-44	036090
5-44	001310
5-44	001320
5-44	001390
5-44	352770
5-44	548260
5-44	289500
5-44	165510
5-44	305070
5-44	065130
5-45	387750
5-45	019250
5-45	019270
5-45	287830
5-45	274920
5-45	032250
5-45	152740
5-45	092300
5-45	100070
5-45	000430
5-46	001320
5-46	001390
5-46	001310
5-46	222140
5-46	001270
5-46	01013290
5-46	003610
5-46	065130
5-46	01036470
5-46	527370
5-47	016910
5-47	342090
5-47	000160
5-47	343000
5-47	037740
5-47	156740
5-47	154490
5-47	040430
5-47	000090
5-47	01001470
5-48	016910
5-48	342090
5-48	000160
5-48	343000
5-48	037740
5-48	185720
5-48	040430
5-48	156740
5-48	154490
5-48	000090
5-49	004460
5-49	067060
5-49	198100
5-49	016910
5-49	182080
5-49	110730
5-49	056410
5-49	056460
5-49	057020
5-49	235590
5-50	001960
5-50	029790
5-50	032870
5-50	098670
5-50	030130
5-50	099050
5-50	056460
5-50	214040
5-50	056410
5-50	239600
5-51	001960
5-51	029790
5-51	032870
5-51	030130
5-51	099050
5-51	212900
5-51	056460
5-51	239600
5-51	056410
5-51	116420
5-52	099060
5-52	104520
5-52	099050
5-52	016570
5-52	099040
5-52	002080
5-52	030130
5-52	036410
5-52	104440
5-52	514930
5-53	185710
5-53	342600
5-53	080350
5-53	342100
5-53	214580
5-53	349440
5-53	166690
5-53	001310
5-53	216400
5-53	352770
5-54	036090
5-54	001320
5-54	036100
5-54	342170
5-54	289510
5-54	214580
5-54	305070
5-54	352770
5-54	344970
5-54	065130
5-55	342170
5-55	344290
5-55	344970
5-55	345050
5-55	349440
5-55	165310
5-55	342770
5-55	349060
5-55	389800
5-55	01077930
5-56	001060
5-56	389620
5-56	388320
5-56	019280
5-56	276310
5-56	032250
5-56	001310
5-56	113760
5-56	01009770
5-56	527370
5-57	388320
5-57	152770
5-57	348540
5-57	276310
5-57	032250
5-57	113760
5-57	279040
5-57	019360
5-57	001310
5-57	169800
5-58	253720
5-58	253730
5-58	035460
5-58	012510
5-58	019280
5-58	152770
5-58	001310
5-58	276310
5-58	01005160
5-58	390970
5-59	032260
5-59	01011750
5-59	031390
5-59	162290
5-59	162380
5-59	162400
5-59	032930
5-59	032250
5-59	132640
5-59	099620
5-60	032260
5-60	01011750
5-60	031390
5-60	162380
5-60	162400
5-60	162290
5-60	032930
5-60	032250
5-60	132640
5-60	099620
5-61	162400
5-61	162290
5-61	162330
5-61	031390
5-61	162310
5-61	032250
5-61	032930
5-61	132640
5-61	099620
5-61	374170
5-62	003610
5-62	132630
5-62	150850
5-62	080300
5-62	000200
5-62	01000110
5-62	103740
5-62	001230
5-62	035740
5-62	436790
5-63	341960
5-63	112110
5-63	343480
5-63	146590
5-63	000100
5-63	085680
5-63	342060
5-63	342170
5-63	003130
5-63	527370
5-64	035350
5-64	035360
5-64	035370
5-64	016920
5-64	036140
5-64	162310
5-64	342090
5-64	003090
5-64	098700
5-64	01004530
5-65	001370
5-65	001320
5-65	001310
5-65	001390
5-65	001450
5-65	039250
5-65	030160
5-65	01006510
5-65	080920
5-65	353190
5-66	003080
5-66	031250
5-66	001410
5-66	000290
5-66	000060
5-66	315500
5-66	035640
5-66	055570
5-66	295870
5-66	003130
5-67	000090
5-67	317560
5-67	287830
5-67	000100
5-67	133960
5-67	032260
5-67	001810
5-67	003090
5-67	098840
5-67	01001470
5-68	152800
5-68	341960
5-68	000100
5-68	342060
5-68	317510
5-68	031620
5-68	035460
5-68	342170
5-68	284660
5-68	342260
5-69	01000880
5-69	085680
5-69	098710
5-69	002690
5-69	000830
5-69	247690
5-69	007520
5-69	475640
5-69	000200
5-69	079140
5-70	002980
5-70	020610
5-70	151270
5-70	084160
5-70	067420
5-70	079220
5-70	032240
5-70	347530
5-70	084170
5-70	437900
5-71	000170
5-71	410740
5-71	000300
5-71	000710
5-71	000920
5-71	066060
5-71	289350
5-71	01001180
5-71	399950
5-71	01001160
5-72	111980
5-72	112000
5-72	037810
5-72	112050
5-72	189540
5-72	038170
5-72	040320
5-72	268400
5-72	268420
5-72	344210
5-73	003020
5-73	343480
5-73	350300
5-73	036270
5-73	185040
5-73	184890
5-73	345950
5-73	345860
5-73	347240
5-73	038440
5-74	112020
5-74	01002450
5-74	103770
5-74	108480
5-74	395570
5-74	186990
5-74	103760
5-74	336030
5-74	185720
5-74	335950
5-75	152660
5-75	233660
5-75	446270
5-75	446650
5-75	446220
5-75	055550
5-75	446300
5-75	447870
5-75	152770
5-75	098010
5-76	466670
5-76	004380
5-76	466680
5-76	163770
5-76	395830
5-76	342090
5-76	233620
5-76	147540
5-76	242710
5-76	527370
5-77	037510
5-77	037530
5-77	035450
5-77	035440
5-77	253990
5-77	471640
5-77	386370
5-77	01002370
5-77	260340
5-77	344680
5-78	037540
5-78	213770
5-78	01002450
5-78	032670
5-78	154400
5-78	031610
5-78	082060
5-78	344680
5-78	058120
5-78	01047990
5-79	336820
5-79	036510
5-79	038440
5-79	036310
5-79	084210
5-79	386270
5-79	036470
5-79	253870
5-79	003130
5-79	01001420
5-80	152770
5-80	041340
5-80	152660
5-80	103810
5-80	163920
5-80	038530
5-80	003000
5-80	000200
5-80	002990
5-80	475640
5-81	002980
5-81	079220
5-81	067420
5-81	003520
5-81	471640
5-81	155450
5-81	155610
5-81	092300
5-81	092610
5-81	01013210
5-82	003070
5-82	129990
5-82	342170
5-82	342600
5-82	080350
5-82	412830
5-82	326070
5-82	254530
5-82	413020
5-82	335980
5-83	342600
5-83	430540
5-83	300620
5-83	195340
5-83	323860
5-83	146610
5-83	301100
5-83	527370
5-83	01001330
5-83	01002400
5-84	336820
5-84	036470
5-84	213260
5-84	371730
5-84	154870
5-84	038440
5-84	036390
5-84	154540
5-84	036270
5-84	01012830
5-85	000090
5-85	027010
5-85	055780
5-85	343110
5-85	066940
5-85	003040
5-85	003520
5-85	005590
5-85	194240
5-85	01010560
5-86	079100
5-86	000090
5-86	108460
5-86	067490
5-86	342960
5-86	003090
5-86	036290
5-86	01012830
5-86	01021980
5-86	01002400
6-1	001980
6-1	004280
6-1	016910
6-1	193220
6-1	193210
6-1	035370
6-1	038460
6-1	031540
6-1	162310
6-1	479990
6-2	080460
6-2	154330
6-2	002000
6-2	032830
6-2	029790
6-2	103770
6-2	031550
6-2	103760
6-2	293810
6-2	233620
6-3	222540
6-3	032820
6-3	032240
6-3	003150
6-3	323830
6-3	000160
6-3	085690
6-3	108520
6-3	258650
6-3	527370
6-4	001980
6-4	016910
6-4	004280
6-4	193220
6-4	001950
6-4	003570
6-4	035360
6-4	217480
6-4	109370
6-4	225650
6-5	080460
6-5	154330
6-5	184830
6-5	032830
6-5	029790
6-5	000310
6-5	395830
6-5	466650
6-5	103760
6-5	233620
6-6	037830
6-6	036220
6-6	193230
6-6	003140
6-6	004290
6-6	003080
6-6	002830
6-6	289110
6-6	245630
6-6	527370
6-7	037540
6-7	133660
6-7	133210
6-7	086710
6-7	017880
6-7	259090
6-7	103720
6-7	001130
6-7	000400
6-7	259600
6-8	017150
6-8	418340
6-8	268720
6-8	214880
6-8	084620
6-8	418900
6-8	234300
6-8	361570
6-8	363490
6-8	01063570
6-9	002670
6-9	152650
6-9	152640
6-9	002660
6-9	000070
6-9	000080
6-9	003030
6-9	001280
6-9	002780
6-9	032290
6-10	080460
6-10	020600
6-10	466680
6-10	001110
6-10	395830
6-10	466650
6-10	243030
6-10	01094830
6-10	446180
6-10	233620
6-11	016910
6-11	001980
6-11	020610
6-11	193220
6-11	035370
6-11	035360
6-11	003570
6-11	456090
6-11	031540
6-11	000090
6-12	021060
6-12	326500
6-12	500600
6-12	268540
6-12	268950
6-12	116470
6-12	006120
6-12	242700
6-12	269930
6-12	032030
6-13	037530
6-13	133660
6-13	133640
6-13	017790
6-13	162860
6-13	004370
6-13	103720
6-13	373380
6-13	056330
6-13	344680
6-14	030110
6-14	002080
6-14	112000
6-14	315320
6-14	003080
6-14	099050
6-14	336710
6-14	316120
6-14	239600
6-14	052720
6-15	017150
6-15	004070
6-15	214880
6-15	268720
6-15	004160
6-15	212790
6-15	006520
6-15	065580
6-15	389940
6-15	527370
6-16	002700
6-16	242720
6-16	103720
6-16	032830
6-16	108420
6-16	000300
6-16	000420
6-16	031550
6-16	055740
6-16	000160
6-17	032820
6-17	031270
6-17	032240
6-17	222540
6-17	108520
6-17	224150
6-17	108400
6-17	016920
6-17	155080
6-17	527370
6-18	039250
6-18	004290
6-18	003080
6-18	389670
6-18	100290
6-18	418660
6-18	245630
6-18	290150
6-18	271980
6-18	527370
6-19	000080
6-19	002670
6-19	000150
6-19	003030
6-19	000020
6-19	152640
6-19	003070
6-19	003020
6-19	065150
6-19	437710
6-20	152650
6-20	000080
6-20	000150
6-20	002670
6-20	000020
6-20	003030
6-20	001410
6-20	001600
6-20	239600
6-20	527370
6-21	152710
6-21	243650
6-21	085120
6-21	088840
6-21	004490
6-21	031400
6-21	269680
6-21	373110
6-21	165220
6-21	000390
6-22	003140
6-22	004290
6-22	017060
6-22	039250
6-22	001460
6-22	000160
6-22	133940
6-22	466650
6-22	186000
6-22	000200
6-23	002730
6-23	002670
6-23	239600
6-23	221350
6-23	455440
6-23	389260
6-23	227840
6-23	448160
6-23	279720
6-23	019540
6-24	254610
6-24	021670
6-24	054760
6-24	385320
6-24	017150
6-24	278900
6-24	466710
6-24	009840
6-24	104440
6-24	527370
6-33	069040
6-33	069300
6-33	001310
6-33	344610
6-33	146610
6-33	342600
6-33	001230
6-33	082130
6-33	000200
6-33	527370
6-34	289490
6-34	036290
6-34	016920
6-34	108460
6-34	035370
6-34	242710
6-34	000160
6-34	290890
6-34	108400
6-34	003090
6-35	001390
6-35	065130
6-35	003520
6-35	001600
6-35	001900
6-35	004440
6-35	527370
6-35	001310
6-35	267450
6-35	003610
6-36	065190
6-36	444280
6-36	000200
6-36	342600
6-36	236150
6-36	343000
6-36	289590
6-36	152990
6-36	01077360
6-36	527370
6-37	000100
6-37	103850
6-37	001230
6-37	036140
6-37	003090
6-37	069580
6-37	151310
6-37	003080
6-37	098700
6-37	527370
6-38	066020
6-38	031400
6-38	036240
6-38	342600
6-38	162310
6-38	151790
6-38	003090
6-38	345550
6-38	048220
6-38	01063470
6-39	000370
6-39	026630
6-39	005480
6-39	067690
6-39	150870
6-39	067070
6-39	342620
6-39	289350
6-39	080500
6-39	000710
6-40	029930
6-40	343000
6-40	356960
6-40	035710
6-40	258940
6-40	035560
6-40	290680
6-40	069040
6-40	247110
6-40	01005160
6-41	001230
6-41	016930
6-41	016980
6-41	098700
6-41	036140
6-41	070090
6-41	003090
6-41	185040
6-41	184890
6-41	527370
6-42	222330
6-42	000160
6-42	036290
6-42	108400
6-42	186140
6-42	343340
6-42	098700
6-42	001230
6-42	289980
6-42	527370
6-43	004260
6-43	001460
6-43	004290
6-43	001400
6-43	001450
6-43	066840
6-43	066920
6-43	000200
6-43	109310
6-43	017380
6-44	305650
6-44	003090
6-44	108460
6-44	032240
6-44	036420
6-44	078910
6-44	108400
6-44	035370
6-44	352180
6-44	527370
6-45	108400
6-45	032240
6-45	146590
6-45	342600
6-45	323860
6-45	268490
6-45	108460
6-45	146610
6-45	003090
6-45	527370
6-46	032250
6-46	029930
6-46	000070
6-46	098660
6-46	000090
6-46	015580
6-46	001120
6-46	016700
6-46	064690
6-46	01002400
6-47	242710
6-47	000710
6-47	036140
6-47	184690
6-47	108400
6-47	133930
6-47	000160
6-47	066020
6-47	003090
6-47	342960
6-48	000200
6-48	005480
6-48	015470
6-48	069040
6-48	015540
6-48	000100
6-48	081180
6-48	069580
6-48	017380
6-48	215780
6-49	098760
6-49	065170
6-49	108400
6-49	016920
6-49	000710
6-49	036140
6-49	108460
6-49	003090
6-49	287850
6-49	527370
6-50	000710
6-50	005480
6-50	242710
6-50	036140
6-50	108400
6-50	068010
6-50	069300
6-50	000160
6-50	066020
6-50	003090
6-51	002760
6-51	000100
6-51	071610
6-51	005480
6-51	069580
6-51	036270
6-51	003080
6-51	070730
6-51	388420
6-51	070390
6-52	108460
6-52	108400
6-52	032240
6-52	000160
6-52	342600
6-52	003090
6-52	069300
6-52	289270
6-52	085690
6-52	108520
6-53	065200
6-53	135750
6-53	031400
6-53	065180
6-53	542240
6-53	182220
6-53	484070
6-53	035850
6-53	035710
6-53	213180
6-54	001390
6-54	065130
6-54	001280
6-54	004440
6-54	000070
6-54	001310
6-54	003520
6-54	165510
6-54	080690
6-54	527370
6-55	065200
6-55	065180
6-55	355710
6-55	065310
6-55	035850
6-55	035710
6-55	181800
6-55	070600
6-55	522820
6-55	01005160
6-56	099470
6-56	004440
6-56	035830
6-56	000100
6-56	005590
6-56	098410
6-56	099450
6-56	289930
6-56	359570
6-56	01000450
7-1	001980
7-1	004280
7-1	193220
7-1	038460
7-1	193210
7-1	035370
7-1	098700
7-1	031540
7-1	351890
7-1	479990
7-2	154330
7-2	080460
7-2	446540
7-2	032830
7-2	466650
7-2	418660
7-2	395830
7-2	031550
7-2	103760
7-2	233620
7-3	080460
7-3	154330
7-3	002000
7-3	032830
7-3	029790
7-3	103770
7-3	031550
7-3	103760
7-3	293810
7-3	233620
7-4	222540
7-4	032820
7-4	032240
7-4	003150
7-4	103730
7-4	323830
7-4	000160
7-4	108520
7-4	01000880
7-4	527370
7-5	000370
7-5	111980
7-5	01000050
7-5	000350
7-5	001090
7-5	000290
7-5	021830
7-5	498510
7-5	002010
7-5	016920
7-6	002060
7-6	446180
7-6	032830
7-6	029790
7-6	154420
7-6	000310
7-6	395830
7-6	466650
7-6	103760
7-6	233620
7-7	108480
7-7	415980
7-7	048220
7-7	157670
7-7	525650
7-7	338860
7-7	157410
7-7	344890
7-7	000130
7-7	01080070
7-8	221350
7-8	239600
7-8	221360
7-8	184520
7-8	239580
7-8	021860
7-8	133380
7-8	154690
7-8	085040
7-8	019540
7-9	348050
7-9	344680
7-9	031550
7-9	043050
7-9	361570
7-9	335950
7-9	367630
7-9	01061380
7-9	003130
7-9	527370
7-10	037540
7-10	004730
7-10	021320
7-10	003180
7-10	056970
7-10	154360
7-10	017880
7-10	103720
7-10	017790
7-10	164460
7-11	344790
7-11	037530
7-11	021320
7-11	504580
7-11	154400
7-11	344680
7-11	344050
7-11	344200
7-11	01002370
7-11	189590
7-12	080460
7-12	446180
7-12	466680
7-12	000310
7-12	395830
7-12	243030
7-12	466650
7-12	266670
7-12	01094830
7-12	233620
7-13	001090
7-13	161070
7-13	000370
7-13	01000050
7-13	001100
7-13	055740
7-13	002010
7-13	456020
7-13	016920
7-13	488440
7-14	152950
7-14	132750
7-14	239600
7-14	352770
7-14	221350
7-14	039160
7-14	154710
7-14	154690
7-14	259290
7-14	01054250
7-15	037540
7-15	222530
7-15	490980
7-15	099090
7-15	103720
7-15	086710
7-15	156660
7-15	234120
7-15	017790
7-15	258770
7-16	017150
7-16	004070
7-16	214880
7-16	268720
7-16	004160
7-16	212790
7-16	006520
7-16	065580
7-16	389940
7-16	527370
7-17	030130
7-17	037540
7-17	020590
7-17	099060
7-17	154360
7-17	086710
7-17	103720
7-17	001130
7-17	017790
7-17	291510
7-18	032820
7-18	031270
7-18	032240
7-18	222540
7-18	108520
7-18	224150
7-18	108400
7-18	016920
7-18	155080
7-18	527370
7-19	017150
7-19	004070
7-19	104440
7-19	004810
7-19	247060
7-19	005160
7-19	261600
7-19	268600
7-19	097980
7-19	527370
7-20	000080
7-20	002670
7-20	000150
7-20	003030
7-20	000020
7-20	152640
7-20	003070
7-20	003020
7-20	065150
7-20	437710
7-21	001300
7-21	001440
7-21	341960
7-21	036110
7-21	343320
7-21	001270
7-21	342170
7-21	152800
7-21	065130
7-21	527370
7-22	152710
7-22	243650
7-22	085120
7-22	088840
7-22	004490
7-22	031400
7-22	269680
7-22	373110
7-22	165220
7-22	000390
7-23	003140
7-23	004290
7-23	017060
7-23	039250
7-23	001460
7-23	000160
7-23	133940
7-23	466650
7-23	186000
7-23	000200
7-24	109740
7-24	032870
7-24	030130
7-24	001960
7-24	258630
7-24	233850
7-24	456020
7-24	239600
7-24	001160
7-24	154330
7-25	103720
7-25	019240
7-25	135740
7-25	162570
7-25	162690
7-25	279220
7-25	164230
7-25	162710
7-25	133070
7-25	01002740
7-26	020780
7-26	194630
7-26	084300
7-26	088840
7-26	030110
7-26	033600
7-26	194780
7-26	032030
7-26	099500
7-26	099430
7-27	020780
7-27	194630
7-27	033600
7-27	088840
7-27	030110
7-27	194780
7-27	032030
7-27	243630
7-27	099500
7-27	099430
7-28	000060
7-28	112780
7-28	049550
7-28	032220
7-28	002710
7-28	002670
7-28	029800
7-28	003080
7-28	430170
7-28	527370
7-29	099030
7-29	099060
7-29	021260
7-29	268950
7-29	030110
7-29	268540
7-29	021270
7-29	116470
7-29	242700
7-29	031610
7-30	001160
7-30	031360
7-30	103770
7-30	415980
7-30	242720
7-30	103760
7-30	466650
7-30	233620
7-30	363490
7-30	527370
7-31	017150
7-31	268720
7-31	234150
7-31	234300
7-31	548260
7-31	217480
7-31	348050
7-31	361570
7-31	363490
7-31	527370
7-32	494300
7-32	000620
7-32	064110
7-32	361460
7-32	360900
7-32	004700
7-32	036600
7-32	005160
7-32	036410
7-32	033650
7-33	161070
7-33	111980
7-33	065910
7-33	268530
7-33	279220
7-33	456020
7-33	031550
7-33	016920
7-33	242710
7-33	055740
7-49	000710
7-49	410740
7-49	031540
7-49	036140
7-49	069580
7-49	289490
7-49	324090
7-49	164920
7-49	287850
7-49	000970
7-50	000710
7-50	290890
7-50	342090
7-50	154340
7-50	017450
7-50	242710
7-50	081750
7-50	108400
7-50	352690
7-50	068010
7-51	031330
7-51	227840
7-51	032240
7-51	184510
7-51	151310
7-51	032500
7-51	289350
7-51	000970
7-51	069580
7-51	289270
7-52	01011510
7-52	031330
7-52	032240
7-52	031270
7-52	342110
7-52	015540
7-52	017200
7-52	289350
7-52	022230
7-52	108520
7-53	184510
7-53	020620
7-53	015540
7-53	005480
7-53	194500
7-53	113590
7-53	001180
7-53	069580
7-53	196930
7-53	01000190
7-54	410740
7-54	031540
7-54	162310
7-54	038970
7-54	003090
7-54	324090
7-54	164920
7-54	289490
7-54	098700
7-54	527370
7-55	016800
7-55	004820
7-55	031540
7-55	108400
7-55	000200
7-55	323860
7-55	003090
7-55	164920
7-55	098700
7-55	064570
7-56	193480
7-56	194700
7-56	036140
7-56	162580
7-56	066160
7-56	082060
7-56	323860
7-56	003850
7-56	01070630
7-56	01041020
7-57	151310
7-57	000100
7-57	000710
7-57	184510
7-57	103850
7-57	023170
7-57	069580
7-57	227840
7-57	000970
7-57	164920
7-58	002700
7-58	323880
7-58	000710
7-58	031540
7-58	455960
7-58	290890
7-58	455780
7-58	242710
7-58	055740
7-58	289490
7-59	323880
7-59	498140
7-59	008920
7-59	357060
7-59	031540
7-59	290890
7-59	108400
7-59	242710
7-59	289490
7-59	352690
7-60	001230
7-60	004440
7-60	032240
7-60	015540
7-60	003090
7-60	108460
7-60	069580
7-60	289270
7-60	01000880
7-60	108520
7-61	015840
7-61	196930
7-61	005480
7-61	032240
7-61	213470
7-61	084160
7-61	015540
7-61	001180
7-61	113590
7-61	482780
7-62	004590
7-62	163270
7-62	113650
7-62	438090
7-62	275930
7-62	279800
7-62	280310
7-62	388590
7-62	233970
7-62	01002550
7-63	154400
7-63	038110
7-63	031540
7-63	242710
7-63	289490
7-63	017240
7-63	287850
7-63	162430
7-63	343700
7-63	103820
7-64	000710
7-64	410740
7-64	242710
7-64	162310
7-64	108400
7-64	133930
7-64	000160
7-64	003090
7-64	031550
7-64	527370
7-65	002060
7-65	004380
7-65	098760
7-65	423430
7-65	004320
7-65	064600
7-65	279340
7-65	113590
7-65	032240
7-65	446130
7-66	031270
7-66	032240
7-66	151310
7-66	000370
7-66	227700
7-66	003090
7-66	024300
7-66	036330
7-66	437360
7-66	01000880
7-67	000710
7-67	000100
7-67	213770
7-67	242710
7-67	069300
7-67	003090
7-67	108400
7-67	000160
7-67	466650
7-67	527370
7-68	000100
7-68	001280
7-68	003070
7-68	031420
7-68	031380
7-68	002760
7-68	342170
7-68	080350
7-68	001600
7-68	01002490
7-69	342600
7-69	146590
7-69	069300
7-69	227800
7-69	003720
7-69	067700
7-69	003090
7-69	000710
7-69	414440
7-69	388320
7-70	002670
7-70	000070
7-70	099440
7-70	002780
7-70	032290
7-70	152640
7-70	221350
7-70	099470
7-70	032260
7-70	099620
7-71	001390
7-71	001270
7-71	004440
7-71	001230
7-71	222140
7-71	065130
7-71	003610
7-71	01013290
7-71	164670
7-71	01084190
7-72	064600
7-72	002060
7-72	004630
7-72	004380
7-72	279340
7-72	423430
7-72	113590
7-72	004320
7-72	032240
7-72	274940
7-73	242720
7-73	242710
7-73	000710
7-73	291980
7-73	290890
7-73	031540
7-73	289490
7-73	000160
7-73	000900
7-73	01001160
7-74	184490
7-74	004610
7-74	341580
7-74	243630
7-74	099080
7-74	099470
7-74	099440
7-74	021390
7-74	031610
7-74	099620
7-75	184490
7-75	099440
7-75	341580
7-75	099470
7-75	239600
7-75	021390
7-75	104440
7-75	269160
7-75	031610
7-75	099620
7-76	055580
7-76	029230
7-76	000100
7-76	099620
7-76	104440
7-76	006080
7-76	035460
7-76	032250
7-76	099470
7-76	195140
7-77	017120
7-77	037900
7-77	386260
7-77	037540
7-77	253990
7-77	254000
7-77	154360
7-77	247260
7-77	031610
7-77	344200
7-78	345360
7-78	032240
7-78	352690
7-78	000970
7-78	108520
7-78	032500
7-78	069580
7-78	289270
7-78	290400
7-78	527370
7-79	000100
7-79	000710
7-79	031420
7-79	066060
7-79	036140
7-79	003080
7-79	350300
7-79	069580
7-79	352690
7-79	081430
7-80	415980
7-80	004440
7-80	031540
7-80	229350
7-80	241100
7-80	289110
7-80	279100
7-80	289490
7-80	001230
7-80	293170
7-81	005480
7-81	032240
7-81	084160
7-81	151270
7-81	084170
7-81	004320
7-81	003090
7-81	015540
7-81	001180
7-81	01011510
8-1	000010
8-1	080230
8-1	001600
8-1	016920
8-1	000380
8-1	436790
8-1	01011870
8-1	117310
8-1	01013860
8-1	003130
8-2	152650
8-2	152640
8-2	002670
8-2	000070
8-2	031240
8-2	000080
8-2	032250
8-2	032290
8-2	031380
8-2	163180
8-3	031240
8-3	032290
8-3	078860
8-3	000070
8-3	103670
8-3	001410
8-3	080230
8-3	078900
8-3	001600
8-3	119250
8-4	031240
8-4	032290
8-4	103670
8-4	080230
8-4	289130
8-4	003070
8-4	000070
8-4	234840
8-4	119250
8-4	003130
8-5	031240
8-5	032290
8-5	004780
8-5	000040
8-5	151270
8-5	038140
8-5	527370
8-5	01074100
8-5	003130
8-5	01013860
8-6	031240
8-6	032290
8-6	004780
8-6	001600
8-6	038140
8-6	067190
8-6	01074100
8-6	01082740
8-6	003130
8-6	01013860
8-7	152640
8-7	000140
8-7	031240
8-7	078860
8-7	000070
8-7	032290
8-7	103670
8-7	152760
8-7	000080
8-7	152740
8-8	000010
8-8	103670
8-8	031260
8-8	000100
8-8	031240
8-8	080230
8-8	078900
8-8	032290
8-8	119250
8-8	003130
8-9	000100
8-9	152640
8-9	031240
8-9	103670
8-9	032290
8-9	000070
8-9	000080
8-9	152760
8-9	152740
8-9	163180
8-10	000010
8-10	003460
8-10	001600
8-10	103670
8-10	004780
8-10	032290
8-10	080230
8-10	01074100
8-10	01013860
8-10	003130
8-11	000100
8-11	031240
8-11	031260
8-11	103670
8-11	064560
8-11	032290
8-11	080230
8-11	152760
8-11	152740
8-11	031660
8-12	000010
8-12	341940
8-12	003460
8-12	341950
8-12	287830
8-12	016920
8-12	108460
8-12	035740
8-12	017480
8-12	003130
8-13	152640
8-13	002660
8-13	152650
8-13	031240
8-13	000100
8-13	000070
8-13	000080
8-13	032250
8-13	032290
8-13	031420
8-14	032260
8-14	000100
8-14	031320
8-14	287830
8-14	032290
8-14	000070
8-14	031400
8-14	002690
8-14	436790
8-14	016700
8-15	000100
8-15	031240
8-15	287830
8-15	031320
8-15	080230
8-15	000070
8-15	032290
8-15	317560
8-15	436790
8-15	032250
8-16	000100
8-16	032290
8-16	000050
8-16	000070
8-16	001120
8-16	004780
8-16	032250
8-16	000040
8-16	066940
8-16	015570
8-17	000100
8-17	032260
8-17	032250
8-17	032290
8-17	004780
8-17	004440
8-17	001600
8-17	001590
8-17	066940
8-17	01074100
8-18	152640
8-18	002660
8-18	152650
8-18	031240
8-18	000100
8-18	032260
8-18	032250
8-18	000140
8-18	000070
8-18	032290
8-19	000100
8-19	031240
8-19	287830
8-19	031320
8-19	080230
8-19	436790
8-19	032290
8-19	016700
8-19	067120
8-19	01011870
8-20	152640
8-20	002660
8-20	004270
8-20	152650
8-20	116240
8-20	031240
8-20	000100
8-20	000070
8-20	032290
8-20	032250
8-21	003460
8-21	031240
8-21	004780
8-21	001600
8-21	032290
8-21	066940
8-21	031370
8-21	108460
8-21	015570
8-21	01074100
8-22	031240
8-22	000100
8-22	152640
8-22	031260
8-22	103670
8-22	001550
8-22	031320
8-22	032260
8-22	103690
8-22	032290
8-23	152640
8-23	002660
8-23	152650
8-23	031240
8-23	000100
8-23	000140
8-23	000070
8-23	032260
8-23	032250
8-23	032290
8-24	000010
8-24	031240
8-24	031320
8-24	287830
8-24	103670
8-24	080230
8-24	032290
8-24	065150
8-24	119250
8-24	035740
8-25	152640
8-25	002660
8-25	152650
8-25	031240
8-25	000100
8-25	103670
8-25	000070
8-25	000080
8-25	032290
8-25	032250
8-26	000010
8-26	003460
8-26	287830
8-26	065150
8-26	032290
8-26	066940
8-26	004440
8-26	004780
8-26	035510
8-26	01074100
8-27	000100
8-27	031240
8-27	031320
8-27	103670
8-27	103690
8-27	032290
8-27	065150
8-27	080230
8-27	031580
8-27	119250
8-28	152640
8-28	000140
8-28	031240
8-28	032260
8-28	032290
8-28	031320
8-28	103670
8-28	103690
8-28	065150
8-28	163180
8-29	000100
8-29	031260
8-29	031240
8-29	103670
8-29	080230
8-29	078900
8-29	343810
8-29	436790
8-29	032290
8-29	067190
8-30	152640
8-30	000100
8-30	031240
8-30	032290
8-30	103670
8-30	103690
8-30	065150
8-30	163180
8-30	152760
8-30	152740
8-31	000010
8-31	003460
8-31	103670
8-31	004780
8-31	033620
8-31	001600
8-31	032290
8-31	039100
8-31	038140
8-31	038130
8-32	031240
8-32	000100
8-32	031260
8-32	103670
8-32	152640
8-32	002660
8-32	152650
8-32	080230
8-32	032290
8-32	000070
16-1	003280
16-1	003260
16-1	395030
16-1	034160
16-1	033610
16-1	01000140
16-1	01001210
16-1	029860
16-1	161260
16-1	033850
16-2	042920
16-2	042030
16-2	043890
16-2	045170
16-2	043520
16-2	041270
16-2	244850
16-2	041240
16-2	338070
16-2	335680
16-3	069320
16-3	373670
16-3	073870
16-3	069980
16-3	071810
16-3	069950
16-3	498400
16-3	071080
16-3	01100210
16-3	070450
16-4	416580
16-4	267690
16-4	328000
16-4	424380
16-4	305670
16-4	269070
16-4	054260
16-4	053870
16-4	053790
16-4	451510
16-5	041210
16-5	388420
16-5	359020
16-5	118380
16-5	388390
16-5	358020
16-5	01009310
16-5	295610
16-5	389040
16-5	081320
16-6	065580
16-6	221530
16-6	036760
16-6	124350
16-6	123500
16-6	124430
16-6	221420
16-6	032560
16-6	065410
16-6	01013360
16-7	197990
16-7	135880
16-7	042510
16-7	122550
16-7	171740
16-7	058320
16-7	118700
16-7	029880
16-7	007590
16-7	01082800
16-8	072600
16-8	072390
16-8	071090
16-8	071030
16-8	071380
16-8	072240
16-8	071660
16-8	074350
16-8	074370
16-8	072870
16-9	440140
16-9	136210
16-9	438780
16-9	355950
16-9	440940
16-9	437660
16-9	441660
16-9	437800
16-9	440860
16-9	01089070
16-10	293580
16-10	349470
16-10	343110
16-10	068650
16-10	352640
16-10	345870
16-10	068340
16-10	354470
16-10	352300
16-10	349140
16-11	346190
16-11	347500
16-11	345510
16-11	354910
16-11	345650
16-11	349940
16-11	347480
16-11	356930
16-11	351390
16-11	395020
16-12	371680
16-12	444530
16-12	012560
16-12	283890
16-12	170730
16-12	166580
16-12	008720
16-12	013450
16-12	012620
16-12	105210
16-13	395120
16-13	120830
16-13	214170
16-13	008220
16-13	033760
16-13	118310
16-13	124610
16-13	033610
16-13	117310
16-13	121740
16-14	062290
16-14	138880
16-14	122360
16-14	060980
16-14	115040
16-14	137660
16-14	063040
16-14	120930
16-14	060530
16-14	056880
16-15	441040
16-15	440880
16-15	440860
16-15	438740
16-15	441880
16-15	115040
16-15	439300
16-15	060980
16-15	442730
16-15	441280
16-16	269030
16-16	086140
16-16	154480
16-16	020780
16-16	504610
16-16	240550
16-16	222630
16-16	223130
16-16	009220
16-16	059230
16-17	262010
16-17	370120
16-17	415840
16-17	041850
16-17	288180
16-17	352280
16-17	288380
16-17	349660
16-17	348080
16-17	336600
16-18	343310
16-18	086910
16-18	342770
16-18	342950
16-18	032340
16-18	343010
16-18	032380
16-18	343000
16-18	01076910
16-18	344040
16-19	314810
16-19	312420
16-19	521830
16-19	462760
16-19	521820
16-19	520030
16-19	399390
16-19	375440
16-19	113090
16-19	01100130
16-20	169710
16-20	171630
16-20	170900
16-20	167390
16-20	226230
16-20	101240
16-20	169390
16-20	390970
16-20	166660
16-20	135650
16-21	01002830
16-21	055680
16-21	034250
16-21	034240
16-21	033850
16-21	437400
16-21	161260
16-21	163990
16-21	033980
16-21	079000
16-22	158840
16-22	321710
16-22	01005150
16-22	432470
16-22	321450
16-22	433680
16-22	131130
16-22	432670
16-22	435460
16-22	01074020
16-23	004860
16-23	005260
16-23	133160
16-23	056030
16-23	139610
16-23	116820
16-23	163530
16-23	143320
16-23	146830
16-23	019290
16-24	081270
16-24	343930
16-24	344500
16-24	080970
16-24	344370
16-24	080810
16-24	003760
16-24	350250
16-24	080490
16-24	344470
16-25	070640
16-25	269030
16-25	069680
16-25	186220
16-25	222630
16-25	070120
16-25	070630
16-25	070220
16-25	071350
16-25	438390
16-26	373530
16-26	373450
16-26	133400
16-26	184830
16-26	456290
16-26	374860
16-26	099480
16-26	162910
16-26	117210
16-26	388540
16-27	498910
16-27	499080
16-27	498980
16-27	327700
16-27	498560
16-27	499660
16-27	521140
16-27	498920
16-27	416450
16-27	401650
16-28	304310
16-28	304570
16-28	306050
16-28	306410
16-28	305220
16-28	304460
16-28	304530
16-28	306260
16-28	308830
16-28	305880
16-29	308220
16-29	308680
16-29	377170
16-29	01072250
16-29	426630
16-29	276790
16-29	390030
16-29	169910
16-29	307960
16-29	171650
16-30	521110
16-30	397830
16-30	543920
16-30	398300
16-30	520720
16-30	519990
16-30	520170
16-30	519930
16-30	521440
16-30	544070
16-31	130460
16-31	130530
16-31	214130
16-31	130210
16-31	130300
16-31	130310
16-31	130490
16-31	130430
16-31	130330
16-31	130350
16-32	276160
16-32	315970
16-32	346050
16-32	300960
16-32	171240
16-32	300620
16-32	280460
16-32	200290
16-32	108700
16-32	197110
16-33	275620
16-33	388750
16-33	389390
16-33	301240
16-33	389320
16-33	387930
16-33	388260
16-33	01065140
16-33	01064490
16-33	01083910
16-34	083320
16-34	080400
16-34	081160
16-34	356050
16-34	080660
16-34	081750
16-34	289980
16-34	027420
16-34	003130
16-34	161680
16-35	106860
16-35	105530
16-35	105890
16-35	106950
16-35	106190
16-35	548920
16-35	107610
16-35	01028170
16-35	01028240
16-35	433480
16-36	145180
16-36	133460
16-36	134030
16-36	145690
16-36	168110
16-36	168160
16-36	138900
16-36	143090
16-36	133450
16-36	180360
16-37	157540
16-37	482510
16-37	157940
16-37	158630
16-37	045090
16-37	158460
16-37	157530
16-37	254930
16-37	040440
16-37	472720
16-38	166270
16-38	280350
16-38	165740
16-38	490980
16-38	178980
16-38	240430
16-38	273900
16-38	018990
16-38	260700
16-38	017200
16-39	468740
16-39	468800
16-39	468150
16-39	324800
16-39	469900
16-39	468470
16-39	468940
16-39	469580
16-39	469940
16-39	470700
16-40	484780
16-40	485170
16-40	432260
16-40	432370
16-40	484660
16-40	350870
16-40	484920
16-40	484560
16-40	484380
16-40	485290
16-41	066990
16-41	040180
16-41	055890
16-41	039300
16-41	089620
16-41	067000
16-41	037740
16-41	337710
16-41	341560
16-41	01019250
16-42	005860
16-42	021250
16-42	01002650
16-42	004730
16-42	036410
16-42	547000
16-42	035480
16-42	257040
16-42	148260
16-42	01024960
16-43	006400
16-43	007890
16-43	117900
16-43	004350
16-43	005850
16-43	006770
16-43	195590
16-43	005050
16-43	084160
16-43	01002820
16-44	008090
16-44	004330
16-44	005650
16-44	269270
16-44	01003490
16-44	146800
16-44	005140
16-44	164550
16-44	006040
16-44	01073060
16-45	007190
16-45	005650
16-45	007070
16-45	182880
16-45	196330
16-45	010050
16-45	500080
16-45	146800
16-45	166280
16-45	499690
16-46	01051240
16-46	201140
16-46	013360
16-46	010360
16-46	060470
16-46	006740
16-46	012070
16-46	391480
16-46	011610
16-46	009350
16-47	021410
16-47	326580
16-47	053550
16-47	037880
16-47	395010
16-47	054800
16-47	017800
16-47	037760
16-47	416130
16-47	416490
16-48	067050
16-48	342700
16-48	01076830
16-48	067170
16-48	016070
16-48	343090
16-48	350250
16-48	067680
16-48	067340
16-48	343530
16-49	070730
16-49	073440
16-49	071010
16-49	072290
16-49	069800
16-49	108730
16-49	079190
16-49	071520
16-49	151150
16-49	069360
16-50	071540
16-50	01020220
16-50	130300
16-50	130470
16-50	214130
16-50	130420
16-50	130530
16-50	130460
16-50	130430
16-50	130310
16-51	084590
16-51	084520
16-51	084300
16-51	451510
16-51	375780
16-51	228220
16-51	084560
16-51	275760
16-51	322550
16-51	084920
16-52	009180
16-52	135050
16-52	225820
16-52	301880
16-52	137900
16-52	000450
16-52	116960
16-52	242740
16-52	059460
16-52	169440
16-53	123430
16-53	288380
16-53	288180
16-53	124740
16-53	288300
16-53	294110
16-53	123280
16-53	098830
16-53	288220
16-53	542240
16-54	01036880
16-54	125870
16-54	451510
16-54	084860
16-54	128910
16-54	416580
16-54	214740
16-54	437710
16-54	374790
16-54	127210
16-55	395570
16-55	335950
16-55	155280
16-55	336910
16-55	038940
16-55	337160
16-55	154720
16-55	155170
16-55	543430
16-55	336840
16-56	114670
16-56	172040
16-56	169290
16-56	281010
16-56	137590
16-56	121410
16-56	144280
16-56	092550
16-56	308170
16-56	01035860
16-57	507920
16-57	031540
16-57	030040
16-57	152860
16-57	346940
16-57	01054670
16-57	154490
16-57	035430
16-57	292510
16-57	275560
16-58	068030
16-58	038940
16-58	036510
16-58	038120
16-58	244740
16-58	315360
16-58	167470
16-58	154880
16-58	098160
16-58	155500
16-59	017730
16-59	068030
16-59	336840
16-59	017460
16-59	036510
16-59	336910
16-59	395100
16-59	015700
16-59	243920
16-59	039780
16-60	282750
16-60	279900
16-60	281340
16-60	282700
16-60	282810
16-60	282000
16-60	283020
16-60	01067680
16-60	280840
16-60	279890
16-61	306090
16-61	307990
16-61	01072230
16-61	307880
16-61	169700
16-61	308020
16-61	307680
16-61	374510
16-61	305370
16-61	521960
16-62	01072610
16-62	310710
16-62	310360
16-62	01093590
16-62	308920
16-62	305650
16-62	304530
16-62	306490
16-62	305660
16-62	310400
16-63	046320
16-63	320540
16-63	008740
16-63	326800
16-63	479170
16-63	334530
16-63	455660
16-63	243550
16-63	055780
16-63	545570
16-64	349860
16-64	359660
16-64	349800
16-64	359640
16-64	317870
16-64	161680
16-64	358200
16-64	070320
16-64	347540
16-64	077140
16-65	387760
16-65	01008270
16-65	130060
16-65	164920
16-65	230660
16-65	01001360
16-65	165410
16-65	155520
16-65	130310
16-65	035500
16-66	405760
16-66	408970
16-66	405710
16-66	406950
16-66	404510
16-66	405180
16-66	404030
16-66	406150
16-66	406820
16-66	415080
16-67	442390
16-67	011640
16-67	440120
16-67	01089070
16-67	281560
16-67	170280
16-67	124360
16-67	01055570
16-67	437800
16-67	442580
16-68	442590
16-68	443870
16-68	443300
16-68	443280
16-68	439450
16-68	308730
16-68	442750
16-68	437820
16-68	440120
16-68	439290
16-69	030470
16-69	030280
16-69	030420
16-69	030540
16-69	030370
16-69	030270
16-69	030580
16-69	030240
16-69	087220
16-69	030690
16-70	001150
16-70	017030
16-70	003120
16-70	032240
16-70	289270
16-70	228320
16-70	227850
16-70	446880
16-70	242690
16-70	345360
16-71	003550
16-71	036140
16-71	146610
16-71	005590
16-71	003580
16-71	146580
16-71	146590
16-71	041210
16-71	400840
16-71	154400
16-72	130590
16-72	01020220
16-72	058930
16-72	168890
16-72	071540
16-72	131010
16-72	131440
16-72	268890
16-72	203150
16-72	130840
16-73	347030
16-73	326700
16-73	328250
16-73	258950
16-73	349160
16-73	353530
16-73	373720
16-73	482460
16-73	081450
16-73	351550
16-74	447090
16-74	446710
16-74	447290
16-74	448250
16-74	446940
16-74	448470
16-74	323760
16-74	447400
16-74	353460
16-74	01090850
16-75	109380
16-75	109330
16-75	122750
16-75	186240
16-75	187350
16-75	117240
16-75	233980
16-75	236760
16-75	236950
16-75	114920
16-76	000010
16-76	003130
16-76	080230
16-76	016920
16-76	117310
16-76	436790
16-76	01013860
16-76	001600
16-76	01011870
16-76	000380
16-77	064650
16-77	348080
16-77	342770
16-77	269540
16-77	258950
16-77	064690
16-77	003130
16-77	160340
16-77	288260
16-77	000670
16-78	445300
16-78	014160
16-78	146030
16-78	441650
16-78	01024580
16-78	504610
16-78	214850
16-78	203780
16-78	01081110
16-78	116700
16-79	440870
16-79	441360
16-79	119840
16-79	01089760
16-79	01089600
16-79	138130
16-79	441850
16-79	197650
16-79	01032400
16-79	019720
16-80	281830
16-80	281910
16-80	170580
16-80	279240
16-80	280570
16-80	279940
16-80	279910
16-80	281780
16-80	281250
16-80	174450
16-81	345570
16-81	01077600
16-81	01077360
16-81	346430
16-81	552630
16-81	350490
16-81	345950
16-81	234190
16-81	343880
16-81	233980
16-82	342220
16-82	342430
16-82	344090
16-82	080350
16-82	342450
16-82	344290
16-82	080450
16-82	317500
16-82	342700
16-82	347530
16-83	423460
16-83	425650
16-83	304440
16-83	424880
16-83	523380
16-83	398910
16-83	429020
16-83	374420
16-83	398920
16-83	521870
16-84	020620
16-84	01013090
16-84	085700
16-84	035550
16-84	343650
16-84	015540
16-84	342470
16-84	015950
16-84	003490
16-84	015470
16-85	089260
16-85	001780
16-85	270300
16-85	349060
16-85	131880
16-85	063560
16-85	451780
16-85	234900
16-85	104550
16-85	156100
16-86	041180
16-86	161130
16-86	022020
16-86	039840
16-86	225110
16-86	198690
16-86	006720
16-86	139390
16-86	136310
16-86	042270
16-87	043840
16-87	041850
16-87	158370
16-87	039360
16-87	029930
16-87	040690
16-87	488380
16-87	132100
16-87	488370
16-87	060260
16-88	053880
16-88	053630
16-88	053470
16-88	000540
16-88	054800
16-88	01015800
16-88	021580
16-88	037510
16-88	030160
16-88	053500
16-89	135150
16-89	071450
16-89	077650
16-89	076430
16-89	073310
16-89	198690
16-89	070610
16-89	168670
16-89	167770
16-89	214280
16-90	109670
16-90	117860
16-90	451510
16-90	109720
16-90	113750
16-90	040120
16-90	151600
16-90	319620
16-90	437710
16-90	151350
16-91	499530
16-91	500070
16-91	520250
16-91	01047280
16-91	182440
16-91	498770
16-91	01047250
16-91	520980
16-91	182210
16-91	183970
16-92	200160
16-92	197440
16-92	197320
16-92	442950
16-92	060400
16-92	236980
16-92	064140
16-92	235620
16-92	198640
16-92	058140
16-93	054250
16-93	054470
16-93	054440
16-93	054050
16-93	054490
16-93	055130
16-93	189560
16-93	315730
16-93	031870
16-93	021460
16-94	01079980
16-94	365330
16-94	358260
16-94	370320
16-94	365790
16-94	364920
16-94	359870
16-94	360930
16-94	362540
16-94	358990
17-1	261180
17-1	157080
17-1	254620
17-1	329110
17-1	347840
17-1	472490
17-1	01063850
17-1	157090
17-1	471670
17-1	261850
17-2	473320
17-2	474260
17-2	472830
17-2	474600
17-2	260590
17-2	264370
17-2	472300
17-2	472740
17-2	263090
17-2	331610
17-3	474440
17-3	01063180
17-3	223930
17-3	332090
17-3	01074950
17-3	325330
17-3	223820
17-3	473700
17-3	473710
17-3	474600
17-4	490640
17-4	310360
17-4	490660
17-4	501100
17-4	500800
17-4	501500
17-4	490170
17-4	405710
17-4	492630
17-4	333810
17-5	038160
17-5	415900
17-5	323900
17-5	471430
17-5	326640
17-5	155310
17-5	039480
17-5	416700
17-5	326450
17-5	324320
17-6	343210
17-6	155520
17-6	039260
17-6	055730
17-6	000090
17-6	037730
17-6	268400
17-6	080250
17-6	098710
17-6	348690
17-7	080350
17-7	080450
17-7	078970
17-7	342450
17-7	342260
17-7	132650
17-7	343320
17-7	342440
17-7	342220
17-7	342780
17-8	528180
17-8	01080200
17-8	214040
17-8	01079450
17-8	335930
17-8	335980
17-8	436940
17-8	254530
17-8	034950
17-8	087200
17-9	319600
17-9	161130
17-9	323870
17-9	320570
17-9	319620
17-9	319610
17-9	001200
17-9	033010
17-9	000870
17-9	110660
17-10	437660
17-10	437790
17-10	193680
17-10	438340
17-10	387850
17-10	116420
17-10	116400
17-10	132920
17-10	437910
17-10	438610
17-11	478690
17-11	479010
17-11	007530
17-11	324060
17-11	451430
17-11	000650
17-11	472330
17-11	492940
17-11	315150
17-11	040680
17-12	446150
17-12	01012520
17-12	032900
17-12	037620
17-12	033090
17-12	254100
17-12	491620
17-12	033310
17-12	033070
17-12	01012560
17-13	531490
17-13	529120
17-13	381750
17-13	533810
17-13	535860
17-13	530100
17-13	529570
17-13	528530
17-13	528440
17-13	532160
17-14	286820
17-14	220790
17-14	286480
17-14	363220
17-14	285760
17-14	285840
17-14	287340
17-14	122040
17-14	488360
17-14	286520
17-15	000300
17-15	000170
17-15	000350
17-15	117390
17-15	000290
17-15	01001160
17-15	016920
17-15	098640
17-15	293810
17-15	000160
17-16	268700
17-16	269400
17-16	269030
17-16	269390
17-16	269930
17-16	268840
17-16	270090
17-16	271490
17-16	269130
17-16	271280
17-17	053620
17-17	017760
17-17	017770
17-17	336710
17-17	053530
17-17	053440
17-17	344690
17-17	154320
17-17	017780
17-17	053420
17-18	200620
17-18	250690
17-18	248430
17-18	007730
17-18	123080
17-18	249920
17-18	215130
17-18	201160
17-18	059930
17-18	010040
17-19	048210
17-19	048500
17-19	01014730
17-19	039400
17-19	048560
17-19	046410
17-19	154890
17-19	039070
17-19	262290
17-19	040490
17-20	01038430
17-20	263110
17-20	042450
17-20	048630
17-20	042110
17-20	261350
17-20	040680
17-20	039870
17-20	156340
17-20	255020
17-21	410850
17-21	151550
17-21	034900
17-21	161120
17-21	087690
17-21	087590
17-21	324360
17-21	034530
17-21	410940
17-21	403580
17-22	358150
17-22	345840
17-22	356710
17-22	342770
17-22	357930
17-22	348080
17-22	01081460
17-22	347790
17-22	316840
17-22	351190
17-23	525710
17-23	525970
17-23	544910
17-23	524410
17-23	01100150
17-23	486150
17-23	01100510
17-23	521970
17-23	526110
17-23	545320
17-24	071120
17-24	069700
17-24	287990
17-24	076330
17-24	071210
17-24	075460
17-24	071500
17-24	074480
17-24	075500
17-24	430970
17-25	034760
17-25	034750
17-25	034890
17-25	552620
17-25	425490
17-25	035090
17-25	01028460
17-25	423410
17-25	426530
17-25	107150
17-26	214520
17-26	116910
17-26	355430
17-26	114990
17-26	193650
17-26	020000
17-26	171070
17-26	044790
17-26	138520
17-26	198030
17-27	221350
17-27	239580
17-27	373160
17-27	289990
17-27	099620
17-27	345440
17-27	033600
17-27	495460
17-27	020700
17-27	088950
17-28	468280
17-28	468590
17-28	468100
17-28	467880
17-28	470640
17-28	468110
17-28	469270
17-28	467860
17-28	469940
17-28	468130
17-29	159210
17-29	048110
17-29	043120
17-29	047910
17-29	050750
17-29	049310
17-29	050350
17-29	050500
17-29	159660
17-29	159650
17-30	003080
17-30	035370
17-30	305070
17-30	015490
17-30	345950
17-30	347240
17-30	290940
17-30	003100
17-30	345150
17-30	168060
17-31	438140
17-31	122290
17-31	136210
17-31	139120
17-31	441000
17-31	122770
17-31	442250
17-31	443990
17-31	441610
17-31	01089070
17-32	479080
17-32	478950
17-32	01014980
17-32	01014960
17-32	482460
17-32	478750
17-32	479190
17-32	479720
17-32	064720
17-32	045320
17-33	345810
17-33	290680
17-33	346950
17-33	01076580
17-33	348180
17-33	113890
17-33	346630
17-33	348540
17-33	280420
17-33	344410
17-34	336720
17-34	054100
17-34	038070
17-34	395030
17-34	053650
17-34	315140
17-34	017930
17-34	161180
17-34	499500
17-34	003280
17-35	01013620
17-35	417140
17-35	037230
17-35	214740
17-35	01013500
17-35	037300
17-35	01013610
17-35	01036880
17-35	244620
17-35	409900
17-36	040430
17-36	399870
17-36	159310
17-36	192890
17-36	256980
17-36	529440
17-36	347480
17-36	081240
17-36	244820
17-36	490980
17-37	073170
17-37	077720
17-37	352940
17-37	354550
17-37	355830
17-37	236450
17-37	151040
17-37	060190
17-37	072290
17-37	131230
17-38	113320
17-38	113150
17-38	01073390
17-38	113180
17-38	113250
17-38	113120
17-38	113370
17-38	113240
17-38	01030260
17-38	113030
17-39	155620
17-39	042520
17-39	261440
17-39	043240
17-39	155870
17-39	01039370
17-39	155390
17-39	154920
17-39	157080
17-39	212930
17-40	067730
17-40	105090
17-40	319620
17-40	078970
17-40	082260
17-40	031420
17-40	081100
17-40	132650
17-40	080450
17-40	130230
17-41	162410
17-41	165350
17-41	039250
17-41	162640
17-41	193780
17-41	035570
17-41	067600
17-41	01041020
17-41	193900
17-41	221670
17-42	193260
17-42	193460
17-42	193920
17-42	01048400
17-42	193900
17-42	193910
17-42	193250
17-42	193220
17-42	133930
17-42	193880
17-43	195630
17-43	007930
17-43	197140
17-43	040300
17-43	194770
17-43	247340
17-43	086960
17-43	248210
17-43	019610
17-43	193490
17-44	251120
17-44	441020
17-44	01088960
17-44	441730
17-44	417070
17-44	247720
17-44	247530
17-44	438150
17-44	248380
17-44	196960
17-45	236820
17-45	01032420
17-45	271670
17-45	271470
17-45	238070
17-45	236380
17-45	008500
17-45	009600
17-45	200810
17-45	217990
17-46	257030
17-46	257310
17-46	208220
17-46	043840
17-46	256870
17-46	320860
17-46	091890
17-46	257120
17-46	038780
17-46	257250
17-47	277930
17-47	205450
17-47	311620
17-47	282860
17-47	01098100
17-47	492010
17-47	312100
17-47	491720
17-47	311460
17-47	492000
17-48	277930
17-48	282860
17-48	493400
17-48	494420
17-48	493680
17-48	01098030
17-48	492000
17-48	205450
17-48	493380
17-48	491720
17-49	344920
17-49	343090
17-49	01001410
17-49	290300
17-49	344930
17-49	350010
17-49	343530
17-49	067290
17-49	067870
17-49	342700
17-50	530960
17-50	041460
17-50	000620
17-50	394040
17-50	315620
17-50	288150
17-50	043580
17-50	325600
17-50	394630
17-50	000870
17-51	401960
17-51	223420
17-51	402940
17-51	222720
17-51	155920
17-51	405880
17-51	406810
17-51	195630
17-51	222790
17-51	213400
17-52	458710
17-52	01091810
17-52	460710
17-52	456900
17-52	457420
17-52	459430
17-52	457930
17-52	458140
17-52	456310
17-52	457760
17-53	439380
17-53	01013450
17-53	235890
17-53	350230
17-53	363620
17-53	01101190
17-53	057680
17-53	353460
17-53	235710
17-53	104840
17-54	01061080
17-54	105360
17-54	248980
17-54	247560
17-54	104840
17-54	033750
17-54	105340
17-54	235250
17-54	104760
17-54	065660
17-55	257110
17-55	01062190
17-55	185210
17-55	386420
17-55	01007780
17-55	257300
17-55	256880
17-55	257100
17-55	352500
17-55	01009810
17-56	154680
17-56	330610
17-56	222720
17-56	259530
17-56	154580
17-56	447440
17-56	323830
17-56	396330
17-56	01012460
17-56	334830
17-57	118100
17-57	169190
17-57	140620
17-57	01031600
17-57	116950
17-57	119780
17-57	121630
17-57	136060
17-57	140800
17-57	100930
17-58	138100
17-58	408520
17-58	408550
17-58	406500
17-58	408630
17-58	408810
17-58	230640
17-58	409530
17-58	223890
17-58	406710
17-59	389350
17-59	457460
17-59	134270
17-59	01087520
17-59	319770
17-59	164600
17-59	458070
17-59	459460
17-59	504780
17-59	306970
17-60	468970
17-60	468170
17-60	469760
17-60	468880
17-60	469420
17-60	469130
17-60	468680
17-60	262820
17-60	469150
17-60	469540
17-61	01046500
17-61	170140
17-61	277970
17-61	173430
17-61	01046040
17-61	171540
17-61	174790
17-61	172940
17-61	01012240
17-61	173310
17-62	263260
17-62	034740
17-62	034960
17-62	020790
17-62	034890
17-62	425240
17-62	034760
17-62	117850
17-62	106920
17-62	411820
17-63	017770
17-63	053470
17-63	017820
17-63	054800
17-63	017760
17-63	053880
17-63	154320
17-63	037510
17-63	037530
17-63	017780
17-64	054990
17-64	054800
17-64	053470
17-64	024560
17-64	030580
17-64	328470
17-64	053630
17-64	054660
17-64	053880
17-64	054060
17-65	060170
17-65	250450
17-65	325870
17-65	060780
17-65	009770
17-65	325410
17-65	323830
17-65	270630
17-65	01000990
17-65	122930
17-66	068230
17-66	288120
17-66	342250
17-66	350250
17-66	008430
17-66	099470
17-66	348740
17-66	01076500
17-66	344090
17-66	246840
17-67	081430
17-67	045320
17-67	349810
17-67	082330
17-67	017450
17-67	071570
17-67	070320
17-67	003670
17-67	069800
17-67	161110
17-68	108150
17-68	108270
17-68	420310
17-68	422030
17-68	420170
17-68	184770
17-68	031550
17-68	441570
17-68	420180
17-68	184570
17-69	118450
17-69	119360
17-69	119320
17-69	257180
17-69	119370
17-69	116590
17-69	124520
17-69	123650
17-69	118480
17-69	119480
17-70	008720
17-70	141510
17-70	136650
17-70	117800
17-70	120870
17-70	199620
17-70	137260
17-70	215460
17-70	137910
17-70	064730
17-71	139240
17-71	139600
17-71	145290
17-71	140880
17-71	125470
17-71	276300
17-71	173760
17-71	114910
17-71	174540
17-71	136180
17-72	438860
17-72	439200
17-72	440090
17-72	444390
17-72	440630
17-72	440790
17-72	439420
17-72	01003500
17-72	439290
17-72	158920
17-73	118930
17-73	192850
17-73	208250
17-73	237830
17-73	440210
17-73	199960
17-73	019950
17-73	218550
17-73	01049630
17-73	203460
17-74	213100
17-74	067040
17-74	213060
17-74	004440
17-74	212560
17-74	300470
17-74	089820
17-74	155130
17-74	004780
17-74	213680
17-75	215080
17-75	215540
17-75	059010
17-75	213080
17-75	216050
17-75	217440
17-75	216230
17-75	377320
17-75	216430
17-75	215270
17-76	216250
17-76	216890
17-76	379470
17-76	451790
17-76	060710
17-76	216200
17-76	219000
17-76	213280
17-76	216230
17-76	216040
17-77	218760
17-77	350120
17-77	357010
17-77	360710
17-77	342310
17-77	542260
17-77	343010
17-77	361700
17-77	358480
17-77	343000
17-78	231090
17-78	202380
17-78	443700
17-78	01004590
17-78	114110
17-78	144830
17-78	01008990
17-78	01012100
17-78	142420
17-78	391970
17-79	277220
17-79	311280
17-79	01072140
17-79	305240
17-79	305640
17-79	312830
17-79	306940
17-79	088220
17-79	308130
17-79	309860
17-80	532470
17-80	341880
17-80	103810
17-80	020370
17-80	192890
17-80	01078620
17-80	217590
17-80	400260
17-80	203950
17-80	498940
17-81	344370
17-81	344500
17-81	343930
17-81	344470
17-81	080810
17-81	01076830
17-81	344030
17-81	345690
17-81	346680
17-81	016070
17-82	360900
17-82	01080800
17-82	353070
17-82	369180
17-82	364190
17-82	359060
17-82	364730
17-82	01079250
17-82	360870
17-82	349920
17-83	442580
17-83	442990
17-83	441000
17-83	441610
17-83	441860
17-83	121300
17-83	440940
17-83	443990
17-83	01012100
17-83	441780
17-84	457230
17-84	457320
17-84	456580
17-84	456070
17-84	456160
17-84	457260
17-84	456130
17-84	455710
17-84	458220
17-84	01093590
17-85	415840
17-85	416340
17-85	046240
17-85	351890
17-85	471650
17-85	528180
17-85	035990
17-85	350840
17-85	316120
17-85	488400
17-86	127690
17-86	201160
17-86	324720
17-86	013640
17-86	062490
17-86	124200
17-86	014160
17-86	254540
17-86	201960
17-86	015240
17-87	152970
17-87	152900
17-87	152940
17-87	153030
17-87	153300
17-87	015840
17-87	146940
17-87	150940
17-87	147390
17-87	153570
17-88	338030
17-88	000270
17-88	000540
17-88	055970
17-88	224280
17-88	033600
17-88	021390
17-88	000580
17-88	243500
17-88	193700
17-89	168170
17-89	375590
17-89	059040
17-89	376760
17-89	491970
17-89	136060
17-89	135500
17-89	215110
17-89	134090
17-89	169750
17-90	021360
17-90	037880
17-90	053550
17-90	326580
17-90	021410
17-90	037510
17-90	01013850
17-90	326360
17-90	054060
17-90	154320
17-91	336810
17-91	336780
17-91	085080
17-91	154540
17-91	001180
17-91	003600
17-91	080550
17-91	003590
17-91	165220
17-91	005590
17-92	336780
17-92	158600
17-92	068570
17-92	091470
17-92	053690
17-92	110470
17-92	471110
17-92	336810
17-92	055010
17-92	054300
17-93	113950
17-93	113870
17-93	117130
17-93	113540
17-93	195850
17-93	213850
17-93	113910
17-93	005050
17-93	201710
17-93	498450
17-94	104840
17-94	116780
17-94	105360
17-94	247540
17-94	270740
17-94	01101190
17-94	105490
17-94	104400
17-94	104440
17-94	105540
18-1	134220
18-1	117900
18-1	019450
18-1	126260
18-1	194930
18-1	175700
18-1	138700
18-1	135700
18-1	234440
18-1	032960
18-2	154680
18-2	154580
18-2	038000
18-2	038100
18-2	154890
18-2	037990
18-2	258740
18-2	471690
18-2	471310
18-2	01083650
18-3	174760
18-3	169850
18-3	176190
18-3	139080
18-3	170980
18-3	168940
18-3	178130
18-3	175060
18-3	178520
18-3	175630
18-4	110070
18-4	181980
18-4	506160
18-4	181850
18-4	520250
18-4	423920
18-4	416790
18-4	181760
18-4	192670
18-4	400750
18-5	424220
18-5	424210
18-5	188890
18-5	189040
18-5	188520
18-5	188830
18-5	424370
18-5	223210
18-5	036700
18-5	147130
18-6	233630
18-6	233650
18-6	233610
18-6	098650
18-6	184520
18-6	000140
18-6	01012600
18-6	055540
18-6	000070
18-6	000130
18-7	319860
18-7	319850
18-7	351950
18-7	290730
18-7	288970
18-7	347020
18-7	325600
18-7	023760
18-7	414740
18-7	320910
18-8	393400
18-8	393550
18-8	276990
18-8	208250
18-8	219160
18-8	391440
18-8	394420
18-8	144010
18-8	127640
18-8	202900
18-9	318000
18-9	082110
18-9	156720
18-9	353070
18-9	488380
18-9	155450
18-9	029930
18-9	046240
18-9	01062480
18-9	352260
18-10	264210
18-10	174790
18-10	528390
18-10	528480
18-10	531440
18-10	528210
18-10	173460
18-10	01051670
18-10	061170
18-10	528430
18-11	345890
18-11	342770
18-11	155300
18-11	347510
18-11	542250
18-11	347430
18-11	343440
18-11	343940
18-11	343790
18-11	542240
18-12	315390
18-12	090310
18-12	328070
18-12	470540
18-12	017890
18-12	054270
18-12	054800
18-12	054190
18-12	331310
18-12	206980
18-13	213080
18-13	338670
18-13	004990
18-13	374950
18-13	197570
18-13	134420
18-13	084160
18-13	338660
18-13	032240
18-13	116930
18-14	347360
18-14	346530
18-14	352190
18-14	346430
18-14	350040
18-14	348100
18-14	01077360
18-14	345610
18-14	347250
18-14	345570
18-15	127330
18-15	013670
18-15	008740
18-15	013150
18-15	203990
18-15	207690
18-15	012610
18-15	009370
18-15	118670
18-15	061840
18-16	132140
18-16	087660
18-16	131900
18-16	034180
18-16	087330
18-16	087960
18-16	034100
18-16	065090
18-16	086870
18-16	034320
18-17	127330
18-17	013670
18-17	013150
18-17	118670
18-17	207690
18-17	008740
18-17	203990
18-17	061840
18-17	177520
18-17	127760
18-18	334130
18-18	332660
18-18	264060
18-18	334430
18-18	185560
18-18	340930
18-18	333850
18-18	223980
18-18	223880
18-18	332830
18-19	008080
18-19	119770
18-19	174760
18-19	136200
18-19	181340
18-19	309140
18-19	169680
18-19	181260
18-19	302940
18-19	177560
18-20	132860
18-20	162990
18-20	056150
18-20	224380
18-20	164250
18-20	01003090
18-20	132910
18-20	225080
18-20	01002820
18-20	224710
18-21	01063470
18-21	001950
18-21	000040
18-21	002710
18-21	030110
18-21	116650
18-21	003140
18-21	078920
18-21	336880
18-21	401010
18-22	008720
18-22	012240
18-22	006120
18-22	009120
18-22	205240
18-22	01004790
18-22	013450
18-22	105660
18-22	011630
18-22	01004630
18-23	314200
18-23	032940
18-23	290470
18-23	261610
18-23	098010
18-23	174830
18-23	492360
18-23	041230
18-23	420820
18-23	420250
18-24	118400
18-24	118310
18-24	01012610
18-24	119530
18-24	119620
18-24	053530
18-24	01032900
18-24	116740
18-24	039780
18-24	099070
18-25	201160
18-25	440110
18-25	124200
18-25	215130
18-25	127690
18-25	439370
18-25	444530
18-25	046260
18-25	440880
18-25	438740
18-26	283000
18-26	01036100
18-26	01052290
18-26	012880
18-26	01068090
18-26	141410
18-26	01067390
18-26	282480
18-26	283210
18-26	173480
18-27	490110
18-27	490120
18-27	482450
18-27	482470
18-27	040190
18-27	041440
18-27	156650
18-27	386370
18-27	154880
18-27	154750
18-28	000150
18-28	000080
18-28	003030
18-28	003070
18-28	162310
18-28	085040
18-28	003020
18-28	032260
18-28	233650
18-28	432030
18-29	005070
18-29	005470
18-29	004380
18-29	189760
18-29	029810
18-29	162370
18-29	274970
18-29	004510
18-29	005320
18-29	007120
18-30	194070
18-30	007890
18-30	163520
18-30	006890
18-30	006760
18-30	005740
18-30	005260
18-30	056070
18-30	011500
18-30	007620
18-31	006120
18-31	017870
18-31	005840
18-31	038070
18-31	000620
18-31	118670
18-31	254610
18-31	053600
18-31	001200
18-31	395010
18-32	01003180
18-32	01004660
18-32	009080
18-32	234570
18-32	195100
18-32	349980
18-32	008790
18-32	008890
18-32	279730
18-32	005870
18-33	007390
18-33	249350
18-33	269460
18-33	014080
18-33	268760
18-33	248280
18-33	269130
18-33	343670
18-33	010350
18-33	250690
18-34	006770
18-34	048470
18-34	008100
18-34	269750
18-34	499790
18-34	119060
18-34	005640
18-34	114500
18-34	01003090
18-34	085250
18-35	057240
18-35	021930
18-35	026690
18-35	026590
18-35	152840
18-35	133420
18-35	216790
18-35	446610
18-35	216430
18-35	132850
18-36	018040
18-36	000400
18-36	326490
18-36	017970
18-36	056000
18-36	154360
18-36	017880
18-36	002880
18-36	037690
18-36	186100
18-37	01022210
18-37	488360
18-37	488380
18-37	488370
18-37	488400
18-37	041030
18-37	361700
18-37	044500
18-37	083190
18-37	243780
18-38	065530
18-38	084580
18-38	084510
18-38	065490
18-38	01014960
18-38	353070
18-38	326800
18-38	159460
18-38	084530
18-38	349920
18-39	075250
18-39	074530
18-39	078310
18-39	078380
18-39	077130
18-39	076980
18-39	01012090
18-39	077710
18-39	077590
18-39	077630
18-40	081460
18-40	01022000
18-40	301060
18-40	163330
18-40	01021690
18-40	069580
18-40	412690
18-40	300930
18-40	353730
18-40	01022390
18-41	326800
18-41	084510
18-41	416340
18-41	064940
18-41	260340
18-41	316530
18-41	482460
18-41	01014960
18-41	017580
18-41	415950
18-42	282000
18-42	388020
18-42	279230
18-42	281830
18-42	172040
18-42	280610
18-42	156120
18-42	282750
18-42	280840
18-42	282380
18-43	155590
18-43	158180
18-43	01060430
18-43	009820
18-43	041260
18-43	045460
18-43	052550
18-43	049780
18-43	040370
18-43	047520
18-44	017460
18-44	002240
18-44	112100
18-44	099240
18-44	068030
18-44	163890
18-44	186620
18-44	040270
18-44	228740
18-44	001850
18-45	174150
18-45	300790
18-45	350860
18-45	067630
18-45	071240
18-45	236220
18-45	058680
18-45	271050
18-45	397480
18-45	01077340
18-46	110070
18-46	324140
18-46	323970
18-46	327230
18-46	223180
18-46	01047280
18-46	268780
18-46	314290
18-46	328100
18-46	181980
18-47	196040
18-47	324020
18-47	511840
18-47	325130
18-47	197540
18-47	194840
18-47	01084270
18-47	499500
18-47	438370
18-47	161120
18-48	212430
18-48	066840
18-48	080280
18-48	004290
18-48	227440
18-48	067250
18-48	066960
18-48	004260
18-48	227460
18-48	01034510
18-49	267690
18-49	118230
18-49	01008360
18-49	053520
18-49	213350
18-49	053700
18-49	234480
18-49	017760
18-49	056970
18-49	053530
18-50	276980
18-50	426910
18-50	460840
18-50	391640
18-50	391620
18-50	392180
18-50	388840
18-50	390100
18-50	165650
18-50	434530
18-51	279040
18-51	455240
18-51	162310
18-51	002760
18-51	274930
18-51	031260
18-51	001660
18-51	085110
18-51	300010
18-51	193250
18-52	282300
18-52	01012090
18-52	281510
18-52	302470
18-52	280080
18-52	172360
18-52	01067170
18-52	283570
18-52	281960
18-52	283290
18-53	295360
18-53	295930
18-53	259330
18-53	291070
18-53	500000
18-53	404050
18-53	292960
18-53	405550
18-53	360360
18-53	185160
18-54	342660
18-54	01076870
18-54	344370
18-54	343490
18-54	344390
18-54	342690
18-54	345220
18-54	01011530
18-54	348420
18-54	346630
18-55	344000
18-55	344610
18-55	018350
18-55	287970
18-55	018340
18-55	290270
18-55	243540
18-55	542260
18-55	344310
18-55	336050
18-56	344260
18-56	01080400
18-56	342920
18-56	353460
18-56	356890
18-56	237830
18-56	347220
18-56	01077350
18-56	352050
18-56	354400
18-57	344610
18-57	352530
18-57	349870
18-57	354250
18-57	344000
18-57	347290
18-57	347430
18-57	068050
18-57	206020
18-57	345860
18-58	375120
18-58	345540
18-58	433200
18-58	345800
18-58	345530
18-58	314180
18-58	346420
18-58	345910
18-58	359010
18-58	350280
18-59	357660
18-59	355000
18-59	349430
18-59	405800
18-59	318240
18-59	350440
18-59	353130
18-59	350170
18-59	081540
18-59	352940
18-60	378790
18-60	114920
18-60	045460
18-60	230650
18-60	170330
18-60	223700
18-60	215970
18-60	262700
18-60	385610
18-60	073820
18-61	403980
18-61	410520
18-61	405950
18-61	059040
18-61	410550
18-61	402650
18-61	402230
18-61	406030
18-61	407900
18-61	037340
18-62	283140
18-62	040810
18-62	058620
18-62	058400
18-62	255110
18-62	046950
18-62	043120
18-62	061170
18-62	060850
18-62	045420
18-63	260020
18-63	415990
18-63	416280
18-63	356050
18-63	417880
18-63	416530
18-63	417890
18-63	327640
18-63	417110
18-63	417410
18-64	438670
18-64	439000
18-64	234570
18-64	008790
18-64	01050170
18-64	234600
18-64	438570
18-64	424320
18-64	178090
18-64	164360
18-65	442290
18-65	442180
18-65	441650
18-65	441610
18-65	200620
18-65	355340
18-65	019860
18-65	01089230
18-65	019930
18-65	01063910
18-66	01014960
18-66	479720
18-66	384520
18-66	01014980
18-66	504040
18-66	480320
18-66	367140
18-66	041030
18-66	326160
18-66	049380
18-67	005620
18-67	01007810
18-67	137760
18-67	01092020
18-67	147380
18-67	433280
18-67	01091660
18-67	147390
18-67	150940
18-67	133860
18-68	01004270
18-68	008590
18-68	190160
18-68	01002350
18-68	124920
18-68	130890
18-68	006970
18-68	007900
18-68	397880
18-68	235360
18-69	089340
18-69	097540
18-69	090300
18-69	376250
18-69	093280
18-69	397880
18-69	089570
18-69	090840
18-69	094020
18-69	090030
18-70	130130
18-70	224450
18-70	266660
18-70	338120
18-70	224650
18-70	109250
18-70	147560
18-70	395830
18-70	396150
18-70	279090
18-71	031550
18-71	103720
18-71	055740
18-71	01011830
18-71	234110
18-71	268530
18-71	133070
18-71	233730
18-71	233850
18-71	065900
18-72	054510
18-72	328390
18-72	054800
18-72	040580
18-72	157210
18-72	243800
18-72	055140
18-72	040680
18-72	331580
18-72	01060450
18-73	335570
18-73	231490
18-73	009150
18-73	009690
18-73	327930
18-73	109750
18-73	230930
18-73	328100
18-73	326380
18-73	232430
18-74	343890
18-74	346730
18-74	343610
18-74	342820
18-74	343700
18-74	01077300
18-74	355050
18-74	289490
18-74	357400
18-74	354840
18-75	091530
18-75	270580
18-75	235360
18-75	389930
18-75	376250
18-75	136020
18-75	184770
18-75	379750
18-75	254570
18-75	095160
18-76	416250
18-76	417410
18-76	416280
18-76	328090
18-76	417890
18-76	416480
18-76	260020
18-76	258950
18-76	356050
18-76	326780
18-77	224150
18-77	476510
18-77	031870
18-77	476390
18-77	546180
18-77	270060
18-77	476420
18-77	031520
18-77	324580
18-77	476480
18-78	522630
18-78	499940
18-78	161900
18-78	521410
18-78	339530
18-78	425260
18-78	417420
18-78	425840
18-78	499490
18-78	500200
18-79	029930
18-79	415840
18-79	432030
18-79	416200
18-79	035850
18-79	045680
18-79	288380
18-79	416510
18-79	288220
18-79	044560
18-80	031550
18-80	01013090
18-80	161140
18-80	01011790
18-80	511080
18-80	003500
18-80	067480
18-80	242710
18-80	01002920
18-80	002900
18-81	007000
18-81	069580
18-81	388460
18-81	01003410
18-81	01002330
18-81	343560
18-81	498750
18-81	194700
18-81	01002490
18-81	241930
18-82	398540
18-82	241050
18-82	397850
18-82	398430
18-82	451900
18-82	044210
18-82	130660
18-82	477800
18-82	030710
18-82	151450
18-83	053450
18-83	037760
18-83	037510
18-83	053550
18-83	053600
18-83	395010
18-83	053840
18-83	326580
18-83	037880
18-83	054060
18-84	060750
18-84	121510
18-84	060830
18-84	105340
18-84	063010
18-84	137750
18-84	123690
18-84	059580
18-84	169190
18-84	197250
18-85	063380
18-85	063990
18-85	061500
18-85	061040
18-85	059600
18-85	220730
18-85	061120
18-85	078060
18-85	127730
18-85	180170
18-86	438370
18-86	439200
18-86	438950
18-86	243240
18-86	269350
18-86	438570
18-86	439260
18-86	438000
18-86	108220
18-86	437710
18-87	116900
18-87	118060
18-87	01031600
18-87	163210
18-87	117240
18-87	118850
18-87	040230
18-87	118820
18-87	116980
18-87	040010
18-88	165200
18-88	113940
18-88	117860
18-88	306010
18-88	122320
18-88	173210
18-88	122470
18-88	117670
18-88	01004350
18-88	117210
18-89	119180
18-89	167240
18-89	117740
18-89	156760
18-89	006670
18-89	166580
18-89	197580
18-89	196940
18-89	120040
18-89	129010
18-90	124330
18-90	119220
18-90	270460
18-90	01002930
18-90	323970
18-90	328100
18-90	325180
18-90	326900
18-90	122550
18-90	124420
18-91	063380
18-91	127730
18-91	063990
18-91	122790
18-91	125600
18-91	061500
18-91	126860
18-91	01012160
18-91	220730
18-91	125210
18-92	130160
18-92	130210
18-92	130310
18-92	130530
18-92	130350
18-92	130460
18-92	130140
18-92	109440
18-92	305220
18-92	130330
18-93	165360
18-93	171690
18-93	135680
18-93	136700
18-93	134730
18-93	141730
18-93	132730
18-93	119080
18-93	134450
18-93	142760
18-94	146690
18-94	146700
18-94	424030
18-94	147160
18-94	130310
18-94	005620
18-94	130530
18-94	130460
18-94	146710
18-94	244170
19-1	01037580
19-1	518060
19-1	518630
19-1	518740
19-1	01099850
19-1	023600
19-1	518140
19-1	194780
19-1	517990
19-1	518270
19-2	329350
19-2	156760
19-2	196940
19-2	156210
19-2	261190
19-2	042500
19-2	040580
19-2	160860
19-2	160460
19-2	048530
19-3	390120
19-3	01043800
19-3	281350
19-3	136420
19-3	171270
19-3	164600
19-3	168890
19-3	389350
19-3	134270
19-3	301190
19-4	197580
19-4	196940
19-4	119180
19-4	214570
19-4	166580
19-4	167240
19-4	01058080
19-4	251380
19-4	058280
19-4	156760
19-5	086790
19-5	033690
19-5	131910
19-5	212520
19-5	131870
19-5	033510
19-5	034060
19-5	089320
19-5	034900
19-5	033580
19-6	336840
19-6	337360
19-6	01013860
19-6	337010
19-6	316080
19-6	087850
19-6	233670
19-6	108730
19-6	108470
19-6	108690
19-7	155070
19-7	156580
19-7	262480
19-7	259050
19-7	411650
19-7	254220
19-7	049130
19-7	343860
19-7	260020
19-7	284620
19-8	307980
19-8	278250
19-8	312150
19-8	306460
19-8	311750
19-8	305800
19-8	308160
19-8	339280
19-8	305700
19-8	01072910
19-9	343300
19-9	347730
19-9	343700
19-9	346730
19-9	289490
19-9	343390
19-9	342160
19-9	150870
19-9	350930
19-9	031550
19-10	383000
19-10	383060
19-10	381200
19-10	349570
19-10	059470
19-10	182890
19-10	183820
19-10	111440
19-10	381560
19-10	183910
19-11	468000
19-11	468200
19-11	468050
19-11	468280
19-11	468570
19-11	01094980
19-11	468470
19-11	468970
19-11	468440
19-11	468540
19-12	426870
19-12	417210
19-12	418220
19-12	01095410
19-12	473520
19-12	474640
19-12	358870
19-12	01042000
19-12	434490
19-12	271530
19-13	017790
19-13	029930
19-13	154360
19-13	132780
19-13	017950
19-13	416210
19-13	041850
19-13	490980
19-13	260240
19-13	134660
19-14	548380
19-14	152410
19-14	133030
19-14	372690
19-14	242320
19-14	041070
19-14	212760
19-14	01009520
19-14	498250
19-14	152550
19-15	027230
19-15	085350
19-15	023740
19-15	026790
19-15	027090
19-15	027180
19-15	027530
19-15	01010870
19-15	027080
19-15	01011280
19-16	116410
19-16	065930
19-16	005060
19-16	116400
19-16	423430
19-16	116520
19-16	151270
19-16	01002520
19-16	004380
19-16	01003090
19-17	244830
19-17	245120
19-17	156380
19-17	057520
19-17	472170
19-17	158460
19-17	091130
19-17	155570
19-17	047980
19-17	260630
19-18	081710
19-18	081740
19-18	286220
19-18	044800
19-18	326780
19-18	327110
19-18	351270
19-18	156680
19-18	262120
19-18	293240
19-19	234290
19-19	374700
19-19	106540
19-19	285600
19-19	538910
19-19	106170
19-19	106430
19-19	090110
19-19	107610
19-19	055660
19-20	125630
19-20	125080
19-20	207120
19-20	124330
19-20	054170
19-20	125670
19-20	124420
19-20	222630
19-20	205360
19-20	242840
19-21	125630
19-21	125080
19-21	178750
19-21	124330
19-21	173880
19-21	054170
19-21	175360
19-21	207120
19-21	222630
19-21	125670
19-22	204330
19-22	323830
19-22	268530
19-22	224140
19-22	323730
19-22	033790
19-22	330020
19-22	324460
19-22	085890
19-22	086290
19-23	271170
19-23	270920
19-23	269030
19-23	529630
19-23	269790
19-23	269820
19-23	271850
19-23	326800
19-23	268940
19-23	087490
19-24	112330
19-24	348080
19-24	346750
19-24	363500
19-24	185160
19-24	366210
19-24	552710
19-24	064690
19-24	257360
19-24	357310
19-25	458280
19-25	387300
19-25	387660
19-25	152570
19-25	387570
19-25	387330
19-25	387220
19-25	375350
19-25	387580
19-25	387320
19-26	401570
19-26	402380
19-26	404970
19-26	504650
19-26	402500
19-26	401970
19-26	400860
19-26	400490
19-26	402160
19-26	416760
19-27	459540
19-27	463360
19-27	459250
19-27	459430
19-27	458950
19-27	01091920
19-27	457220
19-27	462720
19-27	01093650
19-27	461070
19-28	511690
19-28	504650
19-28	416760
19-28	01100210
19-28	314500
19-28	277340
19-28	511860
19-28	498270
19-28	505700
19-28	068560
19-29	197420
19-29	120190
19-29	008220
19-29	060710
19-29	197760
19-29	122330
19-29	538590
19-29	443900
19-29	446110
19-29	195820
19-30	411820
19-30	261890
19-30	260230
19-30	337060
19-30	262640
19-30	264500
19-30	052260
19-30	282560
19-30	01014960
19-30	259810
19-31	373670
19-31	314500
19-31	456150
19-31	267460
19-31	375260
19-31	374330
19-31	169450
19-31	304340
19-31	212900
19-31	376470
19-32	057710
19-32	166380
19-32	033940
19-32	041100
19-32	030370
19-32	033630
19-32	033600
19-32	058160
19-32	053690
19-32	01012600
19-33	116910
19-33	136200
19-33	167480
19-33	01043430
19-33	165290
19-33	438150
19-33	224470
19-33	164250
19-33	162990
19-33	134420
19-34	269630
19-34	033630
19-34	373950
19-34	244590
19-34	095760
19-34	090850
19-34	377630
19-34	378980
19-34	243840
19-34	378070
19-35	457520
19-35	305880
19-35	456670
19-35	456500
19-35	456900
19-35	01092300
19-35	457260
19-35	100220
19-35	459540
19-35	457220
19-36	402450
19-36	023420
19-36	055860
19-36	023970
19-36	027770
19-36	022910
19-36	01009930
19-36	022890
19-36	022580
19-36	024900
19-37	051070
19-37	049960
19-37	265550
19-37	051980
19-37	160440
19-37	051050
19-37	159550
19-37	153170
19-37	048450
19-37	009610
19-38	347510
19-38	038060
19-38	038550
19-38	351550
19-38	157350
19-38	298220
19-38	345310
19-38	040640
19-38	260110
19-38	155140
19-39	107000
19-39	528450
19-39	106610
19-39	106300
19-39	102600
19-39	106790
19-39	01028240
19-39	079490
19-39	534310
19-39	082320
19-40	134710
19-40	141460
19-40	193620
19-40	023760
19-40	01031540
19-40	169770
19-40	119960
19-40	144390
19-40	135560
19-40	136640
19-41	143260
19-41	142510
19-41	141400
19-41	142500
19-41	136180
19-41	176080
19-41	141640
19-41	176020
19-41	137180
19-41	138630
19-42	389420
19-42	041950
19-42	164590
19-42	323000
19-42	166140
19-42	306400
19-42	234970
19-42	135690
19-42	100740
19-42	301050
19-43	166080
19-43	166780
19-43	057520
19-43	079320
19-43	134960
19-43	165790
19-43	058090
19-43	280690
19-43	169280
19-43	306580
19-44	188840
19-44	332200
19-44	263450
19-44	188570
19-44	268890
19-44	018420
19-44	338350
19-44	131410
19-44	411880
19-44	269440
19-45	136210
19-45	362680
19-45	122770
19-45	128960
19-45	267120
19-45	233470
19-45	141770
19-45	353880
19-45	230440
19-45	010750
19-46	272120
19-46	272010
19-46	273100
19-46	271700
19-46	269280
19-46	274700
19-46	250890
19-46	250530
19-46	268860
19-46	270750
19-47	281780
19-47	173280
19-47	281620
19-47	283800
19-47	283270
19-47	283470
19-47	282070
19-47	284370
19-47	283110
19-47	01045940
19-48	415840
19-48	395640
19-48	416340
19-48	159460
19-48	260340
19-48	326780
19-48	415750
19-48	081540
19-48	082670
19-48	291450
19-49	519850
19-49	519870
19-49	003310
19-49	397750
19-49	018050
19-49	136250
19-49	342950
19-49	344600
19-49	018150
19-49	397760
19-50	419770
19-50	419590
19-50	344760
19-50	359220
19-50	01011510
19-50	490110
19-50	356960
19-50	058810
19-50	348540
19-50	351410
19-51	433280
19-51	434570
19-51	432480
19-51	488670
19-51	433370
19-51	432870
19-51	432270
19-51	165790
19-51	433710
19-51	433760
19-52	448110
19-52	448460
19-52	449580
19-52	447040
19-52	01090910
19-52	01012500
19-52	079530
19-52	449460
19-52	448660
19-52	449620
19-53	360540
19-53	469390
19-53	468150
19-53	468570
19-53	468470
19-53	469940
19-53	469510
19-53	469900
19-53	468730
19-53	470180
19-54	473870
19-54	223790
19-54	474070
19-54	111260
19-54	272200
19-54	406710
19-54	263560
19-54	331580
19-54	047520
19-54	030450
19-55	349800
19-55	552710
19-55	350060
19-55	351510
19-55	150890
19-55	349010
19-55	346350
19-55	346900
19-55	345420
19-55	484060
19-56	152740
19-56	031420
19-56	079270
19-56	031380
19-56	031440
19-56	078970
19-56	289210
19-56	103710
19-56	317500
19-56	029820
19-57	352380
19-57	090690
19-57	064570
19-57	348130
19-57	345580
19-57	001550
19-57	221350
19-57	089520
19-57	038780
19-57	056940
19-58	171660
19-58	01001750
19-58	347370
19-58	168010
19-58	166160
19-58	354900
19-58	164670
19-58	350860
19-58	347070
19-58	166360
19-59	493650
19-59	093490
19-59	405230
19-59	492190
19-59	490640
19-59	086140
19-59	324970
19-59	492200
19-59	492630
19-59	501860
19-60	493940
19-60	493690
19-60	492870
19-60	491370
19-60	494630
19-60	491610
19-60	491360
19-60	493520
19-60	493100
19-60	205450
19-61	031680
19-61	099450
19-61	053710
19-61	178420
19-61	175620
19-61	053530
19-61	017780
19-61	137740
19-61	178790
19-61	021380
19-62	289500
19-62	291130
19-62	343210
19-62	288040
19-62	289670
19-62	289310
19-62	348070
19-62	081060
19-62	347330
19-62	347640
19-63	175070
19-63	125180
19-63	020180
19-63	284410
19-63	180670
19-63	473640
19-63	271820
19-63	389910
19-63	172650
19-63	141810
19-64	139910
19-64	01046660
19-64	175110
19-64	053690
19-64	179150
19-64	170730
19-64	200540
19-64	173960
19-64	139240
19-64	171680
19-65	01035520
19-65	115040
19-65	140500
19-65	128670
19-65	140480
19-65	010000
19-65	171110
19-65	114810
19-65	166380
19-65	171630
19-66	524150
19-66	486320
19-66	427080
19-66	525330
19-66	330400
19-66	434510
19-66	184430
19-66	521910
19-66	101680
19-66	523540
19-67	205770
19-67	087270
19-67	201160
19-67	01004650
19-67	196790
19-67	060140
19-67	438740
19-67	198910
19-67	202660
19-67	058630
19-68	01009930
19-68	01011090
19-68	024760
19-68	055860
19-68	01011020
19-68	023520
19-68	022880
19-68	023830
19-68	01009850
19-68	022920
19-69	045350
19-69	042290
19-69	038800
19-69	044650
19-69	044760
19-69	044440
19-69	039620
19-69	049580
19-69	158250
19-69	038830
19-70	165570
19-70	135140
19-70	057730
19-70	100540
19-70	01031670
19-70	167380
19-70	243190
19-70	140570
19-70	118620
19-70	166660
19-71	133260
19-71	435310
19-71	280210
19-71	166400
19-71	134910
19-71	01065140
19-71	134040
19-71	167010
19-71	301770
19-71	162690
19-72	019490
19-72	119060
19-72	006770
19-72	196700
19-72	01088720
19-72	438250
19-72	214090
19-72	437660
19-72	437790
19-72	003130
19-73	009830
19-73	200790
19-73	443900
19-73	159470
19-73	199010
19-73	439300
19-73	119030
19-73	440270
19-73	146590
19-73	01089230
19-74	140470
19-74	123850
19-74	203360
19-74	060800
19-74	196320
19-74	218260
19-74	380050
19-74	032340
19-74	195570
19-74	194780
19-75	349920
19-75	353070
19-75	352760
19-75	352870
19-75	349570
19-75	355990
19-75	01079250
19-75	358020
19-75	352380
19-75	361700
19-76	390940
19-76	200050
19-76	391340
19-76	277010
19-76	01008870
19-76	390720
19-76	388880
19-76	392110
19-76	392030
19-76	394320
19-77	435190
19-77	435180
19-77	432810
19-77	434180
19-77	434260
19-77	434960
19-77	434910
19-77	01032980
19-77	435310
19-77	433960
19-78	154360
19-78	017790
19-78	109740
19-78	098770
19-78	005600
19-78	01000090
19-78	259090
19-78	257170
19-78	155150
19-78	258550
19-79	525690
19-79	399420
19-79	380550
19-79	525340
19-79	526980
19-79	381020
19-79	383170
19-79	399670
19-79	377380
19-79	436660
19-80	040520
19-80	037990
19-80	037770
19-80	155960
19-80	154580
19-80	258910
19-80	041080
19-80	040250
19-80	154680
19-80	038000
19-81	138190
19-81	301940
19-81	058770
19-81	169840
19-81	301570
19-81	388590
19-81	173550
19-81	168150
19-81	172960
19-81	431290
19-82	173510
19-82	177480
19-82	01055710
19-82	283140
19-82	174090
19-82	169120
19-82	047470
19-82	01032680
19-82	206690
19-82	125040
19-83	484970
19-83	484660
19-83	484830
19-83	484620
19-83	484340
19-83	484940
19-83	484780
19-83	484590
19-83	432820
19-83	485170
19-84	163290
19-84	165890
19-84	168700
19-84	120370
19-84	117240
19-84	164400
19-84	164390
19-84	165000
19-84	388680
19-84	164900
19-85	021230
19-85	080490
19-85	016210
19-85	000700
19-85	029840
19-85	411530
19-85	287900
19-85	346450
19-85	108520
19-85	015470
19-86	316290
19-86	401590
19-86	290660
19-86	318000
19-86	035830
19-86	316070
19-86	375270
19-86	031990
19-86	478790
19-86	545640
19-87	355430
19-87	358680
19-87	353300
19-87	345720
19-87	355870
19-87	355420
19-87	01003050
19-87	366690
19-87	357900
19-87	345770
19-88	101440
19-88	455880
19-88	041440
19-88	055890
19-88	056400
19-88	151790
19-88	067540
19-88	377020
19-88	383080
19-88	039890
19-89	461930
19-89	437190
19-89	464710
19-89	01093590
19-89	465760
19-89	460430
19-89	460510
19-89	457570
19-89	461940
19-89	465310
19-90	042270
19-90	049220
19-90	044790
19-90	049870
19-90	178590
19-90	159780
19-90	040160
19-90	155640
19-90	041200
19-90	048340
19-91	530100
19-91	529120
19-91	518210
19-91	189720
19-91	530310
19-91	529020
19-91	528570
19-91	529230
19-91	528440
19-91	528370
19-92	165800
19-92	134990
19-92	165730
19-92	168410
19-92	302200
19-92	165420
19-92	118090
19-92	133980
19-92	167060
19-92	164800
19-93	345120
19-93	344270
19-93	345050
19-93	346520
19-93	345410
19-93	344940
19-93	348360
19-93	345340
19-93	165310
19-93	342780
19-94	353380
19-94	352280
19-94	288380
19-94	363500
19-94	351270
19-94	154400
19-94	357570
19-94	064690
19-94	349660
19-94	354160
20-1	301120
20-1	111690
20-1	111770
20-1	111170
20-1	111290
20-1	111760
20-1	301920
20-1	111560
20-1	111280
20-1	111040
20-2	021900
20-2	022310
20-2	01009930
20-2	021950
20-2	022200
20-2	01009680
20-2	01009900
20-2	022510
20-2	024240
20-2	022240
20-3	343820
20-3	352050
20-3	342920
20-3	347220
20-3	344800
20-3	347020
20-3	348350
20-3	348760
20-3	349950
20-3	351630
20-4	085690
20-4	240410
20-4	000160
20-4	001110
20-4	018650
20-4	015460
20-4	01006520
20-4	020610
20-4	000660
20-4	020600
20-5	432180
20-5	243930
20-5	432870
20-5	434330
20-5	433600
20-5	432920
20-5	434270
20-5	321710
20-5	434500
20-5	476990
20-6	007890
20-6	007620
20-6	122900
20-6	01003740
20-6	008220
20-6	007440
20-6	006470
20-6	012150
20-6	005510
20-6	005920
20-7	018960
20-7	483090
20-7	240700
20-7	018830
20-7	131900
20-7	504610
20-7	016400
20-7	324100
20-7	222620
20-7	194840
20-8	020150
20-8	082280
20-8	061130
20-8	296870
20-8	359770
20-8	251380
20-8	385650
20-8	360830
20-8	243990
20-8	365510
20-9	233750
20-9	446130
20-9	446180
20-9	078940
20-9	031280
20-9	446120
20-9	022460
20-9	021940
20-9	004380
20-9	022470
20-10	01011010
20-10	027800
20-10	085530
20-10	026920
20-10	01010880
20-10	01010960
20-10	231970
20-10	026870
20-10	027050
20-10	026780
20-11	028270
20-11	026870
20-11	184340
20-11	01011010
20-11	028500
20-11	511120
20-11	540530
20-11	026820
20-11	511460
20-11	194390
20-12	099280
20-12	099250
20-12	033120
20-12	099260
20-12	01012450
20-12	029940
20-12	099210
20-12	099270
20-12	055780
20-12	260710
20-13	009780
20-13	047670
20-13	138790
20-13	049990
20-13	281750
20-13	044760
20-13	045610
20-13	050280
20-13	043520
20-13	046880
20-14	060960
20-14	060380
20-14	01012160
20-14	287450
20-14	141360
20-14	087040
20-14	158040
20-14	059300
20-14	058490
20-14	173360
20-15	256850
20-15	071130
20-15	069360
20-15	242760
20-15	067850
20-15	342820
20-15	161680
20-15	01006690
20-15	270950
20-15	379200
20-16	080490
20-16	343420
20-16	01006780
20-16	021230
20-16	029840
20-16	01021690
20-16	108520
20-16	342810
20-16	003830
20-16	080420
20-17	348640
20-17	347480
20-17	259340
20-17	344010
20-17	081330
20-17	080340
20-17	344700
20-17	080780
20-17	344880
20-17	017940
20-18	082720
20-18	082110
20-18	082790
20-18	082670
20-18	326780
20-18	01062480
20-18	416210
20-18	083210
20-18	01022210
20-18	156720
20-19	031260
20-19	031240
20-19	078900
20-19	032290
20-19	000100
20-19	233650
20-19	065150
20-19	078920
20-19	078860
20-19	01012600
20-20	433760
20-20	489170
20-20	103920
20-20	032130
20-20	01005150
20-20	488950
20-20	158840
20-20	432940
20-20	484680
20-20	373670
20-21	119620
20-21	091840
20-21	118400
20-21	090080
20-21	120680
20-21	038120
20-21	124510
20-21	347800
20-21	039780
20-21	352300
20-22	123520
20-22	122040
20-22	125940
20-22	121950
20-22	205390
20-22	119740
20-22	124480
20-22	377350
20-22	347800
20-22	124620
20-23	125270
20-23	125470
20-23	126890
20-23	122310
20-23	160480
20-23	468850
20-23	115030
20-23	469950
20-23	468000
20-23	121100
20-24	127490
20-24	013250
20-24	328410
20-24	435940
20-24	177350
20-24	126200
20-24	129040
20-24	330800
20-24	271010
20-24	126280
20-25	391440
20-25	393400
20-25	393550
20-25	009780
20-25	138810
20-25	144010
20-25	127640
20-25	138790
20-25	236630
20-25	143000
20-26	148260
20-26	148520
20-26	005620
20-26	148120
20-26	036600
20-26	130350
20-26	498220
20-26	148090
20-26	150940
20-26	130530
20-27	134460
20-27	300580
20-27	279830
20-27	164680
20-27	070630
20-27	305730
20-27	213660
20-27	163460
20-27	388670
20-27	000530
20-28	166380
20-28	167030
20-28	167340
20-28	302410
20-28	164930
20-28	117860
20-28	165800
20-28	301000
20-28	388800
20-28	169130
20-29	169130
20-29	101400
20-29	167600
20-29	165940
20-29	137360
20-29	169400
20-29	280850
20-29	164750
20-29	164480
20-29	01035290
20-30	182220
20-30	182870
20-30	01065010
20-30	182530
20-30	433020
20-30	229700
20-30	433280
20-30	182620
20-30	182440
20-30	182040
20-31	183850
20-31	184030
20-31	182040
20-31	182840
20-31	231490
20-31	181710
20-31	01065010
20-31	182620
20-31	540350
20-31	498760
20-32	055840
20-32	224100
20-32	004660
20-32	116400
20-32	234110
20-32	233850
20-32	193680
20-32	116410
20-32	213080
20-32	195390
20-33	200320
20-33	355950
20-33	01051110
20-33	01008850
20-33	355700
20-33	187690
20-33	204280
20-33	062450
20-33	202880
20-33	203820
20-34	206980
20-34	01054050
20-34	013420
20-34	144680
20-34	126470
20-34	210120
20-34	205840
20-34	207180
20-34	209590
20-34	013050
20-35	205260
20-35	443650
20-35	01089320
20-35	445040
20-35	442390
20-35	442580
20-35	216050
20-35	442880
20-35	204760
20-35	216250
20-36	237990
20-36	01005280
20-36	236590
20-36	177790
20-36	273450
20-36	237460
20-36	219170
20-36	063080
20-36	013440
20-36	013740
20-37	224630
20-37	242690
20-37	162450
20-37	108480
20-37	000420
20-37	242710
20-37	152670
20-37	000170
20-37	162430
20-37	511060
20-38	257770
20-38	257720
20-38	158230
20-38	257780
20-38	483660
20-38	148210
20-38	000980
20-38	258100
20-38	400310
20-38	258250
20-39	262500
20-39	099270
20-39	260710
20-39	482460
20-39	099250
20-39	285310
20-39	259440
20-39	029930
20-39	064810
20-39	263810
20-40	289210
20-40	289910
20-40	031440
20-40	031380
20-40	289690
20-40	289250
20-40	289350
20-40	031420
20-40	290300
20-40	289220
20-41	064810
20-41	292490
20-41	292780
20-41	349510
20-41	296440
20-41	349890
20-41	353530
20-41	289350
20-41	293930
20-41	295020
20-42	359060
20-42	361830
20-42	360870
20-42	296400
20-42	001200
20-42	217290
20-42	360540
20-42	000620
20-42	361450
20-42	297290
20-43	171130
20-43	311560
20-43	309820
20-43	305570
20-43	307100
20-43	313480
20-43	310780
20-43	313330
20-43	310650
20-43	312520
20-44	031320
20-44	314170
20-44	103670
20-44	001410
20-44	01077350
20-44	009610
20-44	003130
20-44	064560
20-44	009870
20-44	314180
20-45	321710
20-45	321590
20-45	01074040
20-45	158810
20-45	321450
20-45	244970
20-45	039700
20-45	321000
20-45	127370
20-45	098010
20-46	326690
20-46	224140
20-46	268530
20-46	326730
20-46	323830
20-46	031270
20-46	326660
20-46	258610
20-46	416240
20-46	400160
20-47	341210
20-47	341400
20-47	374790
20-47	378470
20-47	377380
20-47	399420
20-47	328590
20-47	436170
20-47	399220
20-47	530160
20-48	347580
20-48	348810
20-48	348550
20-48	01076910
20-48	064660
20-48	031950
20-48	349210
20-48	342770
20-48	344230
20-48	185160
20-49	397170
20-49	522700
20-49	521710
20-49	395730
20-49	329730
20-49	458950
20-49	482630
20-49	395810
20-49	072410
20-49	397260
20-50	161800
20-50	405400
20-50	409460
20-50	223590
20-50	407670
20-50	404770
20-50	402830
20-50	330730
20-50	402440
20-50	406330
20-51	471650
20-51	415950
20-51	416650
20-51	416340
20-51	260340
20-51	018170
20-51	326780
20-51	100290
20-51	416020
20-51	327490
20-52	444520
20-52	143790
20-52	441830
20-52	441630
20-52	442750
20-52	126260
20-52	189630
20-52	064870
20-52	482450
20-52	443300
20-53	465390
20-53	459160
20-53	459350
20-53	462750
20-53	464540
20-53	297390
20-53	439810
20-53	466160
20-53	460390
20-53	289010
20-54	469940
20-54	360540
20-54	468790
20-54	468150
20-54	043690
20-54	469040
20-54	469330
20-54	470640
20-54	468710
20-54	468500
20-55	467830
20-55	468280
20-55	468410
20-55	468960
20-55	468170
20-55	215180
20-55	468260
20-55	467860
20-55	468590
20-55	468080
20-56	468170
20-56	262820
20-56	468630
20-56	468970
20-56	469540
20-56	468540
20-56	468410
20-56	470700
20-56	468450
20-56	468070
20-57	472600
20-57	428090
20-57	427170
20-57	01087800
20-57	01096050
20-57	472240
20-57	01087820
20-57	162120
20-57	400440
20-57	503390
20-58	489170
20-58	321710
20-58	432800
20-58	488950
20-58	433680
20-58	435200
20-58	433170
20-58	435170
20-58	101540
20-58	434030
20-59	500460
20-59	502050
20-59	498530
20-59	338520
20-59	501460
20-59	401630
20-59	499980
20-59	521780
20-59	379620
20-59	499120
20-60	338520
20-60	500720
20-60	500730
20-60	349140
20-60	294590
20-60	457230
20-60	500460
20-60	457320
20-60	424270
20-60	456580
20-61	001090
20-61	001100
20-61	002010
20-61	01000480
20-61	066890
20-61	338940
20-61	342240
20-61	000900
20-61	01000050
20-61	085670
20-62	01005130
20-62	498120
20-62	038770
20-62	158580
20-62	158120
20-62	081170
20-62	040660
20-62	008920
20-62	402190
20-62	156650
20-63	163990
20-63	090760
20-63	093330
20-63	131930
20-63	058150
20-63	01024700
20-63	103800
20-63	301450
20-63	133220
20-63	116990
20-64	052330
20-64	051430
20-64	107210
20-64	489060
20-64	489070
20-64	489440
20-64	052450
20-64	095190
20-64	097490
20-64	01036460
20-65	234120
20-65	268540
20-65	326870
20-65	056950
20-65	01075850
20-65	161160
20-65	400960
20-65	059090
20-65	033510
20-65	090220
20-66	011140
20-66	010100
20-66	104720
20-66	442330
20-66	298650
20-66	191320
20-66	249940
20-66	249910
20-66	249230
20-66	019580
20-67	041670
20-67	328260
20-67	328600
20-67	329730
20-67	328990
20-67	472110
20-67	184930
20-67	262850
20-67	259920
20-67	333270
20-68	01013860
20-68	090540
20-68	117310
20-68	040410
20-68	087240
20-68	01026750
20-68	035750
20-68	118400
20-68	089030
20-68	038560
20-69	103880
20-69	378680
20-69	01007060
20-69	138400
20-69	233870
20-69	378030
20-69	131280
20-69	321330
20-69	030400
20-69	057980
20-70	259440
20-70	371680
20-70	01028240
20-70	467260
20-70	107010
20-70	157930
20-70	01014960
20-70	01012960
20-70	331330
20-70	496730
20-71	475870
20-71	324190
20-71	033980
20-71	086880
20-71	088450
20-71	01012920
20-71	250890
20-71	010350
20-71	324510
20-71	034470
20-72	491190
20-72	491540
20-72	491380
20-72	491300
20-72	492030
20-72	491320
20-72	491340
20-72	405230
20-72	367830
20-72	491050
20-73	493710
20-73	495030
20-73	493580
20-73	494570
20-73	492640
20-73	492760
20-73	492710
20-73	049600
20-73	493700
20-73	493310
20-74	01098230
20-74	494140
20-74	494480
20-74	276540
20-74	508370
20-74	495070
20-74	492490
20-74	509770
20-74	427260
20-74	266040
20-75	006380
20-75	005170
20-75	01002400
20-75	01002670
20-75	005110
20-75	004300
20-75	152680
20-75	004640
20-75	055700
20-75	016620
20-76	116940
20-76	01003490
20-76	163900
20-76	133460
20-76	165790
20-76	01004880
20-76	279510
20-76	01002870
20-76	006010
20-76	167510
20-77	099140
20-77	032950
20-77	117310
20-77	032990
20-77	038220
20-77	099150
20-77	437370
20-77	259190
20-77	437400
20-77	01012610
20-78	01014940
20-78	158030
20-78	01014840
20-78	482450
20-78	242890
20-78	478760
20-78	156510
20-78	479090
20-78	155080
20-78	158940
20-79	246690
20-79	053270
20-79	403580
20-79	000990
20-79	246520
20-79	051670
20-79	024560
20-79	474750
20-79	468570
20-79	045640
20-80	059320
20-80	01060120
20-80	154340
20-80	003720
20-80	336380
20-80	168440
20-80	154800
20-80	003620
20-80	258630
20-80	003900
20-81	344210
20-81	067500
20-81	067580
20-81	344200
20-81	328250
20-81	156010
20-81	084250
20-81	259780
20-81	348080
20-81	031530
20-82	075600
20-82	072660
20-82	075110
20-82	074090
20-82	073910
20-82	074370
20-82	075660
20-82	077620
20-82	072330
20-82	077960
20-83	093300
20-83	351060
20-83	258950
20-83	349640
20-83	078970
20-83	357210
20-83	326780
20-83	244240
20-83	081710
20-83	286390
20-84	090440
20-84	090400
20-84	089830
20-84	244100
20-84	01024480
20-84	092270
20-84	01025630
20-84	100250
20-84	104970
20-84	093270
20-85	099870
20-85	338160
20-85	222650
20-85	349350
20-85	109780
20-85	015540
20-85	171530
20-85	421240
20-85	476140
20-85	079100
20-86	104270
20-86	192530
20-86	086190
20-86	104200
20-86	104240
20-86	104250
20-86	064630
20-86	213880
20-86	104230
20-86	344420
20-87	116600
20-87	192580
20-87	118400
20-87	116590
20-87	117310
20-87	119200
20-87	119660
20-87	116760
20-87	347340
20-87	119370
20-88	136200
20-88	136370
20-88	166470
20-88	137420
20-88	000870
20-88	144260
20-88	172490
20-88	01065700
20-88	142920
20-88	446710
20-89	01042970
20-89	099540
20-89	162520
20-89	162780
20-89	164680
20-89	164020
20-89	164090
20-89	165760
20-89	004390
20-89	165750
20-90	153750
20-90	153170
20-90	01037960
20-90	105790
20-90	248660
20-90	153190
20-90	247610
20-90	154030
20-90	104900
20-90	154000
20-91	154280
20-91	192480
20-91	016160
20-91	148120
20-91	030440
20-91	417160
20-91	017850
20-91	154230
20-91	395940
20-91	395660
20-92	161690
20-92	161790
20-92	053550
20-92	006400
20-92	493180
20-92	323870
20-92	017680
20-92	161170
20-92	161180
20-92	053840
20-93	168450
20-93	388670
20-93	168790
20-93	169130
20-93	163460
20-93	133890
20-93	390780
20-93	101450
20-93	181070
20-93	388880
20-94	286010
20-94	367100
20-94	01013780
20-94	291510
20-94	417450
20-94	355760
20-94	068220
20-94	166390
20-94	345890
20-94	517880
21-1	177070
21-1	170300
21-1	117660
21-1	178320
21-1	134260
21-1	163620
21-1	175550
21-1	007900
21-1	125460
21-1	170910
21-2	01027060
21-2	184910
21-2	185090
21-2	137480
21-2	381210
21-2	380000
21-2	137470
21-2	379420
21-2	379100
21-2	138670
21-3	189080
21-3	188950
21-3	189020
21-3	01010200
21-3	435150
21-3	189230
21-3	263450
21-3	542700
21-3	188960
21-3	413180
21-4	192790
21-4	192870
21-4	192810
21-4	192780
21-4	290940
21-4	192860
21-4	192840
21-4	192890
21-4	192820
21-4	192770
21-5	343000
21-5	192780
21-5	291140
21-5	192830
21-5	247260
21-5	194190
21-5	192840
21-5	192770
21-5	344420
21-5	292130
21-6	245940
21-6	386840
21-6	380110
21-6	386730
21-6	097490
21-6	503820
21-6	104190
21-6	406920
21-6	501510
21-6	489120
21-7	275100
21-7	01064490
21-7	389550
21-7	388290
21-7	163720
21-7	388110
21-7	388280
21-7	100030
21-7	388990
21-7	305250
21-8	279300
21-8	001810
21-8	079190
21-8	079220
21-8	01066470
21-8	234290
21-8	079670
21-8	317580
21-8	336850
21-8	479470
21-9	280580
21-9	167080
21-9	235690
21-9	306930
21-9	376230
21-9	229310
21-9	163200
21-9	414770
21-9	281560
21-9	281090
21-10	304410
21-10	304410
21-10	305800
21-10	306110
21-10	01071220
21-10	305720
21-10	305780
21-10	01071320
21-10	01071280
21-10	306960
21-11	115930
21-11	115620
21-11	115920
21-11	115790
21-11	387480
21-11	115640
21-11	116000
21-11	102350
21-11	525540
21-11	115230
21-12	267920
21-12	167420
21-12	376360
21-12	395710
21-12	458950
21-12	072410
21-12	306880
21-12	267910
21-12	058160
21-12	376240
21-13	403740
21-13	326790
21-13	01071320
21-13	401540
21-13	456070
21-13	01071340
21-13	099110
21-13	279280
21-13	402330
21-13	400180
21-14	416300
21-14	482460
21-14	471650
21-14	415950
21-14	327100
21-14	260340
21-14	416530
21-14	327490
21-14	416650
21-14	542250
21-15	420160
21-15	420220
21-15	420250
21-15	420670
21-15	420650
21-15	420130
21-15	420830
21-15	420820
21-15	420150
21-15	420530
21-16	432000
21-16	432200
21-16	432390
21-16	484150
21-16	002370
21-16	224900
21-16	225150
21-16	324610
21-16	148700
21-16	156340
21-17	01008430
21-17	01007110
21-17	277080
21-17	219590
21-17	434040
21-17	01081350
21-17	305160
21-17	523740
21-17	220060
21-17	086430
21-18	038070
21-18	499500
21-18	315140
21-18	053650
21-18	017930
21-18	498530
21-18	498200
21-18	033030
21-18	511840
21-18	325130
21-19	01063080
21-19	351150
21-19	256390
21-19	294270
21-19	508240
21-19	264270
21-19	332660
21-19	377200
21-19	506020
21-19	509450
21-20	015990
21-20	517770
21-20	254070
21-20	154540
21-20	347840
21-20	015770
21-20	01021690
21-20	086900
21-20	016130
21-20	336820
21-21	002520
21-21	318000
21-21	035990
21-21	352380
21-21	084510
21-21	471650
21-21	249980
21-21	035830
21-21	337090
21-21	155450
21-22	010690
21-22	009250
21-22	007140
21-22	010190
21-22	008090
21-22	007010
21-22	008660
21-22	013160
21-22	011070
21-22	007970
21-23	012780
21-23	009610
21-23	013610
21-23	01005080
21-23	032070
21-23	011140
21-23	121100
21-23	010800
21-23	011100
21-23	01006280
21-24	069250
21-24	01020030
21-24	071730
21-24	01020060
21-24	070130
21-24	186370
21-24	069320
21-24	073910
21-24	069610
21-24	072660
21-25	080820
21-25	003170
21-25	344160
21-25	080460
21-25	080780
21-25	081260
21-25	344890
21-25	01021690
21-25	258680
21-25	000300
21-26	131470
21-26	131450
21-26	01013610
21-26	131670
21-26	433110
21-26	507210
21-26	183860
21-26	260440
21-26	433360
21-26	000300
21-27	135130
21-27	133450
21-27	133570
21-27	193940
21-27	275130
21-27	166680
21-27	133460
21-27	194100
21-27	163900
21-27	165790
21-28	144470
21-28	014290
21-28	178370
21-28	128170
21-28	139610
21-28	511100
21-28	143540
21-28	138700
21-28	138860
21-28	134390
21-29	182200
21-29	242770
21-29	161790
21-29	181940
21-29	181950
21-29	182160
21-29	181960
21-29	181680
21-29	498760
21-29	182040
21-30	177860
21-30	302370
21-30	121100
21-30	172940
21-30	301800
21-30	303210
21-30	138600
21-30	145400
21-30	227170
21-30	226450
21-31	302220
21-31	246960
21-31	246970
21-31	036290
21-31	031550
21-31	483510
21-31	01011790
21-31	039240
21-31	190610
21-31	364410
21-32	275120
21-32	116960
21-32	275520
21-32	133380
21-32	163670
21-32	388320
21-32	388780
21-32	277440
21-32	279970
21-32	389260
21-33	318650
21-33	318390
21-33	064810
21-33	318240
21-33	070320
21-33	186920
21-33	320540
21-33	067450
21-33	482460
21-33	269540
21-34	383050
21-34	273810
21-34	096230
21-34	465090
21-34	265350
21-34	408930
21-34	097290
21-34	334250
21-34	409500
21-34	102060
21-35	01085310
21-35	460370
21-35	288510
21-35	404140
21-35	356720
21-35	01085130
21-35	409560
21-35	01032430
21-35	353700
21-35	426280
21-36	408930
21-36	409500
21-36	334250
21-36	465090
21-36	474780
21-36	407500
21-36	408060
21-36	403510
21-36	410530
21-36	406930
21-37	137950
21-37	116830
21-37	134200
21-37	136440
21-37	135100
21-37	121220
21-37	114740
21-37	135650
21-37	008160
21-37	139590
21-38	349420
21-38	350550
21-38	360310
21-38	354190
21-38	353120
21-38	027000
21-38	01077300
21-38	347740
21-38	351630
21-38	292320
21-39	484170
21-39	486150
21-39	484330
21-39	485580
21-39	484120
21-39	487430
21-39	293810
21-39	486920
21-39	485000
21-39	484410
21-40	041440
21-40	080840
21-40	038140
21-40	154860
21-40	038460
21-40	039110
21-40	038040
21-40	01074100
21-40	039100
21-40	152780
21-41	038690
21-41	243930
21-41	154700
21-41	055750
21-41	258860
21-41	040200
21-41	040440
21-41	155570
21-41	157440
21-41	262690
21-42	337530
21-42	230300
21-42	01019390
21-42	250660
21-42	322530
21-42	045610
21-42	323890
21-42	250710
21-42	017680
21-42	214950
21-43	166400
21-43	01065140
21-43	01065190
21-43	165000
21-43	389390
21-43	166130
21-43	435310
21-43	164750
21-43	435190
21-43	280370
21-44	126570
21-44	177000
21-44	013060
21-44	262070
21-44	176880
21-44	176160
21-44	166030
21-44	175330
21-44	179410
21-44	311830
21-45	225100
21-45	343550
21-45	402330
21-45	420750
21-45	002170
21-45	458360
21-45	01065140
21-45	276410
21-45	166400
21-45	506820
21-46	288030
21-46	401360
21-46	269180
21-46	223230
21-46	269400
21-46	270330
21-46	498920
21-46	271030
21-46	324200
21-46	269890
21-47	163370
21-47	01064600
21-47	01064570
21-47	389020
21-47	133840
21-47	163930
21-47	165400
21-47	01011990
21-47	01002740
21-47	01042990
21-48	542930
21-48	001850
21-48	279300
21-48	01007640
21-48	079190
21-48	280050
21-48	324560
21-48	032250
21-48	01049470
21-48	002230
21-49	447400
21-49	446940
21-49	033080
21-49	346720
21-49	345720
21-49	446750
21-49	447130
21-49	446960
21-49	033130
21-49	233730
21-50	286390
21-50	082600
21-50	410880
21-50	262120
21-50	351930
21-50	297180
21-50	083140
21-50	003130
21-50	081330
21-50	352960
21-51	425810
21-51	327790
21-51	329140
21-51	437390
21-51	327050
21-51	334230
21-51	330460
21-51	261140
21-51	330090
21-51	329170
21-52	130090
21-52	476490
21-52	01082800
21-52	263330
21-52	088520
21-52	371680
21-52	103800
21-52	125860
21-52	013450
21-52	091190
21-53	439330
21-53	439830
21-53	440860
21-53	438680
21-53	439480
21-53	114090
21-53	439100
21-53	438150
21-53	438130
21-53	006660
21-54	000460
21-54	134670
21-54	01002550
21-54	113650
21-54	133260
21-54	151720
21-54	132860
21-54	342310
21-54	233820
21-54	037540
21-55	001450
21-55	001460
21-55	080330
21-55	01076300
21-55	065130
21-55	342730
21-55	342150
21-55	343580
21-55	01078610
21-55	067270
21-56	004390
21-56	004920
21-56	008820
21-56	196620
21-56	287840
21-56	005280
21-56	193350
21-56	162520
21-56	006740
21-56	070040
21-57	005330
21-57	006100
21-57	006350
21-57	007310
21-57	007510
21-57	006290
21-57	117290
21-57	193330
21-57	005100
21-57	194660
21-58	036120
21-58	036130
21-58	001110
21-58	185720
21-58	455470
21-58	000160
21-58	112170
21-58	065420
21-58	036140
21-58	066020
21-59	039000
21-59	039010
21-59	227680
21-59	471400
21-59	188830
21-59	039940
21-59	040470
21-59	039320
21-59	259450
21-59	387980
21-60	347480
21-60	348640
21-60	080340
21-60	081330
21-60	356290
21-60	080890
21-60	284620
21-60	080550
21-60	01016550
21-60	081230
21-61	000270
21-61	109620
21-61	109590
21-61	109950
21-61	224280
21-61	243640
21-61	109650
21-61	003130
21-61	060140
21-61	236690
21-62	519850
21-62	117310
21-62	357850
21-62	118440
21-62	519870
21-62	293450
21-62	038010
21-62	119200
21-62	267510
21-62	116760
21-63	147560
21-63	147490
21-63	148700
21-63	148450
21-63	147190
21-63	147970
21-63	148100
21-63	148730
21-63	148720
21-63	149860
21-64	098720
21-64	163200
21-64	163110
21-64	171110
21-64	279150
21-64	387860
21-64	388260
21-64	300260
21-64	185760
21-64	01042900
21-65	193790
21-65	193890
21-65	162350
21-65	162340
21-65	006930
21-65	162640
21-65	003520
21-65	227460
21-65	003680
21-65	162670
21-66	185970
21-66	194060
21-66	056030
21-66	092110
21-66	194890
21-66	01020030
21-66	133160
21-66	267580
21-66	133280
21-66	036810
21-67	213420
21-67	213880
21-67	197390
21-67	269270
21-67	164550
21-67	008090
21-67	441660
21-67	196670
21-67	373120
21-67	196470
21-68	067080
21-68	213100
21-68	065270
21-68	155130
21-68	352300
21-68	212560
21-68	212590
21-68	213950
21-68	213680
21-68	065220
21-69	235030
21-69	213400
21-69	01058100
21-69	236700
21-69	194750
21-69	235990
21-69	194760
21-69	118900
21-69	234940
21-69	120250
21-70	284470
21-70	284680
21-70	01001350
21-70	284560
21-70	284720
21-70	01068440
21-70	284700
21-70	284640
21-70	287900
21-70	287850
21-71	357280
21-71	359880
21-71	286400
21-71	536040
21-71	316490
21-71	254530
21-71	536360
21-71	353510
21-71	286070
21-71	271010
21-72	289420
21-72	289770
21-72	350300
21-72	289400
21-72	343340
21-72	289980
21-72	01076880
21-72	345150
21-72	342960
21-72	290940
21-73	304640
21-73	305020
21-73	305570
21-73	101940
21-73	01071390
21-73	306490
21-73	01097670
21-73	305560
21-73	01071660
21-73	306300
21-74	304800
21-74	304530
21-74	304550
21-74	308160
21-74	377560
21-74	307680
21-74	304810
21-74	304460
21-74	307420
21-74	452100
21-75	306810
21-75	305800
21-75	306460
21-75	307740
21-75	304410
21-75	304410
21-75	301240
21-75	092020
21-75	306130
21-75	306400
21-76	155180
21-76	154370
21-76	033010
21-76	017770
21-76	001200
21-76	037510
21-76	154320
21-76	470820
21-76	039840
21-76	491620
21-77	224260
21-77	01000100
21-77	031320
21-77	032250
21-77	017020
21-77	243000
21-77	044210
21-77	032930
21-77	031620
21-77	017090
21-78	035510
21-78	066890
21-78	035610
21-78	066940
21-78	035500
21-78	015610
21-78	035570
21-78	001170
21-78	035430
21-78	037730
21-79	087240
21-79	117310
21-79	087130
21-79	131860
21-79	087180
21-79	087090
21-79	099140
21-79	116760
21-79	117570
21-79	337280
21-80	033600
21-80	053450
21-80	033850
21-80	098730
21-80	243640
21-80	003280
21-80	483090
21-80	033980
21-80	099070
21-80	003160
21-81	164800
21-81	165600
21-81	117620
21-81	134990
21-81	167560
21-81	01043470
21-81	136360
21-81	167030
21-81	132720
21-81	136060
21-82	134700
21-82	511380
21-82	021460
21-82	005780
21-82	446710
21-82	011760
21-82	039840
21-82	327000
21-82	126350
21-82	128320
21-83	092300
21-83	067420
21-83	317590
21-83	067360
21-83	067190
21-83	134840
21-83	135800
21-83	284870
21-83	067110
21-83	031300
21-84	200550
21-84	171240
21-84	01051100
21-84	236780
21-84	280460
21-84	172220
21-84	198810
21-84	163510
21-84	170920
21-84	300960
21-85	01082610
21-85	01082630
21-85	01082640
21-85	032500
21-85	371780
21-85	371630
21-85	01082660
21-85	371740
21-85	372070
21-85	132320
21-86	400830
21-86	400860
21-86	400850
21-86	400740
21-86	401290
21-86	163370
21-86	401620
21-86	520610
21-86	403070
21-86	01064600
21-87	424670
21-87	424600
21-87	425600
21-87	423910
21-87	426670
21-87	01087660
21-87	423520
21-87	424440
21-87	424610
21-87	427080
21-88	458950
21-88	456900
21-88	456070
21-88	456310
21-88	457720
21-88	458150
21-88	459380
21-88	462820
21-88	464620
21-88	463650
21-89	204220
21-89	220420
21-89	442600
21-89	439150
21-89	439330
21-89	013100
21-89	440860
21-89	206190
21-89	437780
21-89	439460
21-90	138290
21-90	277900
21-90	092300
21-90	023530
21-90	139840
21-90	262350
21-90	102920
21-90	366560
21-90	225310
21-90	537960
21-91	519850
21-91	317740
21-91	346610
21-91	184990
21-91	118670
21-91	397750
21-91	034400
21-91	347210
21-91	008430
21-91	015920
21-92	003620
21-92	01001430
21-92	003720
21-92	003750
21-92	154810
21-92	003670
21-92	436860
21-92	01001460
21-92	243720
21-92	254530
21-93	318000
21-93	003620
21-93	436860
21-93	254530
21-93	002910
21-93	01062480
21-93	029930
21-93	046240
21-93	244840
21-93	003910
21-94	003680
21-94	003790
21-94	003520
21-94	01011940
21-94	162580
21-94	163020
21-94	165030
21-94	058110
21-94	193890
21-94	018080
22-1	005830
22-1	121290
22-1	009130
22-1	121630
22-1	007870
22-1	117600
22-1	010170
22-1	194630
22-1	008820
22-1	008600
22-2	009600
22-2	01003540
22-2	007350
22-2	008290
22-2	005490
22-2	009740
22-2	006090
22-2	010430
22-2	009330
22-2	006940
22-3	012710
22-3	011140
22-3	008300
22-3	010160
22-3	013450
22-3	172850
22-3	122890
22-3	012620
22-3	012610
22-3	013050
22-4	015650
22-4	015930
22-4	157160
22-4	015630
22-4	01084370
22-4	01006790
22-4	395110
22-4	315230
22-4	015900
22-4	016200
22-5	190010
22-5	289020
22-5	289090
22-5	065050
22-5	348460
22-5	01076910
22-5	546360
22-5	348450
22-5	342770
22-5	105160
22-6	017180
22-6	017240
22-6	003000
22-6	224630
22-6	017110
22-6	067490
22-6	154450
22-6	000170
22-6	108480
22-6	433110
22-7	021280
22-7	030160
22-7	01015800
22-7	054260
22-7	155410
22-7	254610
22-7	038370
22-7	003140
22-7	053880
22-7	364190
22-8	118750
22-8	280400
22-8	01012050
22-8	031830
22-8	01032030
22-8	006890
22-8	01031970
22-8	124190
22-8	119290
22-8	135090
22-9	030270
22-9	030370
22-9	030210
22-9	054260
22-9	030480
22-9	030470
22-9	030580
22-9	243800
22-9	030280
22-9	053870
22-10	033350
22-10	033270
22-10	033360
22-10	033370
22-10	01012530
22-10	033460
22-10	033320
22-10	160210
22-10	038680
22-10	033410
22-11	053550
22-11	041740
22-11	324360
22-11	325130
22-11	324040
22-11	031870
22-11	223190
22-11	053840
22-11	017680
22-11	021360
22-12	513280
22-12	029280
22-12	044480
22-12	323840
22-12	112250
22-12	029390
22-12	323860
22-12	003720
22-12	217330
22-12	035160
22-13	061840
22-13	203990
22-13	127330
22-13	237610
22-13	218670
22-13	062470
22-13	199480
22-13	061240
22-13	135620
22-13	207930
22-14	092030
22-14	090280
22-14	091170
22-14	095120
22-14	096580
22-14	381240
22-14	092540
22-14	092860
22-14	040230
22-14	096230
22-15	110910
22-15	111010
22-15	01029680
22-15	111020
22-15	01029670
22-15	111840
22-15	110850
22-15	122770
22-15	329550
22-15	111140
22-16	443670
22-16	140670
22-16	024560
22-16	443740
22-16	01090140
22-16	122770
22-16	410420
22-16	440570
22-16	364420
22-16	441270
22-17	118060
22-17	057250
22-17	117240
22-17	234760
22-17	165000
22-17	118070
22-17	118840
22-17	134250
22-17	01031670
22-17	116830
22-18	118400
22-18	119460
22-18	117310
22-18	117270
22-18	120410
22-18	123520
22-18	122000
22-18	121860
22-18	119490
22-18	119340
22-19	119640
22-19	342060
22-19	356890
22-19	031590
22-19	342170
22-19	344290
22-19	121650
22-19	347800
22-19	427010
22-19	018340
22-20	135620
22-20	01012160
22-20	164640
22-20	171280
22-20	136190
22-20	01045740
22-20	144570
22-20	141320
22-20	134090
22-20	01045240
22-21	147260
22-21	147560
22-21	148700
22-21	01036750
22-21	01065010
22-21	149280
22-21	147490
22-21	147970
22-21	148730
22-21	432270
22-22	142760
22-22	175920
22-22	172850
22-22	176160
22-22	435730
22-22	102720
22-22	076710
22-22	140280
22-22	176080
22-22	172910
22-23	01003200
22-23	118100
22-23	01004720
22-23	197690
22-23	195020
22-23	057570
22-23	203230
22-23	003220
22-23	440110
22-23	008110
22-24	163640
22-24	132860
22-24	002070
22-24	079010
22-24	165170
22-24	113540
22-24	113890
22-24	116410
22-24	116490
22-24	162990
22-25	228750
22-25	412910
22-25	227950
22-25	229170
22-25	134090
22-25	229760
22-25	279930
22-25	472410
22-25	229740
22-25	162420
22-26	175920
22-26	076710
22-26	062490
22-26	218490
22-26	428880
22-26	232250
22-26	435730
22-26	049000
22-26	172850
22-26	311710
22-27	329740
22-27	329590
22-27	105040
22-27	333780
22-27	333850
22-27	328780
22-27	332830
22-27	331550
22-27	222960
22-27	161780
22-28	003130
22-28	259440
22-28	236440
22-28	514390
22-28	245310
22-28	328930
22-28	013450
22-28	101170
22-28	468150
22-28	400910
22-29	333920
22-29	327760
22-29	330480
22-29	160210
22-29	239680
22-29	324580
22-29	357400
22-29	328270
22-29	328900
22-29	332730
22-30	353070
22-30	349920
22-30	259440
22-30	355230
22-30	01079250
22-30	358480
22-30	353050
22-30	136770
22-30	154840
22-30	01014960
22-31	01091140
22-31	448330
22-31	450130
22-31	033460
22-31	448210
22-31	195290
22-31	447040
22-31	01012530
22-31	447170
22-31	448630
22-32	463360
22-32	459430
22-32	463150
22-32	01093650
22-32	466120
22-32	463020
22-32	462700
22-32	01094660
22-32	174330
22-32	460600
22-33	262200
22-33	401490
22-33	322390
22-33	156120
22-33	490870
22-33	298320
22-33	504860
22-33	262120
22-33	099420
22-33	158580
22-34	316400
22-34	000980
22-34	082020
22-34	01098810
22-34	157410
22-34	503240
22-34	01093090
22-34	490900
22-34	503370
22-34	164920
22-35	316530
22-35	355250
22-35	316120
22-35	416340
22-35	395270
22-35	352970
22-35	352660
22-35	377390
22-35	327490
22-35	395290
22-36	258710
22-36	002390
22-36	118890
22-36	032960
22-36	350880
22-36	032240
22-36	258700
22-36	446960
22-36	005300
22-36	099520
22-37	144470
22-37	352410
22-37	014290
22-37	020420
22-37	353900
22-37	019290
22-37	409340
22-37	363480
22-37	359520
22-37	209740
22-38	016000
22-38	01006820
22-38	01009310
22-38	003960
22-38	003130
22-38	254170
22-38	335920
22-38	01001350
22-38	388420
22-38	108590
22-39	159660
22-39	158060
22-39	160160
22-39	158300
22-39	265190
22-39	159650
22-39	01041190
22-39	046510
22-39	050350
22-39	155670
22-40	171240
22-40	350660
22-40	315970
22-40	01070630
22-40	172010
22-40	092400
22-40	170210
22-40	290880
22-40	275880
22-40	103930
22-41	087270
22-41	086980
22-41	039770
22-41	007730
22-41	087230
22-41	100010
22-41	337160
22-41	136040
22-41	060140
22-41	086930
22-42	254610
22-42	001200
22-42	01000880
22-42	326360
22-42	021410
22-42	000880
22-42	361830
22-42	037910
22-42	01080800
22-42	491590
22-43	171350
22-43	118010
22-43	168990
22-43	000040
22-43	030520
22-43	037760
22-43	391320
22-43	178990
22-43	269630
22-43	031040
22-44	233630
22-44	233650
22-44	184520
22-44	233610
22-44	098650
22-44	000140
22-44	01012600
22-44	055540
22-44	000070
22-44	059380
22-45	113970
22-45	166350
22-45	174070
22-45	168770
22-45	168670
22-45	139390
22-45	145530
22-45	121430
22-45	168760
22-45	008940
22-46	162690
22-46	279220
22-46	300250
22-46	300060
22-46	133070
22-46	432160
22-46	300810
22-46	387970
22-46	322740
22-46	387840
22-47	01059020
22-47	126820
22-47	063780
22-47	006970
22-47	201010
22-47	005050
22-47	126790
22-47	220020
22-47	126260
22-47	062020
22-48	01011130
22-48	027730
22-48	028410
22-48	027890
22-48	397830
22-48	01011380
22-48	01010760
22-48	01010780
22-48	01010440
22-48	01010590
22-49	056130
22-49	113790
22-49	028970
22-49	212830
22-49	141730
22-49	090390
22-49	135310
22-49	117280
22-49	007160
22-49	117120
22-50	109660
22-50	032250
22-50	152810
22-50	113130
22-50	109840
22-50	032290
22-50	371560
22-50	040680
22-50	492940
22-50	089260
22-51	456950
22-51	459380
22-51	308230
22-51	456780
22-51	457950
22-51	404280
22-51	460360
22-51	463680
22-51	460240
22-51	456660
22-52	151730
22-52	01027510
22-52	151750
22-52	033980
22-52	104460
22-52	247190
22-52	104900
22-52	104420
22-52	151720
22-52	033730
22-53	328720
22-53	372060
22-53	01065010
22-53	182130
22-53	328860
22-53	327840
22-53	181850
22-53	181700
22-53	181910
22-53	041090
22-54	01047280
22-54	456230
22-54	457180
22-54	520250
22-54	461350
22-54	459430
22-54	456220
22-54	461160
22-54	01091970
22-54	457260
22-55	236230
22-55	084280
22-55	156510
22-55	169160
22-55	157970
22-55	155080
22-55	01014940
22-55	244180
22-55	395130
22-55	069010
22-56	276820
22-56	350100
22-56	426030
22-56	421710
22-56	275910
22-56	347370
22-56	345340
22-56	352110
22-56	170960
22-56	344400
22-57	071700
22-57	072430
22-57	072590
22-57	375530
22-57	250500
22-57	007000
22-57	071570
22-57	017380
22-57	080870
22-57	108810
22-58	290730
22-58	347100
22-58	297150
22-58	295650
22-58	292810
22-58	357150
22-58	237830
22-58	348440
22-58	291960
22-58	346720
22-59	311570
22-59	215200
22-59	306690
22-59	331890
22-59	079520
22-59	312300
22-59	310630
22-59	311240
22-59	465550
22-59	308340
22-60	343570
22-60	342870
22-60	342800
22-60	348480
22-60	342980
22-60	344300
22-60	104720
22-60	343760
22-60	034050
22-60	344070
22-61	357930
22-61	352560
22-61	342260
22-61	01078020
22-61	351980
22-61	344260
22-61	259330
22-61	200290
22-61	406640
22-61	344140
22-62	388260
22-62	276030
22-62	388560
22-62	388210
22-62	389320
22-62	01064490
22-62	388050
22-62	390360
22-62	133290
22-62	099940
22-63	393260
22-63	207830
22-63	020380
22-63	127480
22-63	394670
22-63	283590
22-63	312430
22-63	126510
22-63	127570
22-63	393720
22-64	406870
22-64	407500
22-64	01085160
22-64	408200
22-64	237970
22-64	509400
22-64	408230
22-64	543230
22-64	331940
22-64	153020
22-65	438090
22-65	438180
22-65	438720
22-65	01088750
22-65	437670
22-65	213170
22-65	440970
22-65	133770
22-65	194240
22-65	134160
22-66	006160
22-66	01002440
22-66	455700
22-66	004890
22-66	006150
22-66	01003330
22-66	01002540
22-66	067730
22-66	004490
22-66	006500
22-67	155250
22-67	038580
22-67	039700
22-67	01062450
22-67	155660
22-67	040360
22-67	039130
22-67	326880
22-67	090060
22-67	043940
22-68	456900
22-68	457970
22-68	01091720
22-68	456830
22-68	458950
22-68	460040
22-68	459640
22-68	456070
22-68	01093650
22-68	459380
22-69	085700
22-69	085690
22-69	001090
22-69	032240
22-69	108520
22-69	015450
22-69	108440
22-69	002010
22-69	017030
22-69	01000480
22-70	006760
22-70	008400
22-70	010230
22-70	008110
22-70	008600
22-70	197690
22-70	009570
22-70	119020
22-70	012730
22-70	013020
22-71	037580
22-71	029020
22-71	028990
22-71	029050
22-71	029210
22-71	028960
22-71	029320
22-71	028950
22-71	029180
22-71	055870
22-72	054060
22-72	030160
22-72	030470
22-72	030370
22-72	030210
22-72	030180
22-72	030280
22-72	030270
22-72	030240
22-72	030420
22-73	228880
22-73	228530
22-73	01009930
22-73	039930
22-73	113790
22-73	228370
22-73	224870
22-73	230790
22-73	230520
22-73	01008680
22-74	234890
22-74	129970
22-74	008500
22-74	238280
22-74	236820
22-74	212950
22-74	029880
22-74	163140
22-74	234000
22-74	01002580
22-75	267700
22-75	267680
22-75	267610
22-75	213460
22-75	267850
22-75	267980
22-75	314580
22-75	267560
22-75	090300
22-75	424670
22-76	344730
22-76	348080
22-76	348910
22-76	290060
22-76	347620
22-76	346560
22-76	343860
22-76	098290
22-76	041440
22-76	343810
22-77	090530
22-77	507090
22-77	01008250
22-77	433150
22-77	036970
22-77	449420
22-77	374630
22-77	107290
22-77	416460
22-77	300700
22-78	032240
22-78	521560
22-78	324740
22-78	415860
22-78	037960
22-78	01041460
22-78	431660
22-78	366950
22-78	416380
22-78	416450
22-79	416580
22-79	451510
22-79	417960
22-79	523680
22-79	152470
22-79	152040
22-79	415860
22-79	483090
22-79	152550
22-79	416440
22-80	415860
22-80	416450
22-80	130650
22-80	024510
22-80	022400
22-80	106420
22-80	509460
22-80	417700
22-80	324000
22-80	087620
22-81	082120
22-81	029930
22-81	158960
22-81	291510
22-81	259600
22-81	221710
22-81	017880
22-81	259580
22-81	260340
22-81	068990
22-82	120810
22-82	123520
22-82	347800
22-82	122210
22-82	120550
22-82	122040
22-82	121790
22-82	124510
22-82	118500
22-82	123490
22-83	371740
22-83	371690
22-83	371680
22-83	371930
22-83	01082740
22-83	132360
22-83	105920
22-83	01082800
22-83	035160
22-83	372070
22-84	158220
22-84	473320
22-84	046120
22-84	244940
22-84	039940
22-84	044460
22-84	158460
22-84	044870
22-84	046130
22-84	038390
22-85	056400
22-85	081840
22-85	243020
22-85	067000
22-85	055850
22-85	055930
22-85	336370
22-85	285360
22-85	284690
22-85	056170
22-86	009850
22-86	011070
22-86	01004650
22-86	006540
22-86	198910
22-86	009140
22-86	006400
22-86	005850
22-86	009330
22-86	396560
22-87	082320
22-87	081640
22-87	361700
22-87	084410
22-87	243780
22-87	082100
22-87	352260
22-87	326070
22-87	082190
22-87	100650
22-88	009330
22-88	442180
22-88	444560
22-88	441650
22-88	01003670
22-88	441680
22-88	441610
22-88	122720
22-88	442770
22-88	010440
22-89	472330
22-89	042110
22-89	328010
22-89	332570
22-89	01075300
22-89	473020
22-89	331060
22-89	471730
22-89	471860
22-89	472870
22-90	254530
22-90	326070
22-90	326160
22-90	099620
22-90	436860
22-90	263070
22-90	01064280
22-90	244840
22-90	371580
22-90	032160
22-91	179740
22-91	178090
22-91	01033780
22-91	179480
22-91	128710
22-91	01034340
22-91	01006090
22-91	145280
22-91	269140
22-91	014500
22-92	455950
22-92	456900
22-92	456100
22-92	456950
22-92	456250
22-92	457720
22-92	456520
22-92	01092240
22-92	224370
22-92	01092500
22-93	087420
22-93	087110
22-93	087490
22-93	087630
22-93	087590
22-93	475720
22-93	014160
22-93	087450
22-93	087240
22-93	087350
22-94	087240
22-94	475720
22-94	01027510
22-94	034050
22-94	087180
22-94	483090
22-94	117310
22-94	087130
22-94	099140
22-94	033570
23-1	174390
23-1	173480
23-1	138880
23-1	142090
23-1	198130
23-1	135440
23-1	01036100
23-1	033670
23-1	136040
23-1	146270
23-2	287450
23-2	285780
23-2	081480
23-2	081440
23-2	068250
23-2	124620
23-2	081900
23-2	068050
23-2	207770
23-2	286520
23-3	193470
23-3	046620
23-3	01060580
23-3	099180
23-3	212780
23-3	003800
23-3	205700
23-3	390180
23-3	293390
23-3	387800
23-4	189920
23-4	477990
23-4	484490
23-4	476180
23-4	152330
23-4	548320
23-4	485670
23-4	01096650
23-4	478630
23-4	484610
23-5	171220
23-5	337930
23-5	099620
23-5	063470
23-5	290610
23-5	089260
23-5	115010
23-5	003800
23-5	257830
23-5	137740
23-6	100260
23-6	286330
23-6	285350
23-6	285470
23-6	285330
23-6	357590
23-6	286680
23-6	082510
23-6	114550
23-6	285030
23-7	452100
23-7	360710
23-7	216900
23-7	366290
23-7	248130
23-7	01027760
23-7	366310
23-7	216080
23-7	489800
23-7	217270
23-8	474600
23-8	472110
23-8	333270
23-8	223940
23-8	041670
23-8	329730
23-8	473450
23-8	330040
23-8	041820
23-8	328600
23-9	01011740
23-9	300270
23-9	01078810
23-9	300920
23-9	163510
23-9	165070
23-9	171240
23-9	350860
23-9	301040
23-9	167550
23-10	166390
23-10	017030
23-10	396920
23-10	197110
23-10	165610
23-10	395100
23-10	193880
23-10	418030
23-10	017110
23-10	315910
23-11	306120
23-11	312420
23-11	305240
23-11	305510
23-11	309280
23-11	306940
23-11	303600
23-11	309360
23-11	304160
23-11	305650
23-12	352110
23-12	166370
23-12	347370
23-12	046390
23-12	081410
23-12	276370
23-12	166160
23-12	276350
23-12	350860
23-12	081300
23-13	457400
23-13	457680
23-13	461210
23-13	458770
23-13	457440
23-13	462990
23-13	01093590
23-13	01092300
23-13	300700
23-13	01093650
23-14	027770
23-14	01011130
23-14	01011180
23-14	028180
23-14	027270
23-14	027310
23-14	027900
23-14	009150
23-14	028200
23-14	335570
23-15	01013860
23-15	117310
23-15	116760
23-15	038010
23-15	087240
23-15	117570
23-15	003000
23-15	035750
23-15	01013950
23-15	118400
23-16	290660
23-16	401590
23-16	378880
23-16	316530
23-16	003130
23-16	316290
23-16	084510
23-16	316120
23-16	336400
23-16	365360
23-17	400200
23-17	400640
23-17	338470
23-17	024900
23-17	400630
23-17	034470
23-17	055860
23-17	401370
23-17	022800
23-17	024070
23-18	318350
23-18	511180
23-18	166730
23-18	268430
23-18	498260
23-18	282160
23-18	247930
23-18	101010
23-18	132760
23-18	352850
23-19	098830
23-19	335580
23-19	479400
23-19	099620
23-19	034100
23-19	373120
23-19	154820
23-19	244490
23-19	467410
23-19	066010
23-20	447570
23-20	446710
23-20	446440
23-20	033070
23-20	447780
23-20	446830
23-20	447730
23-20	446610
23-20	430580
23-20	447180
23-21	455780
23-21	399950
23-21	031330
23-21	420080
23-21	300060
23-21	032440
23-21	032530
23-21	420180
23-21	031360
23-21	01011790
23-22	070400
23-22	067630
23-22	389070
23-22	270420
23-22	213690
23-22	164350
23-22	374750
23-22	343090
23-22	389720
23-22	059040
23-23	275030
23-23	274970
23-23	275550
23-23	275630
23-23	274940
23-23	388240
23-23	387870
23-23	388890
23-23	01064790
23-23	388260
23-24	007940
23-24	079450
23-24	197730
23-24	007880
23-24	011020
23-24	008250
23-24	009510
23-24	012940
23-24	010640
23-24	009250
23-25	491190
23-25	467340
23-25	010350
23-25	271770
23-25	501860
23-25	478680
23-25	491070
23-25	016770
23-25	007100
23-25	492290
23-26	234730
23-26	323870
23-26	053840
23-26	161170
23-26	053550
23-26	161130
23-26	234720
23-26	022190
23-26	498210
23-26	268470
23-27	01006670
23-27	254070
23-27	01006800
23-27	154770
23-27	015940
23-27	01006530
23-27	015550
23-27	01006540
23-27	01084370
23-27	015890
23-28	043750
23-28	044420
23-28	01015500
23-28	01014490
23-28	262130
23-28	01062930
23-28	330060
23-28	245520
23-28	01014690
23-28	262140
23-29	003130
23-29	055930
23-29	056670
23-29	080730
23-29	055790
23-29	243020
23-29	336370
23-29	335540
23-29	064560
23-29	289890
23-30	269750
23-30	119060
23-30	233850
23-30	006770
23-30	260560
23-30	233820
23-30	499790
23-30	114500
23-30	125220
23-30	323760
23-31	324490
23-31	324500
23-31	236430
23-31	316570
23-31	314970
23-31	059380
23-31	186170
23-31	009260
23-31	058850
23-31	377810
23-32	350270
23-32	067890
23-32	067870
23-32	068350
23-32	067790
23-32	068360
23-32	01022240
23-32	003130
23-32	082260
23-32	354470
23-33	326680
23-33	033540
23-33	034620
23-33	513680
23-33	400340
23-33	112780
23-33	446420
23-33	234950
23-33	022190
23-33	000890
23-34	118010
23-34	138180
23-34	115180
23-34	306010
23-34	000040
23-34	115210
23-34	114350
23-34	114360
23-34	008000
23-34	202550
23-35	357850
23-35	123190
23-35	122040
23-35	01022860
23-35	119750
23-35	104810
23-35	120680
23-35	243410
23-35	081120
23-35	064590
23-36	088090
23-36	315270
23-36	104720
23-36	163990
23-36	366460
23-36	106830
23-36	538940
23-36	100290
23-36	428120
23-36	092660
23-37	159460
23-37	488420
23-37	154840
23-37	258640
23-37	505360
23-37	254530
23-37	249980
23-37	024560
23-37	128910
23-37	132070
23-38	127120
23-38	126050
23-38	121960
23-38	126980
23-38	127220
23-38	491330
23-38	359070
23-38	016450
23-38	476830
23-38	492560
23-39	199010
23-39	138670
23-39	136800
23-39	390940
23-39	167170
23-39	200050
23-39	371630
23-39	137620
23-39	171230
23-39	138730
23-40	146120
23-40	143780
23-40	143970
23-40	123770
23-40	145570
23-40	173440
23-40	01033030
23-40	141140
23-40	142470
23-40	139210
23-41	01036810
23-41	148780
23-41	149050
23-41	505860
23-41	149260
23-41	270840
23-41	148570
23-41	542460
23-41	484860
23-41	148820
23-42	100400
23-42	482470
23-42	482450
23-42	01086670
23-42	156010
23-42	154880
23-42	157420
23-42	100290
23-42	490120
23-42	416300
23-43	166200
23-43	162990
23-43	164250
23-43	132860
23-43	163030
23-43	165560
23-43	135180
23-43	056150
23-43	275210
23-43	01043430
23-44	200160
23-44	441730
23-44	441020
23-44	121150
23-44	202900
23-44	202770
23-44	196900
23-44	034050
23-44	062600
23-44	208250
23-45	244480
23-45	040520
23-45	245730
23-45	155960
23-45	01024750
23-45	374330
23-45	279340
23-45	002060
23-45	037990
23-45	038000
23-46	283020
23-46	282310
23-46	191300
23-46	063580
23-46	122270
23-46	172600
23-46	281100
23-46	282140
23-46	180410
23-46	01068180
23-47	304300
23-47	067600
23-47	345410
23-47	001850
23-47	006160
23-47	01007570
23-47	01007640
23-47	001800
23-47	165210
23-47	163970
23-48	305240
23-48	306010
23-48	307990
23-48	308270
23-48	01072140
23-48	01072090
23-48	306880
23-48	305640
23-48	306700
23-48	305040
23-49	310650
23-49	305390
23-49	309390
23-49	305850
23-49	308270
23-49	309960
23-49	305580
23-49	305480
23-49	305300
23-49	310330
23-50	189120
23-50	478790
23-50	401590
23-50	003130
23-50	149730
23-50	182260
23-50	544670
23-50	029280
23-50	324420
23-50	260260
23-51	342680
23-51	344000
23-51	081880
23-51	257130
23-51	258680
23-51	347540
23-51	345800
23-51	038510
23-51	290450
23-51	233920
23-52	343900
23-52	061140
23-52	342260
23-52	344140
23-52	342740
23-52	081100
23-52	352950
23-52	345420
23-52	344890
23-52	349780
23-53	356680
23-53	347100
23-53	345770
23-53	353670
23-53	350850
23-53	347220
23-53	357150
23-53	347310
23-53	342920
23-53	343820
23-54	373560
23-54	373510
23-54	373790
23-54	057710
23-54	085320
23-54	088980
23-54	373250
23-54	090820
23-54	056540
23-54	336860
23-55	400020
23-55	400860
23-55	402350
23-55	400850
23-55	400090
23-55	400630
23-55	400940
23-55	401510
23-55	400160
23-55	400740
23-56	401650
23-56	403730
23-56	405340
23-56	401820
23-56	404720
23-56	401360
23-56	405230
23-56	402340
23-56	405760
23-56	405010
23-57	411820
23-57	378740
23-57	262640
23-57	514530
23-57	408750
23-57	333660
23-57	293990
23-57	450650
23-57	383060
23-57	073760
23-58	433760
23-58	433780
23-58	435060
23-58	433680
23-58	433240
23-58	433430
23-58	432680
23-58	433290
23-58	432160
23-58	433920
23-59	491980
23-59	218050
23-59	491320
23-59	093490
23-59	492030
23-59	267050
23-59	491370
23-59	492190
23-59	491090
23-59	288670
23-60	529220
23-60	528820
23-60	381750
23-60	532820
23-60	528530
23-60	528760
23-60	528780
23-60	528410
23-60	529020
23-60	529580
23-61	343560
23-61	349640
23-61	01076830
23-61	342680
23-61	016070
23-61	342700
23-61	01076220
23-61	067210
23-61	342010
23-61	336050
23-62	438410
23-62	438080
23-62	01088840
23-62	437780
23-62	438140
23-62	438770
23-62	441000
23-62	440240
23-62	438150
23-62	441860
23-63	535270
23-63	525230
23-63	524090
23-63	542520
23-63	159000
23-63	399140
23-63	378220
23-63	398910
23-63	398800
23-63	526660
23-64	034470
23-64	224370
23-64	022910
23-64	01009930
23-64	024060
23-64	01010070
23-64	023420
23-64	022970
23-64	023360
23-64	023020
23-65	009690
23-65	432390
23-65	130800
23-65	131140
23-65	148660
23-65	041620
23-65	149090
23-65	149500
23-65	009150
23-65	130660
23-66	141030
23-66	142290
23-66	221700
23-66	143390
23-66	225640
23-66	290660
23-66	411820
23-66	144240
23-66	345540
23-66	144230
23-67	444610
23-67	115880
23-67	444780
23-67	01009100
23-67	207850
23-67	204090
23-67	127520
23-67	238480
23-67	013840
23-67	187060
23-68	263120
23-68	157430
23-68	261840
23-68	473940
23-68	329410
23-68	161800
23-68	223590
23-68	222830
23-68	474600
23-68	474260
23-69	166190
23-69	166810
23-69	280510
23-69	166020
23-69	387070
23-69	389630
23-69	164910
23-69	171880
23-69	113750
23-69	387180
23-70	012080
23-70	013440
23-70	273090
23-70	014820
23-70	011160
23-70	140410
23-70	012780
23-70	282230
23-70	167530
23-70	237220
23-71	004290
23-71	080280
23-71	01076300
23-71	004260
23-71	267440
23-71	066840
23-71	227440
23-71	181640
23-71	342150
23-71	016680
23-72	195610
23-72	116900
23-72	194040
23-72	194160
23-72	058380
23-72	234090
23-72	006090
23-72	007350
23-72	234550
23-72	01008650
23-73	207130
23-73	020320
23-73	205610
23-73	01015550
23-73	01017900
23-73	210900
23-73	206950
23-73	020280
23-73	129990
23-73	092400
23-74	284430
23-74	080540
23-74	017060
23-74	108400
23-74	003570
23-74	130460
23-74	193790
23-74	080290
23-74	036140
23-74	003500
23-75	166400
23-75	306130
23-75	307740
23-75	309610
23-75	01065140
23-75	306810
23-75	305780
23-75	01065240
23-75	305880
23-75	305640
23-76	161260
23-76	005930
23-76	038250
23-76	256750
23-76	001690
23-76	240930
23-76	038640
23-76	033610
23-76	053550
23-76	003250
23-77	400490
23-77	110060
23-77	228450
23-77	304930
23-77	314460
23-77	471520
23-77	186240
23-77	245280
23-77	328060
23-77	304710
23-78	017790
23-78	259090
23-78	000400
23-78	001130
23-78	154360
23-78	258550
23-78	262530
23-78	131790
23-78	254150
23-78	155340
23-79	005050
23-79	005060
23-79	194180
23-79	005850
23-79	004990
23-79	005720
23-79	195590
23-79	005730
23-79	019400
23-79	01003080
23-80	169850
23-80	208250
23-80	011500
23-80	204750
23-80	01035680
23-80	013150
23-80	009040
23-80	012320
23-80	012970
23-80	196970
23-81	010720
23-81	200750
23-81	200740
23-81	007010
23-81	011680
23-81	010690
23-81	202210
23-81	008700
23-81	139580
23-81	009240
23-82	013930
23-82	01002350
23-82	173800
23-82	008540
23-82	014630
23-82	015110
23-82	015240
23-82	125100
23-82	006740
23-82	013540
23-83	017370
23-83	001050
23-83	257690
23-83	395120
23-83	017410
23-83	396190
23-83	357160
23-83	01007560
23-83	386870
23-83	220560
23-84	023170
23-84	023330
23-84	027060
23-84	068060
23-84	108780
23-84	035750
23-84	337190
23-84	01007650
23-84	084190
23-84	343430
23-85	024280
23-85	023050
23-85	022260
23-85	025120
23-85	023250
23-85	01010270
23-85	01010190
23-85	023020
23-85	023290
23-85	023650
23-86	045880
23-86	050350
23-86	158150
23-86	263020
23-86	042540
23-86	049610
23-86	239500
23-86	160340
23-86	342770
23-86	01040770
23-87	054310
23-87	054950
23-87	001200
23-87	054700
23-87	494820
23-87	054800
23-87	254610
23-87	054970
23-87	054510
23-87	025840
23-88	060390
23-88	059450
23-88	381560
23-88	061950
23-88	505470
23-88	333040
23-88	161980
23-88	061370
23-88	505850
23-88	449110
23-89	075370
23-89	072850
23-89	073180
23-89	070610
23-89	069320
23-89	074500
23-89	502010
23-89	069660
23-89	071720
23-89	437190
23-90	326110
23-90	402830
23-90	166740
23-90	269910
23-90	439970
23-90	114810
23-90	280500
23-90	442390
23-90	440660
23-90	440290
23-91	127190
23-91	375240
23-91	286610
23-91	01060350
23-91	127150
23-91	516920
23-91	153120
23-91	084510
23-91	488420
23-91	326800
23-92	129250
23-92	127130
23-92	518510
23-92	124620
23-92	544520
23-92	124480
23-92	125570
23-92	119450
23-92	217460
23-92	264510
23-93	135760
23-93	136770
23-93	092300
23-93	135790
23-93	01029480
23-93	267880
23-93	471640
23-93	01102120
23-93	138260
23-93	093340
23-94	137180
23-94	200740
23-94	141940
23-94	139580
23-94	058990
23-94	143250
23-94	136030
23-94	168900
23-94	145690
23-94	142690
24-1	169850
24-1	01035680
24-1	281750
24-1	174570
24-1	01043140
24-1	169780
24-1	166480
24-1	170020
24-1	174330
24-1	01046670
24-2	175050
24-2	180870
24-2	01044340
24-2	01046990
24-2	173790
24-2	173170
24-2	176440
24-2	174300
24-2	176990
24-2	136210
24-3	373410
24-3	185330
24-3	100360
24-3	335890
24-3	217480
24-3	363560
24-3	233920
24-3	488680
24-3	375570
24-3	417270
24-4	066840
24-4	066920
24-4	004290
24-4	227440
24-4	004260
24-4	066870
24-4	109230
24-4	080280
24-4	212430
24-4	080920
24-5	003850
24-5	254430
24-5	229520
24-5	324920
24-5	374750
24-5	185160
24-5	373460
24-5	356720
24-5	433230
24-5	000080
24-6	01063770
24-6	412920
24-6	069660
24-6	268950
24-6	268700
24-6	189560
24-6	324040
24-6	268470
24-6	268540
24-6	325130
24-7	395810
24-7	270630
24-7	072410
24-7	271770
24-7	270620
24-7	271280
24-7	376360
24-7	071820
24-7	269970
24-7	268540
24-8	306810
24-8	310360
24-8	305800
24-8	306410
24-8	306190
24-8	306920
24-8	305880
24-8	309610
24-8	104280
24-8	305610
24-9	259590
24-9	082360
24-9	088360
24-9	034110
24-9	035150
24-9	547000
24-9	01009400
24-9	335910
24-9	034180
24-9	395590
24-10	326800
24-10	326990
24-10	106030
24-10	332540
24-10	132430
24-10	132170
24-10	087780
24-10	260990
24-10	132180
24-10	035080
24-11	259600
24-11	01009310
24-11	154720
24-11	01009240
24-11	395570
24-11	337010
24-11	154620
24-11	415730
24-11	020860
24-11	108470
24-12	406560
24-12	437190
24-12	404100
24-12	408760
24-12	334050
24-12	461930
24-12	408610
24-12	402470
24-12	061060
24-12	408720
24-13	337060
24-13	330410
24-13	260020
24-13	243300
24-13	159460
24-13	261890
24-13	347030
24-13	01039860
24-13	262640
24-13	263910
24-14	431990
24-14	432120
24-14	109070
24-14	01088060
24-14	432390
24-14	002860
24-14	185490
24-14	397850
24-14	324830
24-14	01011830
24-15	442590
24-15	01032950
24-15	277970
24-15	445890
24-15	443300
24-15	441630
24-15	443870
24-15	143790
24-15	443670
24-15	438760
24-16	01048790
24-16	196620
24-16	404300
24-16	198890
24-16	197460
24-16	392780
24-16	01094730
24-16	031960
24-16	121290
24-16	195840
24-17	01062960
24-17	473060
24-17	329620
24-17	472980
24-17	265540
24-17	261270
24-17	262780
24-17	01075270
24-17	273600
24-17	01095860
24-18	324970
24-18	501860
24-18	491300
24-18	491190
24-18	288670
24-18	491320
24-18	076560
24-18	416450
24-18	271770
24-18	491520
24-19	416450
24-19	416760
24-19	017180
24-19	086870
24-19	419060
24-19	417680
24-19	087180
24-19	315610
24-19	416700
24-19	417870
24-20	321610
24-20	126650
24-20	060790
24-20	137760
24-20	230670
24-20	057370
24-20	153300
24-20	257230
24-20	142830
24-20	538230
24-21	015500
24-21	098760
24-21	003150
24-21	015540
24-21	01006520
24-21	020620
24-21	015810
24-21	342470
24-21	031310
24-21	003490
24-22	087530
24-22	034480
24-22	163990
24-22	161260
24-22	437400
24-22	437360
24-22	033610
24-22	039770
24-22	105350
24-22	034180
24-23	107210
24-23	107440
24-23	116960
24-23	489070
24-23	377090
24-23	296170
24-23	107230
24-23	097490
24-23	064760
24-23	035260
24-24	104000
24-24	022070
24-24	519900
24-24	01000010
24-24	491130
24-24	022570
24-24	004700
24-24	387870
24-24	098680
24-24	343820
24-25	110270
24-25	260060
24-25	327840
24-25	401400
24-25	01008690
24-25	039640
24-25	438320
24-25	01038300
24-25	195550
24-25	233660
24-26	200190
24-26	216210
24-26	203150
24-26	131060
24-26	216630
24-26	019960
24-26	474130
24-26	196260
24-26	171310
24-26	009960
24-27	491610
24-27	201680
24-27	492510
24-27	197480
24-27	376680
24-27	494300
24-27	492280
24-27	119220
24-27	173480
24-27	442660
24-28	233540
24-28	343660
24-28	104020
24-28	005590
24-28	287820
24-28	152780
24-28	001170
24-28	387760
24-28	146580
24-28	080250
24-29	058160
24-29	197690
24-29	008110
24-29	280770
24-29	006760
24-29	008400
24-29	058320
24-29	119020
24-29	239280
24-29	056950
24-30	306180
24-30	305260
24-30	305640
24-30	01071740
24-30	305040
24-30	304750
24-30	305710
24-30	305110
24-30	310440
24-30	305510
24-31	416380
24-31	254340
24-31	374690
24-31	511670
24-31	090920
24-31	375410
24-31	430790
24-31	326860
24-31	244110
24-31	340080
24-32	081170
24-32	080980
24-32	01014980
24-32	01014960
24-32	259340
24-32	399890
24-32	155520
24-32	529440
24-32	402190
24-32	155140
24-33	408790
24-33	408810
24-33	406000
24-33	405640
24-33	01093310
24-33	403520
24-33	405860
24-33	409460
24-33	404120
24-33	408200
24-34	328600
24-34	472110
24-34	402220
24-34	474600
24-34	499740
24-34	041670
24-34	417990
24-34	01041890
24-34	01095410
24-34	424700
24-35	001550
24-35	132650
24-35	103690
24-35	221450
24-35	103700
24-35	243770
24-35	322730
24-35	031320
24-35	064570
24-35	224260
24-36	011370
24-36	013300
24-36	01003390
24-36	008940
24-36	009820
24-36	010350
24-36	120990
24-36	007100
24-36	013050
24-36	008360
24-37	154400
24-37	155520
24-37	055780
24-37	289290
24-37	038140
24-37	162830
24-37	099640
24-37	031490
24-37	038130
24-37	000050
24-38	037990
24-38	195310
24-38	038260
24-38	037680
24-38	155960
24-38	039400
24-38	154950
24-38	040250
24-38	042910
24-38	038000
24-39	054190
24-39	054800
24-39	053470
24-39	054740
24-39	053880
24-39	054520
24-39	053630
24-39	037510
24-39	360540
24-39	315310
24-40	070660
24-40	288030
24-40	374820
24-40	070380
24-40	070250
24-40	498920
24-40	074350
24-40	071090
24-40	499030
24-40	070010
24-41	038070
24-41	005690
24-41	194610
24-41	017930
24-41	003390
24-41	005500
24-41	079380
24-41	033030
24-41	315140
24-41	000620
24-42	006250
24-42	037540
24-42	194260
24-42	086700
24-42	098670
24-42	000040
24-42	342210
24-42	315770
24-42	01008490
24-42	030110
24-43	105210
24-43	106630
24-43	105530
24-43	105380
24-43	105870
24-43	01027510
24-43	034660
24-43	353230
24-43	248660
24-43	107590
24-44	005500
24-44	256750
24-44	194610
24-44	110370
24-44	110600
24-44	005690
24-44	134100
24-44	161130
24-44	165540
24-44	438020
24-45	131800
24-45	098830
24-45	192580
24-45	371580
24-45	033510
24-45	01027510
24-45	131790
24-45	033570
24-45	01012830
24-45	000870
24-46	400600
24-46	147100
24-46	163870
24-46	036330
24-46	153440
24-46	388300
24-46	147520
24-46	338400
24-46	146750
24-46	01092020
24-47	275620
24-47	314330
24-47	01065140
24-47	275610
24-47	167600
24-47	166400
24-47	301770
24-47	390620
24-47	170140
24-47	279740
24-48	201270
24-48	171020
24-48	033230
24-48	198890
24-48	090080
24-48	236810
24-48	319950
24-48	198950
24-48	190530
24-48	415910
24-49	229180
24-49	256750
24-49	005500
24-49	194610
24-49	005690
24-49	387150
24-49	161130
24-49	134100
24-49	228420
24-49	007280
24-50	171020
24-50	201270
24-50	116470
24-50	236810
24-50	302210
24-50	099590
24-50	190730
24-50	01045910
24-50	017790
24-50	142830
24-51	390620
24-51	022430
24-51	393170
24-51	389620
24-51	387830
24-51	277000
24-51	391140
24-51	389970
24-51	389900
24-51	388820
24-52	326850
24-52	329730
24-52	223150
24-52	330390
24-52	329830
24-52	437390
24-52	326890
24-52	471480
24-52	161600
24-52	329150
24-53	089800
24-53	399980
24-53	456400
24-53	023250
24-53	492190
24-53	491160
24-53	401650
24-53	402400
24-53	161900
24-53	401790
24-54	354130
24-54	355800
24-54	355890
24-54	349570
24-54	346660
24-54	353970
24-54	068050
24-54	357130
24-54	202520
24-54	023620
24-55	371630
24-55	01082630
24-55	01082610
24-55	104570
24-55	01082640
24-55	01082660
24-55	01082800
24-55	263330
24-55	01082740
24-55	234840
24-56	402360
24-56	400490
24-56	403670
24-56	028190
24-56	407040
24-56	403350
24-56	402960
24-56	401310
24-56	403620
24-56	01085160
24-57	427350
24-57	426230
24-57	423520
24-57	426510
24-57	425500
24-57	427510
24-57	428840
24-57	428610
24-57	531620
24-57	428070
24-58	457040
24-58	457210
24-58	456100
24-58	459680
24-58	457340
24-58	01093500
24-58	457770
24-58	456040
24-58	401360
24-58	275620
24-59	476070
24-59	476010
24-59	132430
24-59	326800
24-59	132480
24-59	132420
24-59	087760
24-59	132140
24-59	034610
24-59	01000990
24-60	494820
24-60	494580
24-60	494770
24-60	494780
24-60	494760
24-60	491250
24-60	495150
24-60	492480
24-60	492180
24-60	493000
24-61	268720
24-61	350970
24-61	546370
24-61	268890
24-61	546360
24-61	348950
24-61	499690
24-61	269980
24-61	069250
24-61	346210
24-62	003060
24-62	098640
24-62	003110
24-62	01000050
24-62	000290
24-62	000170
24-62	01001180
24-62	000300
24-62	000370
24-62	085830
24-63	003200
24-63	185720
24-63	01001160
24-63	01001140
24-63	098770
24-63	098640
24-63	000160
24-63	003170
24-63	085690
24-63	000170
24-64	005280
24-64	01031450
24-64	007750
24-64	006040
24-64	005830
24-64	117110
24-64	268540
24-64	375330
24-64	498470
24-64	007010
24-65	031320
24-65	103690
24-65	065150
24-65	001550
24-65	168030
24-65	000080
24-65	233630
24-65	103700
24-65	103680
24-65	224260
24-66	038930
24-66	038920
24-66	067860
24-66	023940
24-66	155010
24-66	343110
24-66	344700
24-66	017190
24-66	157160
24-66	109700
24-67	040700
24-67	221500
24-67	018210
24-67	038460
24-67	345740
24-67	000090
24-67	326780
24-67	326490
24-67	154360
24-67	351060
24-68	070220
24-68	073910
24-68	070630
24-68	072770
24-68	069590
24-68	070120
24-68	069820
24-68	070440
24-68	072080
24-68	075880
24-69	114200
24-69	114510
24-69	114130
24-69	114220
24-69	120420
24-69	01030800
24-69	005450
24-69	011580
24-69	013150
24-69	113940
24-70	115140
24-70	114890
24-70	115360
24-70	114760
24-70	387450
24-70	165750
24-70	387150
24-70	282800
24-70	161120
24-70	151880
24-71	01031670
24-71	235420
24-71	225340
24-71	117830
24-71	136230
24-71	459170
24-71	302200
24-71	167660
24-71	122600
24-71	121560
24-72	235420
24-72	167660
24-72	176680
24-72	01031670
24-72	175030
24-72	302200
24-72	173280
24-72	172480
24-72	170080
24-72	174260
24-73	173360
24-73	177410
24-73	127690
24-73	140280
24-73	175200
24-73	143700
24-73	207320
24-73	135880
24-73	123760
24-73	170600
24-74	236810
24-74	090080
24-74	201270
24-74	234570
24-74	171020
24-74	116470
24-74	268830
24-74	01045910
24-74	190730
24-74	01058630
24-75	01062480
24-75	157460
24-75	099320
24-75	017450
24-75	270950
24-75	353530
24-75	01012060
24-75	003720
24-75	348920
24-75	245970
24-76	403360
24-76	403800
24-76	459170
24-76	043680
24-76	401040
24-76	404030
24-76	072600
24-76	329680
24-76	408970
24-76	402330
24-77	403880
24-77	403070
24-77	184630
24-77	404430
24-77	224690
24-77	400490
24-77	543440
24-77	401780
24-77	404320
24-77	409720
24-78	407500
24-78	063200
24-78	407300
24-78	409070
24-78	410480
24-78	407030
24-78	408670
24-78	409240
24-78	410030
24-78	01085740
24-79	451810
24-79	453210
24-79	451510
24-79	451900
24-79	452360
24-79	451420
24-79	453030
24-79	451640
24-79	241750
24-79	452100
24-80	002040
24-80	029080
24-80	029090
24-80	032230
24-80	002170
24-80	002130
24-80	341560
24-80	035810
24-80	001990
24-80	266590
24-81	522420
24-81	520860
24-81	520550
24-81	522690
24-81	523090
24-81	490170
24-81	331020
24-81	522780
24-81	277750
24-81	432770
24-82	003610
24-82	150850
24-82	003540
24-82	146580
24-82	080270
24-82	035740
24-82	146610
24-82	146590
24-82	323860
24-82	01036470
24-83	194100
24-83	007710
24-83	196470
24-83	01003490
24-83	133570
24-83	006830
24-83	269980
24-83	01002870
24-83	166680
24-83	165790
24-84	267510
24-84	008400
24-84	007590
24-84	009570
24-84	010630
24-84	087160
24-84	008280
24-84	007870
24-84	010970
24-84	058320
24-85	009110
24-85	214720
24-85	010780
24-85	197990
24-85	215110
24-85	225260
24-85	010830
24-85	122560
24-85	008990
24-85	008980
24-86	349800
24-86	120960
24-86	203380
24-86	351510
24-86	01005260
24-86	172300
24-86	350880
24-86	195590
24-86	009930
24-86	010140
24-87	015670
24-87	015660
24-87	015810
24-87	01006680
24-87	01006550
24-87	01006530
24-87	055650
24-87	015950
24-87	064660
24-87	01009250
24-88	016980
24-88	016930
24-88	016950
24-88	016960
24-88	016690
24-88	345950
24-88	347240
24-88	001420
24-88	003080
24-88	035410
24-89	056550
24-89	004340
24-89	116300
24-89	026730
24-89	040110
24-89	491090
24-89	026670
24-89	059040
24-89	055630
24-89	022080
24-90	027250
24-90	026790
24-90	027090
24-90	027360
24-90	016110
24-90	01011380
24-90	026870
24-90	029040
24-90	027100
24-90	01010890
24-91	029020
24-91	029050
24-91	028990
24-91	028960
24-91	037580
24-91	029280
24-91	029010
24-91	029390
24-91	029110
24-91	029000
24-92	034410
24-92	034320
24-92	034110
24-92	034260
24-92	01000990
24-92	034120
24-92	087510
24-92	034270
24-92	034180
24-92	01012830
24-93	154320
24-93	053440
24-93	336710
24-93	336730
24-93	053530
24-93	053520
24-93	053540
24-93	053720
24-93	053570
24-93	017760
24-94	038250
24-94	467810
24-94	360540
24-94	043690
24-94	470640
24-94	038180
24-94	395010
24-94	001690
24-94	469330
24-94	054800
25-1	038220
25-1	105380
25-1	260370
25-1	01000910
25-1	151780
25-1	161340
25-1	327790
25-1	259190
25-1	291690
25-1	116630
25-2	044890
25-2	158510
25-2	153480
25-2	040720
25-2	049730
25-2	046530
25-2	044190
25-2	047450
25-2	047040
25-2	046810
25-3	133760
25-3	224560
25-3	056290
25-3	456860
25-3	164460
25-3	162520
25-3	224830
25-3	134570
25-3	133310
25-3	163280
25-4	119080
25-4	057690
25-4	01003550
25-4	324670
25-4	060880
25-4	059600
25-4	339520
25-4	059960
25-4	063340
25-4	167400
25-5	069400
25-5	069320
25-5	069450
25-5	069270
25-5	069950
25-5	455970
25-5	162690
25-5	071200
25-5	069980
25-5	069310
25-6	078880
25-6	274940
25-6	132660
25-6	004380
25-6	162370
25-6	279340
25-6	020610
25-6	233660
25-6	001110
25-6	002340
25-7	079070
25-7	150900
25-7	031590
25-7	01021980
25-7	065190
25-7	322270
25-7	038010
25-7	003860
25-7	099890
25-7	031780
25-8	080560
25-8	081320
25-8	080350
25-8	003130
25-8	035640
25-8	055790
25-8	080670
25-8	080230
25-8	067190
25-8	116710
25-9	098630
25-9	233630
25-9	233610
25-9	098650
25-9	184520
25-9	112770
25-9	000020
25-9	000080
25-9	233640
25-9	000430
25-10	098720
25-10	185760
25-10	162560
25-10	002710
25-10	491090
25-10	279150
25-10	163200
25-10	132700
25-10	233890
25-10	026730
25-11	099260
25-11	01012430
25-11	348110
25-11	259340
25-11	200290
25-11	406130
25-11	344700
25-11	344010
25-11	342290
25-11	342910
25-12	103830
25-12	081370
25-12	349380
25-12	056940
25-12	350180
25-12	349780
25-12	081930
25-12	351470
25-12	346260
25-12	081100
25-13	003480
25-13	104400
25-13	263330
25-13	105260
25-13	130090
25-13	153490
25-13	372710
25-13	104440
25-13	216630
25-13	104970
25-14	104980
25-14	068030
25-14	250270
25-14	437400
25-14	106330
25-14	213870
25-14	106190
25-14	395120
25-14	105200
25-14	285090
25-15	01001530
25-15	087430
25-15	105740
25-15	106010
25-15	105710
25-15	104530
25-15	104490
25-15	305070
25-15	326070
25-15	106880
25-16	109790
25-16	109750
25-16	01013140
25-16	511410
25-16	000470
25-16	236450
25-16	01013130
25-16	005300
25-16	519990
25-16	110120
25-17	01031450
25-17	000530
25-17	301000
25-17	166380
25-17	117010
25-17	01031600
25-17	117860
25-17	01035290
25-17	120030
25-17	01031910
25-18	118670
25-18	173590
25-18	01050430
25-18	126390
25-18	120070
25-18	127350
25-18	200630
25-18	124920
25-18	123030
25-18	198860
25-19	133760
25-19	224560
25-19	134570
25-19	133310
25-19	163280
25-19	164460
25-19	224830
25-19	134380
25-19	300370
25-19	01043010
25-20	117710
25-20	118600
25-20	195040
25-20	007160
25-20	113790
25-20	135310
25-20	01054530
25-20	165550
25-20	022510
25-20	090390
25-21	169410
25-21	172300
25-21	172650
25-21	178720
25-21	138880
25-21	180670
25-21	101220
25-21	118130
25-21	200590
25-21	144740
25-22	01002710
25-22	058030
25-22	146750
25-22	129970
25-22	255510
25-22	129980
25-22	130330
25-22	133570
25-22	212940
25-22	130060
25-23	224690
25-23	243860
25-23	093340
25-23	154970
25-23	135830
25-23	226920
25-23	132340
25-23	155450
25-23	225500
25-23	326100
25-24	156320
25-24	258850
25-24	01006820
25-24	335920
25-24	015730
25-24	000740
25-24	327490
25-24	254320
25-24	01006670
25-24	317530
25-25	154850
25-25	213260
25-25	519840
25-25	038120
25-25	033600
25-25	195690
25-25	037590
25-25	166550
25-25	018160
25-25	352300
25-26	133760
25-26	163280
25-26	224560
25-26	01043010
25-26	300370
25-26	224830
25-26	388850
25-26	305000
25-26	166230
25-26	456860
25-27	165790
25-27	166680
25-27	389340
25-27	433280
25-27	166080
25-27	147100
25-27	01043140
25-27	168910
25-27	163870
25-27	165040
25-28	01046500
25-28	136650
25-28	135950
25-28	168700
25-28	136490
25-28	173430
25-28	168240
25-28	164790
25-28	091960
25-28	171540
25-29	140900
25-29	323370
25-29	282380
25-29	168790
25-29	175310
25-29	303210
25-29	170140
25-29	138530
25-29	01032950
25-29	175700
25-30	212600
25-30	247100
25-30	193980
25-30	234110
25-30	01030420
25-30	193360
25-30	234680
25-30	01048390
25-30	117130
25-30	004630
25-31	057990
25-31	057950
25-31	214180
25-31	064570
25-31	437770
25-31	236120
25-31	196620
25-31	168450
25-31	196910
25-31	376350
25-32	197350
25-32	197360
25-32	01049150
25-32	235140
25-32	198440
25-32	438210
25-32	438980
25-32	438770
25-32	440990
25-32	267600
25-33	204180
25-33	204600
25-33	188420
25-33	139160
25-33	444260
25-33	01051770
25-33	208020
25-33	013510
25-33	200740
25-33	201560
25-34	205810
25-34	202540
25-34	362680
25-34	207070
25-34	173440
25-34	237690
25-34	124180
25-34	207740
25-34	356900
25-34	237840
25-35	478790
25-35	243640
25-35	103690
25-35	109840
25-35	319620
25-35	132650
25-35	478700
25-35	224280
25-35	053880
25-35	110540
25-36	336380
25-36	316990
25-36	233920
25-36	234790
25-36	087880
25-36	056850
25-36	315960
25-36	056530
25-36	346390
25-36	058100
25-37	329540
25-37	270600
25-37	402860
25-37	229330
25-37	071920
25-37	273450
25-37	272670
25-37	156840
25-37	040810
25-37	042110
25-38	175310
25-38	01067680
25-38	282020
25-38	226190
25-38	173170
25-38	282330
25-38	01017770
25-38	282710
25-38	435300
25-38	283710
25-39	059610
25-39	179890
25-39	204840
25-39	512210
25-39	125460
25-39	005370
25-39	125100
25-39	059920
25-39	01033030
25-39	145570
25-40	304490
25-40	304330
25-40	304910
25-40	305040
25-40	304350
25-40	275280
25-40	01071330
25-40	304500
25-40	432100
25-40	305860
25-41	305600
25-41	306180
25-41	305640
25-41	306800
25-41	305000
25-41	305260
25-41	305710
25-41	306130
25-41	307230
25-41	305650
25-42	304750
25-42	305360
25-42	01071740
25-42	488670
25-42	306350
25-42	165790
25-42	306580
25-42	305090
25-42	433280
25-42	01071390
25-43	307780
25-43	307530
25-43	308070
25-43	309880
25-43	306520
25-43	308760
25-43	309760
25-43	305210
25-43	306260
25-43	309550
25-44	323090
25-44	323140
25-44	135650
25-44	323080
25-44	432470
25-44	01057860
25-44	279900
25-44	01078150
25-44	283020
25-44	01002820
25-45	079070
25-45	322270
25-45	348990
25-45	213240
25-45	322240
25-45	080340
25-45	322260
25-45	343440
25-45	003000
25-45	099890
25-46	326780
25-46	258960
25-46	504890
25-46	01097010
25-46	490980
25-46	301480
25-46	221550
25-46	082070
25-46	169700
25-46	189600
25-47	329810
25-47	327130
25-47	326660
25-47	416070
25-47	331110
25-47	056590
25-47	327700
25-47	499360
25-47	328650
25-47	259840
25-48	01075270
25-48	332790
25-48	333020
25-48	330470
25-48	327800
25-48	222770
25-48	327860
25-48	259850
25-48	330790
25-48	332260
25-49	488420
25-49	432620
25-49	516920
25-49	101170
25-49	352380
25-49	349570
25-49	064940
25-49	416340
25-49	112190
25-49	084510
25-50	339190
25-50	053550
25-50	430720
25-50	245110
25-50	374470
25-50	339280
25-50	090920
25-50	511310
25-50	339350
25-50	431040
25-51	347840
25-51	345430
25-51	01076510
25-51	346980
25-51	347120
25-51	343340
25-51	01021690
25-51	344510
25-51	351020
25-51	346870
25-52	037540
25-52	275100
25-52	113630
25-52	114000
25-52	163720
25-52	103720
25-52	01083480
25-52	388290
25-52	113590
25-52	279690
25-53	387150
25-53	387650
25-53	433210
25-53	387300
25-53	375350
25-53	387510
25-53	398370
25-53	387280
25-53	387340
25-53	387390
25-54	406920
25-54	407500
25-54	407490
25-54	406600
25-54	408670
25-54	323370
25-54	216970
25-54	406610
25-54	410530
25-54	332700
25-55	415840
25-55	416210
25-55	416040
25-55	327110
25-55	416530
25-55	098830
25-55	041850
25-55	416200
25-55	288180
25-55	328040
25-56	418350
25-56	406920
25-56	331720
25-56	331250
25-56	332700
25-56	333790
25-56	073690
25-56	075210
25-56	418460
25-56	222940
25-57	447700
25-57	065930
25-57	446500
25-57	446490
25-57	448410
25-57	446300
25-57	446320
25-57	447290
25-57	338660
25-57	446210
25-58	452580
25-58	451510
25-58	451710
25-58	453000
25-58	092440
25-58	451890
25-58	452750
25-58	451400
25-58	453510
25-58	483830
25-59	01092400
25-59	306040
25-59	457730
25-59	457340
25-59	459490
25-59	01093310
25-59	01071710
25-59	460260
25-59	457820
25-59	301190
25-60	269860
25-60	268550
25-60	244060
25-60	272020
25-60	244400
25-60	269660
25-60	272150
25-60	269390
25-60	01071710
25-60	269100
25-61	457090
25-61	459760
25-61	462300
25-61	457370
25-61	424900
25-61	459150
25-61	307780
25-61	458010
25-61	460950
25-61	455870
25-62	468470
25-62	469650
25-62	468510
25-62	470590
25-62	468740
25-62	468150
25-62	469900
25-62	469390
25-62	470700
25-62	468390
25-63	472620
25-63	472650
25-63	472040
25-63	425010
25-63	01072140
25-63	328380
25-63	161590
25-63	458500
25-63	242920
25-63	306630
25-64	491090
25-64	061100
25-64	059880
25-64	237080
25-64	491000
25-64	269780
25-64	060050
25-64	132140
25-64	491050
25-64	131970
25-65	504890
25-65	244700
25-65	156050
25-65	260110
25-65	156690
25-65	194720
25-65	245160
25-65	279300
25-65	01070610
25-65	159180
25-66	003830
25-66	513270
25-66	513280
25-66	003750
25-66	352690
25-66	017450
25-66	01062480
25-66	043590
25-66	003760
25-66	082320
25-67	535400
25-67	532670
25-67	529290
25-67	530050
25-67	529940
25-67	534640
25-67	194920
25-67	537630
25-67	528890
25-67	530920
25-68	01009970
25-68	023980
25-68	021850
25-68	023480
25-68	022000
25-68	022700
25-68	026230
25-68	026080
25-68	01009700
25-68	412770
25-69	01010500
25-69	027190
25-69	01010940
25-69	01010440
25-69	027250
25-69	067490
25-69	017810
25-69	027630
25-69	01010550
25-69	026790
25-70	037780
25-70	037950
25-70	100290
25-70	001130
25-70	040730
25-70	155130
25-70	039240
25-70	336180
25-70	001610
25-70	01062390
25-71	158580
25-71	158050
25-71	158120
25-71	038770
25-71	040660
25-71	338050
25-71	01003410
25-71	258570
25-71	038460
25-71	01002330
25-72	200540
25-72	063790
25-72	035160
25-72	034110
25-72	160480
25-72	060770
25-72	033690
25-72	01012180
25-72	163990
25-72	174540
25-73	123030
25-73	170150
25-73	171260
25-73	141870
25-73	141730
25-73	171700
25-73	138690
25-73	101640
25-73	144330
25-73	144310
25-74	200540
25-74	249980
25-74	441840
25-74	238890
25-74	441680
25-74	443810
25-74	238750
25-74	318020
25-74	445320
25-74	197600
25-75	003750
25-75	01001680
25-75	353070
25-75	003830
25-75	01079250
25-75	100290
25-75	01014960
25-75	513290
25-75	01001590
25-75	01001460
25-76	017240
25-76	436210
25-76	018930
25-76	155130
25-76	403030
25-76	003300
25-76	418660
25-76	041440
25-76	156540
25-76	401490
25-77	540390
25-77	540570
25-77	541090
25-77	319930
25-77	397620
25-77	080620
25-77	068870
25-77	251640
25-77	422290
25-77	01039360
25-78	254070
25-78	01006910
25-78	350250
25-78	01006690
25-78	064660
25-78	015730
25-78	000730
25-78	350290
25-78	287900
25-78	01006670
25-79	347220
25-79	152840
25-79	023740
25-79	022070
25-79	455760
25-79	022990
25-79	319930
25-79	029280
25-79	01029670
25-79	021510
25-80	039110
25-80	038140
25-80	039100
25-80	041440
25-80	154860
25-80	080840
25-80	038460
25-80	290060
25-80	01074100
25-80	098290
25-81	053870
25-81	053470
25-81	054800
25-81	054260
25-81	037510
25-81	054060
25-81	054090
25-81	088310
25-81	054660
25-81	154980
25-82	318840
25-82	188680
25-82	547150
25-82	148470
25-82	188590
25-82	399260
25-82	037180
25-82	282340
25-82	188570
25-82	01080100
25-83	452310
25-83	452610
25-83	452600
25-83	01100130
25-83	451820
25-83	452330
25-83	520970
25-83	452090
25-83	398890
25-83	398410
25-84	528500
25-84	529900
25-84	528370
25-84	381750
25-84	529110
25-84	530810
25-84	528890
25-84	528530
25-84	533110
25-84	528780
25-85	543430
25-85	053690
25-85	315870
25-85	030370
25-85	039350
25-85	216950
25-85	036510
25-85	514680
25-85	068030
25-85	337160
25-86	232420
25-86	231480
25-86	231050
25-86	143040
25-86	184180
25-86	176010
25-86	008320
25-86	231060
25-86	184350
25-86	143720
25-87	204330
25-87	443330
25-87	250840
25-87	125290
25-87	347840
25-87	211870
25-87	290570
25-87	439380
25-87	209620
25-87	205180
25-88	331380
25-88	263350
25-88	046160
25-88	331470
25-88	01041990
25-88	333310
25-88	330850
25-88	328240
25-88	262860
25-88	332400
25-89	241250
25-89	241820
25-89	323090
25-89	055760
25-89	410760
25-89	068900
25-89	242020
25-89	242220
25-89	241830
25-89	058620
25-90	118480
25-90	117510
25-90	347800
25-90	119570
25-90	348720
25-90	119750
25-90	119450
25-90	120680
25-90	119740
25-90	116670
25-91	122990
25-91	121450
25-91	138730
25-91	124380
25-91	127490
25-91	01033750
25-91	137060
25-91	121400
25-91	171120
25-91	128200
25-92	327110
25-92	326780
25-92	327100
25-92	221500
25-92	017790
25-92	098830
25-92	156010
25-92	017950
25-92	01056520
25-92	258950
25-93	006720
25-93	01005710
25-93	005400
25-93	136240
25-93	441860
25-93	117820
25-93	438350
25-93	196450
25-93	113770
25-93	440240
25-94	437650
25-94	437830
25-94	438540
25-94	437760
25-94	437820
25-94	437800
25-94	193440
25-94	439280
25-94	438730
25-94	440120
26-1	184510
26-1	423400
26-1	259420
26-1	327430
26-1	224300
26-1	345450
26-1	154440
26-1	055550
26-1	155210
26-1	373140
26-2	263110
26-2	331230
26-2	491030
26-2	154980
26-2	040680
26-2	332060
26-2	254700
26-2	491050
26-2	417210
26-2	494580
26-3	004420
26-3	038110
26-3	004720
26-3	004820
26-3	016660
26-3	01002200
26-3	004430
26-3	004490
26-3	004910
26-3	067330
26-4	053880
26-4	478670
26-4	260260
26-4	054800
26-4	053770
26-4	037510
26-4	053450
26-4	329630
26-4	451500
26-4	030570
26-5	056720
26-5	446110
26-5	134220
26-5	033070
26-5	118280
26-5	058840
26-5	308630
26-5	213340
26-5	446240
26-5	164870
26-6	063060
26-6	064490
26-6	286690
26-6	494000
26-6	536630
26-6	391030
26-6	195050
26-6	176610
26-6	535590
26-6	01044150
26-7	070630
26-7	073450
26-7	071090
26-7	074350
26-7	071380
26-7	187200
26-7	070900
26-7	069570
26-7	073250
26-7	072500
26-8	134900
26-8	166100
26-8	323020
26-8	235040
26-8	117850
26-8	117830
26-8	122540
26-8	117860
26-8	058240
26-8	116960
26-9	127870
26-9	063060
26-9	129690
26-9	129210
26-9	129910
26-9	129930
26-9	438570
26-9	01100080
26-9	441130
26-9	522630
26-10	155200
26-10	259030
26-10	156580
26-10	099830
26-10	504890
26-10	156240
26-10	156000
26-10	373840
26-10	038720
26-10	298220
26-11	030270
26-11	117310
26-11	336840
26-11	344070
26-11	189890
26-11	006710
26-11	198260
26-11	008220
26-11	197760
26-11	030370
26-12	134900
26-12	166100
26-12	166380
26-12	323020
26-12	235040
26-12	164650
26-12	168470
26-12	167340
26-12	391640
26-12	164910
26-13	138170
26-13	167770
26-13	137960
26-13	136310
26-13	389850
26-13	161130
26-13	006720
26-13	163640
26-13	168680
26-13	137040
26-14	197690
26-14	438640
26-14	439370
26-14	006760
26-14	196540
26-14	01088620
26-14	074860
26-14	198260
26-14	438370
26-14	121070
26-15	105120
26-15	247390
26-15	248170
26-15	251690
26-15	248380
26-15	006940
26-15	250270
26-15	105220
26-15	082870
26-15	104810
26-16	374470
26-16	308160
26-16	304800
26-16	377560
26-16	304550
26-16	452100
26-16	304530
26-16	164680
26-16	310200
26-16	307680
26-17	017790
26-17	258940
26-17	279670
26-17	067660
26-17	192550
26-17	154600
26-17	212920
26-17	154360
26-17	134660
26-17	346180
26-18	057970
26-18	517970
26-18	236270
26-18	236950
26-18	197250
26-18	518080
26-18	236350
26-18	121510
26-18	199530
26-18	196280
26-19	003230
26-19	056300
26-19	057820
26-19	01017260
26-19	039890
26-19	003270
26-19	01017600
26-19	01008300
26-19	328860
26-19	056940
26-20	004330
26-20	070840
26-20	006070
26-20	006880
26-20	005650
26-20	007190
26-20	007090
26-20	008100
26-20	005970
26-20	006830
26-21	036110
26-21	036100
26-21	01013290
26-21	01013780
26-21	067150
26-21	036090
26-21	222140
26-21	001270
26-21	018940
26-21	065130
26-22	043000
26-22	157270
26-22	046160
26-22	042470
26-22	040840
26-22	114510
26-22	052500
26-22	038880
26-22	198310
26-22	01008770
26-23	158670
26-23	096580
26-23	094860
26-23	095860
26-23	246540
26-23	094420
26-23	095500
26-23	092650
26-23	092730
26-23	090400
26-24	098710
26-24	098700
26-24	039260
26-24	345640
26-24	055660
26-24	342310
26-24	146610
26-24	000200
26-24	015560
26-24	055730
26-25	346390
26-25	01016550
26-25	342450
26-25	119510
26-25	347530
26-25	01021980
26-25	342260
26-25	103830
26-25	01079320
26-25	343110
26-26	150960
26-26	285430
26-26	347030
26-26	164920
26-26	165410
26-26	01013700
26-26	061030
26-26	404600
26-26	498110
26-26	169540
26-27	118150
26-27	234550
26-27	195380
26-27	194490
26-27	234300
26-27	197840
26-27	186370
26-27	037050
26-27	251120
26-27	248020
26-28	237260
26-28	059250
26-28	063780
26-28	158670
26-28	104900
26-28	272410
26-28	058400
26-28	01076500
26-28	239060
26-28	01059640
26-29	01063570
26-29	269820
26-29	272180
26-29	268750
26-29	269000
26-29	269940
26-29	269750
26-29	269020
26-29	270460
26-29	268790
26-30	400830
26-30	400860
26-30	401620
26-30	457100
26-30	400850
26-30	400160
26-30	402350
26-30	401290
26-30	01064570
26-30	401280
26-31	01093650
26-31	458950
26-31	462090
26-31	462700
26-31	457400
26-31	461060
26-31	462080
26-31	457970
26-31	01093500
26-31	457330
26-32	219280
26-32	225910
26-32	376170
26-32	271070
26-32	071930
26-32	081310
26-32	507230
26-32	138800
26-32	080900
26-32	267450
26-33	056280
26-33	056390
26-33	184640
26-33	000140
26-33	085120
26-33	056260
26-33	117860
26-33	056670
26-33	005830
26-33	056680
26-34	104530
26-34	538930
26-34	538920
26-34	541970
26-34	104960
26-34	105000
26-34	104900
26-34	033980
26-34	105190
26-34	107070
26-35	117990
26-35	136640
26-35	197360
26-35	120220
26-35	195530
26-35	114500
26-35	134220
26-35	267890
26-35	178720
26-35	01003090
26-36	099450
26-36	012600
26-36	013450
26-36	011500
26-36	011270
26-36	008440
26-36	007710
26-36	019950
26-36	013150
26-36	008850
26-37	01003150
26-37	011800
26-37	005640
26-37	011230
26-37	005980
26-37	204990
26-37	441280
26-37	440860
26-37	006540
26-37	044200
26-38	000480
26-38	478680
26-38	01013860
26-38	000650
26-38	483090
26-38	018050
26-38	038840
26-38	000840
26-38	233670
26-38	451380
26-39	158020
26-39	019090
26-39	216580
26-39	044550
26-39	046280
26-39	009270
26-39	027860
26-39	157420
26-39	155380
26-39	132320
26-40	01014150
26-40	130890
26-40	130660
26-40	404520
26-40	130520
26-40	148110
26-40	345340
26-40	130380
26-40	362970
26-40	363620
26-41	061130
26-41	293470
26-41	480280
26-41	286220
26-41	094470
26-41	046320
26-41	288380
26-41	349660
26-41	002910
26-41	293240
26-42	070320
26-42	352940
26-42	094080
26-42	243780
26-42	081430
26-42	269540
26-42	071570
26-42	261590
26-42	355830
26-42	318240
26-43	01021980
26-43	081370
26-43	081650
26-43	01022390
26-43	103830
26-43	01016550
26-43	343110
26-43	153310
26-43	088880
26-43	343370
26-44	113010
26-44	113110
26-44	01073390
26-44	412540
26-44	527370
26-44	095070
26-44	133950
26-44	279190
26-44	413240
26-44	099600
26-45	01000500
26-45	01000110
26-45	132630
26-45	152770
26-45	000200
26-45	001470
26-45	01034530
26-45	019580
26-45	017380
26-45	373750
26-46	138140
26-46	137810
26-46	01044800
26-46	134600
26-46	169030
26-46	168460
26-46	122650
26-46	446710
26-46	133990
26-46	137160
26-47	224420
26-47	131270
26-47	130770
26-47	130760
26-47	01034740
26-47	182950
26-47	01080100
26-47	241390
26-47	352420
26-47	061470
26-48	018420
26-48	138220
26-48	217110
26-48	064780
26-48	171890
26-48	288490
26-48	185510
26-48	103800
26-48	185300
26-48	185290
26-49	200060
26-49	01004620
26-49	442070
26-49	441850
26-49	199600
26-49	290070
26-49	079810
26-49	250760
26-49	237610
26-49	219930
26-50	067290
26-50	212860
26-50	212560
26-50	155130
26-50	294010
26-50	098180
26-50	01001360
26-50	004780
26-50	114130
26-50	213260
26-51	322730
26-51	01024240
26-51	162620
26-51	039250
26-51	455250
26-51	193780
26-51	162670
26-51	069970
26-51	322720
26-51	001550
26-52	034100
26-52	087540
26-52	087380
26-52	01027510
26-52	033570
26-52	034050
26-52	087340
26-52	033940
26-52	088360
26-52	033680
26-53	327280
26-53	01011820
26-53	155320
26-53	268960
26-53	271550
26-53	259130
26-53	271180
26-53	056630
26-53	329420
26-53	116990
26-54	043830
26-54	273390
26-54	273030
26-54	273640
26-54	108770
26-54	165120
26-54	017240
26-54	331470
26-54	099320
26-54	269870
26-55	067510
26-55	276350
26-55	276220
26-55	172220
26-55	067190
26-55	236780
26-55	066990
26-55	168860
26-55	236220
26-55	079230
26-56	151020
26-56	344530
26-56	150960
26-56	150890
26-56	351550
26-56	345760
26-56	290200
26-56	150910
26-56	01068630
26-56	343950
26-57	307990
26-57	305550
26-57	305880
26-57	305810
26-57	308830
26-57	306160
26-57	305820
26-57	307700
26-57	275280
26-57	277750
26-58	01078810
26-58	350860
26-58	349440
26-58	01077340
26-58	349820
26-58	350100
26-58	344400
26-58	351580
26-58	01078610
26-58	346570
26-59	404520
26-59	148110
26-59	268890
26-59	131270
26-59	130410
26-59	131100
26-59	130100
26-59	131370
26-59	130480
26-59	130700
26-60	131100
26-60	01097780
26-60	448810
26-60	411620
26-60	529750
26-60	488560
26-60	131140
26-60	452280
26-60	397240
26-60	544040
26-61	159090
26-61	473370
26-61	474270
26-61	329420
26-61	264150
26-61	161800
26-61	222710
26-61	01040060
26-61	01055320
26-61	417600
26-62	023910
26-62	024290
26-62	359400
26-62	024260
26-62	026080
26-62	354310
26-62	363960
26-62	023820
26-62	024910
26-62	024080
26-63	113950
26-63	133490
26-63	163030
26-63	055730
26-63	118240
26-63	132910
26-63	116830
26-63	132860
26-63	387900
26-63	055720
26-64	162850
26-64	166730
26-64	134660
26-64	301620
26-64	162860
26-64	165760
26-64	132760
26-64	164460
26-64	225700
26-64	01002370
26-65	316150
26-65	109170
26-65	109140
26-65	479310
26-65	317050
26-65	109160
26-65	003150
26-65	01090910
26-65	481010
26-65	157850
26-66	326450
26-66	326640
26-66	415830
26-66	416700
26-66	227610
26-66	415900
26-66	133040
26-66	323900
26-66	402610
26-66	416780
26-67	234020
26-67	001130
26-67	01048790
26-67	113630
26-67	019300
26-67	019350
26-67	005420
26-67	236200
26-67	186100
26-67	019470
26-68	056070
26-68	300340
26-68	163520
26-68	133300
26-68	01054230
26-68	116950
26-68	036770
26-68	267580
26-68	133280
26-68	059180
26-69	155030
26-69	471470
26-69	326930
26-69	039180
26-69	328080
26-69	155040
26-69	336020
26-69	267580
26-69	400800
26-69	416920
26-70	059030
26-70	062260
26-70	059040
26-70	060580
26-70	058350
26-70	060320
26-70	061880
26-70	060880
26-70	058840
26-70	060140
26-71	171760
26-71	164730
26-71	166810
26-71	024320
26-71	166630
26-71	171880
26-71	225960
26-71	168540
26-71	168100
26-71	166120
26-72	291250
26-72	346410
26-72	327200
26-72	260370
26-72	260900
26-72	415770
26-72	106030
26-72	347030
26-72	356790
26-72	353530
26-73	041700
26-73	196850
26-73	040010
26-73	039020
26-73	155230
26-73	01014160
26-73	040110
26-73	259970
26-73	181650
26-73	156040
26-74	092550
26-74	245580
26-74	094190
26-74	095140
26-74	548930
26-74	095670
26-74	094100
26-74	059360
26-74	090970
26-74	096130
26-75	059360
26-75	245580
26-75	092550
26-75	114670
26-75	169290
26-75	153560
26-75	145690
26-75	219930
26-75	236090
26-75	168160
26-76	271300
26-76	272090
26-76	271430
26-76	271150
26-76	230000
26-76	272010
26-76	271960
26-76	330110
26-76	114670
26-76	153560
26-77	029930
26-77	243300
26-77	260020
26-77	159460
26-77	046240
26-77	082110
26-77	249860
26-77	035850
26-77	533870
26-77	354490
26-78	117680
26-78	195180
26-78	005050
26-78	499120
26-78	006190
26-78	004660
26-78	498930
26-78	113780
26-78	01002220
26-78	007090
26-79	397860
26-79	549600
26-79	255530
26-79	386240
26-79	447020
26-79	451420
26-79	033070
26-79	023440
26-79	493430
26-79	259530
26-80	040240
26-80	037990
26-80	224810
26-80	155710
26-80	471780
26-80	154950
26-80	042910
26-80	038000
26-80	260150
26-80	154580
26-81	172440
26-81	202820
26-81	140770
26-81	124260
26-81	144740
26-81	138010
26-81	145410
26-81	139020
26-81	321000
26-81	172270
26-82	040240
26-82	037990
26-82	154950
26-82	224810
26-82	155960
26-82	155710
26-82	260150
26-82	042910
26-82	154580
26-82	157120
26-83	161380
26-83	01009880
26-83	161270
26-83	01024300
26-83	325230
26-83	042110
26-83	161480
26-83	446620
26-83	434040
26-83	233750
26-84	176970
26-84	324220
26-84	126470
26-84	269460
26-84	157210
26-84	324510
26-84	023030
26-84	142390
26-84	177080
26-84	269070
26-85	286330
26-85	083270
26-85	135800
26-85	317560
26-85	286300
26-85	093310
26-85	326070
26-85	331310
26-85	050500
26-85	262590
26-86	345900
26-86	290490
26-86	290880
26-86	289530
26-86	099620
26-86	357660
26-86	198430
26-86	292900
26-86	01001530
26-86	291860
26-87	305130
26-87	350100
26-87	002890
26-87	163040
26-87	349820
26-87	342770
26-87	306080
26-87	350860
26-87	031500
26-87	347720
26-88	457770
26-88	323200
26-88	459620
26-88	464230
26-88	464470
26-88	457030
26-88	459680
26-88	457400
26-88	460460
26-88	460000
26-89	166600
26-89	174180
26-89	171130
26-89	391350
26-89	313420
26-89	140710
26-89	307230
26-89	140040
26-89	235260
26-89	166280
26-90	521830
26-90	01100210
26-90	520030
26-90	521820
26-90	373670
26-90	522240
26-90	314500
26-90	520870
26-90	521470
26-90	374300
26-91	289240
26-91	290440
26-91	292460
26-91	284620
26-91	291010
26-91	290690
26-91	289490
26-91	291470
26-91	289650
26-91	290110
26-92	030060
26-92	448600
26-92	420050
26-92	01012460
26-92	517820
26-92	456240
26-92	450410
26-92	01087400
26-92	045780
26-92	437820
26-93	017850
26-93	031870
26-93	189560
26-93	161260
26-93	053650
26-93	017930
26-93	387150
26-93	224150
26-93	006540
26-93	315140
26-94	022950
26-94	023560
26-94	026150
26-94	275850
26-94	277750
26-94	322500
26-94	023480
26-94	01065240
26-94	023790
26-94	452360
27-1	082800
27-1	082000
27-1	289590
27-1	280140
27-1	083240
27-1	167630
27-1	346830
27-1	286160
27-1	067770
27-1	315900
27-2	136600
27-2	172300
27-2	196880
27-2	135040
27-2	164870
27-2	145910
27-2	132920
27-2	174140
27-2	171390
27-2	137330
27-3	140900
27-3	145720
27-3	173020
27-3	173440
27-3	143020
27-3	142920
27-3	218250
27-3	187910
27-3	179790
27-3	123710
27-4	144410
27-4	142680
27-4	180340
27-4	137420
27-4	175870
27-4	180220
27-4	180670
27-4	172300
27-4	142950
27-4	145690
27-5	162370
27-5	274970
27-5	274940
27-5	132660
27-5	163170
27-5	055880
27-5	133120
27-5	005070
27-5	117210
27-5	163210
27-6	188630
27-6	188540
27-6	279670
27-6	275180
27-6	388130
27-6	456760
27-6	113720
27-6	287940
27-6	275320
27-6	163410
27-7	364920
27-7	365110
27-7	365330
27-7	366250
27-7	362540
27-7	01079980
27-7	367300
27-7	01081970
27-7	369490
27-7	030310
27-8	476580
27-8	477250
27-8	01096650
27-8	477720
27-8	475730
27-8	476960
27-8	477150
27-8	388240
27-8	476570
27-8	484550
27-9	254530
27-9	318000
27-9	155450
27-9	316760
27-9	244840
27-9	046240
27-9	156160
27-9	029930
27-9	099620
27-9	092750
27-10	417870
27-10	523600
27-10	522810
27-10	535270
27-10	434430
27-10	399070
27-10	308730
27-10	404510
27-10	524290
27-10	526660
27-11	133260
27-11	167440
27-11	01035290
27-11	136410
27-11	177590
27-11	135030
27-11	100160
27-11	140100
27-11	138600
27-11	137370
27-12	460640
27-12	461250
27-12	459910
27-12	308730
27-12	281620
27-12	301780
27-12	404510
27-12	01094340
27-12	462460
27-12	01093500
27-13	433280
27-13	499530
27-13	511750
27-13	488670
27-13	500080
27-13	507030
27-13	416270
27-13	328490
27-13	165790
27-13	521100
27-14	161260
27-14	053650
27-14	161180
27-14	006120
27-14	053550
27-14	054100
27-14	257210
27-14	315130
27-14	017930
27-14	315140
27-15	038810
27-15	155590
27-15	238140
27-15	156210
27-15	114050
27-15	039840
27-15	118860
27-15	043520
27-15	01044150
27-15	043890
27-16	000130
27-16	030110
27-16	233650
27-16	111980
27-16	003140
27-16	000040
27-16	233630
27-16	000300
27-16	184520
27-16	373510
27-17	135770
27-17	013350
27-17	317580
27-17	357420
27-17	092300
27-17	008330
27-17	067420
27-17	011260
27-17	01004680
27-17	317560
27-18	195880
27-18	067970
27-18	01066920
27-18	432740
27-18	359420
27-18	244570
27-18	01029480
27-18	322320
27-18	351550
27-18	347960
27-19	089260
27-19	000070
27-19	184490
27-19	064560
27-19	053470
27-19	000140
27-19	195540
27-19	053520
27-19	01101480
27-19	402520
27-20	116830
27-20	01031910
27-20	124270
27-20	176990
27-20	127330
27-20	01031600
27-20	01012090
27-20	121060
27-20	01003470
27-20	129120
27-21	142540
27-21	143040
27-21	013220
27-21	177180
27-21	206170
27-21	176430
27-21	143750
27-21	144920
27-21	237950
27-21	115710
27-22	148570
27-22	542480
27-22	148820
27-22	188840
27-22	148990
27-22	150260
27-22	149260
27-22	148810
27-22	542460
27-22	542450
27-23	166080
27-23	165850
27-23	136970
27-23	166650
27-23	163640
27-23	133450
27-23	167510
27-23	389330
27-23	174570
27-23	306120
27-24	219260
27-24	088280
27-24	217410
27-24	218100
27-24	219960
27-24	034980
27-24	219250
27-24	372290
27-24	238410
27-24	311990
27-25	326630
27-25	494300
27-25	234590
27-25	340100
27-25	057850
27-25	546220
27-25	236370
27-25	026080
27-25	324670
27-25	173480
27-26	243160
27-26	248510
27-26	248900
27-26	287900
27-26	347800
27-26	248780
27-26	112890
27-26	067190
27-26	105190
27-26	006410
27-27	348710
27-27	350840
27-27	292160
27-27	296290
27-27	288220
27-27	345540
27-27	293950
27-27	344200
27-27	350000
27-27	335910
27-28	159320
27-28	432620
27-28	259090
27-28	313050
27-28	353070
27-28	260340
27-28	355990
27-28	367140
27-28	166310
27-28	357440
27-29	244240
27-29	337080
27-29	195930
27-29	001810
27-29	234290
27-29	155140
27-29	065410
27-29	375830
27-29	062930
27-29	349700
27-30	407860
27-30	404030
27-30	409200
27-30	409780
27-30	410350
27-30	403330
27-30	328890
27-30	01093790
27-30	408160
27-30	406600
27-31	417890
27-31	415950
27-31	417410
27-31	417880
27-31	417820
27-31	416730
27-31	395270
27-31	417400
27-31	395160
27-31	347030
27-32	451810
27-32	452240
27-32	452730
27-32	453480
27-32	01091330
27-32	454530
27-32	451560
27-32	451480
27-32	452380
27-32	452620
27-33	501230
27-33	500230
27-33	511080
27-33	500500
27-33	01001850
27-33	499250
27-33	501520
27-33	500420
27-33	162430
27-33	501200
27-34	432000
27-34	151960
27-34	324470
27-34	432390
27-34	152210
27-34	241870
27-34	095170
27-34	152390
27-34	241620
27-34	241390
27-35	411820
27-35	159160
27-35	514530
27-35	261890
27-35	370120
27-35	264500
27-35	149730
27-35	282560
27-35	01005130
27-35	242000
27-36	073910
27-36	071220
27-36	186030
27-36	187250
27-36	072660
27-36	186820
27-36	186830
27-36	187750
27-36	069740
27-36	187870
27-37	004570
27-37	005470
27-37	005610
27-37	437750
27-37	004620
27-37	01002830
27-37	006200
27-37	006430
27-37	007310
27-37	033850
27-38	004660
27-38	004350
27-38	194220
27-38	004670
27-38	004930
27-38	132920
27-38	079000
27-38	193630
27-38	224100
27-38	193680
27-39	195000
27-39	006210
27-39	009260
27-39	007730
27-39	007160
27-39	009140
27-39	01004650
27-39	037790
27-39	006590
27-39	268470
27-40	006850
27-40	01004950
27-40	008390
27-40	008560
27-40	195220
27-40	235010
27-40	01005420
27-40	01003750
27-40	005440
27-40	008220
27-41	01009930
27-41	01009850
27-41	023610
27-41	224370
27-41	022960
27-41	01009960
27-41	022920
27-41	022580
27-41	358430
27-41	055860
27-42	037790
27-42	01000010
27-42	044940
27-42	087130
27-42	186640
27-42	022080
27-42	491720
27-42	315340
27-42	056130
27-42	038840
27-43	015570
27-43	001170
27-43	015610
27-43	066930
27-43	066940
27-43	015530
27-43	015480
27-43	154850
27-43	01006540
27-43	289570
27-44	047140
27-44	091150
27-44	01015330
27-44	090850
27-44	419710
27-44	132550
27-44	320980
27-44	022730
27-44	516720
27-44	499780
27-45	030170
27-45	104550
27-45	053490
27-45	104950
27-45	021360
27-45	01080800
27-45	060640
27-45	001950
27-45	030110
27-45	154190
27-46	064560
27-46	000140
27-46	055790
27-46	055540
27-46	055590
27-46	000070
27-46	001410
27-46	056670
27-46	001280
27-46	000100
27-47	074350
27-47	070580
27-47	070900
27-47	186440
27-47	071090
27-47	071660
27-47	071500
27-47	069570
27-47	375050
27-47	071120
27-48	070570
27-48	416630
27-48	070890
27-48	071200
27-48	070350
27-48	101160
27-48	070480
27-48	455530
27-48	073970
27-48	069980
27-49	071520
27-49	069360
27-49	071760
27-49	069940
27-49	070400
27-49	081430
27-49	036520
27-49	070190
27-49	072750
27-49	077720
27-50	078900
27-50	078920
27-50	078840
27-50	078860
27-50	080230
27-50	032290
27-50	002750
27-50	343810
27-50	001600
27-50	233650
27-51	087010
27-51	034290
27-51	087130
27-51	117310
27-51	087270
27-51	086990
27-51	087160
27-51	087240
27-51	087400
27-51	086780
27-52	099470
27-52	099440
27-52	099620
27-52	152740
27-52	090190
27-52	044400
27-52	152880
27-52	479170
27-52	01000620
27-52	000670
27-53	490170
27-53	100790
27-53	505720
27-53	100600
27-53	501500
27-53	401370
27-53	101160
27-53	476280
27-53	521070
27-53	249350
27-54	116700
27-54	01031440
27-54	117260
27-54	116710
27-54	117310
27-54	152780
27-54	01074100
27-54	116680
27-54	066880
27-54	117270
27-55	118400
27-55	192580
27-55	117440
27-55	118310
27-55	116600
27-55	116760
27-55	121670
27-55	119200
27-55	017820
27-55	01032900
27-56	135320
27-56	167560
27-56	01035290
27-56	138770
27-56	138060
27-56	172200
27-56	174470
27-56	169820
27-56	133610
27-56	166120
27-57	146580
27-57	146590
27-57	080270
27-57	081080
27-57	150850
27-57	146610
27-57	003610
27-57	036140
27-57	068060
27-57	003490
27-58	146780
27-58	079060
27-58	388300
27-58	079400
27-58	147100
27-58	078990
27-58	163870
27-58	146770
27-58	01035100
27-58	005620
27-59	152030
27-59	241460
27-59	395050
27-59	395030
27-59	483100
27-59	416440
27-59	395010
27-59	161790
27-59	027050
27-59	241040
27-60	153010
27-60	498990
27-60	153080
27-60	499450
27-60	401640
27-60	153650
27-60	153020
27-60	269400
27-60	327940
27-60	269390
27-61	189560
27-61	039310
27-61	315760
27-61	269840
27-61	221590
27-61	039160
27-61	155340
27-61	290320
27-61	336880
27-61	347800
27-62	163900
27-62	133450
27-62	168910
27-62	165790
27-62	275130
27-62	166680
27-62	163190
27-62	01071740
27-62	165400
27-62	163240
27-63	184480
27-63	184650
27-63	000530
27-63	116270
27-63	029810
27-63	184490
27-63	055790
27-63	184500
27-63	113520
27-63	088870
27-64	185820
27-64	065960
27-64	185770
27-64	185940
27-64	185950
27-64	344370
27-64	066070
27-64	185760
27-64	015820
27-64	01006490
27-65	005120
27-65	192530
27-65	004620
27-65	104480
27-65	01002430
27-65	006710
27-65	005090
27-65	193850
27-65	002070
27-65	134610
27-66	202810
27-66	195650
27-66	231310
27-66	282800
27-66	295630
27-66	324580
27-66	119000
27-66	391990
27-66	125510
27-66	397890
27-67	388590
27-67	275110
27-67	133260
27-67	275620
27-67	388900
27-67	275160
27-67	275280
27-67	275190
27-67	113710
27-67	275040
27-68	279740
27-68	279910
27-68	165000
27-68	279390
27-68	01066560
27-68	281350
27-68	233690
27-68	279890
27-68	134250
27-68	163110
27-69	304280
27-69	304300
27-69	168030
27-69	345340
27-69	081090
27-69	099640
27-69	000670
27-69	065190
27-69	099710
27-69	066100
27-70	306090
27-70	01071400
27-70	305370
27-70	305010
27-70	307990
27-70	307880
27-70	305730
27-70	164020
27-70	304600
27-70	466810
27-71	079170
27-71	01061440
27-71	189880
27-71	314420
27-71	305280
27-71	374920
27-71	303500
27-71	165120
27-71	079800
27-71	169140
27-72	326860
27-72	255660
27-72	328490
27-72	416270
27-72	328950
27-72	326720
27-72	146850
27-72	130730
27-72	401730
27-72	400400
27-73	327700
27-73	329810
27-73	416450
27-73	329210
27-73	545560
27-73	328980
27-73	328350
27-73	223300
27-73	418220
27-73	326880
27-74	336370
27-74	056800
27-74	057940
27-74	055610
27-74	003380
27-74	376110
27-74	056360
27-74	003130
27-74	032330
27-74	01001180
27-75	275040
27-75	167420
27-75	395860
27-75	376360
27-75	388690
27-75	458950
27-75	275420
27-75	388110
27-75	387860
27-75	277000
27-76	457720
27-76	327910
27-76	401370
27-76	401170
27-76	034470
27-76	401320
27-76	305880
27-76	401780
27-76	022890
27-76	403370
27-77	402210
27-77	402160
27-77	400020
27-77	401130
27-77	401510
27-77	402960
27-77	406140
27-77	404510
27-77	405750
27-77	402330
27-78	402090
27-78	400050
27-78	457940
27-78	304370
27-78	407850
27-78	404920
27-78	400040
27-78	405770
27-78	455850
27-78	109520
27-79	400860
27-79	403030
27-79	402330
27-79	400400
27-79	400160
27-79	401570
27-79	402590
27-79	400930
27-79	402350
27-79	401290
27-80	406100
27-80	406820
27-80	405450
27-80	405700
27-80	01098940
27-80	408790
27-80	403730
27-80	402330
27-80	460370
27-80	408970
27-81	416800
27-81	417890
27-81	415950
27-81	017150
27-81	417100
27-81	417410
27-81	416480
27-81	417880
27-81	416250
27-81	471650
27-82	501770
27-82	261550
27-82	501730
27-82	416320
27-82	323950
27-82	323800
27-82	327960
27-82	330950
27-82	416760
27-82	377480
27-83	433170
27-83	432800
27-83	426310
27-83	476600
27-83	432460
27-83	374280
27-83	268700
27-83	388240
27-83	089900
27-83	017850
27-84	457720
27-84	327910
27-84	034470
27-84	498880
27-84	026150
27-84	499350
27-84	502090
27-84	521380
27-84	195000
27-84	023560
27-85	387270
27-85	341570
27-85	290610
27-85	018080
27-85	099450
27-85	387550
27-85	013150
27-85	046280
27-85	017940
27-85	021390
27-86	002910
27-86	155450
27-86	436860
27-86	318000
27-86	254530
27-86	243780
27-86	326070
27-86	244840
27-86	488370
27-86	488380
27-87	009900
27-87	006760
27-87	005860
27-87	009350
27-87	010230
27-87	010430
27-87	008110
27-87	005890
27-87	007890
27-87	006600
27-88	007490
27-88	353620
27-88	008050
27-88	011820
27-88	008240
27-88	006120
27-88	118610
27-88	011560
27-88	009610
27-88	347210
27-89	01084370
27-89	007890
27-89	015940
27-89	016130
27-89	395590
27-89	003160
27-89	060300
27-89	003260
27-89	015890
27-89	01003350
27-90	078970
27-90	080350
27-90	080450
27-90	342330
27-90	342590
27-90	343320
27-90	342780
27-90	081370
27-90	080300
27-90	01001480
27-91	084190
27-91	01068790
27-91	350310
27-91	287900
27-91	01076220
27-91	287850
27-91	289490
27-91	080570
27-91	01001450
27-91	064810
27-92	123670
27-92	347800
27-92	01032880
27-92	357430
27-92	116670
27-92	348880
27-92	125550
27-92	119750
27-92	124660
27-92	362040
27-93	172040
27-93	134440
27-93	137500
27-93	280200
27-93	135170
27-93	141120
27-93	118610
27-93	163200
27-93	01035290
27-93	01035860
27-94	156310
27-94	157540
27-94	482510
27-94	482490
27-94	155800
27-94	158460
27-94	098090
27-94	044000
27-94	157530
27-94	262070
28-1	004980
28-1	01012590
28-1	181650
28-1	181670
28-1	235810
28-1	133390
28-1	020220
28-1	058170
28-1	129980
28-1	234550
28-2	203780
28-2	01024580
28-2	439310
28-2	439330
28-2	202160
28-2	440120
28-2	391130
28-2	01004870
28-2	121590
28-2	203270
28-3	438780
28-3	196730
28-3	121060
28-3	439420
28-3	196650
28-3	439710
28-3	355080
28-3	442330
28-3	003160
28-3	437590
28-4	478690
28-4	007530
28-4	324060
28-4	479010
28-4	451430
28-4	379210
28-4	499730
28-4	374200
28-4	500400
28-4	549500
28-5	238710
28-5	237900
28-5	461880
28-5	336590
28-5	236410
28-5	479720
28-5	461290
28-5	057300
28-5	056800
28-5	354160
28-6	104810
28-6	105310
28-6	247470
28-6	104840
28-6	082870
28-6	247970
28-6	251870
28-6	105510
28-6	105120
28-6	064590
28-7	272620
28-7	272030
28-7	274570
28-7	277170
28-7	273420
28-7	334910
28-7	272280
28-7	273280
28-7	274190
28-7	270270
28-8	085100
28-8	003030
28-8	003070
28-8	234120
28-8	003020
28-8	103670
28-8	085050
28-8	058430
28-8	078920
28-8	194260
28-9	322480
28-9	001200
28-9	254610
28-9	395010
28-9	000620
28-9	483100
28-9	395020
28-9	492940
28-9	017800
28-9	468470
28-10	242720
28-10	000160
28-10	040690
28-10	055740
28-10	152670
28-10	031550
28-10	242690
28-10	017200
28-10	258550
28-10	323730
28-11	256920
28-11	290390
28-11	336740
28-11	01003570
28-11	017830
28-11	003250
28-11	468370
28-11	018000
28-11	035900
28-11	023760
28-12	351590
28-12	355290
28-12	347500
28-12	344580
28-12	353690
28-12	359670
28-12	356280
28-12	357160
28-12	351420
28-12	356710
28-13	400860
28-13	507580
28-13	301680
28-13	411360
28-13	01070820
28-13	436890
28-13	403830
28-13	450750
28-13	436880
28-13	248550
28-14	193590
28-14	212790
28-14	195380
28-14	213110
28-14	195390
28-14	213880
28-14	196330
28-14	116570
28-14	006920
28-14	165790
28-15	105340
28-15	538590
28-15	105400
28-15	021230
28-15	538600
28-15	248680
28-15	455500
28-15	106230
28-15	324510
28-15	01035000
28-16	130650
28-16	108400
28-16	109310
28-16	185910
28-16	01020060
28-16	109320
28-16	017030
28-16	016920
28-16	255540
28-16	259240
28-17	408290
28-17	408510
28-17	403750
28-17	333470
28-17	408350
28-17	407610
28-17	403670
28-17	407850
28-17	408950
28-17	405030
28-18	264210
28-18	528560
28-18	174790
28-18	528390
28-18	531440
28-18	045420
28-18	094760
28-18	095380
28-18	094510
28-18	528210
28-19	289120
28-19	289760
28-19	279360
28-19	376980
28-19	289160
28-19	01077920
28-19	341560
28-19	003130
28-19	379070
28-19	289310
28-20	432960
28-20	431990
28-20	476930
28-20	432390
28-20	477150
28-20	185490
28-20	432130
28-20	476980
28-20	342040
28-20	484470
28-21	284430
28-21	080540
28-21	289440
28-21	081090
28-21	031370
28-21	080770
28-21	080370
28-21	162640
28-21	017810
28-21	080280
28-22	478790
28-22	478700
28-22	478890
28-22	478780
28-22	154810
28-22	478720
28-22	100290
28-22	479080
28-22	163180
28-22	262350
28-23	109240
28-23	420110
28-23	416450
28-23	116230
28-23	032240
28-23	029800
28-23	085890
28-23	022220
28-23	086010
28-23	031270
28-24	037710
28-24	037940
28-24	258560
28-24	038290
28-24	004510
28-24	037550
28-24	155420
28-24	243970
28-24	037520
28-24	019230
28-25	059280
28-25	520150
28-25	432200
28-25	268630
28-25	056450
28-25	279380
28-25	117240
28-25	059270
28-25	323080
28-25	060600
28-26	066890
28-26	066980
28-26	267440
28-26	066940
28-26	080280
28-26	004290
28-26	004260
28-26	01006540
28-26	066850
28-26	066880
28-27	075330
28-27	379810
28-27	101520
28-27	217470
28-27	077960
28-27	01020630
28-27	182150
28-27	046650
28-27	075890
28-27	348620
28-28	080990
28-28	038900
28-28	081100
28-28	01021690
28-28	233920
28-28	003170
28-28	346940
28-28	081120
28-28	01021980
28-28	056920
28-29	120550
28-29	116630
28-29	119670
28-29	124600
28-29	123350
28-29	127940
28-29	117500
28-29	132650
28-29	122000
28-29	127850
28-30	202050
28-30	438740
28-30	440110
28-30	440520
28-30	373510
28-30	197760
28-30	438640
28-30	197690
28-30	440050
28-30	01004720
28-31	01045970
28-31	01081790
28-31	207280
28-31	125220
28-31	061170
28-31	202980
28-31	210890
28-31	219210
28-31	205890
28-31	200540
28-32	105090
28-32	247990
28-32	033880
28-32	131940
28-32	01027510
28-32	105990
28-32	033580
28-32	104620
28-32	104900
28-32	033690
28-33	417460
28-33	415950
28-33	417890
28-33	417410
28-33	416340
28-33	337060
28-33	417400
28-33	416160
28-33	316120
28-33	416430
28-34	003700
28-34	058080
28-34	343110
28-34	292870
28-34	023940
28-34	080940
28-34	349140
28-34	080990
28-34	068340
28-34	082260
28-35	358010
28-35	103880
28-35	357710
28-35	347960
28-35	361420
28-35	345870
28-35	356870
28-35	362980
28-35	354840
28-35	350570
28-36	01080390
28-36	367540
28-36	358630
28-36	295040
28-36	099450
28-36	294970
28-36	389470
28-36	271260
28-36	274150
28-36	477480
28-37	010400
28-37	217070
28-37	008220
28-37	007800
28-37	009260
28-37	01003200
28-37	009140
28-37	01004650
28-37	01005280
28-37	013640
28-38	165120
28-38	345060
28-38	163630
28-38	344290
28-38	345170
28-38	344970
28-38	162920
28-38	345990
28-38	349820
28-38	345410
28-39	343140
28-39	343170
28-39	348820
28-39	348080
28-39	346430
28-39	343130
28-39	342600
28-39	003130
28-39	214580
28-39	342640
28-40	087670
28-40	087850
28-40	087960
28-40	087090
28-40	086930
28-40	034900
28-40	086780
28-40	437400
28-40	087130
28-40	087010
28-41	361680
28-41	343340
28-41	342960
28-41	348500
28-41	343480
28-41	360490
28-41	344540
28-41	350300
28-41	345090
28-41	343390
28-42	310400
28-42	01072630
28-42	094510
28-42	01093880
28-42	175310
28-42	310240
28-42	01072610
28-42	277540
28-42	312090
28-42	307930
28-43	338050
28-43	158050
28-43	158120
28-43	158580
28-43	01003410
28-43	081580
28-43	01005800
28-43	01002490
28-43	01005450
28-43	01002330
28-44	018700
28-44	479130
28-44	000190
28-44	01024430
28-44	080620
28-44	086870
28-44	197230
28-44	324740
28-44	323730
28-44	031790
28-45	084430
28-45	113750
28-45	195250
28-45	228220
28-45	084310
28-45	060380
28-45	437710
28-45	053520
28-45	053690
28-45	397810
28-46	062960
28-46	143910
28-46	01032980
28-46	140890
28-46	393590
28-46	177100
28-46	139460
28-46	141730
28-46	170000
28-46	177720
28-47	147520
28-47	269980
28-47	130350
28-47	269270
28-47	488720
28-47	268890
28-47	268630
28-47	01063570
28-47	148220
28-47	086040
28-48	151490
28-48	423980
28-48	224550
28-48	304800
28-48	151380
28-48	455760
28-48	151670
28-48	388020
28-48	353290
28-48	151600
28-49	288180
28-49	098830
28-49	216110
28-49	215790
28-49	360480
28-49	288300
28-49	415750
28-49	079070
28-49	123430
28-49	032380
28-50	388590
28-50	275190
28-50	275610
28-50	387830
28-50	388720
28-50	388900
28-50	275640
28-50	388550
28-50	275620
28-50	113710
28-51	104120
28-51	163240
28-51	304950
28-51	304580
28-51	388090
28-51	305620
28-51	398040
28-51	099910
28-51	308130
28-51	374030
28-52	344160
28-52	099870
28-52	259050
28-52	003060
28-52	039600
28-52	154650
28-52	350390
28-52	347800
28-52	342120
28-52	350200
28-53	001200
28-53	122370
28-53	399980
28-53	155180
28-53	495150
28-53	026440
28-53	01009920
28-53	491610
28-53	024620
28-53	022850
28-54	156160
28-54	431960
28-54	082120
28-54	317580
28-54	318000
28-54	436860
28-54	345420
28-54	361560
28-54	349010
28-54	395290
28-55	443830
28-55	439370
28-55	440100
28-55	439450
28-55	439470
28-55	443270
28-55	007280
28-55	437820
28-55	443870
28-55	061970
28-56	055720
28-56	373400
28-56	133050
28-56	000660
28-56	038800
28-56	547300
28-56	067530
28-56	132860
28-56	118240
28-56	139100
28-57	446560
28-57	446950
28-57	446970
28-57	446240
28-57	446110
28-57	446750
28-57	447250
28-57	022270
28-57	415740
28-57	01012460
28-58	288470
28-58	060770
28-58	009440
28-58	01000450
28-58	01005050
28-58	010720
28-58	009610
28-58	01002380
28-58	060250
28-58	139740
28-59	028970
28-59	028960
28-59	028950
28-59	029050
28-59	029010
28-59	028990
28-59	029130
28-59	029100
28-59	029210
28-59	037580
28-60	086730
28-60	466650
28-60	038120
28-60	258940
28-60	004370
28-60	234120
28-60	423380
28-60	056410
28-60	131940
28-60	010470
28-61	163570
28-61	279260
28-61	162880
28-61	133170
28-61	099740
28-61	163130
28-61	004700
28-61	164370
28-61	279330
28-61	389490
28-62	212710
28-62	212830
28-62	212790
28-62	01016290
28-62	213280
28-62	212530
28-62	01057760
28-62	133170
28-62	055870
28-62	085780
28-63	222020
28-63	222010
28-63	483160
28-63	293970
28-63	483620
28-63	375780
28-63	408870
28-63	549360
28-63	543620
28-63	549340
28-64	451470
28-64	451630
28-64	452090
28-64	452050
28-64	254180
28-64	454310
28-64	451690
28-64	452450
28-64	326520
28-64	452080
28-65	455290
28-65	456900
28-65	165690
28-65	281210
28-65	455280
28-65	279690
28-65	01031600
28-65	432890
28-65	323270
28-65	432360
28-66	458950
28-66	456070
28-66	308300
28-66	459660
28-66	456900
28-66	459380
28-66	457720
28-66	456830
28-66	460400
28-66	457400
28-67	344720
28-67	112330
28-67	01013860
28-67	185160
28-67	038560
28-67	351340
28-67	344730
28-67	349270
28-67	348080
28-67	346040
28-68	081830
28-68	349760
28-68	351370
28-68	01080100
28-68	147910
28-68	353310
28-68	148890
28-68	147790
28-68	147850
28-68	148270
28-69	110660
28-69	417160
28-69	110670
28-69	087270
28-69	000620
28-69	087240
28-69	315340
28-69	000870
28-69	001200
28-69	315630
28-70	01076910
28-70	293450
28-70	342770
28-70	348250
28-70	357850
28-70	123280
28-70	126760
28-70	123430
28-70	356520
28-70	123320
28-71	001170
28-71	01073350
28-71	001140
28-71	373120
28-71	000200
28-71	015570
28-71	000070
28-71	373360
28-71	000140
28-71	064570
28-72	326720
28-72	036260
28-72	036200
28-72	007900
28-72	036340
28-72	148260
28-72	109330
28-72	222550
28-72	242820
28-72	335590
28-73	080390
28-73	161680
28-73	003130
28-73	284950
28-73	161810
28-73	154680
28-73	154580
28-73	01011770
28-73	01021960
28-73	037990
28-74	132650
28-74	031440
28-74	002780
28-74	224280
28-74	224260
28-74	243000
28-74	080350
28-74	031380
28-74	342260
28-74	031420
28-75	162340
28-75	193890
28-75	193790
28-75	162350
28-75	085110
28-75	032290
28-75	162640
28-75	085260
28-75	162410
28-75	153120
28-76	186630
28-76	187210
28-76	070560
28-76	186540
28-76	071200
28-76	187130
28-76	269010
28-76	186930
28-76	424800
28-76	328920
28-77	344210
28-77	166730
28-77	229010
28-77	342770
28-77	132760
28-77	120330
28-77	005420
28-77	133660
28-77	057910
28-77	134570
28-78	01058000
28-78	234990
28-78	01008730
28-78	213400
28-78	194760
28-78	01058100
28-78	195390
28-78	057070
28-78	194750
28-78	269300
28-79	281780
28-79	302370
28-79	122770
28-79	225860
28-79	170790
28-79	080030
28-79	115160
28-79	281830
28-79	225890
28-79	267190
28-80	331300
28-80	331280
28-80	333490
28-80	333350
28-80	330160
28-80	332860
28-80	332980
28-80	333780
28-80	330610
28-80	327430
28-81	421790
28-81	163880
28-81	134590
28-81	136490
28-81	439040
28-81	164290
28-81	058840
28-81	459100
28-81	389910
28-81	114810
28-82	439390
28-82	201970
28-82	440390
28-82	441030
28-82	438970
28-82	440220
28-82	443950
28-82	505920
28-82	439360
28-82	010350
28-83	451440
28-83	165240
28-83	451410
28-83	003800
28-83	01007490
28-83	023800
28-83	038510
28-83	344700
28-83	290320
28-83	099470
28-84	012610
28-84	015020
28-84	011020
28-84	176020
28-84	012710
28-84	013450
28-84	013680
28-84	010040
28-84	206580
28-84	013300
28-85	036610
28-85	036270
28-85	036290
28-85	038440
28-85	036400
28-85	01006750
28-85	036460
28-85	070090
28-85	036390
28-85	036360
28-86	039800
28-86	259760
28-86	003220
28-86	01062800
28-86	039870
28-86	155530
28-86	254800
28-86	042120
28-86	046150
28-86	225130
28-87	084250
28-87	330260
28-87	342120
28-87	360510
28-87	099800
28-87	337040
28-87	350200
28-87	156690
28-87	067770
28-87	268990
28-88	137530
28-88	01003290
28-88	139400
28-88	135510
28-88	390710
28-88	166680
28-88	033980
28-88	195910
28-88	061250
28-88	138070
28-89	268470
28-89	174520
28-89	172650
28-89	321000
28-89	164520
28-89	359070
28-89	026360
28-89	172270
28-89	011620
28-89	103430
28-90	305570
28-90	305090
28-90	276060
28-90	306120
28-90	307230
28-90	310380
28-90	307960
28-90	309770
28-90	304690
28-90	308680
28-91	479860
28-91	024560
28-91	478790
28-91	156970
28-91	478950
28-91	467810
28-91	084510
28-91	479300
28-91	035160
28-91	514320
28-92	053470
28-92	054800
28-92	053630
28-92	037510
28-92	053500
28-92	054060
28-92	053760
28-92	021580
28-92	154320
28-92	021800
28-93	037870
28-93	039940
28-93	259450
28-93	038880
28-93	331040
28-93	147110
28-93	327390
28-93	01075290
28-93	328720
28-93	036330
28-94	039770
28-94	100010
28-94	041450
28-94	087270
28-94	039780
28-94	053870
28-94	043980
28-94	468350
28-94	010350
28-94	054260
29-1	345340
29-1	080700
29-1	01021980
29-1	080770
29-1	081090
29-1	239840
29-1	080450
29-1	080350
29-1	01022390
29-1	002790
29-2	182650
29-2	154240
29-2	027540
29-2	009150
29-2	230240
29-2	009690
29-2	147800
29-2	228120
29-2	086490
29-2	147850
29-3	375110
29-3	099950
29-3	378970
29-3	212710
29-3	216170
29-3	243450
29-3	243460
29-3	376150
29-3	373700
29-3	234070
29-4	008570
29-4	167530
29-4	008990
29-4	010780
29-4	015030
29-4	009970
29-4	010810
29-4	307560
29-4	320690
29-4	328970
29-5	120610
29-5	125850
29-5	123010
29-5	123360
29-5	120770
29-5	215170
29-5	293450
29-5	119750
29-5	120680
29-5	118500
29-6	140890
29-6	135140
29-6	056860
29-6	117940
29-6	280230
29-6	01064700
29-6	269840
29-6	019570
29-6	006650
29-6	019380
29-7	196600
29-7	01049630
29-7	193650
29-7	006400
29-7	022030
29-7	019450
29-7	053550
29-7	437780
29-7	053840
29-7	114040
29-8	279080
29-8	01066450
29-8	213680
29-8	279110
29-8	455270
29-8	155110
29-8	01070610
29-8	079190
29-8	279070
29-8	01020120
29-9	279930
29-9	134090
29-9	280790
29-9	279380
29-9	162900
29-9	279390
29-9	01067950
29-9	133080
29-9	056410
29-9	174360
29-10	306050
29-10	305830
29-10	306400
29-10	164590
29-10	165370
29-10	309860
29-10	389420
29-10	457380
29-10	306000
29-10	306090
29-11	304330
29-11	305490
29-11	305640
29-11	311280
29-11	308630
29-11	309450
29-11	305630
29-11	309070
29-11	309720
29-11	307610
29-12	315610
29-12	245240
29-12	060190
29-12	320010
29-12	156580
29-12	320270
29-12	341630
29-12	454040
29-12	287370
29-12	454940
29-13	068570
29-13	519820
29-13	519830
29-13	335990
29-13	335940
29-13	01022240
29-13	105620
29-13	519860
29-13	337530
29-13	01012340
29-14	031490
29-14	259090
29-14	244750
29-14	087200
29-14	017940
29-14	247730
29-14	254150
29-14	017790
29-14	249980
29-14	133640
29-15	351510
29-15	356210
29-15	350030
29-15	349800
29-15	01077300
29-15	350290
29-15	355260
29-15	01076990
29-15	346770
29-15	345940
29-16	389240
29-16	386520
29-16	386450
29-16	386430
29-16	259740
29-16	057410
29-16	261050
29-16	386410
29-16	249370
29-16	349340
29-17	437480
29-17	282410
29-17	437460
29-17	551790
29-17	065700
29-17	369720
29-17	075780
29-17	034110
29-17	316010
29-17	446110
29-18	411820
29-18	337060
29-18	158070
29-18	455660
29-18	352380
29-18	349570
29-18	01014960
29-18	236440
29-18	400910
29-18	477550
29-19	428770
29-19	425800
29-19	428170
29-19	427730
29-19	430090
29-19	430460
29-19	426650
29-19	428960
29-19	384220
29-19	426410
29-20	433680
29-20	435460
29-20	432800
29-20	432520
29-20	436230
29-20	374470
29-20	433190
29-20	321710
29-20	433170
29-20	435200
29-21	443990
29-21	441860
29-21	168670
29-21	441880
29-21	441610
29-21	442730
29-21	441220
29-21	438740
29-21	442460
29-21	438140
29-22	044480
29-22	491160
29-22	491760
29-22	056920
29-22	341660
29-22	071030
29-22	420890
29-22	000380
29-22	492550
29-22	494000
29-23	452360
29-23	451420
29-23	451510
29-23	451900
29-23	451570
29-23	451520
29-23	451750
29-23	549330
29-23	022950
29-23	451640
29-24	081540
29-24	475990
29-24	198430
29-24	129810
29-24	326070
29-24	169590
29-24	236780
29-24	476020
29-24	318330
29-24	292710
29-25	518600
29-25	453840
29-25	451760
29-25	524730
29-25	333140
29-25	453150
29-25	454530
29-25	453070
29-25	452080
29-25	454560
29-26	01002770
29-26	004320
29-26	193370
29-26	004350
29-26	005640
29-26	004670
29-26	193680
29-26	005850
29-26	019400
29-26	004930
29-27	005050
29-27	004330
29-27	005640
29-27	005650
29-27	005920
29-27	004350
29-27	008100
29-27	117130
29-27	195850
29-27	234780
29-28	015620
29-28	067590
29-28	003760
29-28	015560
29-28	344370
29-28	064660
29-28	01006550
29-28	344500
29-28	342660
29-28	003940
29-29	000100
29-29	031420
29-29	031240
29-29	001280
29-29	003030
29-29	032290
29-29	103670
29-29	000670
29-29	031380
29-29	064560
29-30	114490
29-30	196850
29-30	115080
29-30	114180
29-30	393260
29-30	01008870
29-30	390690
29-30	390860
29-30	005050
29-30	114090
29-31	130210
29-31	130160
29-31	130460
29-31	01008670
29-31	130530
29-31	130310
29-31	146750
29-31	214130
29-31	130330
29-31	130140
29-32	164710
29-32	163480
29-32	236780
29-32	168010
29-32	236220
29-32	300960
29-32	017180
29-32	163510
29-32	003000
29-32	349230
29-33	193370
29-33	437660
29-33	019400
29-33	055620
29-33	437790
29-33	004320
29-33	193680
29-33	116400
29-33	423460
29-33	113590
29-34	01049150
29-34	197360
29-34	197390
29-34	061770
29-34	212960
29-34	195990
29-34	345570
29-34	118620
29-34	059040
29-34	235140
29-35	232430
29-35	232510
29-35	230880
29-35	232830
29-35	451480
29-35	229700
29-35	232420
29-35	229690
29-35	230260
29-35	230950
29-36	282880
29-36	061720
29-36	011880
29-36	310930
29-36	174280
29-36	237500
29-36	198950
29-36	01045780
29-36	141130
29-36	499240
29-37	035800
29-37	488400
29-37	059470
29-37	488360
29-37	361810
29-37	349660
29-37	082160
29-37	082460
29-37	288220
29-37	060260
29-38	01091920
29-38	457760
29-38	306610
29-38	456860
29-38	280130
29-38	458570
29-38	459020
29-38	306070
29-38	458000
29-38	389520
29-39	036560
29-39	036640
29-39	279090
29-39	182420
29-39	396130
29-39	147830
29-39	147560
29-39	084360
29-39	147520
29-39	147490
29-40	268540
29-40	020850
29-40	185800
29-40	021060
29-40	020960
29-40	498470
29-40	326410
29-40	065980
29-40	547000
29-40	495460
29-41	114990
29-41	019670
29-41	254060
29-41	081780
29-41	114680
29-41	083030
29-41	005840
29-41	01021980
29-41	344070
29-41	198030
29-42	036260
29-42	216630
29-42	145640
29-42	034450
29-42	441530
29-42	239590
29-42	338980
29-42	339020
29-42	339340
29-42	246690
29-43	169190
29-43	275420
29-43	390750
29-43	277720
29-43	118100
29-43	389520
29-43	01064490
29-43	115060
29-43	395860
29-43	388870
29-44	310890
29-44	171700
29-44	172680
29-44	304450
29-44	271010
29-44	463370
29-44	172440
29-44	217310
29-44	172300
29-44	200630
29-45	01060350
29-45	099620
29-45	326130
29-45	099800
29-45	084310
29-45	326260
29-45	243640
29-45	301140
29-45	003360
29-45	132340
29-46	061780
29-46	079530
29-46	240690
29-46	242010
29-46	241630
29-46	220070
29-46	548330
29-46	513300
29-46	241210
29-46	456240
29-47	217760
29-47	214430
29-47	220070
29-47	01007810
29-47	241630
29-47	336160
29-47	186060
29-47	548330
29-47	129260
29-47	314460
29-48	021370
29-48	064560
29-48	000140
29-48	000070
29-48	003160
29-48	055540
29-48	001410
29-48	055790
29-48	184490
29-48	055590
29-49	01083560
29-49	387220
29-49	433210
29-49	387210
29-49	375350
29-49	387320
29-49	387630
29-49	387540
29-49	387080
29-49	387300
29-50	438660
29-50	438140
29-50	439100
29-50	438680
29-50	438130
29-50	439040
29-50	114180
29-50	441000
29-50	01002820
29-50	442580
29-51	01003780
29-51	007470
29-51	008450
29-51	004860
29-51	198310
29-51	009320
29-51	120420
29-51	010820
29-51	007430
29-51	114510
29-52	092270
29-52	094150
29-52	245370
29-52	093580
29-52	094530
29-52	091130
29-52	102440
29-52	245120
29-52	244830
29-52	102620
29-53	099270
29-53	067770
29-53	260710
29-53	064810
29-53	337110
29-53	156690
29-53	067520
29-53	039540
29-53	332350
29-53	263440
29-54	265580
29-54	01063080
29-54	260450
29-54	262720
29-54	264270
29-54	265010
29-54	264220
29-54	263650
29-54	046880
29-54	263150
29-55	288450
29-55	287940
29-55	092270
29-55	388130
29-55	288570
29-55	288250
29-55	288790
29-55	472630
29-55	500010
29-55	500470
29-56	338710
29-56	01039480
29-56	221830
29-56	260370
29-56	156790
29-56	01006750
29-56	01025150
29-56	437370
29-56	265580
29-56	225240
29-57	507440
29-57	329380
29-57	01007460
29-57	520570
29-57	334510
29-57	040110
29-57	334250
29-57	330050
29-57	110060
29-57	330420
29-58	441140
29-58	440990
29-58	398360
29-58	440860
29-58	445790
29-58	196580
29-58	438090
29-58	318350
29-58	019440
29-58	440970
29-59	115050
29-59	139760
29-59	173480
29-59	115190
29-59	174390
29-59	493920
29-59	336850
29-59	101740
29-59	114930
29-59	142090
29-60	029050
29-60	243710
29-60	258590
29-60	037580
29-60	029520
29-60	029420
29-60	029430
29-60	351780
29-60	351460
29-60	400010
29-61	01043800
29-61	139760
29-61	101740
29-61	171270
29-61	133400
29-61	165430
29-61	171090
29-61	391210
29-61	173560
29-61	307390
29-62	186600
29-62	01009760
29-62	023420
29-62	071290
29-62	186970
29-62	269070
29-62	186360
29-62	186330
29-62	023880
29-62	022890
29-63	059350
29-63	199550
29-63	200540
29-63	137440
29-63	215230
29-63	169230
29-63	121120
29-63	122980
29-63	058270
29-63	120120
29-64	347530
29-64	080070
29-64	061530
29-64	032160
29-64	01009010
29-64	080130
29-64	067420
29-64	020140
29-64	283560
29-64	348740
29-65	206980
29-65	01054050
29-65	205840
29-65	210120
29-65	207180
29-65	01053190
29-65	109330
29-65	126470
29-65	210140
29-65	209590
29-66	259190
29-66	442340
29-66	131900
29-66	259380
29-66	034340
29-66	416150
29-66	132140
29-66	003370
29-66	041460
29-66	336850
29-67	304350
29-67	01071480
29-67	304620
29-67	305590
29-67	304880
29-67	304910
29-67	01071410
29-67	275280
29-67	305880
29-67	305490
29-68	098250
29-68	098110
29-68	441850
29-68	437800
29-68	440100
29-68	01089070
29-68	440860
29-68	439410
29-68	440990
29-68	441800
29-69	01088990
29-69	441850
29-69	442690
29-69	441860
29-69	441920
29-69	441000
29-69	443990
29-69	438780
29-69	442090
29-69	442760
29-70	452930
29-70	451760
29-70	454860
29-70	452740
29-70	01091330
29-70	451810
29-70	453510
29-70	01091370
29-70	451710
29-70	454530
29-71	093490
29-71	324970
29-71	158220
29-71	491790
29-71	491300
29-71	491610
29-71	492190
29-71	491090
29-71	426670
29-71	094290
29-72	066080
29-72	400370
29-72	072600
29-72	438020
29-72	511840
29-72	240530
29-72	069290
29-72	227960
29-72	324360
29-72	065950
29-73	022430
29-73	022500
29-73	389440
29-73	300280
29-73	275170
29-73	300240
29-73	152840
29-73	388320
29-73	275150
29-73	304650
29-74	132020
29-74	161120
29-74	161180
29-74	151800
29-74	151850
29-74	234670
29-74	323870
29-74	323950
29-74	01037720
29-74	161420
29-75	157930
29-75	290750
29-75	322370
29-75	246030
29-75	01003980
29-75	157420
29-75	245970
29-75	222250
29-75	157310
29-75	01012950
29-76	160330
29-76	160240
29-76	046310
29-76	160570
29-76	045220
29-76	050430
29-76	159540
29-76	038690
29-76	047570
29-76	160020
29-77	059700
29-77	200490
29-77	009610
29-77	115090
29-77	441450
29-77	440090
29-77	437860
29-77	440630
29-77	01051130
29-77	439420
29-78	105980
29-78	105750
29-78	106260
29-78	251310
29-78	106210
29-78	105340
29-78	104470
29-78	098730
29-78	105560
29-78	538610
29-79	308810
29-79	306540
29-79	310200
29-79	094010
29-79	305700
29-79	311970
29-79	312090
29-79	305800
29-79	01072140
29-79	306250
29-80	479430
29-80	222250
29-80	290750
29-80	099420
29-80	01003980
29-80	315290
29-80	157930
29-80	01077300
29-80	083270
29-80	351190
29-81	01014980
29-81	488420
29-81	326260
29-81	01014960
29-81	352380
29-81	375240
29-81	064870
29-81	245310
29-81	260230
29-81	326160
29-82	046590
29-82	01014960
29-82	356880
29-82	260230
29-82	01014980
29-82	514530
29-82	259430
29-82	294700
29-82	352380
29-82	353540
29-83	367900
29-83	366660
29-83	363330
29-83	368210
29-83	351910
29-83	361940
29-83	367700
29-83	364200
29-83	361700
29-83	361780
29-84	405010
29-84	405600
29-84	401970
29-84	404720
29-84	404970
29-84	404770
29-84	401650
29-84	401430
29-84	402830
29-84	415140
29-85	326360
29-85	027050
29-85	326580
29-85	327010
29-85	026870
29-85	339200
29-85	026960
29-85	026770
29-85	416490
29-85	01010410
29-86	036680
29-86	147560
29-86	147920
29-86	456090
29-86	519950
29-86	279090
29-86	456270
29-86	171500
29-86	147910
29-86	182840
29-87	069220
29-87	227450
29-87	146610
29-87	069300
29-87	036290
29-87	150850
29-87	150860
29-87	01001330
29-87	341990
29-87	267470
29-88	104720
29-88	104490
29-88	104900
29-88	105900
29-88	249910
29-88	034050
29-88	105480
29-88	248150
29-88	104530
29-88	105530
29-89	197730
29-89	114290
29-89	007940
29-89	01003080
29-89	136350
29-89	113840
29-89	280840
29-89	114220
29-89	136930
29-89	119870
29-90	119480
29-90	119360
29-90	118480
29-90	118450
29-90	121960
29-90	118320
29-90	119320
29-90	119350
29-90	119400
29-90	124520
29-91	195050
29-91	463510
29-91	323030
29-91	305580
29-91	005750
29-91	006550
29-91	01050090
29-91	465710
29-91	01094300
29-91	091270
29-92	417230
29-92	043040
29-92	472530
29-92	225230
29-92	259390
29-92	425650
29-92	472200
29-92	417430
29-92	259520
29-92	245190
29-93	012440
29-93	012710
29-93	012610
29-93	160480
29-93	010160
29-93	034110
29-93	011500
29-93	009990
29-93	009890
29-93	528400
29-94	01051670
29-94	010030
29-94	012780
29-94	123060
29-94	126090
29-94	128080
29-94	126390
29-94	01033030
29-94	01049800
29-94	121100
30-1	028050
30-1	331040
30-1	01075290
30-1	332960
30-1	330120
30-1	331200
30-1	027970
30-1	331250
30-1	264790
30-1	333300
30-2	030260
30-2	037760
30-2	030570
30-2	030700
30-2	326730
30-2	326670
30-2	056590
30-2	085690
30-2	030160
30-2	030240
30-3	031270
30-3	016920
30-3	01011780
30-3	031310
30-3	103730
30-3	081690
30-3	031550
30-3	065900
30-3	108730
30-3	133070
30-4	244240
30-4	155050
30-4	335890
30-4	156580
30-4	155140
30-4	037540
30-4	342770
30-4	154360
30-4	513910
30-4	113750
30-5	042270
30-5	044790
30-5	046530
30-5	155590
30-5	019670
30-5	042420
30-5	044760
30-5	048170
30-5	156210
30-5	178590
30-6	359060
30-6	043580
30-6	347500
30-6	360360
30-6	361830
30-6	360870
30-6	395010
30-6	296400
30-6	513280
30-6	513270
30-7	040160
30-7	043230
30-7	261990
30-7	038050
30-7	042110
30-7	040440
30-7	038680
30-7	039800
30-7	156340
30-7	01038430
30-8	041030
30-8	081360
30-8	349570
30-8	318000
30-8	082190
30-8	516940
30-8	155450
30-8	044530
30-8	488360
30-8	488380
30-9	184630
30-9	023940
30-9	231940
30-9	01019640
30-9	018980
30-9	01019910
30-9	068020
30-9	01019240
30-9	232450
30-9	01022240
30-10	287900
30-10	070390
30-10	069490
30-10	036150
30-10	069580
30-10	287850
30-10	01068790
30-10	350300
30-10	016070
30-10	040190
30-11	072110
30-11	072860
30-11	072410
30-11	072200
30-11	01019980
30-11	074820
30-11	073980
30-11	072020
30-11	070760
30-11	074510
30-12	003710
30-12	243990
30-12	354660
30-12	353440
30-12	003770
30-12	244540
30-12	291540
30-12	087480
30-12	278830
30-12	003640
30-13	01031910
30-13	01026890
30-13	156120
30-13	138060
30-13	176790
30-13	139380
30-13	01035290
30-13	165340
30-13	164090
30-13	166500
30-14	085010
30-14	236210
30-14	194630
30-14	099620
30-14	01000620
30-14	026630
30-14	152740
30-14	088840
30-14	152760
30-14	167970
30-15	085030
30-15	184470
30-15	036270
30-15	184610
30-15	066020
30-15	129990
30-15	036610
30-15	038440
30-15	540050
30-15	004910
30-16	042750
30-16	467810
30-16	027390
30-16	425710
30-16	036610
30-16	022310
30-16	478670
30-16	453070
30-16	516630
30-16	254860
30-17	006060
30-17	103800
30-17	195520
30-17	01006540
30-17	132140
30-17	116930
30-17	117290
30-17	000200
30-17	371970
30-17	015530
30-18	247960
30-18	104440
30-18	104880
30-18	105190
30-18	106630
30-18	104630
30-18	193490
30-18	007310
30-18	104420
30-18	104610
30-19	107310
30-19	107440
30-19	106680
30-19	106430
30-19	107790
30-19	310210
30-19	223920
30-19	106890
30-19	018210
30-19	277680
30-20	113270
30-20	113370
30-20	113320
30-20	173190
30-20	113240
30-20	113130
30-20	113180
30-20	113120
30-20	244060
30-20	113100
30-21	221350
30-21	078920
30-21	056060
30-21	239580
30-21	425240
30-21	085100
30-21	221360
30-21	133920
30-21	003070
30-21	003020
30-22	133520
30-22	135130
30-22	133840
30-22	004950
30-22	01012160
30-22	143100
30-22	01045740
30-22	01012180
30-22	117990
30-22	133990
30-23	01011950
30-23	137180
30-23	388640
30-23	438920
30-23	234450
30-23	194950
30-23	140890
30-23	117940
30-23	168900
30-23	197930
30-24	318000
30-24	035990
30-24	003790
30-24	092750
30-24	471650
30-24	488400
30-24	290660
30-24	003910
30-24	288290
30-24	488420
30-25	142470
30-25	125460
30-25	170170
30-25	137260
30-25	137420
30-25	140050
30-25	271100
30-25	144570
30-25	01035990
30-25	171700
30-26	155080
30-26	155730
30-26	155690
30-26	244180
30-26	084280
30-26	038400
30-26	290250
30-26	395150
30-26	154620
30-26	155740
30-27	155340
30-27	214040
30-27	154720
30-27	336910
30-27	348730
30-27	260090
30-27	030610
30-27	003270
30-27	039310
30-27	436940
30-28	155780
30-28	260040
30-28	040680
30-28	244670
30-28	01038430
30-28	01038490
30-28	037520
30-28	260000
30-28	039750
30-28	041890
30-29	489890
30-29	01014920
30-29	354080
30-29	505180
30-29	129470
30-29	01015270
30-29	042880
30-29	157600
30-29	495410
30-29	155930
30-30	169930
30-30	164330
30-30	163500
30-30	01045940
30-30	164910
30-30	000530
30-30	168790
30-30	166670
30-30	133390
30-30	163560
30-31	167060
30-31	168120
30-31	165800
30-31	225290
30-31	282710
30-31	390480
30-31	138520
30-31	266830
30-31	01083800
30-31	172000
30-32	323480
30-32	174330
30-32	102610
30-32	177220
30-32	174750
30-32	267190
30-32	226780
30-32	303570
30-32	079960
30-32	136210
30-33	175550
30-33	166250
30-33	167070
30-33	277980
30-33	303220
30-33	168300
30-33	172990
30-33	135300
30-33	165850
30-33	280390
30-34	438920
30-34	01011950
30-34	086760
30-34	194950
30-34	234450
30-34	033600
30-34	194810
30-34	438710
30-34	058430
30-34	117940
30-35	019670
30-35	214520
30-35	198970
30-35	059110
30-35	161130
30-35	01077280
30-35	197830
30-35	219740
30-35	345770
30-35	238670
30-36	084160
30-36	195590
30-36	019400
30-36	214810
30-36	217790
30-36	120070
30-36	01003090
30-36	01002820
30-36	032340
30-36	005060
30-37	214520
30-37	446950
30-37	021950
30-37	446560
30-37	01029670
30-37	022030
30-37	01049630
30-37	006400
30-37	234720
30-37	446240
30-38	376360
30-38	01084420
30-38	379850
30-38	381750
30-38	056460
30-38	214720
30-38	215450
30-38	213110
30-38	379880
30-38	379390
30-39	030390
30-39	317740
30-39	033910
30-39	104530
30-39	030330
30-39	033680
30-39	081120
30-39	104900
30-39	030460
30-39	01035000
30-40	216480
30-40	261350
30-40	01013850
30-40	418100
30-40	416750
30-40	315270
30-40	327340
30-40	416450
30-40	328160
30-40	416520
30-41	104420
30-41	01027510
30-41	001020
30-41	104490
30-41	104460
30-41	247100
30-41	010060
30-41	248260
30-41	247990
30-41	247190
30-42	451440
30-42	337170
30-42	440090
30-42	029080
30-42	164910
30-42	156050
30-42	440860
30-42	158690
30-42	113750
30-42	191200
30-43	261390
30-43	329310
30-43	271750
30-43	272800
30-43	272200
30-43	269860
30-43	270370
30-43	262070
30-43	272490
30-43	472300
30-44	272360
30-44	270620
30-44	271750
30-44	417040
30-44	270770
30-44	269130
30-44	069930
30-44	408310
30-44	475870
30-44	260700
30-45	01064570
30-45	389020
30-45	387850
30-45	387840
30-45	388590
30-45	275530
30-45	388550
30-45	01064600
30-45	275980
30-45	389640
30-46	01066770
30-46	163370
30-46	280120
30-46	389020
30-46	01064570
30-46	279800
30-46	275930
30-46	300570
30-46	279770
30-46	552260
30-47	288220
30-47	348710
30-47	288290
30-47	345540
30-47	288380
30-47	292160
30-47	351890
30-47	350840
30-47	296290
30-47	258950
30-48	290300
30-48	290600
30-48	290370
30-48	291020
30-48	289670
30-48	290650
30-48	284770
30-48	080900
30-48	080940
30-48	067080
30-49	195750
30-49	033670
30-49	338980
30-49	511670
30-49	301190
30-49	300850
30-49	178220
30-49	520900
30-49	338940
30-49	280390
30-50	305720
30-50	305800
30-50	306810
30-50	304410
30-50	304410
30-50	307820
30-50	01071320
30-50	01071690
30-50	306190
30-50	305780
30-51	01008100
30-51	184990
30-51	098190
30-51	098060
30-51	345190
30-51	451390
30-51	243410
30-51	346000
30-51	483090
30-51	099450
30-52	361700
30-52	352260
30-52	353330
30-52	488360
30-52	291420
30-52	354160
30-52	355970
30-52	488400
30-52	318000
30-52	348730
30-53	343000
30-53	342770
30-53	350680
30-53	344570
30-53	01080630
30-53	357920
30-53	354030
30-53	361330
30-53	348590
30-53	348500
30-54	360480
30-54	361660
30-54	355110
30-54	365180
30-54	346970
30-54	192610
30-54	354650
30-54	359940
30-54	01076990
30-54	362980
30-55	387460
30-55	387230
30-55	458280
30-55	387580
30-55	433210
30-55	387060
30-55	375350
30-55	387390
30-55	387150
30-55	387330
30-56	391000
30-56	043050
30-56	347640
30-56	081750
30-56	388360
30-56	389100
30-56	082010
30-56	102450
30-56	287240
30-56	285600
30-57	401110
30-57	402910
30-57	466790
30-57	400460
30-57	405830
30-57	504910
30-57	400750
30-57	402400
30-57	404920
30-57	401650
30-58	400630
30-58	401300
30-58	400740
30-58	388590
30-58	184770
30-58	133260
30-58	456880
30-58	268760
30-58	457550
30-58	275280
30-59	401680
30-59	403800
30-59	401650
30-59	401820
30-59	223270
30-59	457250
30-59	405230
30-59	404030
30-59	403730
30-59	404720
30-60	400160
30-60	400830
30-60	400860
30-60	400740
30-60	402390
30-60	403070
30-60	402350
30-60	401620
30-60	402590
30-60	400150
30-61	301100
30-61	412790
30-61	412800
30-61	029620
30-61	267510
30-61	117310
30-61	165390
30-61	275010
30-61	032600
30-61	035700
30-62	082190
30-62	045320
30-62	046590
30-62	01062480
30-62	482460
30-62	375240
30-62	259810
30-62	156720
30-62	399890
30-62	320540
30-63	344690
30-63	042600
30-63	197450
30-63	093480
30-63	483090
30-63	120210
30-63	055020
30-63	261380
30-63	480650
30-63	512230
30-64	457550
30-64	456020
30-64	388590
30-64	456010
30-64	460040
30-64	100160
30-64	275280
30-64	456470
30-64	133260
30-64	01092240
30-65	456100
30-65	01092300
30-65	463680
30-65	464540
30-65	338470
30-65	01092310
30-65	461070
30-65	01093650
30-65	457340
30-65	522370
30-66	463680
30-66	464250
30-66	459630
30-66	323480
30-66	526330
30-66	464540
30-66	01094060
30-66	463360
30-66	340930
30-66	460350
30-67	264060
30-67	159280
30-67	407680
30-67	474280
30-67	162070
30-67	332660
30-67	162120
30-67	408380
30-67	340930
30-67	503390
30-68	280850
30-68	485550
30-68	484660
30-68	433610
30-68	01088190
30-68	167600
30-68	485670
30-68	433740
30-68	488110
30-68	376790
30-69	000140
30-69	000070
30-69	064560
30-69	055790
30-69	055540
30-69	184520
30-69	001410
30-69	184480
30-69	233630
30-69	055590
30-70	000120
30-70	01001360
30-70	067150
30-70	015480
30-70	005590
30-70	003590
30-70	004780
30-70	066900
30-70	015530
30-70	150850
30-71	003380
30-71	000590
30-71	004280
30-71	021590
30-71	373570
30-71	227840
30-71	402910
30-71	373410
30-71	003330
30-71	033600
30-72	155020
30-72	317540
30-72	001830
30-72	165480
30-72	017840
30-72	478890
30-72	017140
30-72	01041020
30-72	163040
30-72	003680
30-73	085690
30-73	039810
30-73	085700
30-73	018650
30-73	01006520
30-73	015460
30-73	003150
30-73	018750
30-73	018680
30-73	01008240
30-74	023880
30-74	025290
30-74	022970
30-74	022520
30-74	022640
30-74	024240
30-74	024720
30-74	023770
30-74	024110
30-74	024300
30-75	130590
30-75	196260
30-75	057960
30-75	437410
30-75	130840
30-75	058930
30-75	130600
30-75	058440
30-75	200190
30-75	131210
30-76	061800
30-76	060210
30-76	061790
30-76	059890
30-76	059930
30-76	121380
30-76	060030
30-76	062330
30-76	061840
30-76	528330
30-77	063400
30-77	063990
30-77	062690
30-77	063450
30-77	062130
30-77	239350
30-77	063210
30-77	062330
30-77	064220
30-77	01017770
30-78	077620
30-78	077400
30-78	078220
30-78	078440
30-78	074230
30-78	076330
30-78	075240
30-78	073560
30-78	075730
30-78	01020670
30-79	101420
30-79	092300
30-79	040430
30-79	135830
30-79	094500
30-79	244540
30-79	100370
30-79	100650
30-79	353060
30-79	085480
30-80	121100
30-80	121090
30-80	122600
30-80	123850
30-80	170140
30-80	01031670
30-80	138530
30-80	168410
30-80	301780
30-80	137500
30-81	139240
30-81	143790
30-81	140470
30-81	057840
30-81	141400
30-81	125500
30-81	177270
30-81	142470
30-81	003160
30-81	144330
30-82	065280
30-82	01042960
30-82	236220
30-82	163510
30-82	164310
30-82	301260
30-82	300920
30-82	163080
30-82	279700
30-82	070730
30-83	164230
30-83	162910
30-83	165400
30-83	166080
30-83	01002740
30-83	163870
30-83	170720
30-83	163370
30-83	300230
30-83	163900
30-84	196950
30-84	007090
30-84	198620
30-84	196370
30-84	200140
30-84	236070
30-84	214810
30-84	084160
30-84	194860
30-84	216230
30-85	162420
30-85	224680
30-85	163820
30-85	224420
30-85	133270
30-85	227670
30-85	224450
30-85	227950
30-85	228150
30-85	212730
30-86	337060
30-86	320540
30-86	158070
30-86	155140
30-86	265320
30-86	157250
30-86	375240
30-86	01039860
30-86	01014960
30-86	327490
30-87	282300
30-87	180700
30-87	283660
30-87	01067170
30-87	281620
30-87	280690
30-87	01067680
30-87	281980
30-87	281400
30-87	281350
30-88	370320
30-88	356970
30-88	355230
30-88	366540
30-88	370420
30-88	353060
30-88	084620
30-88	215890
30-88	01078450
30-88	348080
30-89	409040
30-89	408680
30-89	465130
30-89	403130
30-89	408910
30-89	410030
30-89	407980
30-89	403670
30-89	407890
30-89	410290
30-90	454440
30-90	453510
30-90	452320
30-90	451430
30-90	01091330
30-90	451740
30-90	454560
30-90	454890
30-90	452500
30-90	452240
30-91	461780
30-91	463360
30-91	459630
30-91	460260
30-91	457340
30-91	462380
30-91	463680
30-91	463150
30-91	456660
30-91	004590
30-92	051570
30-92	048760
30-92	050850
30-92	046940
30-92	043450
30-92	046380
30-92	045940
30-92	046850
30-92	045150
30-92	102690
30-93	351610
30-93	01003070
30-93	061600
30-93	063450
30-93	062470
30-93	059230
30-93	01033030
30-93	443040
30-93	055200
30-93	092600
30-94	498990
30-94	499390
30-94	498900
30-94	416630
30-94	455530
30-94	101160
30-94	01092300
30-94	153460
30-94	504730
30-94	100110
31-1	134920
31-1	132750
31-1	007150
31-1	142110
31-1	134970
31-1	165190
31-1	118920
31-1	167760
31-1	135540
31-1	071870
31-2	169430
31-2	174450
31-2	167060
31-2	01045990
31-2	173560
31-2	171270
31-2	172800
31-2	140630
31-2	01035780
31-2	163100
31-3	186570
31-3	01020620
31-3	538090
31-3	169430
31-3	186930
31-3	188100
31-3	187880
31-3	01035540
31-3	492170
31-3	276870
31-4	214110
31-4	212900
31-4	057430
31-4	219380
31-4	220060
31-4	213620
31-4	218590
31-4	217440
31-4	057060
31-4	529220
31-5	307930
31-5	376370
31-5	142380
31-5	393260
31-5	306710
31-5	113910
31-5	394670
31-5	01065860
31-5	192800
31-5	061750
31-6	333470
31-6	325710
31-6	223020
31-6	333080
31-6	325640
31-6	333970
31-6	262670
31-6	260930
31-6	333120
31-6	262580
31-7	341570
31-7	342830
31-7	190080
31-7	269680
31-7	341560
31-7	009220
31-7	01084270
31-7	086760
31-7	191590
31-7	373120
31-8	397850
31-8	397890
31-8	100390
31-8	342040
31-8	451720
31-8	478360
31-8	324590
31-8	477120
31-8	151450
31-8	452090
31-9	498140
31-9	498120
31-9	01004210
31-9	498130
31-9	285550
31-9	498100
31-9	244900
31-9	498110
31-9	156740
31-9	254820
31-10	378180
31-10	398460
31-10	375630
31-10	521520
31-10	378440
31-10	433360
31-10	455530
31-10	522690
31-10	522370
31-10	088920
31-11	437420
31-11	084610
31-11	437430
31-11	042480
31-11	329360
31-11	122000
31-11	337590
31-11	084490
31-11	157160
31-11	087570
31-12	086750
31-12	086930
31-12	086810
31-12	033740
31-12	086920
31-12	195760
31-12	136710
31-12	192580
31-12	033510
31-12	087590
31-13	020020
31-13	005970
31-13	004660
31-13	268750
31-13	146800
31-13	195750
31-13	195390
31-13	498410
31-13	120890
31-13	267490
31-14	198210
31-14	040430
31-14	012700
31-14	123760
31-14	011330
31-14	006840
31-14	120300
31-14	126190
31-14	011980
31-14	008220
31-15	008440
31-15	007710
31-15	012280
31-15	013450
31-15	136180
31-15	011500
31-15	019620
31-15	197600
31-15	013770
31-15	005600
31-16	042480
31-16	087490
31-16	132430
31-16	122000
31-16	448390
31-16	539390
31-16	01080460
31-16	366560
31-16	361110
31-16	305070
31-17	071780
31-17	074240
31-17	070990
31-17	01020170
31-17	073510
31-17	072410
31-17	070470
31-17	276480
31-17	070030
31-17	073370
31-18	285760
31-18	082110
31-18	286100
31-18	082100
31-18	488400
31-18	041030
31-18	083130
31-18	083220
31-18	081070
31-18	227120
31-19	254730
31-19	083150
31-19	082600
31-19	361360
31-19	317580
31-19	081450
31-19	154860
31-19	285380
31-19	156010
31-19	081170
31-20	116250
31-20	343470
31-20	116290
31-20	324280
31-20	116230
31-20	026630
31-20	085890
31-20	105510
31-20	342840
31-20	067070
31-21	01051670
31-21	01033030
31-21	061520
31-21	01065710
31-21	237400
31-21	126390
31-21	01092560
31-21	123700
31-21	123120
31-21	01005320
31-22	000870
31-22	135970
31-22	491280
31-22	137930
31-22	000620
31-22	169100
31-22	276320
31-22	166930
31-22	491480
31-22	137140
31-23	152120
31-23	105540
31-23	151930
31-23	152180
31-23	241290
31-23	241380
31-23	152330
31-23	105240
31-23	507010
31-23	398120
31-24	156580
31-24	386370
31-24	156000
31-24	158940
31-24	417410
31-24	042360
31-24	490120
31-24	158070
31-24	245670
31-24	039080
31-25	01004530
31-25	016810
31-25	245990
31-25	068300
31-25	173220
31-25	200380
31-25	480600
31-25	067510
31-25	366330
31-25	176740
31-26	176990
31-26	169390
31-26	140260
31-26	173920
31-26	276580
31-26	176090
31-26	169030
31-26	171290
31-26	393440
31-26	172390
31-27	019620
31-27	136180
31-27	008440
31-27	440120
31-27	197600
31-27	445320
31-27	058460
31-27	444520
31-27	007710
31-27	441680
31-28	199520
31-28	235980
31-28	198910
31-28	237820
31-28	058740
31-28	236150
31-28	234920
31-28	187240
31-28	015190
31-28	019890
31-29	080230
31-29	152760
31-29	001540
31-29	152740
31-29	032290
31-29	224390
31-29	031510
31-29	436790
31-29	336740
31-29	039930
31-30	247850
31-30	112890
31-30	104840
31-30	248040
31-30	112880
31-30	105480
31-30	247430
31-30	042590
31-30	249930
31-30	247440
31-31	01062480
31-31	082110
31-31	318000
31-31	156720
31-31	259890
31-31	041030
31-31	326780
31-31	482460
31-31	082720
31-31	488380
31-32	275430
31-32	388030
31-32	275190
31-32	389020
31-32	01064570
31-32	388550
31-32	164790
31-32	388590
31-32	389030
31-32	388900
31-33	318240
31-33	067510
31-33	236780
31-33	039250
31-33	168740
31-33	280460
31-33	318330
31-33	046390
31-33	172220
31-33	092300
31-34	305590
31-34	308630
31-34	305640
31-34	01071730
31-34	164790
31-34	304910
31-34	305880
31-34	276910
31-34	306000
31-34	304330
31-35	243640
31-35	033600
31-35	033850
31-35	099450
31-35	033560
31-35	184860
31-35	003160
31-35	053450
31-35	098730
31-35	001640
31-36	345040
31-36	343470
31-36	342840
31-36	347800
31-36	358350
31-36	348720
31-36	346210
31-36	343320
31-36	342110
31-36	119750
31-37	362900
31-37	364480
31-37	347450
31-37	356870
31-37	349480
31-37	353290
31-37	357980
31-37	432000
31-37	356680
31-37	367780
31-38	396570
31-38	397260
31-38	396150
31-38	395890
31-38	396160
31-38	01096650
31-38	395800
31-38	396300
31-38	396420
31-38	396860
31-39	305790
31-39	327820
31-39	401430
31-39	401260
31-39	400490
31-39	324130
31-39	401310
31-39	402360
31-39	404320
31-39	403070
31-40	258670
31-40	338860
31-40	343110
31-40	335890
31-40	336180
31-40	154330
31-40	156650
31-40	161060
31-40	038010
31-40	335950
31-41	436790
31-41	003130
31-41	162810
31-41	150900
31-41	138270
31-41	346350
31-41	119250
31-41	343810
31-41	350270
31-41	287830
31-42	440860
31-42	441280
31-42	440090
31-42	437800
31-42	438200
31-42	438760
31-42	441190
31-42	438680
31-42	439460
31-42	440630
31-43	455830
31-43	456010
31-43	01092300
31-43	456150
31-43	457700
31-43	456020
31-43	304340
31-43	267460
31-43	457490
31-43	456660
31-44	079490
31-44	479720
31-44	082110
31-44	326160
31-44	285630
31-44	082720
31-44	01014960
31-44	01062480
31-44	01014980
31-44	547670
31-45	004260
31-45	016560
31-45	066870
31-45	004290
31-45	01002190
31-45	066840
31-45	212430
31-45	066920
31-45	227440
31-45	066860
31-46	004330
31-46	005160
31-46	004680
31-46	030140
31-46	006060
31-46	004810
31-46	013450
31-46	008090
31-46	007430
31-46	006130
31-47	021750
31-47	021800
31-47	271730
31-47	001480
31-47	400010
31-47	342110
31-47	343520
31-47	348220
31-47	028950
31-47	269040
31-48	061640
31-48	004230
31-48	062810
31-48	217020
31-48	108630
31-48	080620
31-48	105440
31-48	062420
31-48	011130
31-48	538750
31-49	233630
31-49	001410
31-49	233610
31-49	031260
31-49	000140
31-49	055560
31-49	055540
31-49	233640
31-49	233650
31-49	064560
31-50	084700
31-50	084420
31-50	395650
31-50	360830
31-50	245230
31-50	207010
31-50	108620
31-50	297190
31-50	336180
31-50	355210
31-51	017240
31-51	01007350
31-51	019000
31-51	01007240
31-51	01001160
31-51	003170
31-51	019010
31-51	323730
31-51	154450
31-51	018990
31-52	086710
31-52	151750
31-52	151730
31-52	035850
31-52	086760
31-52	058490
31-52	086840
31-52	338220
31-52	062110
31-52	224690
31-53	411820
31-53	337060
31-53	261890
31-53	264500
31-53	320540
31-53	262640
31-53	417640
31-53	262260
31-53	504880
31-53	324420
31-54	400710
31-54	507010
31-54	401080
31-54	410770
31-54	456580
31-54	400290
31-54	404920
31-54	402600
31-54	400950
31-54	400050
31-55	437770
31-55	438010
31-55	240420
31-55	437670
31-55	133210
31-55	438550
31-55	438060
31-55	437680
31-55	098660
31-55	164020
31-56	01039750
31-56	261930
31-56	472510
31-56	333490
31-56	330010
31-56	111180
31-56	270560
31-56	264090
31-56	402830
31-56	259060
31-57	484130
31-57	304540
31-57	519900
31-57	432150
31-57	484230
31-57	243750
31-57	01071270
31-57	484160
31-57	484920
31-57	027890
31-58	290100
31-58	294130
31-58	291860
31-58	292050
31-58	291750
31-58	290800
31-58	290710
31-58	293980
31-58	289350
31-58	349250
31-59	169100
31-59	061830
31-59	008880
31-59	072740
31-59	240940
31-59	308290
31-59	407840
31-59	043880
31-59	551510
31-59	257390
31-60	491970
31-60	263110
31-60	491180
31-60	281580
31-60	491000
31-60	331230
31-60	307390
31-60	283610
31-60	173280
31-60	379210
31-61	451540
31-61	451530
31-61	452240
31-61	01091330
31-61	452090
31-61	451760
31-61	452740
31-61	452230
31-61	452080
31-61	451480
31-62	054060
31-62	053470
31-62	054800
31-62	053630
31-62	053660
31-62	037510
31-62	315150
31-62	243960
31-62	053870
31-62	451500
31-63	154980
31-63	030400
31-63	107210
31-63	156340
31-63	328000
31-63	451510
31-63	331340
31-63	324470
31-63	478680
31-63	416580
31-64	440110
31-64	01089070
31-64	439300
31-64	437800
31-64	440860
31-64	439220
31-64	439060
31-64	01088770
31-64	438810
31-64	438190
31-65	01014160
31-65	259960
31-65	155390
31-65	039020
31-65	181650
31-65	042520
31-65	324140
31-65	155870
31-65	01039370
31-65	155350
31-66	057140
31-66	063520
31-66	056260
31-66	056680
31-66	056760
31-66	004130
31-66	058260
31-66	375040
31-66	336860
31-66	056940
31-67	430870
31-67	511150
31-67	100600
31-67	327480
31-67	400860
31-67	426310
31-67	499390
31-67	490330
31-67	400940
31-67	275390
31-68	133810
31-68	142690
31-68	169840
31-68	059650
31-68	105490
31-68	01035850
31-68	138190
31-68	141220
31-68	141310
31-68	134560
31-69	193210
31-69	162290
31-69	162400
31-69	193270
31-69	193250
31-69	193220
31-69	193260
31-69	162330
31-69	032250
31-69	162320
31-70	212790
31-70	01047280
31-70	213110
31-70	056460
31-70	182210
31-70	181740
31-70	214360
31-70	182080
31-70	214720
31-70	213000
31-71	262170
31-71	121150
31-71	007650
31-71	142820
31-71	262060
31-71	121560
31-71	163300
31-71	158340
31-71	259650
31-71	260660
31-72	301680
31-72	300420
31-72	01070820
31-72	300570
31-72	01070680
31-72	300060
31-72	248550
31-72	489170
31-72	302350
31-72	300810
31-73	321010
31-73	320900
31-73	262350
31-73	321020
31-73	045680
31-73	079080
31-73	286060
31-73	104220
31-73	079520
31-73	01068600
31-74	388420
31-74	389650
31-74	01062480
31-74	064810
31-74	01001530
31-74	156720
31-74	046230
31-74	215830
31-74	416030
31-74	318240
31-75	441590
31-75	440160
31-75	438680
31-75	01089070
31-75	440940
31-75	442700
31-75	440860
31-75	440040
31-75	437800
31-75	438150
31-76	451910
31-76	452980
31-76	452740
31-76	01091330
31-76	452090
31-76	454200
31-76	454020
31-76	377400
31-76	452350
31-76	417700
31-77	457790
31-77	458580
31-77	456310
31-77	01092180
31-77	456370
31-77	457930
31-77	455980
31-77	456750
31-77	457440
31-77	456860
31-78	456100
31-78	460150
31-78	462370
31-78	01092670
31-78	457660
31-78	456780
31-78	456250
31-78	463980
31-78	457950
31-78	455950
31-79	473600
31-79	259330
31-79	328190
31-79	01029670
31-79	161800
31-79	261090
31-79	329520
31-79	246390
31-79	428090
31-79	351290
31-80	060060
31-80	238230
31-80	230550
31-80	138930
31-80	010410
31-80	201160
31-80	122300
31-80	01058340
31-80	236190
31-80	117820
31-81	513160
31-81	512290
31-81	361830
31-81	404510
31-81	513230
31-81	351420
31-81	511760
31-81	511670
31-81	056590
31-81	416630
31-82	092400
31-82	275880
31-82	031420
31-82	152740
31-82	01070630
31-82	000670
31-82	031380
31-82	090190
31-82	031440
31-82	277510
31-83	069120
31-83	353760
31-83	079070
31-83	288380
31-83	123430
31-83	068210
31-83	352280
31-83	288220
31-83	322320
31-83	292970
31-84	540340
31-84	148220
31-84	149790
31-84	149240
31-84	148180
31-84	543740
31-84	150710
31-84	148110
31-84	148700
31-84	540280
31-85	166380
31-85	167030
31-85	133610
31-85	01043470
31-85	388800
31-85	164800
31-85	164100
31-85	167560
31-85	01045390
31-85	172000
31-86	422290
31-86	139920
31-86	226210
31-86	177560
31-86	422750
31-86	432990
31-86	055970
31-86	423310
31-86	465210
31-86	422350
31-87	477600
31-87	477120
31-87	477770
31-87	478280
31-87	477670
31-87	478530
31-87	477250
31-87	478590
31-87	478580
31-87	476780
31-88	137140
31-88	174390
31-88	173480
31-88	135440
31-88	146270
31-88	167400
31-88	169460
31-88	166250
31-88	198710
31-88	135970
31-89	162740
31-89	387940
31-89	163470
31-89	162800
31-89	168240
31-89	167010
31-89	163600
31-89	390140
31-89	163110
31-89	112760
31-90	276980
31-90	175030
31-90	171090
31-90	101230
31-90	163460
31-90	01046720
31-90	391640
31-90	165650
31-90	173170
31-90	178970
31-91	349510
31-91	350450
31-91	350190
31-91	044630
31-91	068400
31-91	327160
31-91	354000
31-91	349890
31-91	348080
31-91	292490
31-92	491920
31-92	494580
31-92	491330
31-92	492870
31-92	494770
31-92	494540
31-92	492660
31-92	491400
31-92	493480
31-92	493420
31-93	447900
31-93	295970
31-93	114660
31-93	322390
31-93	475800
31-93	002190
31-93	488400
31-93	257360
31-93	259270
31-93	515100
31-94	390740
31-94	391650
31-94	206610
31-94	01017180
31-94	390430
31-94	394450
31-94	459720
31-94	277450
31-94	307700
31-94	169460
32-1	01089370
32-1	01088770
32-1	062660
32-1	01032950
32-1	482540
32-1	01001810
32-1	244040
32-1	01005380
32-1	210040
32-1	443050
32-2	173780
32-2	141790
32-2	142070
32-2	140890
32-2	173030
32-2	137180
32-2	160480
32-2	139650
32-2	170880
32-2	143510
32-3	242710
32-3	031350
32-3	275190
32-3	163060
32-3	504930
32-3	032520
32-3	242690
32-3	017180
32-3	300060
32-3	224630
32-4	117860
32-4	098770
32-4	117850
32-4	117960
32-4	121630
32-4	002050
32-4	01031380
32-4	164910
32-4	005960
32-4	056730
32-5	210450
32-5	020500
32-5	210440
32-5	493970
32-5	129060
32-5	209770
32-5	492520
32-5	233140
32-5	494440
32-5	129070
32-6	244620
32-6	01001540
32-6	147490
32-6	183640
32-6	130420
32-6	243030
32-6	182730
32-6	148700
32-6	547200
32-6	149700
32-7	154500
32-7	455540
32-7	093150
32-7	244280
32-7	137920
32-7	154770
32-7	243880
32-7	030020
32-7	056680
32-7	038420
32-8	019750
32-8	121000
32-8	107260
32-8	067450
32-8	042580
32-8	01004080
32-8	271040
32-8	105620
32-8	017420
32-8	106650
32-9	022940
32-9	023300
32-9	024340
32-9	023810
32-9	023020
32-9	022230
32-9	022540
32-9	022910
32-9	023250
32-9	022110
32-10	218040
32-10	381460
32-10	025190
32-10	068370
32-10	217760
32-10	01013210
32-10	142270
32-10	01011230
32-10	271410
32-10	318310
32-11	070700
32-11	066140
32-11	186340
32-11	070250
32-11	069930
32-11	086180
32-11	069650
32-11	400850
32-11	070660
32-11	072130
32-12	117760
32-12	165230
32-12	163640
32-12	132860
32-12	113590
32-12	275110
32-12	133260
32-12	457550
32-12	387900
32-12	056050
32-13	118240
32-13	01003090
32-13	117990
32-13	113880
32-13	132860
32-13	134320
32-13	165400
32-13	118650
32-13	056150
32-13	004990
32-14	130350
32-14	130570
32-14	130640
32-14	130430
32-14	130120
32-14	092110
32-14	01020220
32-14	130870
32-14	130330
32-14	214130
32-15	243100
32-15	424030
32-15	147110
32-15	130490
32-15	039940
32-15	01037270
32-15	146750
32-15	259020
32-15	130300
32-15	130420
32-16	062300
32-16	068930
32-16	325720
32-16	062070
32-16	043750
32-16	044420
32-16	060390
32-16	466500
32-16	450850
32-16	125710
32-17	155610
32-17	039310
32-17	01007430
32-17	224970
32-17	317500
32-17	031790
32-17	258990
32-17	018010
32-17	01003330
32-17	155340
32-18	159660
32-18	093310
32-18	046870
32-18	482510
32-18	019950
32-18	157540
32-18	060800
32-18	01041190
32-18	123850
32-18	203360
32-19	390930
32-19	139940
32-19	168820
32-19	168410
32-19	170170
32-19	174180
32-19	170140
32-19	01045670
32-19	173310
32-19	142470
32-20	175910
32-20	005780
32-20	005400
32-20	113550
32-20	176970
32-20	300950
32-20	224480
32-20	136320
32-20	118860
32-20	134890
32-21	184500
32-21	233650
32-21	098650
32-21	184480
32-21	000040
32-21	000020
32-21	098660
32-21	373510
32-21	029810
32-21	184490
32-22	019950
32-22	199610
32-22	060800
32-22	01051670
32-22	199600
32-22	301780
32-22	121100
32-22	202540
32-22	123850
32-22	236580
32-23	132860
32-23	133500
32-23	134320
32-23	113880
32-23	165400
32-23	165080
32-23	166720
32-23	055720
32-23	162990
32-23	224930
32-24	373100
32-24	243000
32-24	224260
32-24	001140
32-24	056280
32-24	374170
32-24	006080
32-24	001170
32-24	289120
32-24	373110
32-25	381350
32-25	247840
32-25	053620
32-25	101060
32-25	030750
32-25	257840
32-25	003260
32-25	502140
32-25	098730
32-25	403580
32-26	301780
32-26	303210
32-26	302160
32-26	121100
32-26	302200
32-26	302980
32-26	302430
32-26	093310
32-26	018350
32-26	170140
32-27	058420
32-27	057200
32-27	001050
32-27	257240
32-27	315670
32-27	257710
32-27	000990
32-27	257650
32-27	172720
32-27	044060
32-28	032340
32-28	01076910
32-28	342770
32-28	064590
32-28	342950
32-28	032380
32-28	064620
32-28	343010
32-28	352300
32-28	086910
32-29	391060
32-29	393510
32-29	391080
32-29	389720
32-29	392430
32-29	067870
32-29	392880
32-29	121790
32-29	071160
32-29	543100
32-30	395010
32-30	021410
32-30	467810
32-30	098920
32-30	395020
32-30	451370
32-30	254610
32-30	053740
32-30	423520
32-30	478670
32-31	406030
32-31	408350
32-31	419960
32-31	341060
32-31	020700
32-31	01001870
32-31	329170
32-31	020690
32-31	401890
32-31	341030
32-32	375240
32-32	259430
32-32	245310
32-32	155140
32-32	259810
32-32	01039860
32-32	265320
32-32	337060
32-32	377950
32-32	259440
32-33	404510
32-33	408970
32-33	417870
32-33	404500
32-33	405760
32-33	330800
32-33	324670
32-33	308730
32-33	408910
32-33	281620
32-34	440130
32-34	01004340
32-34	241040
32-34	511380
32-34	511130
32-34	152030
32-34	01084270
32-34	197160
32-34	241130
32-34	026640
32-35	01091330
32-35	453150
32-35	452090
32-35	451530
32-35	451540
32-35	453160
32-35	454530
32-35	452660
32-35	451760
32-35	453940
32-36	482460
32-36	259810
32-36	327500
32-36	018350
32-36	043060
32-36	081360
32-36	320540
32-36	156720
32-36	482450
32-36	349500
32-37	482700
32-37	482600
32-37	400860
32-37	500110
32-37	488440
32-37	482690
32-37	339700
32-37	490170
32-37	482610
32-37	490460
32-38	151020
32-38	150910
32-38	357060
32-38	067580
32-38	343640
32-38	548880
32-38	292660
32-38	259340
32-38	327360
32-38	388530
32-39	01067940
32-39	280150
32-39	280440
32-39	169190
32-39	01066990
32-39	280770
32-39	281370
32-39	280130
32-39	281160
32-39	281450
32-40	328750
32-40	161800
32-40	329730
32-40	402280
32-40	331370
32-40	329150
32-40	329370
32-40	327770
32-40	472140
32-40	552120
32-41	094080
32-41	036890
32-41	106740
32-41	036900
32-41	475840
32-41	477550
32-41	375240
32-41	290130
32-41	129810
32-41	156720
32-42	101060
32-42	105450
32-42	062150
32-42	104900
32-42	105350
32-42	251230
32-42	01055600
32-42	087340
32-42	106820
32-42	105340
32-43	122350
32-43	171160
32-43	172040
32-43	000530
32-43	169930
32-43	009610
32-43	119060
32-43	168940
32-43	172660
32-43	170990
32-44	472920
32-44	131420
32-44	131710
32-44	451490
32-44	131210
32-44	045460
32-44	149910
32-44	109500
32-44	308420
32-44	043900
32-45	151730
32-45	151750
32-45	01027510
32-45	104460
32-45	033980
32-45	104900
32-45	062150
32-45	033570
32-45	033730
32-45	01002990
32-46	343860
32-46	259050
32-46	347800
32-46	344610
32-46	349640
32-46	041440
32-46	336050
32-46	040190
32-46	01076220
32-46	342120
32-47	300440
32-47	163720
32-47	166900
32-47	280030
32-47	194240
32-47	172660
32-47	164820
32-47	056000
32-47	01083480
32-47	01043800
32-48	268400
32-48	268420
32-48	268380
32-48	268410
32-48	01013860
32-48	018050
32-48	033930
32-48	343210
32-48	132700
32-48	293820
32-49	301780
32-49	283020
32-49	280850
32-49	01067170
32-49	282310
32-49	282000
32-49	301770
32-49	01070910
32-49	280690
32-49	170140
32-50	298230
32-50	365050
32-50	369790
32-50	367950
32-50	169350
32-50	138250
32-50	293950
32-50	299590
32-50	055970
32-50	279960
32-51	306810
32-51	309240
32-51	177500
32-51	311560
32-51	170140
32-51	310970
32-51	305880
32-51	305620
32-51	311280
32-51	308700
32-52	259050
32-52	328250
32-52	01001600
32-52	259780
32-52	003400
32-52	350390
32-52	326780
32-52	336050
32-52	349500
32-52	006510
32-53	482460
32-53	471650
32-53	416300
32-53	415950
32-53	327490
32-53	416340
32-53	260340
32-53	327100
32-53	542250
32-53	479080
32-54	003100
32-54	098760
32-54	108600
32-54	015540
32-54	01078590
32-54	287900
32-54	350310
32-54	291990
32-54	289350
32-54	005480
32-55	424720
32-55	426310
32-55	424160
32-55	425060
32-55	425090
32-55	425330
32-55	424890
32-55	01091920
32-55	425260
32-55	425760
32-56	426670
32-56	423520
32-56	430120
32-56	429070
32-56	424910
32-56	424220
32-56	424280
32-56	429320
32-56	424600
32-56	426740
32-57	271770
32-57	270920
32-57	288670
32-57	501860
32-57	491350
32-57	269960
32-57	491340
32-57	272070
32-57	324970
32-57	274220
32-58	116310
32-58	116390
32-58	087240
32-58	01002290
32-58	057850
32-58	021890
32-58	123090
32-58	014160
32-58	471620
32-58	132730
32-59	134550
32-59	163620
32-59	119060
32-59	136680
32-59	165050
32-59	01035080
32-59	005640
32-59	145430
32-59	134240
32-59	213440
32-60	390600
32-60	137860
32-60	172610
32-60	136930
32-60	137180
32-60	144570
32-60	145130
32-60	145550
32-60	141800
32-60	145690
32-61	141400
32-61	141360
32-61	145290
32-61	136180
32-61	145180
32-61	172950
32-61	053520
32-61	099450
32-61	01003570
32-61	120900
32-62	140120
32-62	164820
32-62	163710
32-62	190160
32-62	032030
32-62	133770
32-62	164210
32-62	176050
32-62	117110
32-62	133660
32-63	275180
32-63	456760
32-63	404700
32-63	400780
32-63	223150
32-63	188450
32-63	388130
32-63	287940
32-63	407850
32-63	279670
32-64	286330
32-64	284940
32-64	285590
32-64	351610
32-64	064460
32-64	025870
32-64	350850
32-64	285180
32-64	104420
32-64	285320
32-65	01012560
32-65	291860
32-65	01012490
32-65	293400
32-65	293070
32-65	290100
32-65	355580
32-65	104550
32-65	293970
32-65	044840
32-66	403610
32-66	401540
32-66	458710
32-66	403140
32-66	402610
32-66	402810
32-66	404150
32-66	402580
32-66	404220
32-66	403430
32-67	003800
32-67	478790
32-67	448390
32-67	478700
32-67	479080
32-67	01001810
32-67	01096840
32-67	243780
32-67	01096830
32-67	099620
32-68	304410
32-68	304410
32-68	306220
32-68	305820
32-68	306810
32-68	01071220
32-68	305610
32-68	01076140
32-68	306400
32-68	01072140
32-69	066910
32-69	003130
32-69	338020
32-69	017160
32-69	001410
32-69	080840
32-69	055930
32-69	103670
32-69	055780
32-69	001620
32-70	379410
32-70	382370
32-70	380820
32-70	378980
32-70	373950
32-70	379170
32-70	379420
32-70	378450
32-70	01024750
32-70	374330
32-71	005640
32-71	005800
32-71	193650
32-71	004600
32-71	195820
32-71	005930
32-71	006400
32-71	055940
32-71	006540
32-71	194910
32-72	015660
32-72	055650
32-72	01009250
32-72	015560
32-72	066070
32-72	015670
32-72	01074100
32-72	015950
32-72	015620
32-72	01006550
32-73	031260
32-73	103670
32-73	000100
32-73	001600
32-73	032290
32-73	031240
32-73	343810
32-73	001550
32-73	289410
32-73	080230
32-74	256810
32-74	001170
32-74	287370
32-74	256820
32-74	447900
32-74	200990
32-74	146660
32-74	038270
32-74	195250
32-74	01070610
32-75	234290
32-75	374700
32-75	156050
32-75	081060
32-75	112650
32-75	374170
32-75	059670
32-75	356960
32-75	259050
32-75	320010
32-76	084410
32-76	084690
32-76	084420
32-76	351820
32-76	352130
32-76	331020
32-76	099360
32-76	189600
32-76	243730
32-76	017510
32-77	085080
32-77	085160
32-77	067300
32-77	090410
32-77	067570
32-77	080940
32-77	300470
32-77	089860
32-77	080900
32-77	067290
32-78	039770
32-78	016770
32-78	026080
32-78	000390
32-78	100010
32-78	053580
32-78	053870
32-78	326630
32-78	01029270
32-78	079050
32-79	041620
32-79	131490
32-79	506010
32-79	131460
32-79	148620
32-79	131090
32-79	148320
32-79	149070
32-79	149090
32-79	327930
32-80	132090
32-80	132170
32-80	131930
32-80	131970
32-80	132060
32-80	065030
32-80	001910
32-80	280460
32-80	400660
32-80	132110
32-81	143250
32-81	143070
32-81	126320
32-81	137180
32-81	135670
32-81	140890
32-81	177060
32-81	012660
32-81	205780
32-81	180710
32-82	166660
32-82	165560
32-82	162990
32-82	164250
32-82	167010
32-82	170090
32-82	166200
32-82	134420
32-82	132860
32-82	170050
32-83	167600
32-83	01044340
32-83	162770
32-83	164210
32-83	01064620
32-83	388740
32-83	280850
32-83	388690
32-83	389380
32-83	165940
32-84	038950
32-84	017140
32-84	335940
32-84	166310
32-84	017290
32-84	01022000
32-84	254050
32-84	214040
32-84	154430
32-84	038930
32-85	441020
32-85	441730
32-85	247530
32-85	248550
32-85	01088960
32-85	249480
32-85	247720
32-85	443390
32-85	249260
32-85	250700
32-86	196670
32-86	214010
32-86	071440
32-86	195500
32-86	196660
32-86	057020
32-86	098210
32-86	234870
32-86	195580
32-86	098090
32-87	165820
32-87	166570
32-87	166510
32-87	058050
32-87	166790
32-87	165390
32-87	163480
32-87	335980
32-87	475990
32-87	290600
32-88	440880
32-88	01089070
32-88	440590
32-88	211060
32-88	439060
32-88	197940
32-88	439720
32-88	438000
32-88	439420
32-88	441040
32-89	216900
32-89	023620
32-89	004180
32-89	216080
32-89	216740
32-89	023760
32-89	367080
32-89	350850
32-89	346210
32-89	218120
32-90	217580
32-90	215190
32-90	395130
32-90	371570
32-90	087370
32-90	097760
32-90	214860
32-90	379770
32-90	122720
32-90	057060
32-91	153010
32-91	269400
32-91	153410
32-91	153190
32-91	330840
32-91	153490
32-91	153590
32-91	488720
32-91	153040
32-91	153920
32-92	284750
32-92	103870
32-92	081750
32-92	284950
32-92	285420
32-92	284740
32-92	348960
32-92	328790
32-92	068210
32-92	285540
32-93	352530
32-93	292900
32-93	354250
32-93	293970
32-93	121100
32-93	009270
32-93	199610
32-93	068460
32-93	290140
32-93	201030
32-94	308880
32-94	307710
32-94	308230
32-94	307990
32-94	308120
32-94	311660
32-94	311280
32-94	508490
32-94	306880
32-94	310240
33-1	313380
33-1	310210
33-1	394330
33-1	310650
33-1	409910
33-1	313750
33-1	312140
33-1	311470
33-1	309390
33-1	312490
33-2	318240
33-2	318290
33-2	017060
33-2	01073570
33-2	01001530
33-2	318520
33-2	01096330
33-2	318330
33-2	019750
33-2	344290
33-3	331790
33-3	106400
33-3	161800
33-3	334100
33-3	223590
33-3	329410
33-3	263120
33-3	255080
33-3	222810
33-3	261930
33-4	065950
33-4	338650
33-4	066080
33-4	151700
33-4	156120
33-4	084180
33-4	151280
33-4	033050
33-4	338680
33-4	452100
33-5	339420
33-5	339500
33-5	339300
33-5	244090
33-5	243840
33-5	327790
33-5	416320
33-5	378160
33-5	155840
33-5	339690
33-6	034100
33-6	358130
33-6	063080
33-6	355120
33-6	087590
33-6	105210
33-6	363630
33-6	087630
33-6	363460
33-6	087420
33-7	402500
33-7	402780
33-7	402910
33-7	401510
33-7	400860
33-7	400100
33-7	400020
33-7	400630
33-7	401940
33-7	402590
33-8	416240
33-8	416760
33-8	056590
33-8	416490
33-8	130730
33-8	326660
33-8	327120
33-8	328060
33-8	419040
33-8	416380
33-9	426270
33-9	425530
33-9	426040
33-9	430120
33-9	426920
33-9	426370
33-9	427750
33-9	423880
33-9	425020
33-9	427090
33-10	443820
33-10	012660
33-10	126320
33-10	316460
33-10	443810
33-10	123210
33-10	176630
33-10	443960
33-10	017060
33-10	511670
33-11	443930
33-11	445890
33-11	444060
33-11	444570
33-11	443870
33-11	442750
33-11	443850
33-11	375240
33-11	482450
33-11	368480
33-12	461350
33-12	462720
33-12	459540
33-12	459250
33-12	463360
33-12	458920
33-12	01092310
33-12	01091970
33-12	01091830
33-12	01094300
33-13	458140
33-13	01091920
33-13	424760
33-13	457760
33-13	306610
33-13	521490
33-13	458570
33-13	166030
33-13	456860
33-13	389520
33-14	467800
33-14	468410
33-14	468140
33-14	468230
33-14	468500
33-14	468590
33-14	215180
33-14	043690
33-14	467740
33-14	469100
33-15	159060
33-15	437250
33-15	397850
33-15	521830
33-15	398490
33-15	398530
33-15	431990
33-15	000800
33-15	506080
33-15	416700
33-16	023760
33-16	023620
33-16	023800
33-16	451440
33-16	01007490
33-16	346890
33-16	511310
33-16	511840
33-16	017370
33-16	01078640
33-17	268990
33-17	349640
33-17	348680
33-17	156720
33-17	044800
33-17	338050
33-17	357310
33-17	018290
33-17	01079270
33-17	347800
33-18	552380
33-18	152390
33-18	159170
33-18	124920
33-18	197160
33-18	152600
33-18	01009030
33-18	241830
33-18	152040
33-18	152550
33-19	215640
33-19	218040
33-19	519870
33-19	214430
33-19	217760
33-19	01056030
33-19	125850
33-19	212580
33-19	214510
33-19	128340
33-20	01002570
33-20	01002610
33-20	455900
33-20	100310
33-20	056760
33-20	146920
33-20	004750
33-20	080730
33-20	336370
33-20	006280
33-21	388710
33-21	275430
33-21	388030
33-21	276640
33-21	275190
33-21	01064570
33-21	01065900
33-21	388590
33-21	387920
33-21	388900
33-22	307930
33-22	175970
33-22	306810
33-22	311660
33-22	310240
33-22	311120
33-22	282540
33-22	305800
33-22	309010
33-22	311970
33-23	333510
33-23	330230
33-23	262070
33-23	01075290
33-23	263470
33-23	264850
33-23	263760
33-23	223880
33-23	333790
33-23	333120
33-24	062290
33-24	173480
33-24	01050330
33-24	142090
33-24	427190
33-24	057850
33-24	174390
33-24	283030
33-24	060980
33-24	062280
33-25	048510
33-25	286330
33-25	050500
33-25	205020
33-25	349300
33-25	047910
33-25	265190
33-25	049840
33-25	518310
33-25	482510
33-26	060920
33-26	061490
33-26	241670
33-26	235730
33-26	173010
33-26	057630
33-26	022050
33-26	061330
33-26	01058220
33-26	124490
33-27	090300
33-27	090700
33-27	094280
33-27	033600
33-27	090530
33-27	089510
33-27	038620
33-27	089350
33-27	090510
33-27	084310
33-28	170000
33-28	137180
33-28	140890
33-28	009610
33-28	170660
33-28	146240
33-28	145690
33-28	01050180
33-28	140900
33-28	059700
33-29	158690
33-29	261600
33-29	244960
33-29	330770
33-29	259610
33-29	018170
33-29	354280
33-29	01079270
33-29	018240
33-29	089210
33-30	112330
33-30	347030
33-30	244960
33-30	374960
33-30	291480
33-30	290330
33-30	080340
33-30	243550
33-30	216050
33-30	222220
33-31	168960
33-31	170960
33-31	426030
33-31	169810
33-31	219580
33-31	167650
33-31	421710
33-31	343550
33-31	043620
33-31	342450
33-32	113750
33-32	113920
33-32	117620
33-32	164910
33-32	113550
33-32	194780
33-32	117860
33-32	134080
33-32	234560
33-32	005900
33-33	189730
33-33	402960
33-33	01001710
33-33	272060
33-33	359180
33-33	292400
33-33	334250
33-33	454250
33-33	104550
33-33	355010
33-34	453840
33-34	421670
33-34	01097420
33-34	184770
33-34	266780
33-34	355170
33-34	01085160
33-34	418300
33-34	246880
33-34	488800
33-35	273760
33-35	273690
33-35	274390
33-35	333750
33-35	429180
33-35	271450
33-35	269450
33-35	273710
33-35	272010
33-35	269320
33-36	388670
33-36	275410
33-36	275630
33-36	388880
33-36	388810
33-36	389550
33-36	388180
33-36	01083720
33-36	275570
33-36	322920
33-37	322920
33-37	279850
33-37	275780
33-37	388670
33-37	282000
33-37	279460
33-37	275410
33-37	134460
33-37	281220
33-37	000530
33-38	322920
33-38	388670
33-38	300380
33-38	300700
33-38	300580
33-38	275410
33-38	244300
33-38	279850
33-38	275780
33-38	134460
33-39	305540
33-39	318240
33-39	168740
33-39	320630
33-39	135830
33-39	01049220
33-39	092300
33-39	416030
33-39	155450
33-39	318330
33-40	305730
33-40	275780
33-40	275410
33-40	388670
33-40	304990
33-40	305850
33-40	484640
33-40	222630
33-40	306110
33-40	090530
33-41	368020
33-41	366710
33-41	368490
33-41	451670
33-41	451530
33-41	451540
33-41	367810
33-41	034890
33-41	358490
33-41	416700
33-42	401140
33-42	223250
33-42	401060
33-42	511450
33-42	01074580
33-42	327210
33-42	400950
33-42	110150
33-42	305250
33-42	505730
33-43	416320
33-43	323950
33-43	275780
33-43	471620
33-43	401790
33-43	222630
33-43	323800
33-43	471770
33-43	090530
33-43	186220
33-44	442620
33-44	483100
33-44	354320
33-44	437780
33-44	01029680
33-44	01029670
33-44	01005310
33-44	136310
33-44	022510
33-44	053550
33-45	315800
33-45	192890
33-45	352510
33-45	01001810
33-45	003520
33-45	316320
33-45	261040
33-45	316200
33-45	128300
33-45	099500
33-46	013430
33-46	012720
33-46	012550
33-46	010030
33-46	351910
33-46	015110
33-46	005700
33-46	008340
33-46	01080830
33-46	355370
33-47	024910
33-47	022810
33-47	022520
33-47	025930
33-47	022640
33-47	025480
33-47	025290
33-47	022150
33-47	359400
33-47	024440
33-48	016160
33-48	01091660
33-48	130460
33-48	498220
33-48	338960
33-48	109770
33-48	187000
33-48	036190
33-48	279090
33-48	187590
33-49	049170
33-49	129810
33-49	321550
33-49	375240
33-49	155380
33-49	320540
33-49	285780
33-49	017380
33-49	064870
33-49	070320
33-50	488360
33-50	01003980
33-50	288220
33-50	488400
33-50	035800
33-50	498100
33-50	498120
33-50	416010
33-50	127150
33-50	029930
33-51	018210
33-51	192610
33-51	155500
33-51	389100
33-51	01083880
33-51	478700
33-51	044800
33-51	320010
33-51	358090
33-51	036510
33-52	064600
33-52	224450
33-52	224380
33-52	279340
33-52	084160
33-52	224460
33-52	163820
33-52	274940
33-52	002060
33-52	084170
33-53	067770
33-53	067520
33-53	185340
33-53	119250
33-53	337110
33-53	016100
33-53	267830
33-53	230220
33-53	335940
33-53	068650
33-54	080940
33-54	352300
33-54	222400
33-54	336780
33-54	342700
33-54	343530
33-54	068620
33-54	342990
33-54	01057470
33-54	068630
33-55	103670
33-55	343810
33-55	162600
33-55	162640
33-55	289410
33-55	285160
33-55	081090
33-55	080480
33-55	080540
33-55	078920
33-56	088520
33-56	035160
33-56	132360
33-56	259440
33-56	160480
33-56	088070
33-56	132320
33-56	047540
33-56	034230
33-56	013450
33-57	030340
33-57	033850
33-57	030210
33-57	030330
33-57	424670
33-57	335530
33-57	030580
33-57	335540
33-57	243800
33-57	184860
33-58	120680
33-58	347800
33-58	122040
33-58	119750
33-58	119260
33-58	119660
33-58	286180
33-58	119740
33-58	122060
33-58	293450
33-59	347800
33-59	123310
33-59	119560
33-59	119750
33-59	120680
33-59	122040
33-59	213710
33-59	124490
33-59	01034220
33-59	118550
33-60	139620
33-60	121510
33-60	140250
33-60	008390
33-60	123690
33-60	135130
33-60	136760
33-60	173000
33-60	141410
33-60	01012110
33-61	172910
33-61	138700
33-61	136300
33-61	167050
33-61	184910
33-61	167390
33-61	134550
33-61	137480
33-61	138150
33-61	141780
33-62	01032680
33-62	138700
33-62	136200
33-62	135960
33-62	075180
33-62	133990
33-62	116810
33-62	139120
33-62	019400
33-62	134220
33-63	138180
33-63	136300
33-63	061340
33-63	140160
33-63	141220
33-63	143510
33-63	141310
33-63	145430
33-63	171700
33-63	124110
33-64	143730
33-64	136540
33-64	238440
33-64	144700
33-64	136300
33-64	393610
33-64	232720
33-64	141820
33-64	167050
33-64	137240
33-65	038360
33-65	154430
33-65	038010
33-65	031690
33-65	031790
33-65	154760
33-65	154600
33-65	031760
33-65	078950
33-65	243880
33-66	157250
33-66	482460
33-66	349500
33-66	347030
33-66	018350
33-66	362660
33-66	260020
33-66	081360
33-66	331990
33-66	081920
33-67	155450
33-67	162670
33-67	165520
33-67	305540
33-67	173010
33-67	166390
33-67	171240
33-67	092300
33-67	163340
33-67	275880
33-68	170280
33-68	174750
33-68	174790
33-68	282070
33-68	01046670
33-68	173280
33-68	142430
33-68	180510
33-68	141640
33-68	139980
33-69	125530
33-69	174170
33-69	141140
33-69	392580
33-69	302980
33-69	173110
33-69	176680
33-69	138530
33-69	175310
33-69	170140
33-70	011830
33-70	159210
33-70	047910
33-70	202540
33-70	204500
33-70	125530
33-70	250720
33-70	013580
33-70	442660
33-70	249740
33-71	219250
33-71	232720
33-71	143730
33-71	145890
33-71	429130
33-71	176990
33-71	238440
33-71	408660
33-71	216300
33-71	393610
33-72	01021980
33-72	221450
33-72	352020
33-72	343110
33-72	002840
33-72	152880
33-72	008430
33-72	243880
33-72	289460
33-72	002890
33-73	251120
33-73	249340
33-73	250670
33-73	290130
33-73	106740
33-73	251810
33-73	538720
33-73	250630
33-73	105340
33-73	034770
33-74	258990
33-74	389380
33-74	031730
33-74	275040
33-74	388690
33-74	134310
33-74	099950
33-74	387870
33-74	164330
33-74	167600
33-75	285390
33-75	286180
33-75	286320
33-75	347800
33-75	123430
33-75	119670
33-75	01032880
33-75	286850
33-75	119660
33-75	123520
33-76	302980
33-76	160480
33-76	170880
33-76	174170
33-76	102490
33-76	159210
33-76	332700
33-76	01012230
33-76	019580
33-76	281620
33-77	307290
33-77	307190
33-77	308160
33-77	309070
33-77	305690
33-77	305040
33-77	306700
33-77	308250
33-77	305170
33-77	305820
33-78	310440
33-78	307660
33-78	311180
33-78	312810
33-78	308060
33-78	346870
33-78	305170
33-78	311660
33-78	01072140
33-78	091570
33-79	326560
33-79	323940
33-79	327130
33-79	01075190
33-79	324070
33-79	416520
33-79	104410
33-79	323990
33-79	324520
33-79	323800
33-80	345420
33-80	346900
33-80	349380
33-80	349010
33-80	351510
33-80	552710
33-80	349800
33-80	431960
33-80	484070
33-80	347640
33-81	345400
33-81	01077530
33-81	349460
33-81	108570
33-81	343050
33-81	348530
33-81	004380
33-81	345760
33-81	347450
33-81	01077990
33-82	349410
33-82	352180
33-82	354370
33-82	360040
33-82	489480
33-82	359710
33-82	108620
33-82	532640
33-82	433830
33-82	355210
33-83	498120
33-83	498100
33-83	354260
33-83	262500
33-83	154360
33-83	455510
33-83	01080370
33-83	151020
33-83	358360
33-83	263810
33-84	01051670
33-84	237290
33-84	363160
33-84	358300
33-84	356900
33-84	355920
33-84	355890
33-84	352380
33-84	359150
33-84	01058880
33-85	069580
33-85	343560
33-85	343090
33-85	287900
33-85	01063890
33-85	342700
33-85	347640
33-85	389810
33-85	01076830
33-85	242760
33-86	003130
33-86	184750
33-86	056670
33-86	152760
33-86	290360
33-86	437710
33-86	152740
33-86	246830
33-86	080800
33-86	003020
33-87	196850
33-87	439310
33-87	439090
33-87	117240
33-87	438210
33-87	01089070
33-87	01001330
33-87	164900
33-87	440860
33-87	134170
33-88	443190
33-88	443510
33-88	443930
33-88	204500
33-88	442750
33-88	445890
33-88	445790
33-88	01090600
33-88	444060
33-88	443850
33-89	01093590
33-89	462460
33-89	532160
33-89	461710
33-89	01094340
33-89	462160
33-89	459640
33-89	01093820
33-89	456100
33-89	457260
33-90	480310
33-90	483010
33-90	403580
33-90	367140
33-90	402270
33-90	328210
33-90	478700
33-90	479300
33-90	338560
33-90	328140
33-91	416450
33-91	416630
33-91	417870
33-91	191500
33-91	521780
33-91	417720
33-91	087290
33-91	419140
33-91	416540
33-91	528040
33-92	013380
33-92	012670
33-92	207170
33-92	126380
33-92	267180
33-92	009180
33-92	01006070
33-92	176280
33-92	01004650
33-92	007800
33-93	01017910
33-93	063460
33-93	062910
33-93	060510
33-93	105340
33-93	060910
33-93	286330
33-93	061940
33-93	170880
33-93	062020
33-94	01031670
33-94	118720
33-94	125480
33-94	121470
33-94	286330
33-94	138090
33-94	121550
33-94	173170
33-94	124450
33-94	060510
34-1	383010
34-1	162260
34-1	377100
34-1	483420
34-1	435920
34-1	276870
34-1	096430
34-1	335270
34-1	434960
34-1	158820
34-2	01081050
34-2	357890
34-2	130610
34-2	366070
34-2	404520
34-2	01081690
34-2	355780
34-2	356300
34-2	358560
34-2	361050
34-3	418720
34-3	417870
34-3	418820
34-3	416450
34-3	328700
34-3	331310
34-3	418220
34-3	333960
34-3	416720
34-3	328640
34-4	439290
34-4	01064970
34-4	01057110
34-4	01032010
34-4	438770
34-4	443870
34-4	438210
34-4	438760
34-4	440090
34-4	01031670
34-5	007890
34-5	005000
34-5	271090
34-5	004930
34-5	004350
34-5	01004560
34-5	006540
34-5	195670
34-5	01005280
34-5	008220
34-6	01004660
34-6	011590
34-6	010350
34-6	007100
34-6	013050
34-6	023140
34-6	023630
34-6	01003450
34-6	126470
34-6	009080
34-7	053550
34-7	498210
34-7	022030
34-7	053840
34-7	548310
34-7	01029670
34-7	194920
34-7	027050
34-7	415870
34-7	323870
34-8	528250
34-8	01012520
34-8	446150
34-8	001200
34-8	491650
34-8	033070
34-8	01041570
34-8	254100
34-8	155180
34-8	033030
34-9	119660
34-9	119260
34-9	122040
34-9	155540
34-9	259600
34-9	120680
34-9	123220
34-9	293450
34-9	254810
34-9	123430
34-10	167830
34-10	137790
34-10	138880
34-10	132920
34-10	193680
34-10	141820
34-10	163620
34-10	133680
34-10	217440
34-10	140800
34-11	162580
34-11	349820
34-11	01101190
34-11	01076990
34-11	222440
34-11	162670
34-11	163040
34-11	351580
34-11	165030
34-11	01077300
34-12	023630
34-12	023300
34-12	022800
34-12	022890
34-12	023140
34-12	022600
34-12	023250
34-12	122370
34-12	025290
34-12	01004660
34-13	423380
34-13	154760
34-13	086760
34-13	056010
34-13	037810
34-13	184750
34-13	056730
34-13	184760
34-13	155820
34-13	437710
34-14	440080
34-14	437830
34-14	441000
34-14	441860
34-14	441850
34-14	438130
34-14	440100
34-14	135100
34-14	197920
34-14	441610
34-15	010030
34-15	008180
34-15	123060
34-15	012080
34-15	009750
34-15	120010
34-15	006590
34-15	006770
34-15	011470
34-15	008050
34-16	088070
34-16	034110
34-16	034320
34-16	087340
34-16	035160
34-16	253080
34-16	013450
34-16	528400
34-16	088230
34-16	437480
34-17	417440
34-17	326640
34-17	373810
34-17	327340
34-17	326370
34-17	326450
34-17	326410
34-17	324320
34-17	416760
34-17	417680
34-18	153440
34-18	153480
34-18	153170
34-18	153750
34-18	153980
34-18	431210
34-18	153210
34-18	153910
34-18	153420
34-18	153220
34-19	310650
34-19	313110
34-19	306610
34-19	311660
34-19	308680
34-19	306090
34-19	311560
34-19	309450
34-19	310600
34-19	306070
34-20	031800
34-20	436860
34-20	003750
34-20	224390
34-20	01001430
34-20	284580
34-20	098840
34-20	103840
34-20	031880
34-20	289210
34-21	275640
34-21	388720
34-21	275190
34-21	300770
34-21	279840
34-21	388070
34-21	164780
34-21	388900
34-21	134240
34-21	163100
34-22	154450
34-22	323730
34-22	017190
34-22	347840
34-22	353760
34-22	349470
34-22	350350
34-22	258680
34-22	017240
34-22	344320
34-23	139590
34-23	138450
34-23	236670
34-23	170430
34-23	169740
34-23	101630
34-23	170230
34-23	165930
34-23	138380
34-23	136300
34-24	078980
34-24	348540
34-24	006440
34-24	01001370
34-24	113890
34-24	348180
34-24	163310
34-24	01007730
34-24	01076870
34-24	351660
34-25	079450
34-25	138140
34-25	01044800
34-25	137810
34-25	008210
34-25	199460
34-25	058740
34-25	133990
34-25	019890
34-25	139550
34-26	157250
34-26	041460
34-26	359820
34-26	353540
34-26	546440
34-26	437330
34-26	489520
34-26	286980
34-26	018340
34-26	041030
34-27	123710
34-27	202480
34-27	200030
34-27	202890
34-27	123700
34-27	139120
34-27	126360
34-27	138880
34-27	139980
34-27	011040
34-28	135670
34-28	021270
34-28	164910
34-28	164090
34-28	388020
34-28	164680
34-28	166810
34-28	168490
34-28	168100
34-28	172040
34-29	442570
34-29	443230
34-29	01090180
34-29	01088770
34-29	190470
34-29	019290
34-29	445880
34-29	308780
34-29	467020
34-29	190800
34-30	006540
34-30	004560
34-30	005000
34-30	005640
34-30	396560
34-30	01003150
34-30	006400
34-30	005930
34-30	009900
34-30	01049630
34-31	065990
34-31	314280
34-31	065190
34-31	01013230
34-31	150900
34-31	004580
34-31	266760
34-31	358540
34-31	133190
34-31	374230
34-32	066870
34-32	066920
34-32	066840
34-32	227440
34-32	004290
34-32	004260
34-32	213240
34-32	212430
34-32	109250
34-32	015470
34-33	194040
34-33	194030
34-33	01002590
34-33	389240
34-33	193580
34-33	193400
34-33	116460
34-33	005310
34-33	117020
34-33	004900
34-34	401630
34-34	457230
34-34	511420
34-34	506560
34-34	400840
34-34	400240
34-34	400310
34-34	403030
34-34	01011530
34-34	402500
34-35	121150
34-35	233990
34-35	007650
34-35	158340
34-35	059870
34-35	262170
34-35	121560
34-35	043380
34-35	049430
34-35	046950
34-36	060640
34-36	058340
34-36	01016960
34-36	063560
34-36	063890
34-36	061290
34-36	062900
34-36	060190
34-36	467270
34-36	064400
34-37	070090
34-37	069970
34-37	342960
34-37	036290
34-37	036460
34-37	001740
34-37	244440
34-37	001630
34-37	036610
34-37	036660
34-38	138530
34-38	170140
34-38	170880
34-38	060230
34-38	301780
34-38	302200
34-38	173170
34-38	123710
34-38	175310
34-38	126360
34-39	132760
34-39	166730
34-39	133640
34-39	017790
34-39	133750
34-39	133310
34-39	139380
34-39	132840
34-39	247160
34-39	135120
34-40	388540
34-40	432870
34-40	164480
34-40	300710
34-40	457230
34-40	374860
34-40	171270
34-40	01043800
34-40	166730
34-40	162370
34-41	339350
34-41	432870
34-41	090620
34-41	374860
34-41	040590
34-41	260000
34-41	520810
34-41	457230
34-41	401630
34-41	424270
34-42	138530
34-42	170140
34-42	170880
34-42	175310
34-42	173110
34-42	173170
34-42	060230
34-42	302200
34-42	168410
34-42	172940
34-43	040590
34-43	401630
34-43	506560
34-43	432870
34-43	511420
34-43	329200
34-43	520810
34-43	339350
34-43	424270
34-43	374860
34-44	417630
34-44	371840
34-44	034210
34-44	087180
34-44	467820
34-44	086800
34-44	416450
34-44	233260
34-44	416440
34-44	326370
34-45	152030
34-45	323900
34-45	324380
34-45	539550
34-45	324580
34-45	521410
34-45	132020
34-45	087660
34-45	268540
34-45	374320
34-46	005330
34-46	006100
34-46	007310
34-46	117290
34-46	006350
34-46	008700
34-46	007080
34-46	007930
34-46	118640
34-46	196440
34-47	105490
34-47	059650
34-47	022930
34-47	090450
34-47	071200
34-47	213410
34-47	056610
34-47	063320
34-47	058770
34-47	133810
34-48	084240
34-48	388020
34-48	084180
34-48	084600
34-48	213660
34-48	423980
34-48	023360
34-48	021950
34-48	400480
34-48	318310
34-49	451510
34-49	099850
34-49	483390
34-49	483160
34-49	322550
34-49	084400
34-49	375780
34-49	134390
34-49	275900
34-49	483620
34-50	057670
34-50	400660
34-50	004330
34-50	033820
34-50	021060
34-50	090780
34-50	132060
34-50	409540
34-50	057840
34-50	006130
34-51	101130
34-51	101200
34-51	002890
34-51	436860
34-51	138400
34-51	152880
34-51	122350
34-51	234970
34-51	009870
34-51	342770
34-52	387270
34-52	289150
34-52	290070
34-52	118610
34-52	387220
34-52	01083560
34-52	391970
34-52	433210
34-52	355670
34-52	115500
34-53	213770
34-53	119280
34-53	214350
34-53	455510
34-53	358360
34-53	154400
34-53	259600
34-53	118410
34-53	121810
34-53	126040
34-54	217270
34-54	217650
34-54	517820
34-54	498270
34-54	148570
34-54	547360
34-54	130940
34-54	215720
34-54	123110
34-54	498190
34-55	131730
34-55	131740
34-55	131690
34-55	028610
34-55	149660
34-55	149360
34-55	401730
34-55	052060
34-55	131440
34-55	479980
34-56	158010
34-56	159970
34-56	344630
34-56	018210
34-56	259050
34-56	258950
34-56	245010
34-56	326700
34-56	392400
34-56	158690
34-57	067770
34-57	01001530
34-57	197030
34-57	280140
34-57	318240
34-57	197100
34-57	279920
34-57	067520
34-57	168360
34-57	067910
34-58	236980
34-58	205260
34-58	342770
34-58	197360
34-58	01027060
34-58	184910
34-58	197350
34-58	200140
34-58	01059080
34-58	138700
34-59	327700
34-59	416450
34-59	329810
34-59	401650
34-59	259800
34-59	326880
34-59	329210
34-59	261030
34-59	424070
34-59	331110
34-60	330610
34-60	222720
34-60	161800
34-60	331300
34-60	161890
34-60	333420
34-60	332830
34-60	329700
34-60	328170
34-60	329540
34-61	259780
34-61	344210
34-61	348910
34-61	347620
34-61	344730
34-61	346040
34-61	353890
34-61	345010
34-61	343960
34-61	344540
34-62	269870
34-62	389090
34-62	388040
34-62	389800
34-62	248790
34-62	070870
34-62	043050
34-62	250470
34-62	500240
34-62	389720
34-63	417110
34-63	416250
34-63	416480
34-63	416800
34-63	262120
34-63	326650
34-63	356050
34-63	416280
34-63	288380
34-63	346180
34-64	01089070
34-64	437710
34-64	440350
34-64	197390
34-64	439300
34-64	120900
34-64	235040
34-64	01088770
34-64	440860
34-64	440110
34-65	442580
34-65	01012100
34-65	442990
34-65	440940
34-65	440840
34-65	441610
34-65	437660
34-65	440100
34-65	441000
34-65	441040
34-66	473610
34-66	01096030
34-66	472620
34-66	260770
34-66	424200
34-66	412550
34-66	425290
34-66	242920
34-66	471780
34-66	426650
34-67	345540
34-67	348710
34-67	290660
34-67	346280
34-67	292160
34-67	034660
34-67	046320
34-67	294140
34-67	062560
34-67	350030
34-68	519880
34-68	521710
34-68	314460
34-68	163920
34-68	520010
34-68	520040
34-68	099530
34-68	01101200
34-68	521830
34-68	241440
34-69	116540
34-69	007150
34-69	005020
34-69	268890
34-69	005440
34-69	005490
34-69	004900
34-69	511200
34-69	005610
34-69	01002590
34-70	341570
34-70	102010
34-70	019380
34-70	035750
34-70	016730
34-70	482900
34-70	326800
34-70	055700
34-70	016930
34-70	352440
34-71	066840
34-71	066920
34-71	227440
34-71	004290
34-71	066870
34-71	004260
34-71	080280
34-71	212430
34-71	109230
34-71	080920
34-72	290190
34-72	291150
34-72	343920
34-72	344490
34-72	01077340
34-72	290600
34-72	315280
34-72	354900
34-72	342770
34-72	292710
34-73	453150
34-73	453910
34-73	452230
34-73	453940
34-73	452080
34-73	01091330
34-73	451610
34-73	454820
34-73	451760
34-73	454860
34-74	493410
34-74	491700
34-74	491650
34-74	494000
34-74	124520
34-74	493630
34-74	491410
34-74	493450
34-74	494540
34-74	494630
34-75	106180
34-75	408590
34-75	528400
34-75	509050
34-75	512910
34-75	048780
34-75	107010
34-75	418950
34-75	034170
34-75	01028240
34-76	218670
34-76	126410
34-76	138700
34-76	063290
34-76	440360
34-76	205340
34-76	079960
34-76	142740
34-76	116910
34-76	440210
34-77	209130
34-77	203800
34-77	01053770
34-77	485470
34-77	366790
34-77	354310
34-77	347840
34-77	01053810
34-77	484690
34-77	364180
34-78	156160
34-78	031810
34-78	431960
34-78	317580
34-78	082120
34-78	471640
34-78	029930
34-78	286130
34-78	345420
34-78	035850
34-79	044520
34-79	198770
34-79	279890
34-79	039290
34-79	412550
34-79	141960
34-79	280840
34-79	276580
34-79	044930
34-79	049630
34-80	080350
34-80	080450
34-80	247890
34-80	247380
34-80	080320
34-80	078970
34-80	287900
34-80	081100
34-80	016070
34-80	347800
34-81	387900
34-81	132860
34-81	132870
34-81	164290
34-81	079010
34-81	162890
34-81	116400
34-81	163640
34-81	133070
34-81	116420
34-82	164170
34-82	133680
34-82	133880
34-82	134970
34-82	132750
34-82	134060
34-82	137630
34-82	300490
34-82	162440
34-82	136700
34-83	174390
34-83	173480
34-83	055680
34-83	164750
34-83	478680
34-83	144760
34-83	194810
34-83	142760
34-83	279960
34-83	143510
34-84	194240
34-84	058560
34-84	300490
34-84	056060
34-84	182150
34-84	194270
34-84	221350
34-84	192600
34-84	181870
34-84	213740
34-85	144700
34-85	443820
34-85	209120
34-85	444190
34-85	220050
34-85	443950
34-85	445670
34-85	441660
34-85	440490
34-85	250720
34-86	236050
34-86	061090
34-86	235800
34-86	412420
34-86	276310
34-86	01058820
34-86	061080
34-86	467090
34-86	060720
34-86	234120
34-87	400930
34-87	400160
34-87	400730
34-87	326560
34-87	400250
34-87	401310
34-87	055760
34-87	01041460
34-87	069630
34-87	339000
34-88	01093590
34-88	464880
34-88	463740
34-88	01092300
34-88	459770
34-88	457950
34-88	465460
34-88	458460
34-88	465960
34-88	458210
34-89	207870
34-89	219380
34-89	013740
34-89	206400
34-89	203760
34-89	237310
34-89	505920
34-89	443590
34-89	528750
34-89	151310
34-90	404980
34-90	405700
34-90	403620
34-90	400250
34-90	461170
34-90	460610
34-90	437120
34-90	406750
34-90	460670
34-90	426620
34-91	290890
34-91	161140
34-91	108420
34-91	031330
34-91	350450
34-91	345680
34-91	354150
34-91	031360
34-91	363310
34-91	349010
34-92	020700
34-92	020690
34-92	495460
34-92	020890
34-92	033600
34-92	020790
34-92	041480
34-92	071850
34-92	032030
34-92	021010
34-93	376790
34-93	167600
34-93	376150
34-93	280850
34-93	288350
34-93	071830
34-93	091660
34-93	375110
34-93	544570
34-93	01083800
34-94	154360
34-94	017790
34-94	258850
34-94	155020
34-94	258940
34-94	291510
34-94	039240
34-94	155340
34-94	416300
34-94	103720
35-1	446150
35-1	254100
35-1	033070
35-1	155180
35-1	033030
35-1	001200
35-1	417160
35-1	01012520
35-1	038070
35-1	528250
35-2	117860
35-2	005830
35-2	164930
35-2	005960
35-2	053700
35-2	053520
35-2	134080
35-2	108290
35-2	011160
35-2	053690
35-3	441670
35-3	440100
35-3	442580
35-3	440660
35-3	439460
35-3	01090600
35-3	443650
35-3	442700
35-3	438660
35-3	114810
35-4	437400
35-4	087160
35-4	437360
35-4	087110
35-4	475720
35-4	146830
35-4	087090
35-4	087650
35-4	259190
35-4	087240
35-5	352660
35-5	395270
35-5	351890
35-5	316120
35-5	316530
35-5	395290
35-5	360480
35-5	367640
35-5	003130
35-5	361560
35-6	329480
35-6	161300
35-6	330330
35-6	329800
35-6	223190
35-6	416390
35-6	329470
35-6	403610
35-6	261550
35-6	402580
35-7	099370
35-7	099350
35-7	110470
35-7	253950
35-7	043690
35-7	245240
35-7	003340
35-7	356090
35-7	316220
35-7	109000
35-8	288540
35-8	402910
35-8	403440
35-8	348070
35-8	325630
35-8	393510
35-8	076730
35-8	377580
35-8	392880
35-8	329150
35-9	437780
35-9	438200
35-9	441860
35-9	440240
35-9	439060
35-9	438560
35-9	438140
35-9	438150
35-9	437930
35-9	440210
35-10	176970
35-10	177080
35-10	126470
35-10	269460
35-10	007390
35-10	324220
35-10	157210
35-10	01047000
35-10	137850
35-10	013290
35-11	346040
35-11	162830
35-11	155140
35-11	343960
35-11	346830
35-11	315510
35-11	037740
35-11	158690
35-11	221500
35-11	01007360
35-12	229000
35-12	136690
35-12	01004920
35-12	114810
35-12	120190
35-12	230250
35-12	197420
35-12	229400
35-12	235620
35-12	01004730
35-13	524130
35-13	527170
35-13	527140
35-13	525950
35-13	01100580
35-13	525980
35-13	526750
35-13	418220
35-13	132070
35-13	526600
35-14	302980
35-14	392580
35-14	278210
35-14	170140
35-14	391880
35-14	01045940
35-14	143150
35-14	180510
35-14	175720
35-14	177790
35-15	400300
35-15	400950
35-15	035850
35-15	400420
35-15	401060
35-15	416780
35-15	270060
35-15	402610
35-15	404550
35-15	400240
35-16	017790
35-16	186100
35-16	079360
35-16	000400
35-16	041930
35-16	135120
35-16	133640
35-16	166730
35-16	134570
35-16	001130
35-17	155610
35-17	079220
35-17	01016550
35-17	243650
35-17	044400
35-17	165220
35-17	152890
35-17	154810
35-17	224590
35-17	086890
35-18	050730
35-18	041830
35-18	062450
35-18	157270
35-18	238100
35-18	079000
35-18	043410
35-18	052680
35-18	046880
35-18	048740
35-19	117860
35-19	164930
35-19	134080
35-19	059790
35-19	056740
35-19	057710
35-19	053700
35-19	053520
35-19	033600
35-19	060940
35-20	134080
35-20	117860
35-20	164930
35-20	053520
35-20	053700
35-20	053690
35-20	135320
35-20	140890
35-20	388660
35-20	01042880
35-21	137830
35-21	135280
35-21	138140
35-21	138860
35-21	142100
35-21	139770
35-21	175930
35-21	199520
35-21	179540
35-21	140450
35-22	490990
35-22	258940
35-22	037810
35-22	516770
35-22	455440
35-22	156660
35-22	155120
35-22	188370
35-22	01000090
35-22	234120
35-23	183620
35-23	182410
35-23	181970
35-23	183700
35-23	183280
35-23	183640
35-23	181890
35-23	183710
35-23	182690
35-23	182130
35-24	200940
35-24	252200
35-24	201460
35-24	199980
35-24	196960
35-24	198270
35-24	250620
35-24	007860
35-24	251770
35-24	199270
35-25	01089070
35-25	440350
35-25	197690
35-25	437710
35-25	440110
35-25	058240
35-25	118670
35-25	086760
35-25	038010
35-25	362680
35-26	032320
35-26	213510
35-26	105990
35-26	094940
35-26	132440
35-26	301450
35-26	01082800
35-26	038230
35-26	317600
35-26	093330
35-27	233890
35-27	301520
35-27	235070
35-27	055770
35-27	235420
35-27	213280
35-27	267910
35-27	491090
35-27	086340
35-27	218050
35-28	288710
35-28	151070
35-28	377240
35-28	378640
35-28	058430
35-28	185390
35-28	044210
35-28	434580
35-28	098090
35-28	302050
35-29	293950
35-29	345540
35-29	292160
35-29	290660
35-29	348710
35-29	346280
35-29	316290
35-29	350840
35-29	053700
35-29	354660
35-30	310440
35-30	309890
35-30	308180
35-30	304910
35-30	01072140
35-30	275280
35-30	304350
35-30	306510
35-30	311920
35-30	305270
35-31	146830
35-31	467020
35-31	323830
35-31	327970
35-31	323970
35-31	242840
35-31	324140
35-31	326860
35-31	328490
35-31	269000
35-32	258770
35-32	329730
35-32	184860
35-32	328580
35-32	327890
35-32	327170
35-32	329270
35-32	331610
35-32	521130
35-32	275450
35-33	050170
35-33	098650
35-33	033600
35-33	374210
35-33	363620
35-33	122840
35-33	233650
35-33	337080
35-33	103690
35-33	117830
35-34	405140
35-34	403180
35-34	438520
35-34	405030
35-34	072380
35-34	406810
35-34	402710
35-34	261520
35-34	466200
35-34	546240
35-35	309870
35-35	461030
35-35	331510
35-35	308940
35-35	473310
35-35	170330
35-35	138490
35-35	308930
35-35	395500
35-35	045460
35-36	053550
35-36	053450
35-36	053840
35-36	037510
35-36	053740
35-36	054800
35-36	360540
35-36	017800
35-36	326580
35-36	021410
35-37	063450
35-37	179150
35-37	062390
35-37	061240
35-37	061760
35-37	160480
35-37	063260
35-37	063800
35-37	062230
35-37	063240
35-38	111180
35-38	111330
35-38	111500
35-38	330100
35-38	000730
35-38	262840
35-38	333370
35-38	010750
35-38	01029670
35-38	01075270
35-39	549330
35-39	151980
35-39	053840
35-39	053550
35-39	452100
35-39	031870
35-39	258600
35-39	152380
35-39	152330
35-39	324040
35-40	160270
35-40	049900
35-40	158450
35-40	160340
35-40	161020
35-40	159280
35-40	159190
35-40	234410
35-40	040760
35-40	081860
35-41	179150
35-41	170140
35-41	01046500
35-41	176770
35-41	01046970
35-41	178310
35-41	179430
35-41	01045250
35-41	177220
35-41	171270
35-42	036700
35-42	287940
35-42	188450
35-42	188440
35-42	223150
35-42	423810
35-42	498650
35-42	279670
35-42	456760
35-42	471400
35-43	038940
35-43	087400
35-43	336840
35-43	092090
35-43	028340
35-43	267470
35-43	01013860
35-43	088880
35-43	337280
35-43	089860
35-44	460250
35-44	400990
35-44	405910
35-44	405170
35-44	338370
35-44	01085440
35-44	308250
35-44	407450
35-44	407340
35-44	059150
35-45	009220
35-45	269680
35-45	01005320
35-45	344060
35-45	011820
35-45	137410
35-45	344360
35-45	010370
35-45	191300
35-45	154980
35-46	098010
35-46	267490
35-46	314200
35-46	047370
35-46	261610
35-46	233660
35-46	535580
35-46	491330
35-46	492450
35-46	455940
35-47	055820
35-47	323750
35-47	01017300
35-47	056810
35-47	090450
35-47	022510
35-47	062080
35-47	213410
35-47	234380
35-47	055980
35-48	109940
35-48	055820
35-48	110850
35-48	246390
35-48	038390
35-48	330610
35-48	002370
35-48	222560
35-48	439250
35-48	329460
35-49	326670
35-49	259990
35-49	259830
35-49	329580
35-49	491270
35-49	222650
35-49	449770
35-49	002110
35-49	493440
35-49	184550
35-50	156580
35-50	156000
35-50	159100
35-50	260490
35-50	154360
35-50	315680
35-50	513910
35-50	158110
35-50	490120
35-50	386370
35-51	055820
35-51	212680
35-51	438490
35-51	195430
35-51	002140
35-51	055980
35-51	387910
35-51	057340
35-51	440860
35-51	438630
35-52	249490
35-52	249130
35-52	105750
35-52	538600
35-52	293100
35-52	104770
35-52	105340
35-52	538590
35-52	032960
35-52	105170
35-53	01066560
35-53	281210
35-53	133810
35-53	283020
35-53	169700
35-53	01066990
35-53	168450
35-53	281380
35-53	300580
35-53	280850
35-54	292290
35-54	316200
35-54	482460
35-54	259440
35-54	087290
35-54	01028240
35-54	399890
35-54	416340
35-54	316320
35-54	417250
35-55	336440
35-55	147780
35-55	01092020
35-55	005620
35-55	336410
35-55	425410
35-55	424790
35-55	466740
35-55	540340
35-55	148040
35-56	376920
35-56	377560
35-56	233770
35-56	374470
35-56	378150
35-56	244090
35-56	100860
35-56	101750
35-56	330720
35-56	093060
35-57	441600
35-57	442730
35-57	01089070
35-57	440100
35-57	439360
35-57	439100
35-57	01090600
35-57	444000
35-57	441670
35-57	438140
35-58	256590
35-58	395660
35-58	324740
35-58	435510
35-58	416700
35-58	416380
35-58	01055390
35-58	521560
35-58	417680
35-58	337980
35-59	295780
35-59	350280
35-59	294550
35-59	357500
35-59	01069720
35-59	01070190
35-59	167550
35-59	081650
35-59	349230
35-59	162630
35-60	244610
35-60	169880
35-60	112330
35-60	067120
35-60	256940
35-60	288260
35-60	256990
35-60	044670
35-60	448830
35-60	350780
35-61	01011960
35-61	289110
35-61	103770
35-61	151330
35-61	455770
35-61	290020
35-61	338860
35-61	01011990
35-61	266670
35-61	157410
35-62	291110
35-62	290810
35-62	291140
35-62	292160
35-62	289930
35-62	290470
35-62	234970
35-62	285450
35-62	217110
35-62	289650
35-63	046320
35-63	357210
35-63	356290
35-63	351060
35-63	348710
35-63	292970
35-63	348990
35-63	348640
35-63	347190
35-63	351190
35-64	440040
35-64	441590
35-64	440420
35-64	441940
35-64	438090
35-64	437820
35-64	441020
35-64	438790
35-64	437800
35-64	438240
35-65	279570
35-65	224520
35-65	280420
35-65	279390
35-65	006170
35-65	279380
35-65	280790
35-65	282750
35-65	099810
35-65	280690
35-66	285380
35-66	057530
35-66	315570
35-66	01099200
35-66	286010
35-66	087470
35-66	035750
35-66	287480
35-66	395840
35-66	059500
35-67	348260
35-67	343390
35-67	347370
35-67	345300
35-67	344530
35-67	346620
35-67	344940
35-67	345410
35-67	346570
35-67	351550
35-68	073770
35-68	272810
35-68	071450
35-68	428190
35-68	380790
35-68	325350
35-68	071680
35-68	070470
35-68	072710
35-68	075270
35-69	482460
35-69	261760
35-69	355630
35-69	064810
35-69	354610
35-69	269540
35-69	357660
35-69	360580
35-69	081360
35-69	346410
35-70	003000
35-70	032250
35-70	031380
35-70	152710
35-70	031440
35-70	031390
35-70	088840
35-70	031500
35-70	152740
35-70	031420
35-71	004990
35-71	01003150
35-71	005050
35-71	118280
35-71	005720
35-71	268750
35-71	134420
35-71	085250
35-71	038530
35-71	005060
35-72	290390
35-72	196460
35-72	080790
35-72	140470
35-72	099470
35-72	080730
35-72	01003570
35-72	080930
35-72	089620
35-72	099620
35-73	117310
35-73	118400
35-73	116710
35-73	256920
35-73	120680
35-73	116760
35-73	257430
35-73	119750
35-73	117380
35-73	122210
35-74	134240
35-74	133690
35-74	194910
35-74	134220
35-74	01035080
35-74	136680
35-74	117820
35-74	116810
35-74	055940
35-74	134550
35-75	156080
35-75	087550
35-75	242730
35-75	000900
35-75	315870
35-75	154720
35-75	515870
35-75	002230
35-75	089020
35-75	245320
35-76	164250
35-76	162990
35-76	113870
35-76	165400
35-76	132860
35-76	165080
35-76	055720
35-76	163030
35-76	163640
35-76	134320
35-77	213630
35-77	118130
35-77	438630
35-77	197010
35-77	438130
35-77	134320
35-77	194180
35-77	113870
35-77	117820
35-77	439100
35-78	373110
35-78	373120
35-78	152710
35-78	015570
35-78	001170
35-78	088950
35-78	154530
35-78	243620
35-78	035510
35-78	243670
35-79	067170
35-79	110170
35-79	01032390
35-79	389210
35-79	046230
35-79	01057470
35-79	389940
35-79	105150
35-79	354610
35-79	01001500
35-80	400740
35-80	400830
35-80	400860
35-80	401290
35-80	400100
35-80	400630
35-80	402590
35-80	400640
35-80	400020
35-80	402350
35-81	451510
35-81	195250
35-81	416580
35-81	483390
35-81	322550
35-81	099850
35-81	451580
35-81	117830
35-81	134390
35-81	084400
35-82	01094170
35-82	463910
35-82	461250
35-82	462160
35-82	01093590
35-82	458200
35-82	460640
35-82	463090
35-82	01094340
35-82	463870
35-83	191500
35-83	415900
35-83	416780
35-83	451900
35-83	326640
35-83	416320
35-83	520370
35-83	000090
35-83	520780
35-83	192240
35-84	177220
35-84	303120
35-84	170140
35-84	177560
35-84	176020
35-84	177500
35-84	175370
35-84	170790
35-84	175110
35-84	171540
35-85	200730
35-85	022280
35-85	399360
35-85	249470
35-85	398570
35-85	511140
35-85	194140
35-85	512210
35-85	033540
35-85	300000
35-86	115090
35-86	230500
35-86	230150
35-86	059700
35-86	138060
35-86	441450
35-86	009610
35-86	282380
35-86	172040
35-86	141120
35-87	031440
35-87	289210
35-87	342060
35-87	031420
35-87	317510
35-87	342170
35-87	003750
35-87	031380
35-87	01001430
35-87	436860
35-88	354000
35-88	353530
35-88	292780
35-88	352970
35-88	068400
35-88	352900
35-88	345850
35-88	347150
35-88	351550
35-88	347030
35-89	417040
35-89	416240
35-89	400020
35-89	326690
35-89	418150
35-89	260200
35-89	031270
35-89	327480
35-89	499300
35-89	416630
35-90	000080
35-90	000020
35-90	103670
35-90	000150
35-90	163180
35-90	103690
35-90	233650
35-90	01076240
35-90	080350
35-90	152650
35-91	015640
35-91	015450
35-91	01000880
35-91	01006610
35-91	228090
35-91	016200
35-91	152770
35-91	029850
35-91	268490
35-91	000470
35-92	01004650
35-92	019930
35-92	009140
35-92	114720
35-92	019860
35-92	198980
35-92	01095720
35-92	01039890
35-92	441860
35-92	01044830
35-93	061170
35-93	059410
35-93	169030
35-93	236390
35-93	245610
35-93	137160
35-93	047830
35-93	236720
35-93	216350
35-93	238400
35-94	400500
35-94	447610
35-94	400160
35-94	400930
35-94	434040
35-94	367330
35-94	402360
35-94	447840
35-94	471910
35-94	088380
36-1	090710
36-1	090890
36-1	100240
36-1	100230
36-1	103490
36-1	100270
36-1	125210
36-1	090730
36-1	039830
36-1	327040
36-2	270920
36-2	417840
36-2	100530
36-2	124130
36-2	009820
36-2	100830
36-2	270580
36-2	500660
36-2	101640
36-2	102340
36-3	104570
36-3	089390
36-3	104420
36-3	104400
36-3	033620
36-3	001180
36-3	213760
36-3	019400
36-3	104970
36-3	371570
36-4	109840
36-4	109660
36-4	243640
36-4	103690
36-4	152810
36-4	113750
36-4	132650
36-4	260260
36-4	109650
36-4	224280
36-5	110880
36-5	329940
36-5	120900
36-5	262100
36-5	230160
36-5	111580
36-5	110250
36-5	223390
36-5	111380
36-5	331520
36-6	113040
36-6	01010020
36-6	001200
36-6	01009920
36-6	375580
36-6	024620
36-6	477430
36-6	395010
36-6	113050
36-6	492940
36-7	115920
36-7	115790
36-7	115620
36-7	115930
36-7	116100
36-7	102350
36-7	115640
36-7	525540
36-7	116000
36-7	545030
36-8	128830
36-8	128530
36-8	347800
36-8	127220
36-8	129190
36-8	125490
36-8	125730
36-8	118440
36-8	126900
36-8	347340
36-9	135460
36-9	196560
36-9	120850
36-9	137240
36-9	390590
36-9	143570
36-9	134410
36-9	145650
36-9	006820
36-9	137640
36-10	100420
36-10	102120
36-10	102100
36-10	102740
36-10	101850
36-10	102620
36-10	102080
36-10	102950
36-10	102440
36-10	094530
36-11	161650
36-11	161820
36-11	432020
36-11	161640
36-11	432400
36-11	432390
36-11	161920
36-11	352050
36-11	002370
36-11	397240
36-12	206060
36-12	140290
36-12	020680
36-12	285210
36-12	049740
36-12	048800
36-12	374130
36-12	285020
36-12	433990
36-12	01007510
36-13	223690
36-13	106400
36-13	331140
36-13	223590
36-13	223650
36-13	329410
36-13	262660
36-13	334100
36-13	331790
36-13	222710
36-14	431990
36-14	324830
36-14	329170
36-14	243740
36-14	040390
36-14	262980
36-14	331700
36-14	038380
36-14	159060
36-14	038430
36-15	156290
36-15	260740
36-15	260410
36-15	041000
36-15	021850
36-15	044280
36-15	473180
36-15	258560
36-15	328690
36-15	022000
36-16	325510
36-16	332170
36-16	01074950
36-16	328640
36-16	261440
36-16	330600
36-16	325330
36-16	261180
36-16	01075270
36-16	509740
36-17	328580
36-17	327890
36-17	184860
36-17	330050
36-17	406170
36-17	328610
36-17	328880
36-17	334250
36-17	329940
36-17	332110
36-18	332670
36-18	01062970
36-18	332110
36-18	330780
36-18	331590
36-18	262930
36-18	260420
36-18	332800
36-18	330710
36-18	328400
36-19	379100
36-19	213400
36-19	379810
36-19	379190
36-19	379170
36-19	01101190
36-19	167530
36-19	01058370
36-19	223690
36-19	326110
36-20	404180
36-20	403760
36-20	404830
36-20	000080
36-20	407750
36-20	01067390
36-20	412870
36-20	402730
36-20	403700
36-20	214110
36-21	407900
36-21	223690
36-21	402830
36-21	410240
36-21	331140
36-21	410520
36-21	106400
36-21	01058810
36-21	408810
36-21	405400
36-22	420670
36-22	420820
36-22	420880
36-22	421160
36-22	422000
36-22	421590
36-22	420250
36-22	493480
36-22	420650
36-22	120460
36-23	426310
36-23	425060
36-23	424720
36-23	424160
36-23	425260
36-23	457930
36-23	425130
36-23	424340
36-23	456990
36-23	374320
36-24	456990
36-24	457930
36-24	01091920
36-24	458000
36-24	460310
36-24	458250
36-24	456750
36-24	456800
36-24	455790
36-24	426310
36-25	466670
36-25	006520
36-25	155830
36-25	244210
36-25	067660
36-25	011330
36-25	154800
36-25	155760
36-25	167550
36-25	066940
36-26	491000
36-26	491090
36-26	281580
36-26	235920
36-26	504600
36-26	130970
36-26	005900
36-26	491970
36-26	126360
36-26	234930
36-27	528180
36-27	335980
36-27	254530
36-27	087200
36-27	155380
36-27	002850
36-27	029930
36-27	041800
36-27	155450
36-27	275360
36-28	326080
36-28	027630
36-28	016110
36-28	01010760
36-28	01010440
36-28	432050
36-28	027540
36-28	027080
36-28	147850
36-28	027250
36-29	120070
36-29	171700
36-29	133520
36-29	446710
36-29	136540
36-29	084160
36-29	133990
36-29	141230
36-29	142510
36-29	136600
36-30	01011930
36-30	291070
36-30	155520
36-30	285150
36-30	258930
36-30	01012040
36-30	154610
36-30	104410
36-30	118380
36-30	01001180
36-31	161770
36-31	327530
36-31	327970
36-31	267480
36-31	01075190
36-31	258650
36-31	110070
36-31	326380
36-31	036700
36-31	327390
36-32	005070
36-32	194040
36-32	194300
36-32	195890
36-32	116900
36-32	01008580
36-32	010880
36-32	194330
36-32	439310
36-32	217170
36-33	235700
36-33	234620
36-33	238530
36-33	235550
36-33	234960
36-33	234970
36-33	238620
36-33	237550
36-33	104900
36-33	236620
36-34	415950
36-34	416730
36-34	417410
36-34	327490
36-34	415840
36-34	471650
36-34	260340
36-34	288290
36-34	416640
36-34	155140
36-35	462460
36-35	460640
36-35	462930
36-35	01094340
36-35	532160
36-35	01094170
36-35	01092560
36-35	312090
36-35	310360
36-35	01093590
36-36	329410
36-36	043530
36-36	042390
36-36	223590
36-36	330520
36-36	215840
36-36	262400
36-36	01040170
36-36	471750
36-36	261230
36-37	213080
36-37	234650
36-37	194760
36-37	198910
36-37	197570
36-37	134830
36-37	058840
36-37	117030
36-37	213400
36-37	389910
36-38	060340
36-38	081060
36-38	060330
36-38	058340
36-38	062540
36-38	334370
36-38	060640
36-38	407100
36-38	060870
36-38	332830
36-39	01042970
36-39	165760
36-39	164680
36-39	163460
36-39	168450
36-39	135120
36-39	169700
36-39	281380
36-39	300580
36-39	164020
36-40	171770
36-40	391650
36-40	237100
36-40	139650
36-40	309840
36-40	140360
36-40	179840
36-40	511730
36-40	166200
36-40	491280
36-41	439290
36-41	439420
36-41	442590
36-41	443830
36-41	441920
36-41	439300
36-41	442580
36-41	439720
36-41	440090
36-41	195900
36-42	461710
36-42	462160
36-42	309840
36-42	525310
36-42	464190
36-42	455750
36-42	456130
36-42	132910
36-42	310040
36-42	456960
36-43	034080
36-43	105660
36-43	251450
36-43	105730
36-43	248780
36-43	106400
36-43	251940
36-43	437400
36-43	087410
36-43	105900
36-44	440070
36-44	440570
36-44	438140
36-44	441860
36-44	439230
36-44	01089070
36-44	440210
36-44	439100
36-44	440990
36-44	440780
36-45	162940
36-45	061060
36-45	060720
36-45	036600
36-45	061810
36-45	088280
36-45	138570
36-45	214590
36-45	061560
36-45	086990
36-46	165330
36-46	170800
36-46	058630
36-46	135580
36-46	134360
36-46	165360
36-46	171270
36-46	172900
36-46	163110
36-46	177010
36-47	169940
36-47	491590
36-47	136330
36-47	139390
36-47	01003390
36-47	136320
36-47	179460
36-47	011370
36-47	181080
36-47	181320
36-48	396560
36-48	174140
36-48	01047220
36-48	396650
36-48	209240
36-48	179980
36-48	141630
36-48	178320
36-48	014670
36-48	210220
36-49	006400
36-49	234720
36-49	005640
36-49	009180
36-49	195820
36-49	010090
36-49	053550
36-49	053840
36-49	004550
36-49	005930
36-50	01090140
36-50	202320
36-50	207930
36-50	019950
36-50	009640
36-50	019840
36-50	011040
36-50	355890
36-50	200720
36-50	121100
36-51	164750
36-51	279960
36-51	056750
36-51	388890
36-51	169350
36-51	389380
36-51	01042900
36-51	163200
36-51	166400
36-51	163640
36-52	437660
36-52	437790
36-52	235140
36-52	193680
36-52	233820
36-52	437590
36-52	438150
36-52	437820
36-52	135920
36-52	438200
36-53	029930
36-53	357880
36-53	354160
36-53	041850
36-53	01079450
36-53	415840
36-53	432030
36-53	293460
36-53	356990
36-53	134870
36-54	308100
36-54	268050
36-54	276700
36-54	072830
36-54	198530
36-54	308940
36-54	312270
36-54	313700
36-54	034050
36-54	330420
36-55	524200
36-55	01093590
36-55	01093350
36-55	465070
36-55	523720
36-55	459770
36-55	465960
36-55	464190
36-55	466190
36-55	458680
36-56	141120
36-56	392680
36-56	174220
36-56	172040
36-56	277850
36-56	164860
36-56	168410
36-56	168530
36-56	139580
36-56	177100
36-57	207930
36-57	01090140
36-57	202320
36-57	019950
36-57	011040
36-57	202890
36-57	200720
36-57	009640
36-57	062460
36-57	217790
36-58	057320
36-58	01008660
36-58	01016560
36-58	01043480
36-58	056790
36-58	446710
36-58	195320
36-58	195310
36-58	056700
36-58	057050
36-59	064770
36-59	064820
36-59	01018330
36-59	064870
36-59	064880
36-59	363530
36-59	003250
36-59	316990
36-59	388420
36-59	349540
36-60	076830
36-60	076630
36-60	075390
36-60	072360
36-60	071450
36-60	073310
36-60	076450
36-60	074240
36-60	074210
36-60	074400
36-61	275640
36-61	305490
36-61	388720
36-61	300770
36-61	304910
36-61	304350
36-61	164780
36-61	279840
36-61	163100
36-61	457120
36-62	221350
36-62	033600
36-62	020590
36-62	122490
36-62	099620
36-62	010170
36-62	005830
36-62	020700
36-62	201560
36-62	171400
36-63	243880
36-63	243770
36-63	01041020
36-63	154430
36-63	01008320
36-63	452560
36-63	155280
36-63	039250
36-63	103690
36-63	039350
36-64	457230
36-64	456860
36-64	456130
36-64	456290
36-64	455850
36-64	456090
36-64	457760
36-64	01091690
36-64	456230
36-64	456160
36-65	528440
36-65	528500
36-65	533810
36-65	528510
36-65	529020
36-65	532750
36-65	529540
36-65	528410
36-65	533140
36-65	529900
36-66	01001430
36-66	003750
36-66	01001460
36-66	003620
36-66	436860
36-66	154810
36-66	318000
36-66	003720
36-66	002910
36-66	087200
36-67	005370
36-67	005000
36-67	195350
36-67	004400
36-67	193950
36-67	117930
36-67	006890
36-67	164890
36-67	005830
36-67	009420
36-68	200540
36-68	010100
36-68	011720
36-68	121120
36-68	271570
36-68	171060
36-68	01003850
36-68	120120
36-68	01005080
36-68	139020
36-69	012730
36-69	361460
36-69	359070
36-69	007800
36-69	006760
36-69	004600
36-69	010030
36-69	013660
36-69	201390
36-69	013020
36-70	022580
36-70	023610
36-70	023410
36-70	01009930
36-70	01009790
36-70	023200
36-70	224370
36-70	023830
36-70	022350
36-70	024070
36-71	083320
36-71	003690
36-71	017880
36-71	016750
36-71	038170
36-71	154730
36-71	036520
36-71	326600
36-71	155520
36-71	040340
36-72	039310
36-72	455440
36-72	155830
36-72	373410
36-72	038900
36-72	155850
36-72	155820
36-72	039250
36-72	154840
36-72	235300
36-73	060030
36-73	01008870
36-73	323210
36-73	114900
36-73	122470
36-73	058270
36-73	230530
36-73	236560
36-73	167170
36-73	378870
36-74	080800
36-74	288120
36-74	080860
36-74	080350
36-74	437710
36-74	441310
36-74	293470
36-74	411520
36-74	286180
36-74	080930
36-75	102010
36-75	436810
36-75	100410
36-75	099620
36-75	436790
36-75	184600
36-75	100680
36-75	343670
36-75	342120
36-75	289530
36-76	104730
36-76	104820
36-76	105410
36-76	328880
36-76	291690
36-76	247810
36-76	247590
36-76	249550
36-76	105000
36-76	01035000
36-77	105700
36-77	105600
36-77	106230
36-77	104820
36-77	106210
36-77	105340
36-77	107630
36-77	130870
36-77	247930
36-77	241490
36-78	437660
36-78	193680
36-78	437790
36-78	438340
36-78	437910
36-78	441190
36-78	437900
36-78	456560
36-78	437630
36-78	439250
36-79	319620
36-79	322730
36-79	109840
36-79	347840
36-79	346980
36-79	002240
36-79	162670
36-79	345050
36-79	343370
36-79	110250
36-80	120070
36-80	118700
36-80	446710
36-80	128240
36-80	125460
36-80	123090
36-80	136540
36-80	01002780
36-80	120370
36-80	119800
36-81	275520
36-81	132750
36-81	134970
36-81	499010
36-81	164890
36-81	190160
36-81	134160
36-81	140890
36-81	471760
36-81	195350
36-82	136080
36-82	167810
36-82	136090
36-82	007750
36-82	214640
36-82	141220
36-82	190160
36-82	197910
36-82	01049100
36-82	01058580
36-83	01008870
36-83	167170
36-83	323210
36-83	138670
36-83	122470
36-83	114900
36-83	059880
36-83	378870
36-83	230530
36-83	01031720
36-84	171950
36-84	137940
36-84	137810
36-84	171030
36-84	176990
36-84	389620
36-84	167180
36-84	163310
36-84	300750
36-84	133490
36-85	193360
36-85	249200
36-85	439380
36-85	031550
36-85	438090
36-85	055600
36-85	248550
36-85	247250
36-85	250840
36-85	019240
36-86	270770
36-86	269130
36-86	270580
36-86	269150
36-86	153660
36-86	290890
36-86	274670
36-86	184770
36-86	272720
36-86	272010
36-87	276930
36-87	01065140
36-87	388750
36-87	275040
36-87	275620
36-87	388030
36-87	388690
36-87	301290
36-87	389390
36-87	389440
36-88	280830
36-88	280820
36-88	280750
36-88	281680
36-88	058720
36-88	122360
36-88	283370
36-88	280730
36-88	135980
36-88	389890
36-89	01072140
36-89	277290
36-89	305800
36-89	306930
36-89	01071730
36-89	313300
36-89	307130
36-89	308170
36-89	308860
36-89	308700
36-90	420440
36-90	053840
36-90	545560
36-90	336000
36-90	244090
36-90	053550
36-90	400370
36-90	340050
36-90	326500
36-90	430670
36-91	399930
36-91	401060
36-91	402610
36-91	400420
36-91	326450
36-91	419590
36-91	508050
36-91	400480
36-91	339650
36-91	132760
36-92	403510
36-92	405640
36-92	401700
36-92	01085160
36-92	277050
36-92	460990
36-92	404990
36-92	401370
36-92	405320
36-92	404100
36-93	427350
36-93	424960
36-93	427900
36-93	426970
36-93	425010
36-93	429070
36-93	425950
36-93	427510
36-93	426960
36-93	427170
36-94	440050
36-94	441690
36-94	201530
36-94	271010
36-94	271600
36-94	440870
36-94	215950
36-94	009790
36-94	328410
36-94	442090
37-1	446850
37-1	423460
37-1	01090760
37-1	451570
37-1	022400
37-1	446500
37-1	053550
37-1	447510
37-1	01090910
37-1	446750
37-2	449200
37-2	450740
37-2	449950
37-2	449990
37-2	451240
37-2	488440
37-2	450700
37-2	450050
37-2	451260
37-2	530110
37-3	455770
37-3	455830
37-3	456140
37-3	002860
37-3	456330
37-3	300030
37-3	423410
37-3	116730
37-3	338920
37-3	132760
37-4	418790
37-4	505360
37-4	246520
37-4	263770
37-4	045450
37-4	044840
37-4	019010
37-4	01014920
37-4	528400
37-4	230260
37-5	005740
37-5	118000
37-5	007890
37-5	195470
37-5	155890
37-5	197060
37-5	134140
37-5	438100
37-5	479370
37-5	056840
37-6	392540
37-6	062040
37-6	140280
37-6	164520
37-6	136300
37-6	139000
37-6	141280
37-6	062050
37-6	302890
37-6	142050
37-7	144700
37-7	144320
37-7	209120
37-7	01071130
37-7	129510
37-7	220050
37-7	141820
37-7	145430
37-7	175760
37-7	145700
37-8	242030
37-8	404520
37-8	151180
37-8	182610
37-8	183780
37-8	549410
37-8	01013610
37-8	149490
37-8	552370
37-8	218350
37-9	062040
37-9	062050
37-9	075810
37-9	392540
37-9	198970
37-9	141280
37-9	238670
37-9	428190
37-9	345770
37-9	226460
37-10	01038180
37-10	415970
37-10	038090
37-10	326520
37-10	254140
37-10	258980
37-10	099740
37-10	423480
37-10	212710
37-10	109920
37-11	290280
37-11	289880
37-11	290390
37-11	290330
37-11	289890
37-11	292370
37-11	289520
37-11	289940
37-11	289310
37-11	003130
37-12	443180
37-12	443450
37-12	440240
37-12	441860
37-12	01005620
37-12	440210
37-12	442530
37-12	440360
37-12	358680
37-12	439470
37-13	428190
37-13	463080
37-13	01093920
37-13	323410
37-13	460010
37-13	460350
37-13	460630
37-13	01093880
37-13	458290
37-13	462870
37-14	140370
37-14	100010
37-14	203740
37-14	243500
37-14	478680
37-14	202990
37-14	039770
37-14	087270
37-14	328700
37-14	016770
37-15	058530
37-15	256980
37-15	214510
37-15	01047990
37-15	120570
37-15	071880
37-15	236250
37-15	425560
37-15	213480
37-15	01004590
37-16	115810
37-16	115710
37-16	270090
37-16	116100
37-16	177180
37-16	115890
37-16	142540
37-16	115880
37-16	328030
37-16	013220
37-17	142540
37-17	177180
37-17	270090
37-17	145570
37-17	146160
37-17	145280
37-17	328030
37-17	143210
37-17	145000
37-17	179630
37-18	435650
37-18	102750
37-18	432700
37-18	321710
37-18	483310
37-18	303630
37-18	245480
37-18	177180
37-18	380950
37-18	122490
37-19	439090
37-19	117240
37-19	195090
37-19	134170
37-19	225020
37-19	196850
37-19	186240
37-19	164900
37-19	304710
37-19	233980
37-20	456220
37-20	460250
37-20	463740
37-20	464340
37-20	267540
37-20	01092300
37-20	456610
37-20	456560
37-20	01091830
37-20	458360
37-21	337820
37-21	017250
37-21	038250
37-21	017680
37-21	007280
37-21	018000
37-21	337520
37-21	337310
37-21	063510
37-21	512100
37-22	061520
37-22	01051670
37-22	062690
37-22	060800
37-22	237400
37-22	01020610
37-22	01065710
37-22	237240
37-22	01005320
37-22	01072600
37-23	004290
37-23	066860
37-23	004260
37-23	01006550
37-23	066840
37-23	066880
37-23	004780
37-23	066910
37-23	212430
37-23	267440
37-24	087160
37-24	087400
37-24	087850
37-24	086780
37-24	475720
37-24	158980
37-24	087650
37-24	033650
37-24	087240
37-24	437400
37-25	247710
37-25	104960
37-25	033810
37-25	253280
37-25	252100
37-25	104500
37-25	006770
37-25	042580
37-25	104870
37-25	105250
37-26	199640
37-26	01004580
37-26	116630
37-26	200260
37-26	138070
37-26	279040
37-26	002760
37-26	132650
37-26	103830
37-26	099450
37-27	313570
37-27	313390
37-27	201440
37-27	173480
37-27	115850
37-27	174390
37-27	252320
37-27	383730
37-27	142090
37-27	062290
37-28	338150
37-28	374470
37-28	242860
37-28	233940
37-28	234080
37-28	452100
37-28	234820
37-28	098800
37-28	242880
37-28	314530
37-29	542350
37-29	338220
37-29	324200
37-29	453010
37-29	401360
37-29	452800
37-29	511610
37-29	416440
37-29	102570
37-29	506650
37-30	432390
37-30	431990
37-30	009690
37-30	431970
37-30	432020
37-30	433420
37-30	359200
37-30	039740
37-30	259930
37-30	009150
37-31	493710
37-31	01098170
37-31	542660
37-31	494310
37-31	491160
37-31	492010
37-31	499400
37-31	494390
37-31	492300
37-31	491590
37-32	099470
37-32	538120
37-32	003210
37-32	315570
37-32	258450
37-32	064700
37-32	257040
37-32	214330
37-32	003250
37-32	451410
37-33	194260
37-33	005550
37-33	006470
37-33	005830
37-33	005160
37-33	012660
37-33	01002550
37-33	117070
37-33	005280
37-33	004930
37-34	188870
37-34	547150
37-34	451810
37-34	188930
37-34	188690
37-34	188610
37-34	188890
37-34	276060
37-34	308930
37-34	451710
37-35	217250
37-35	399100
37-35	01056150
37-35	447460
37-35	219670
37-35	507830
37-35	507940
37-35	420700
37-35	000310
37-35	506690
37-36	053870
37-36	154320
37-36	01012600
37-36	037510
37-36	053470
37-36	017770
37-36	053880
37-36	053520
37-36	155180
37-36	329630
37-37	478780
37-37	479080
37-37	478790
37-37	352380
37-37	019050
37-37	478700
37-37	318000
37-37	035990
37-37	479400
37-37	488420
37-38	029840
37-38	01006750
37-38	001580
37-38	01006910
37-38	01006560
37-38	064660
37-38	01006630
37-38	279070
37-38	287900
37-38	015990
37-39	002060
37-39	279340
37-39	040520
37-39	243070
37-39	037990
37-39	056150
37-39	037770
37-39	041080
37-39	155960
37-39	038000
37-40	059700
37-40	170150
37-40	103800
37-40	200490
37-40	063070
37-40	200480
37-40	123030
37-40	059980
37-40	057460
37-40	074350
37-41	063330
37-41	285350
37-41	087880
37-41	233920
37-41	080990
37-41	058850
37-41	336380
37-41	117860
37-41	234790
37-41	060410
37-42	070140
37-42	288150
37-42	071780
37-42	374770
37-42	071680
37-42	322520
37-42	457320
37-42	071070
37-42	164750
37-42	044940
37-43	087590
37-43	088010
37-43	087490
37-43	087630
37-43	087380
37-43	034100
37-43	042580
37-43	105210
37-43	098830
37-43	033570
37-44	193680
37-44	170170
37-44	193670
37-44	195390
37-44	132920
37-44	137260
37-44	271100
37-44	390860
37-44	114140
37-44	114500
37-45	032240
37-45	084160
37-45	055640
37-45	002340
37-45	084170
37-45	004380
37-45	056150
37-45	038530
37-45	213080
37-45	005060
37-46	162570
37-46	165400
37-46	163470
37-46	163250
37-46	162910
37-46	162690
37-46	388590
37-46	133260
37-46	165080
37-46	004590
37-47	247720
37-47	200560
37-47	082850
37-47	252720
37-47	011820
37-47	125210
37-47	330840
37-47	445020
37-47	250900
37-47	444000
37-48	005110
37-48	351750
37-48	258930
37-48	346760
37-48	498120
37-48	514140
37-48	01001160
37-48	018810
37-48	010840
37-48	455860
37-49	081840
37-49	347000
37-49	353180
37-49	348550
37-49	352980
37-49	353040
37-49	349600
37-49	350250
37-49	350900
37-49	344230
37-50	417940
37-50	416450
37-50	405010
37-50	501810
37-50	417860
37-50	503510
37-50	094010
37-50	416810
37-50	328950
37-50	327700
37-51	119870
37-51	440060
37-51	280840
37-51	438240
37-51	058740
37-51	440470
37-51	437820
37-51	439450
37-51	01088960
37-51	437830
37-52	446720
37-52	448470
37-52	447980
37-52	448520
37-52	019400
37-52	195590
37-52	447180
37-52	446130
37-52	446500
37-52	448350
37-53	460880
37-53	461590
37-53	405150
37-53	464250
37-53	463150
37-53	463430
37-53	463360
37-53	458220
37-53	463020
37-53	323450
37-54	327930
37-54	471760
37-54	269120
37-54	039740
37-54	224950
37-54	259040
37-54	471570
37-54	271750
37-54	151880
37-54	401450
37-55	269630
37-55	271750
37-55	020690
37-55	273300
37-55	270620
37-55	547520
37-55	161800
37-55	482850
37-55	547820
37-55	270910
37-56	026880
37-56	027220
37-56	028290
37-56	027350
37-56	01010610
37-56	028340
37-56	026970
37-56	028230
37-56	395120
37-56	026860
37-57	105340
37-57	105580
37-57	132270
37-57	105400
37-57	104970
37-57	01082740
37-57	104910
37-57	248980
37-57	247530
37-57	106210
37-58	064560
37-58	000140
37-58	055790
37-58	000070
37-58	055540
37-58	055590
37-58	056670
37-58	001410
37-58	000100
37-58	184480
37-59	069250
37-59	01020060
37-59	069390
37-59	069690
37-59	069350
37-59	519950
37-59	130350
37-59	069500
37-59	036260
37-59	498220
37-60	118480
37-60	118450
37-60	119480
37-60	119360
37-60	118290
37-60	119740
37-60	118330
37-60	119750
37-60	120770
37-60	119400
37-61	009030
37-61	023080
37-61	009500
37-61	169920
37-61	013720
37-61	023160
37-61	008070
37-61	025840
37-61	136820
37-61	136410
37-62	015730
37-62	01006910
37-62	01006820
37-62	258850
37-62	090680
37-62	092780
37-62	003660
37-62	080490
37-62	01006710
37-62	254070
37-63	019270
37-63	019250
37-63	038060
37-63	065190
37-63	347600
37-63	01001420
37-63	342600
37-63	112110
37-63	026750
37-63	290740
37-64	019880
37-64	215840
37-64	249530
37-64	087060
37-64	250910
37-64	034200
37-64	491110
37-64	370750
37-64	251300
37-64	034300
37-65	001500
37-65	021750
37-65	028950
37-65	343820
37-65	001480
37-65	001290
37-65	342110
37-65	348220
37-65	343180
37-65	400010
37-66	042590
37-66	042580
37-66	106700
37-66	249210
37-66	004180
37-66	105660
37-66	105380
37-66	538920
37-66	105730
37-66	008720
37-67	060610
37-67	060960
37-67	058770
37-67	063450
37-67	063780
37-67	325210
37-67	061120
37-67	063460
37-67	059310
37-67	058690
37-68	063580
37-68	324670
37-68	061500
37-68	063990
37-68	063180
37-68	203770
37-68	061040
37-68	361370
37-68	063070
37-68	204730
37-69	068210
37-69	067920
37-69	347640
37-69	348960
37-69	353760
37-69	216400
37-69	355110
37-69	154450
37-69	069120
37-69	349770
37-70	003130
37-70	080740
37-70	081320
37-70	080910
37-70	080620
37-70	285630
37-70	289230
37-70	080840
37-70	290070
37-70	081140
37-71	155380
37-71	01025130
37-71	091890
37-71	243780
37-71	244250
37-71	087200
37-71	275360
37-71	335920
37-71	155740
37-71	335980
37-72	264210
37-72	094760
37-72	095380
37-72	094510
37-72	174790
37-72	529870
37-72	094670
37-72	095880
37-72	384370
37-72	528390
37-73	169120
37-73	225560
37-73	166740
37-73	137680
37-73	139480
37-73	124960
37-73	125050
37-73	136650
37-73	137540
37-73	136450
37-74	135510
37-74	137530
37-74	133890
37-74	192580
37-74	01003290
37-74	194670
37-74	134440
37-74	194640
37-74	123120
37-74	172820
37-75	060610
37-75	143640
37-75	142850
37-75	136670
37-75	142680
37-75	139560
37-75	060960
37-75	171700
37-75	129030
37-75	143130
37-76	162980
37-76	195690
37-76	345060
37-76	197110
37-76	163330
37-76	344290
37-76	099620
37-76	002940
37-76	01083880
37-76	336780
37-77	390590
37-77	276020
37-77	322810
37-77	388630
37-77	322800
37-77	165760
37-77	433170
37-77	301620
37-77	388240
37-77	01066990
37-78	136830
37-78	121090
37-78	170140
37-78	169280
37-78	172040
37-78	168700
37-78	168410
37-78	137500
37-78	164860
37-78	009270
37-79	168700
37-79	169030
37-79	171030
37-79	281540
37-79	114620
37-79	174360
37-79	137940
37-79	158590
37-79	390660
37-79	302060
37-80	256990
37-80	030750
37-80	009660
37-80	256940
37-80	257400
37-80	257480
37-80	003260
37-80	256920
37-80	012080
37-80	257140
37-81	249350
37-81	473140
37-81	248430
37-81	351390
37-81	201170
37-81	250690
37-81	272340
37-81	199940
37-81	467100
37-81	196020
37-82	198810
37-82	199010
37-82	441650
37-82	173460
37-82	235040
37-82	441010
37-82	122470
37-82	473220
37-82	207740
37-82	236690
37-83	121100
37-83	019950
37-83	199600
37-83	01049800
37-83	251930
37-83	121090
37-83	440100
37-83	009270
37-83	252100
37-83	442990
37-84	212480
37-84	247160
37-84	132760
37-84	085860
37-84	213120
37-84	249250
37-84	213730
37-84	373200
37-84	247930
37-84	056330
37-85	095910
37-85	213920
37-85	01082740
37-85	237940
37-85	062660
37-85	215610
37-85	218510
37-85	01055030
37-85	213040
37-85	215300
37-86	244000
37-86	112030
37-86	112070
37-86	344570
37-86	379920
37-86	003160
37-86	117860
37-86	003130
37-86	037540
37-86	038270
37-87	105510
37-87	087290
37-87	104810
37-87	061640
37-87	105000
37-87	251690
37-87	104850
37-87	104790
37-87	105660
37-87	105670
37-88	392240
37-88	390620
37-88	391970
37-88	392680
37-88	019950
37-88	390890
37-88	390580
37-88	121100
37-88	277970
37-88	391120
37-89	290710
37-89	289590
37-89	292770
37-89	351820
37-89	289280
37-89	289350
37-89	189880
37-89	293210
37-89	105620
37-89	290690
37-90	289590
37-90	290850
37-90	289970
37-90	346830
37-90	291470
37-90	315900
37-90	291930
37-90	297180
37-90	350150
37-90	296780
37-91	295930
37-91	290830
37-91	292680
37-91	295160
37-91	470420
37-91	292490
37-91	351290
37-91	091160
37-91	351980
37-91	297280
37-92	324670
37-92	063580
37-92	203770
37-92	204730
37-92	173480
37-92	173800
37-92	01036100
37-92	061500
37-92	207710
37-92	361370
37-93	306070
37-93	306610
37-93	304860
37-93	305000
37-93	306240
37-93	308500
37-93	304810
37-93	307540
37-93	280130
37-93	310600
37-94	423440
37-94	078940
37-94	455760
37-94	423420
37-94	233750
37-94	547180
37-94	519900
37-94	022510
37-94	373270
37-94	132830
38-1	352510
38-1	352380
38-1	349570
38-1	455510
38-1	347430
38-1	01101320
38-1	01080860
38-1	259440
38-1	345900
38-1	378880
38-2	360920
38-2	363740
38-2	363020
38-2	362730
38-2	355880
38-2	442020
38-2	159530
38-2	352160
38-2	442930
38-2	442090
38-3	363380
38-3	363180
38-3	037100
38-3	348530
38-3	323830
38-3	363830
38-3	01080750
38-3	01081830
38-3	417080
38-3	326730
38-4	400480
38-4	399980
38-4	507010
38-4	402480
38-4	400130
38-4	402600
38-4	400320
38-4	423980
38-4	406150
38-4	084520
38-5	333850
38-5	334290
38-5	222830
38-5	328860
38-5	330460
38-5	333940
38-5	509050
38-5	331250
38-5	328890
38-5	162040
38-6	411470
38-6	109710
38-6	003170
38-6	258940
38-6	154720
38-6	118400
38-6	240430
38-6	455440
38-6	490990
38-6	018720
38-7	429070
38-7	428260
38-7	427350
38-7	428960
38-7	427510
38-7	424860
38-7	426920
38-7	425920
38-7	423780
38-7	426840
38-8	196560
38-8	439380
38-8	439320
38-8	235110
38-8	113990
38-8	137240
38-8	440260
38-8	441570
38-8	439990
38-8	439640
38-9	440030
38-9	440410
38-9	437830
38-9	440120
38-9	437650
38-9	440870
38-9	01004040
38-9	441610
38-9	439450
38-9	443990
38-10	464270
38-10	01093590
38-10	463620
38-10	458240
38-10	465070
38-10	462040
38-10	465120
38-10	464680
38-10	456580
38-10	01093820
38-11	473140
38-11	473090
38-11	286040
38-11	471310
38-11	107090
38-11	362380
38-11	471300
38-11	371910
38-11	105550
38-11	539570
38-12	492940
38-12	491650
38-12	491160
38-12	034730
38-12	491510
38-12	493620
38-12	493900
38-12	491420
38-12	395020
38-12	491590
38-13	334250
38-13	328610
38-13	552120
38-13	328270
38-13	333300
38-13	333130
38-13	331200
38-13	333490
38-13	222960
38-13	01075320
38-14	468410
38-14	469300
38-14	469980
38-14	470440
38-14	469030
38-14	469130
38-14	468970
38-14	468010
38-14	469270
38-14	469590
38-15	012520
38-15	124970
38-15	142010
38-15	128300
38-15	117600
38-15	010620
38-15	093830
38-15	200600
38-15	01005540
38-15	373720
38-16	027770
38-16	027900
38-16	027250
38-16	01011130
38-16	028200
38-16	027540
38-16	326080
38-16	01011380
38-16	183640
38-16	027270
38-17	017800
38-17	038180
38-17	315150
38-17	154740
38-17	195000
38-17	017870
38-17	017770
38-17	470640
38-17	017990
38-17	395010
38-18	059420
38-18	046000
38-18	058900
38-18	260350
38-18	530190
38-18	040430
38-18	154450
38-18	038900
38-18	01011220
38-18	080830
38-19	084950
38-19	316120
38-19	202320
38-19	395270
38-19	278970
38-19	200720
38-19	195780
38-19	417410
38-19	060300
38-19	326800
38-20	126410
38-20	323480
38-20	226780
38-20	142740
38-20	102820
38-20	185560
38-20	176420
38-20	079960
38-20	129010
38-20	141640
38-21	127330
38-21	142740
38-21	218670
38-21	393200
38-21	200630
38-21	141310
38-21	172680
38-21	142510
38-21	176420
38-21	095670
38-22	113970
38-22	195840
38-22	135440
38-22	006590
38-22	119050
38-22	214110
38-22	168670
38-22	412870
38-22	057430
38-22	215630
38-23	323480
38-23	264990
38-23	159780
38-23	185560
38-23	176420
38-23	079960
38-23	142740
38-23	126410
38-23	226780
38-23	102820
38-24	288380
38-24	349660
38-24	288180
38-24	046320
38-24	288220
38-24	293470
38-24	064690
38-24	416530
38-24	455470
38-24	055780
38-25	223350
38-25	430930
38-25	261390
38-25	329630
38-25	223370
38-25	329250
38-25	260470
38-25	328450
38-25	331230
38-25	499730
38-26	360310
38-26	354190
38-26	353120
38-26	351480
38-26	349420
38-26	352490
38-26	027000
38-26	345540
38-26	243530
38-26	358970
38-27	440100
38-27	442590
38-27	01089070
38-27	440120
38-27	441920
38-27	440190
38-27	442750
38-27	439450
38-27	439290
38-27	440990
38-28	306470
38-28	458010
38-28	459760
38-28	458170
38-28	459790
38-28	457360
38-28	499730
38-28	456700
38-28	461040
38-28	01092380
38-29	095140
38-29	01025320
38-29	090020
38-29	092540
38-29	041090
38-29	090240
38-29	043600
38-29	058220
38-29	095500
38-29	092130
38-30	529120
38-30	532820
38-30	529360
38-30	01100810
38-30	528410
38-30	529020
38-30	528440
38-30	529900
38-30	531620
38-30	528930
38-31	030730
38-31	030800
38-31	030370
38-31	030580
38-31	030510
38-31	030690
38-31	030340
38-31	030270
38-31	030520
38-31	034230
38-32	114560
38-32	198810
38-32	120910
38-32	115260
38-32	168490
38-32	323190
38-32	136910
38-32	281400
38-32	114150
38-32	006970
38-33	115600
38-33	115690
38-33	204530
38-33	124380
38-33	011860
38-33	013660
38-33	204930
38-33	115850
38-33	271010
38-33	371780
38-34	342770
38-34	01076910
38-34	196670
38-34	357920
38-34	254160
38-34	345940
38-34	344000
38-34	255610
38-34	032380
38-34	345570
38-35	172040
38-35	280200
38-35	137500
38-35	134440
38-35	163200
38-35	118610
38-35	01057100
38-35	135170
38-35	227000
38-35	165670
38-36	263130
38-36	261600
38-36	260020
38-36	262260
38-36	260490
38-36	243540
38-36	347030
38-36	243300
38-36	260110
38-36	332330
38-37	279070
38-37	01066450
38-37	01006640
38-37	279080
38-37	085680
38-37	01006750
38-37	017110
38-37	01009240
38-37	257030
38-37	01013390
38-38	294470
38-38	292160
38-38	295920
38-38	294140
38-38	316530
38-38	348710
38-38	087470
38-38	360480
38-38	01079450
38-38	351190
38-39	482450
38-39	089090
38-39	374340
38-39	318120
38-39	416030
38-39	189680
38-39	189630
38-39	01025120
38-39	288290
38-39	316200
38-40	228900
38-40	198380
38-40	004990
38-40	005820
38-40	135650
38-40	118650
38-40	01003090
38-40	01004920
38-40	229160
38-40	280320
38-41	403130
38-41	403840
38-41	421370
38-41	407200
38-41	084880
38-41	01085130
38-41	408570
38-41	353140
38-41	408650
38-41	403410
38-42	165340
38-42	166820
38-42	163880
38-42	01043800
38-42	167350
38-42	390100
38-42	169770
38-42	171880
38-42	170800
38-42	300900
38-43	01046500
38-43	166380
38-43	140940
38-43	167350
38-43	174570
38-43	178540
38-43	167070
38-43	178310
38-43	178080
38-43	267180
38-44	021350
38-44	021410
38-44	037880
38-44	003230
38-44	021360
38-44	259350
38-44	053550
38-44	043830
38-44	327010
38-44	000380
38-45	01068440
38-45	290300
38-45	080900
38-45	284770
38-45	01001410
38-45	284640
38-45	284470
38-45	344920
38-45	067630
38-45	284760
38-46	01005300
38-46	009820
38-46	170320
38-46	01004900
38-46	124130
38-46	01005400
38-46	01005370
38-46	263450
38-46	087420
38-46	189230
38-47	087130
38-47	087240
38-47	117310
38-47	086900
38-47	087000
38-47	087930
38-47	087110
38-47	033780
38-47	033940
38-47	086800
38-48	348710
38-48	288220
38-48	350840
38-48	360480
38-48	347640
38-48	352360
38-48	288380
38-48	292160
38-48	345540
38-48	356050
38-49	344780
38-49	346780
38-49	289880
38-49	112330
38-49	347750
38-49	346560
38-49	344120
38-49	344730
38-49	344560
38-49	359530
38-50	082640
38-50	374170
38-50	099620
38-50	112650
38-50	067050
38-50	292130
38-50	083440
38-50	548260
38-50	374700
38-50	158600
38-51	451370
38-51	001200
38-51	451380
38-51	054260
38-51	021410
38-51	030270
38-51	513530
38-51	000620
38-51	324450
38-51	254610
38-52	209130
38-52	01053470
38-52	210310
38-52	208810
38-52	209240
38-52	099870
38-52	204110
38-52	209980
38-52	482640
38-52	352260
38-53	050760
38-53	050680
38-53	047330
38-53	092710
38-53	210450
38-53	01026040
38-53	152860
38-53	545710
38-53	492520
38-53	536840
38-54	01024230
38-54	088850
38-54	01076500
38-54	288120
38-54	033600
38-54	002730
38-54	088890
38-54	289470
38-54	099440
38-54	056660
38-55	137440
38-55	121090
38-55	167270
38-55	01004950
38-55	124020
38-55	169230
38-55	377450
38-55	01012170
38-55	01032820
38-55	119940
38-56	148680
38-56	079530
38-56	149270
38-56	148700
38-56	148470
38-56	147560
38-56	148830
38-56	079620
38-56	147360
38-56	148720
38-57	194340
38-57	440100
38-57	440660
38-57	194610
38-57	01088920
38-57	193760
38-57	440080
38-57	441630
38-57	117050
38-57	442580
38-58	330180
38-58	412550
38-58	328340
38-58	330320
38-58	261110
38-58	328170
38-58	332800
38-58	330780
38-58	161800
38-58	327930
38-59	441690
38-59	442090
38-59	441880
38-59	442280
38-59	441610
38-59	438740
38-59	440780
38-59	443990
38-59	440120
38-59	440000
38-60	093490
38-60	491560
38-60	491090
38-60	101730
38-60	435290
38-60	380760
38-60	379880
38-60	491440
38-60	492030
38-60	492290
38-61	039540
38-61	347510
38-61	221500
38-61	343940
38-61	342770
38-61	504590
38-61	351550
38-61	352500
38-61	258950
38-61	410750
38-62	157420
38-62	260230
38-62	029930
38-62	100400
38-62	042680
38-62	259440
38-62	018350
38-62	375240
38-62	320540
38-62	159460
38-63	456130
38-63	133420
38-63	459110
38-63	462920
38-63	464250
38-63	300390
38-63	400810
38-63	456300
38-63	458910
38-63	462020
38-64	171660
38-64	067590
38-64	103840
38-64	165070
38-64	067650
38-64	067620
38-64	350860
38-64	256990
38-64	256940
38-64	164050
38-65	446610
38-65	446450
38-65	446440
38-65	448280
38-65	446770
38-65	021850
38-65	446200
38-65	430580
38-65	446710
38-65	446830
38-66	467810
38-66	016580
38-66	278780
38-66	054800
38-66	004500
38-66	053880
38-66	098920
38-66	278790
38-66	089260
38-66	038250
38-67	001540
38-67	031320
38-67	01073060
38-67	152760
38-67	031400
38-67	085070
38-67	032290
38-67	080230
38-67	152740
38-67	147090
38-68	020780
38-68	161360
38-68	327890
38-68	268830
38-68	466810
38-68	437410
38-68	327550
38-68	222630
38-68	268540
38-68	087140
38-69	347800
38-69	344200
38-69	349880
38-69	354050
38-69	344000
38-69	01081680
38-69	355840
38-69	363170
38-69	343860
38-69	344760
38-70	406020
38-70	406370
38-70	404300
38-70	344000
38-70	403130
38-70	309920
38-70	408230
38-70	409370
38-70	552390
38-70	409570
38-71	015230
38-71	241250
38-71	146250
38-71	01087400
38-71	022770
38-71	023800
38-71	273270
38-71	211450
38-71	013930
38-71	152390
38-72	139710
38-72	166330
38-72	135000
38-72	170530
38-72	126160
38-72	178720
38-72	139000
38-72	140020
38-72	179540
38-72	144410
38-73	309450
38-73	460840
38-73	462110
38-73	379150
38-73	426910
38-73	276920
38-73	459150
38-73	459760
38-73	323270
38-73	457560
38-74	169820
38-74	167640
38-74	167210
38-74	175910
38-74	167900
38-74	176110
38-74	170430
38-74	167310
38-74	167970
38-74	176880
38-75	415740
38-75	373330
38-75	01000570
38-75	373350
38-75	423460
38-75	522260
38-75	488440
38-75	338660
38-75	133910
38-75	450000
38-76	309720
38-76	309410
38-76	305160
38-76	309400
38-76	309070
38-76	312380
38-76	308870
38-76	308970
38-76	313730
38-76	307390
38-77	245570
38-77	246090
38-77	094910
38-77	244100
38-77	434060
38-77	245120
38-77	245660
38-77	091440
38-77	436460
38-77	095260
38-78	031900
38-78	360360
38-78	01016550
38-78	01021980
38-78	361850
38-78	351390
38-78	360870
38-78	344430
38-78	091900
38-78	352560
38-79	171070
38-79	302070
38-79	138520
38-79	020000
38-79	164520
38-79	214520
38-79	136300
38-79	044790
38-79	390550
38-79	355430
38-80	433020
38-80	432390
38-80	244170
38-80	181740
38-80	433280
38-80	099560
38-80	229700
38-80	244010
38-80	182080
38-80	01047280
38-81	477720
38-81	01096670
38-81	477680
38-81	477900
38-81	01096710
38-81	477150
38-81	477250
38-81	476830
38-81	478360
38-81	477460
38-82	212950
38-82	194120
38-82	004790
38-82	069260
38-82	193610
38-82	116480
38-82	212940
38-82	195450
38-82	252000
38-82	198950
38-83	000130
38-83	000240
38-83	001950
38-83	233630
38-83	111980
38-83	184520
38-83	292160
38-83	098630
38-83	104440
38-83	099050
38-84	033540
38-84	240450
38-84	086710
38-84	086770
38-84	086760
38-84	033510
38-84	086790
38-84	033820
38-84	033850
38-84	033600
38-85	109310
38-85	109290
38-85	109370
38-85	109280
38-85	134920
38-85	196850
38-85	016260
38-85	067490
38-85	466960
38-85	466740
38-86	438680
38-86	438760
38-86	438660
38-86	439460
38-86	439040
38-86	01088960
38-86	442580
38-86	132910
38-86	437660
38-86	439180
38-87	400010
38-87	029050
38-87	243710
38-87	029540
38-87	029610
38-87	456200
38-87	029730
38-87	104550
38-87	029270
38-87	029210
38-88	416920
38-88	417630
38-88	276480
38-88	328600
38-88	417920
38-88	324750
38-88	403690
38-88	477120
38-88	416140
38-88	337080
38-89	01008000
38-89	361830
38-89	01080800
38-89	359070
38-89	01008160
38-89	359060
38-89	01007960
38-89	01008200
38-89	470420
38-89	296400
38-90	099520
38-90	243740
38-90	373670
38-90	456020
38-90	432100
38-90	100160
38-90	387830
38-90	133260
38-90	069500
38-90	388590
38-91	224630
38-91	242690
38-91	162450
38-91	242710
38-91	000170
38-91	152670
38-91	108480
38-91	000300
38-91	002170
38-91	224710
38-92	001130
38-92	103720
38-92	000400
38-92	017150
38-92	259090
38-92	017880
38-92	156660
38-92	259600
38-92	154360
38-92	005420
38-93	002360
38-93	002320
38-93	002340
38-93	343290
38-93	342750
38-93	274940
38-93	543460
38-93	436830
38-93	002470
38-93	031310
38-94	004290
38-94	004260
38-94	066840
38-94	227440
38-94	066860
38-94	080280
38-94	212430
38-94	066920
38-94	01034510
38-94	066910
39-1	069460
39-1	070140
39-1	494390
39-1	069290
39-1	070070
39-1	069570
39-1	032900
39-1	257240
39-1	070010
39-1	069240
39-2	087380
39-2	162940
39-2	214590
39-2	01027510
39-2	475720
39-2	033570
39-2	034300
39-2	087530
39-2	034480
39-2	01024020
39-3	032240
39-3	108520
39-3	031310
39-3	108420
39-3	108530
39-3	347800
39-3	108880
39-3	287900
39-3	080620
39-3	347940
39-4	004660
39-4	004350
39-4	055840
39-4	193680
39-4	116400
39-4	005120
39-4	193670
39-4	224100
39-4	004670
39-4	268480
39-5	069320
39-5	069450
39-5	069400
39-5	162690
39-5	133070
39-5	070450
39-5	069270
39-5	070440
39-5	072880
39-5	069500
39-6	116590
39-6	116620
39-6	116630
39-6	120550
39-6	116700
39-6	000040
39-6	117310
39-6	119460
39-6	120690
39-6	118520
39-7	403050
39-7	404250
39-7	404900
39-7	405850
39-7	403030
39-7	019650
39-7	197860
39-7	409160
39-7	405480
39-7	409220
39-8	253130
39-8	206580
39-8	01012240
39-8	202770
39-8	316120
39-8	395270
39-8	381240
39-8	441630
39-8	210480
39-8	034110
39-9	128240
39-9	144270
39-9	01066320
39-9	219740
39-9	178590
39-9	278350
39-9	312910
39-9	394850
39-9	390550
39-9	114410
39-10	389020
39-10	01064570
39-10	01064600
39-10	389640
39-10	163370
39-10	275530
39-10	01065140
39-10	388550
39-10	388590
39-10	388030
39-11	318000
39-11	254530
39-11	436860
39-11	243550
39-11	082930
39-11	082920
39-11	032090
39-11	032160
39-11	155450
39-11	002910
39-12	01078680
39-12	352620
39-12	347800
39-12	351860
39-12	293450
39-12	293730
39-12	354430
39-12	347340
39-12	364390
39-12	358300
39-13	009720
39-13	282960
39-13	281770
39-13	302940
39-13	174760
39-13	178050
39-13	230180
39-13	01004790
39-13	01004170
39-13	061750
39-14	218040
39-14	217760
39-14	059280
39-14	215170
39-14	088920
39-14	125930
39-14	452180
39-14	035750
39-14	217400
39-14	01056030
39-15	475690
39-15	346480
39-15	031590
39-15	103710
39-15	162810
39-15	291000
39-15	519830
39-15	01011970
39-15	000100
39-15	476020
39-16	119670
39-16	117410
39-16	118440
39-16	119200
39-16	118480
39-16	116710
39-16	117520
39-16	123280
39-16	119660
39-16	117540
39-17	01083910
39-17	270960
39-17	188440
39-17	062660
39-17	01036100
39-17	01052290
39-17	168390
39-17	01035680
39-17	169850
39-17	127570
39-18	142700
39-18	126500
39-18	138740
39-18	341680
39-18	144390
39-18	339180
39-18	204150
39-18	203780
39-18	01036100
39-18	311600
39-19	218430
39-19	142700
39-19	094420
39-19	123640
39-19	220290
39-19	076360
39-19	341680
39-19	220320
39-19	339180
39-19	033560
39-20	275620
39-20	300780
39-20	432810
39-20	301770
39-20	301510
39-20	01066560
39-20	338220
39-20	300770
39-20	280850
39-20	01065140
39-21	002710
39-21	000160
39-21	001500
39-21	349270
39-21	001290
39-21	109690
39-21	01000010
39-21	001480
39-21	343820
39-21	351780
39-22	108300
39-22	108360
39-22	438370
39-22	108250
39-22	439200
39-22	439890
39-22	438920
39-22	439260
39-22	425270
39-22	440000
39-23	01074100
39-23	001470
39-23	080670
39-23	003520
39-23	287820
39-23	080300
39-23	080690
39-23	001170
39-23	01076180
39-23	437800
39-24	057760
39-24	058900
39-24	154450
39-24	353760
39-24	031700
39-24	056760
39-24	170960
39-24	235730
39-24	01017260
39-24	328150
39-25	062560
39-25	245090
39-25	155730
39-25	416030
39-25	155080
39-25	157970
39-25	217330
39-25	155690
39-25	319070
39-25	245970
39-26	120400
39-26	122760
39-26	01049630
39-26	120270
39-26	129090
39-26	127690
39-26	123910
39-26	242850
39-26	140280
39-26	116960
39-27	444530
39-27	443950
39-27	440120
39-27	060140
39-27	441680
39-27	024560
39-27	251710
39-27	441690
39-27	444070
39-27	445060
39-28	305320
39-28	275200
39-28	306200
39-28	279590
39-28	389590
39-28	388070
39-28	306660
39-28	307530
39-28	309200
39-28	306260
39-29	451420
39-29	491200
39-29	190330
39-29	500250
39-29	002290
39-29	501680
39-29	071240
39-29	269490
39-29	498600
39-29	01061470
39-30	327050
39-30	333350
39-30	333590
39-30	330230
39-30	331820
39-30	162010
39-30	329150
39-30	327520
39-30	260270
39-30	255660
39-31	334030
39-31	333980
39-31	265330
39-31	509050
39-31	332980
39-31	266070
39-31	333850
39-31	333670
39-31	332400
39-31	334840
39-32	437470
39-32	437440
39-32	326800
39-32	437480
39-32	326990
39-32	094030
39-32	437460
39-32	316530
39-32	468150
39-32	037050
39-33	395990
39-33	417160
39-33	491750
39-33	01032670
39-33	396970
39-33	000990
39-33	033070
39-33	396160
39-33	395790
39-33	396190
39-34	01001810
39-34	212780
39-34	244240
39-34	196320
39-34	062930
39-34	01096830
39-34	374050
39-34	374090
39-34	016290
39-34	354220
39-35	030270
39-35	01012600
39-35	000040
39-35	054260
39-35	371650
39-35	154320
39-35	030110
39-35	099060
39-35	099040
39-35	371640
39-36	169940
39-36	137140
39-36	116890
39-36	135390
39-36	135150
39-36	164980
39-36	193720
39-36	137900
39-36	134950
39-36	169440
39-37	138700
39-37	126370
39-37	145430
39-37	140280
39-37	446710
39-37	062480
39-37	140110
39-37	138570
39-37	114990
39-37	143700
39-38	495050
39-38	495380
39-38	253250
39-38	359060
39-38	087790
39-38	403560
39-38	246700
39-38	359880
39-38	404020
39-38	022510
39-39	133610
39-39	163390
39-39	167030
39-39	279490
39-39	167350
39-39	116370
39-39	167340
39-39	166380
39-39	163640
39-39	116890
39-40	195440
39-40	113800
39-40	056690
39-40	118160
39-40	006010
39-40	134030
39-40	059130
39-40	438640
39-40	198380
39-40	438150
39-41	196750
39-41	194610
39-41	135160
39-41	01007560
39-41	008250
39-41	005500
39-41	218250
39-41	007930
39-41	476180
39-41	198090
39-42	01001810
39-42	236250
39-42	482900
39-42	249980
39-42	448390
39-42	155540
39-42	002130
39-42	01003570
39-42	159460
39-42	099620
39-43	327810
39-43	147090
39-43	149100
39-43	255960
39-43	149840
39-43	110280
39-43	186400
39-43	424530
39-43	147910
39-43	148890
39-44	072970
39-44	074690
39-44	459850
39-44	138310
39-44	351650
39-44	349860
39-44	355830
39-44	353390
39-44	292250
39-44	123150
39-45	031990
39-45	316530
39-45	042580
39-45	316410
39-45	351140
39-45	316650
39-45	059470
39-45	349660
39-45	357200
39-45	528330
39-46	342830
39-46	341570
39-46	344070
39-46	342340
39-46	343450
39-46	018720
39-46	342560
39-46	350850
39-46	347800
39-46	288120
39-47	221710
39-47	390960
39-47	01099030
39-47	301100
39-47	086930
39-47	098660
39-47	038010
39-47	214040
39-47	158960
39-47	214410
39-48	005420
39-48	236120
39-48	01058330
39-48	271020
39-48	032030
39-48	499270
39-48	009130
39-48	01037960
39-48	004390
39-48	269930
39-49	104670
39-49	105620
39-49	106600
39-49	105180
39-49	105670
39-49	247440
39-49	105020
39-49	088290
39-49	01082610
39-49	01082660
39-50	132920
39-50	166470
39-50	136370
39-50	446710
39-50	270470
39-50	133990
39-50	213080
39-50	114810
39-50	281170
39-50	276950
39-51	268700
39-51	178920
39-51	270090
39-51	301620
39-51	133660
39-51	170950
39-51	135180
39-51	176080
39-51	137270
39-51	223520
39-52	130730
39-52	222550
39-52	036330
39-52	323850
39-52	326720
39-52	400600
39-52	416760
39-52	416910
39-52	146950
39-52	327390
39-53	005390
39-53	279370
39-53	163310
39-53	163640
39-53	116410
39-53	279860
39-53	304840
39-53	117230
39-53	079010
39-53	165170
39-54	386380
39-54	067290
39-54	184850
39-54	256890
39-54	257310
39-54	256760
39-54	336370
39-54	483090
39-54	355300
39-54	257030
39-55	223510
39-55	223600
39-55	223750
39-55	340040
39-55	330030
39-55	215660
39-55	332240
39-55	333120
39-55	223820
39-55	263590
39-56	260020
39-56	327640
39-56	328110
39-56	243540
39-56	018340
39-56	018350
39-56	347030
39-56	331990
39-56	344610
39-56	184660
39-57	328190
39-57	259170
39-57	259330
39-57	327800
39-57	471910
39-57	328860
39-57	332210
39-57	329420
39-57	328020
39-57	328840
39-58	320860
39-58	262200
39-58	405800
39-58	377720
39-58	344110
39-58	368320
39-58	363530
39-58	376540
39-58	362480
39-58	406270
39-59	451500
39-59	451590
39-59	451420
39-59	452320
39-59	451610
39-59	451570
39-59	451430
39-59	452560
39-59	451740
39-59	451670
39-60	006650
39-60	007180
39-60	009870
39-60	013020
39-60	008740
39-60	012040
39-60	006690
39-60	007970
39-60	012780
39-60	010940
39-61	059300
39-61	215150
39-61	060800
39-61	060890
39-61	091670
39-61	138400
39-61	104840
39-61	063460
39-61	088140
39-61	168530
39-62	071720
39-62	069610
39-62	070260
39-62	074350
39-62	070140
39-62	078320
39-62	069680
39-62	075270
39-62	072070
39-62	073920
39-63	301330
39-63	166440
39-63	174450
39-63	172780
39-63	167220
39-63	165060
39-63	164210
39-63	138100
39-63	179010
39-63	387920
39-64	172390
39-64	277030
39-64	101750
39-64	308540
39-64	169030
39-64	168940
39-64	174870
39-64	173920
39-64	174020
39-64	173840
39-65	217360
39-65	248550
39-65	250160
39-65	252400
39-65	216120
39-65	252720
39-65	217430
39-65	217200
39-65	251380
39-65	212540
39-66	173280
39-66	491000
39-66	301920
39-66	123710
39-66	126360
39-66	01005060
39-66	138060
39-66	281580
39-66	132720
39-66	139170
39-67	202480
39-67	098830
39-67	316220
39-67	041850
39-67	479170
39-67	285840
39-67	043840
39-67	415840
39-67	416200
39-67	293960
39-68	080490
39-68	029840
39-68	064660
39-68	003940
39-68	01079330
39-68	003760
39-68	343420
39-68	031950
39-68	254070
39-68	01006750
39-69	417600
39-69	416680
39-69	501050
39-69	331080
39-69	418020
39-69	161780
39-69	416320
39-69	498610
39-69	329980
39-69	427120
39-70	472720
39-70	427120
39-70	472070
39-70	429070
39-70	425040
39-70	426370
39-70	501050
39-70	471990
39-70	161780
39-70	472660
39-71	439290
39-71	229430
39-71	443870
39-71	443280
39-71	440030
39-71	441270
39-71	440980
39-71	137470
39-71	440120
39-71	143790
39-72	379420
39-72	378870
39-72	380890
39-72	376310
39-72	103450
39-72	373670
39-72	384810
39-72	374330
39-72	246340
39-72	245750
39-73	279900
39-73	279710
39-73	300750
39-73	01043480
39-73	280750
39-73	279940
39-73	164290
39-73	116410
39-73	279170
39-73	164840
39-74	267850
39-74	267520
39-74	373820
39-74	233750
39-74	267620
39-74	267640
39-74	268090
39-74	268190
39-74	216050
39-74	267680
39-75	347360
39-75	348420
39-75	349880
39-75	352240
39-75	346530
39-75	353140
39-75	345610
39-75	348230
39-75	348100
39-75	352140
39-76	498350
39-76	006800
39-76	498310
39-76	010730
39-76	117780
39-76	01002970
39-76	195120
39-76	004550
39-76	005640
39-76	009190
39-77	024300
39-77	01009930
39-77	025480
39-77	023820
39-77	023420
39-77	022150
39-77	022230
39-77	022810
39-77	022160
39-77	023360
39-78	01012110
39-78	019950
39-78	121100
39-78	281620
39-78	197750
39-78	199610
39-78	01045240
39-78	01004950
39-78	032070
39-78	032060
39-79	166410
39-79	136220
39-79	163100
39-79	132720
39-79	225290
39-79	137360
39-79	134980
39-79	163850
39-79	134550
39-79	135600
39-80	163100
39-80	166410
39-80	163850
39-80	167060
39-80	280450
39-80	280570
39-80	234460
39-80	390480
39-80	279590
39-80	225290
39-81	195120
39-81	254180
39-81	498350
39-81	01088990
39-81	193870
39-81	438640
39-81	193650
39-81	440020
39-81	498310
39-81	437780
39-82	243670
39-82	278780
39-82	336710
39-82	336730
39-82	004500
39-82	344690
39-82	053620
39-82	035900
39-82	023760
39-82	021620
39-83	290280
39-83	289310
39-83	294420
39-83	348690
39-83	135600
39-83	289670
39-83	003130
39-83	289240
39-83	292370
39-83	294270
39-84	301300
39-84	301350
39-84	280450
39-84	279240
39-84	234460
39-84	163100
39-84	301080
39-84	166410
39-84	225290
39-84	279590
39-85	327600
39-85	339320
39-85	339740
39-85	430980
39-85	416450
39-85	416750
39-85	314330
39-85	243840
39-85	416630
39-85	093490
39-86	01090140
39-86	440570
39-86	443670
39-86	355420
39-86	079960
39-86	367980
39-86	294290
39-86	019950
39-86	355890
39-86	356900
39-87	439060
39-87	438640
39-87	441860
39-87	440240
39-87	01088990
39-87	439290
39-87	438810
39-87	438560
39-87	438150
39-87	437780
39-88	176780
39-88	051620
39-88	145150
39-88	160360
39-88	160550
39-88	388420
39-88	207590
39-88	061170
39-88	217410
39-88	000530
39-89	217740
39-89	141770
39-89	217990
39-89	01051860
39-89	203760
39-89	204710
39-89	204670
39-89	442600
39-89	075980
39-89	203990
39-90	220120
39-90	408350
39-90	132320
39-90	371580
39-90	214860
39-90	220520
39-90	087690
39-90	063260
39-90	01035000
39-90	059980
39-91	312090
39-91	310700
39-91	310340
39-91	310400
39-91	307900
39-91	308730
39-91	310970
39-91	309410
39-91	462930
39-91	305940
39-92	347670
39-92	348960
39-92	347640
39-92	068120
39-92	349190
39-92	348000
39-92	068650
39-92	349080
39-92	345890
39-92	068340
39-93	506690
39-93	331510
39-93	505900
39-93	331320
39-93	505510
39-93	329760
39-93	507350
39-93	283360
39-93	224420
39-93	045460
39-94	065250
39-94	540040
39-94	082790
39-94	070320
39-94	416030
39-94	01086670
39-94	064810
39-94	067770
39-94	347610
39-94	305070
40-1	021540
40-1	021580
40-1	053770
40-1	243800
40-1	007530
40-1	054800
40-1	034470
40-1	016770
40-1	243960
40-1	01008050
40-2	291600
40-2	290990
40-2	006410
40-2	296770
40-2	290100
40-2	248510
40-2	290680
40-2	297900
40-2	297970
40-2	294420
40-3	270730
40-3	269950
40-3	271210
40-3	269960
40-3	269110
40-3	269890
40-3	269400
40-3	410780
40-3	504610
40-3	270330
40-4	290750
40-4	293210
40-4	292780
40-4	222250
40-4	322370
40-4	345850
40-4	290710
40-4	01003980
40-4	290690
40-4	285640
40-5	236440
40-5	375240
40-5	378880
40-5	349660
40-5	377720
40-5	514530
40-5	285630
40-5	379330
40-5	320540
40-5	029930
40-6	290690
40-6	292660
40-6	081170
40-6	290120
40-6	081330
40-6	344520
40-6	289970
40-6	292780
40-6	408440
40-6	289280
40-7	179910
40-7	210190
40-7	220390
40-7	180920
40-7	145560
40-7	177160
40-7	145330
40-7	01047070
40-7	176020
40-7	179370
40-8	102810
40-8	095730
40-8	102960
40-8	102820
40-8	095500
40-8	273400
40-8	049120
40-8	126370
40-8	102520
40-8	094100
40-9	326390
40-9	327220
40-9	161120
40-9	151800
40-9	259070
40-9	423540
40-9	327050
40-9	109830
40-9	01074580
40-9	327210
40-10	244380
40-10	249350
40-10	377630
40-10	374570
40-10	267640
40-10	165250
40-10	376150
40-10	090910
40-10	086180
40-10	248280
40-11	335950
40-11	254240
40-11	01061380
40-11	254430
40-11	254330
40-11	081410
40-11	119660
40-11	258930
40-11	348130
40-11	002910
40-12	016910
40-12	108400
40-12	016920
40-12	000160
40-12	130550
40-12	017030
40-12	130540
40-12	085690
40-12	391750
40-12	078910
40-13	457950
40-13	01092670
40-13	456660
40-13	455830
40-13	01093590
40-13	01092300
40-13	306000
40-13	457580
40-13	456780
40-13	456920
40-14	203700
40-14	234120
40-14	200940
40-14	031420
40-14	214170
40-14	010630
40-14	234010
40-14	010970
40-14	059030
40-14	038010
40-15	005480
40-15	395130
40-15	004430
40-15	253790
40-15	080620
40-15	015500
40-15	003150
40-15	067820
40-15	108770
40-15	108600
40-16	451430
40-16	452240
40-16	452030
40-16	451740
40-16	451660
40-16	451810
40-16	452350
40-16	454530
40-16	451480
40-16	451500
40-17	513690
40-17	316570
40-17	158440
40-17	271260
40-17	317830
40-17	358570
40-17	542270
40-17	087490
40-17	364890
40-17	501320
40-18	129980
40-18	005320
40-18	130090
40-18	130040
40-18	005290
40-18	01002340
40-18	013620
40-18	01004520
40-18	004710
40-18	004920
40-19	342920
40-19	467810
40-19	343820
40-19	395490
40-19	354320
40-19	344260
40-19	024560
40-19	029280
40-19	01029680
40-19	316360
40-20	01003260
40-20	133450
40-20	134490
40-20	135350
40-20	007430
40-20	133860
40-20	166280
40-20	166650
40-20	177070
40-20	005450
40-21	291750
40-21	290130
40-21	292150
40-21	290160
40-21	344350
40-21	290490
40-21	345190
40-21	296360
40-21	290450
40-21	290880
40-22	469130
40-22	01095030
40-22	467830
40-22	468950
40-22	468410
40-22	215180
40-22	469360
40-22	468380
40-22	468820
40-22	469030
40-23	528530
40-23	528430
40-23	102500
40-23	529870
40-23	530160
40-23	140190
40-23	061170
40-23	185390
40-23	174790
40-23	01072610
40-24	207630
40-24	01009930
40-24	049740
40-24	350230
40-24	124920
40-24	022730
40-24	044600
40-24	044300
40-24	190730
40-24	022520
40-25	124140
40-25	061050
40-25	061520
40-25	062810
40-25	203210
40-25	059220
40-25	063010
40-25	060680
40-25	064190
40-25	060790
40-26	301240
40-26	092020
40-26	375050
40-26	153570
40-26	476120
40-26	139430
40-26	01026890
40-26	375110
40-26	166400
40-26	100430
40-27	475690
40-27	01000450
40-27	035820
40-27	079220
40-27	431960
40-27	152820
40-27	245400
40-27	018360
40-27	153110
40-27	478790
40-28	195590
40-28	005060
40-28	005850
40-28	005050
40-28	01002820
40-28	006430
40-28	019400
40-28	004350
40-28	194180
40-28	01003090
40-29	132830
40-29	021940
40-29	432020
40-29	329520
40-29	352050
40-29	161640
40-29	022470
40-29	161650
40-29	01012500
40-29	224320
40-30	132650
40-30	224260
40-30	031420
40-30	031380
40-30	224280
40-30	031440
40-30	103830
40-30	080350
40-30	031620
40-30	029820
40-31	036210
40-31	036280
40-31	033690
40-31	034980
40-31	086790
40-31	033820
40-31	132440
40-31	032310
40-31	033510
40-31	087960
40-32	036810
40-32	240510
40-32	300700
40-32	133890
40-32	099500
40-32	377470
40-32	057980
40-32	374310
40-32	456540
40-32	021390
40-33	222630
40-33	269030
40-33	021380
40-33	054140
40-33	054170
40-33	499210
40-33	099450
40-33	264880
40-33	090530
40-33	100830
40-34	023080
40-34	177750
40-34	145000
40-34	146540
40-34	180980
40-34	145700
40-34	174240
40-34	171450
40-34	144980
40-34	01006170
40-35	151050
40-35	032030
40-35	511180
40-35	234160
40-35	056240
40-35	132090
40-35	033650
40-35	273480
40-35	000890
40-35	198960
40-36	163520
40-36	056070
40-36	300340
40-36	01043800
40-36	134750
40-36	133300
40-36	171990
40-36	387980
40-36	178110
40-36	163190
40-37	193340
40-37	116890
40-37	193720
40-37	058490
40-37	022020
40-37	005510
40-37	113550
40-37	116370
40-37	01048290
40-37	193870
40-38	005960
40-38	511100
40-38	117850
40-38	511140
40-38	247930
40-38	195050
40-38	005750
40-38	194600
40-38	004690
40-38	113920
40-39	184860
40-39	328580
40-39	326930
40-39	327890
40-39	223240
40-39	330780
40-39	224060
40-39	259140
40-39	330050
40-39	424670
40-40	113550
40-40	004880
40-40	113750
40-40	055960
40-40	116330
40-40	437710
40-40	117860
40-40	167030
40-40	116370
40-40	164930
40-41	071420
40-41	039150
40-41	268950
40-41	425070
40-41	287840
40-41	260600
40-41	039530
40-41	270010
40-41	328800
40-41	223130
40-42	01024750
40-42	155960
40-42	260360
40-42	091370
40-42	01041070
40-42	195590
40-42	090960
40-42	244480
40-42	260300
40-42	223260
40-43	310630
40-43	311230
40-43	01033310
40-43	310760
40-43	126910
40-43	079520
40-43	079800
40-43	253950
40-43	311270
40-43	080070
40-44	188520
40-44	339510
40-44	244090
40-44	339860
40-44	339280
40-44	037100
40-44	091410
40-44	430750
40-44	336000
40-44	223190
40-45	298450
40-45	355860
40-45	355870
40-45	01079980
40-45	342260
40-45	355880
40-45	348990
40-45	357900
40-45	346560
40-45	352030
40-46	416000
40-46	326930
40-46	327550
40-46	416060
40-46	323950
40-46	222630
40-46	323800
40-46	501100
40-46	417840
40-46	328080
40-47	289190
40-47	292520
40-47	296460
40-47	262030
40-47	295890
40-47	293500
40-47	259330
40-47	01070090
40-47	294200
40-47	352050
40-48	221350
40-48	031260
40-48	001860
40-48	133930
40-48	057140
40-48	455240
40-48	001660
40-48	032290
40-48	001600
40-48	279040
40-49	093490
40-49	491090
40-49	219090
40-49	288670
40-49	491970
40-49	214290
40-49	491230
40-49	216510
40-49	501860
40-49	216340
40-50	491550
40-50	491450
40-50	491480
40-50	491610
40-50	494250
40-50	491640
40-50	491110
40-50	491280
40-50	492070
40-50	491160
40-51	501100
40-51	500660
40-51	498790
40-51	184860
40-51	502110
40-51	501880
40-51	326930
40-51	500800
40-51	502480
40-51	424670
40-52	167490
40-52	390000
40-52	01032400
40-52	007780
40-52	119840
40-52	390750
40-52	019660
40-52	019720
40-52	119830
40-52	172410
40-53	043240
40-53	138130
40-53	01014440
40-53	157910
40-53	236310
40-53	235440
40-53	236270
40-53	043890
40-53	136120
40-53	120080
40-54	245160
40-54	504590
40-54	351550
40-54	258950
40-54	347510
40-54	504890
40-54	354210
40-54	245640
40-54	000850
40-54	159180
40-55	034250
40-55	102090
40-55	172880
40-55	538210
40-55	033980
40-55	008220
40-55	049970
40-55	242820
40-55	057530
40-55	007890
40-56	273030
40-56	102090
40-56	273640
40-56	274120
40-56	075070
40-56	273390
40-56	272470
40-56	392340
40-56	172880
40-56	337280
40-57	352970
40-57	347030
40-57	349450
40-57	353530
40-57	040730
40-57	154360
40-57	154610
40-57	355540
40-57	039080
40-57	343110
40-58	375120
40-58	233920
40-58	068040
40-58	336380
40-58	057930
40-58	373500
40-58	349020
40-58	064640
40-58	118670
40-58	345900
40-59	262060
40-59	030570
40-59	030700
40-59	275060
40-59	037760
40-59	030240
40-59	424300
40-59	030380
40-59	326660
40-59	030360
40-60	031780
40-60	034050
40-60	008370
40-60	042910
40-60	337280
40-60	109170
40-60	034350
40-60	337310
40-60	031930
40-60	009070
40-61	319760
40-61	055930
40-61	01013860
40-61	483090
40-61	208350
40-61	162810
40-61	000250
40-61	315820
40-61	348990
40-61	018050
40-62	069600
40-62	069470
40-62	01019980
40-62	070210
40-62	069750
40-62	099300
40-62	069230
40-62	069790
40-62	070220
40-62	070630
40-63	104580
40-63	01075190
40-63	333120
40-63	105320
40-63	104660
40-63	041360
40-63	327430
40-63	326660
40-63	345400
40-63	327370
40-64	113800
40-64	118160
40-64	195440
40-64	006010
40-64	134030
40-64	056690
40-64	193940
40-64	546360
40-64	146800
40-64	388960
40-65	119450
40-65	01032880
40-65	119240
40-65	347800
40-65	119380
40-65	01077350
40-65	126980
40-65	121730
40-65	032240
40-65	118530
40-66	132480
40-66	132340
40-66	087790
40-66	034680
40-66	088280
40-66	132190
40-66	004180
40-66	395150
40-66	084610
40-66	443820
40-67	163620
40-67	005000
40-67	01002770
40-67	194500
40-67	133370
40-67	167830
40-67	242770
40-67	166250
40-67	446110
40-67	446240
40-68	134030
40-68	118160
40-68	113800
40-68	133450
40-68	195440
40-68	141460
40-68	135130
40-68	300850
40-68	056690
40-68	193940
40-69	151040
40-69	01013460
40-69	151060
40-69	287900
40-69	188360
40-69	016070
40-69	482870
40-69	01076830
40-69	349970
40-69	354880
40-70	189760
40-70	437750
40-70	117290
40-70	498150
40-70	116930
40-70	268490
40-70	193850
40-70	055900
40-70	117050
40-70	193310
40-71	118050
40-71	388620
40-71	234610
40-71	117040
40-71	088870
40-71	134540
40-71	194230
40-71	070330
40-71	165090
40-71	291790
40-72	247720
40-72	104910
40-72	104970
40-72	105340
40-72	105990
40-72	01013340
40-72	247530
40-72	104760
40-72	104820
40-72	106840
40-73	255510
40-73	005340
40-73	146580
40-73	132040
40-73	005290
40-73	01082800
40-73	130090
40-73	032310
40-73	104640
40-73	194110
40-74	330030
40-74	215660
40-74	229780
40-74	271230
40-74	121510
40-74	272380
40-74	272040
40-74	103870
40-74	073350
40-74	349470
40-75	335640
40-75	279610
40-75	162370
40-75	281340
40-75	424140
40-75	280400
40-75	279440
40-75	01000930
40-75	165680
40-75	388620
40-76	307320
40-76	301620
40-76	268700
40-76	307880
40-76	306090
40-76	390590
40-76	426310
40-76	306610
40-76	236200
40-76	223520
40-77	01097560
40-77	081880
40-77	551510
40-77	104860
40-77	023620
40-77	482700
40-77	316640
40-77	315610
40-77	402250
40-77	532830
40-78	326790
40-78	328590
40-78	326910
40-78	323800
40-78	330020
40-78	329210
40-78	327420
40-78	329200
40-78	099110
40-78	326400
40-79	269440
40-79	147090
40-79	149840
40-79	234410
40-79	148010
40-79	149570
40-79	150060
40-79	149410
40-79	148130
40-79	327810
40-80	223520
40-80	404100
40-80	401340
40-80	456370
40-80	426310
40-80	403130
40-80	301620
40-80	330460
40-80	407650
40-80	400950
40-81	416430
40-81	482460
40-81	415950
40-81	416340
40-81	542250
40-81	416730
40-81	417890
40-81	288290
40-81	360550
40-81	416080
40-82	444730
40-82	207750
40-82	444510
40-82	013560
40-82	172590
40-82	309340
40-82	203060
40-82	270510
40-82	326870
40-82	067190
40-83	032240
40-83	108880
40-83	108520
40-83	01011780
40-83	108390
40-83	031310
40-83	080620
40-83	482780
40-83	003150
40-83	038530
40-84	497930
40-84	031530
40-84	057680
40-84	447250
40-84	031290
40-84	039240
40-84	242740
40-84	000450
40-84	274910
40-84	023240
40-85	173480
40-85	142090
40-85	174390
40-85	144760
40-85	204770
40-85	175310
40-85	142760
40-85	01043820
40-85	140910
40-85	393640
40-86	297360
40-86	121740
40-86	296200
40-86	295660
40-86	248600
40-86	374700
40-86	252640
40-86	010810
40-86	269030
40-86	353620
40-87	011270
40-87	123730
40-87	125210
40-87	012180
40-87	014790
40-87	014530
40-87	124920
40-87	01004630
40-87	012010
40-87	01052320
40-88	087470
40-88	086950
40-88	033560
40-88	087540
40-88	033570
40-88	033590
40-88	039350
40-88	087330
40-88	225500
40-88	162940
40-89	115640
40-89	115230
40-89	115590
40-89	394060
40-89	116000
40-89	115790
40-89	115930
40-89	144920
40-89	115920
40-89	493920
40-90	163620
40-90	163250
40-90	000450
40-90	279720
40-90	275160
40-90	300290
40-90	301190
40-90	113710
40-90	388900
40-90	133560
40-91	015820
40-91	030270
40-91	189890
40-91	192550
40-91	033940
40-91	117310
40-91	036510
40-91	336840
40-91	344070
40-91	016080
40-92	248490
40-92	155540
40-92	189890
40-92	087130
40-92	006910
40-92	257310
40-92	344070
40-92	196430
40-92	259600
40-92	256980
40-93	259380
40-93	259190
40-93	034340
40-93	087280
40-93	087490
40-93	039780
40-93	131900
40-93	01012610
40-93	105790
40-93	475720
40-94	343110
40-94	058080
40-94	317860
40-94	349140
40-94	352300
40-94	349830
40-94	342710
40-94	068340
40-94	349230
40-94	003700
41-1	155380
41-1	100290
41-1	236440
41-1	471650
41-1	155560
41-1	084510
41-1	154840
41-1	432620
41-1	159320
41-1	155450
41-2	006230
41-2	163310
41-2	164590
41-2	166140
41-2	279370
41-2	005360
41-2	228290
41-2	135410
41-2	006610
41-2	389420
41-3	281960
41-3	281160
41-3	140620
41-3	301690
41-3	215660
41-3	114750
41-3	01004950
41-3	302520
41-3	434020
41-3	01067860
41-4	053550
41-4	037760
41-4	053840
41-4	030570
41-4	021410
41-4	030160
41-4	030700
41-4	030150
41-4	030110
41-4	326950
41-5	000020
41-5	184500
41-5	098650
41-5	083230
41-5	098660
41-5	233650
41-5	423380
41-5	000150
41-5	246810
41-5	437770
41-6	514110
41-6	132050
41-6	033940
41-6	538650
41-6	038820
41-6	241630
41-6	452460
41-6	400260
41-6	402280
41-6	404250
41-7	112890
41-7	112880
41-7	402430
41-7	105340
41-7	042590
41-7	101060
41-7	104460
41-7	293100
41-7	351030
41-7	346230
41-8	334000
41-8	329090
41-8	329620
41-8	334430
41-8	161800
41-8	152200
41-8	329190
41-8	334100
41-8	331000
41-8	333420
41-9	01079240
41-9	352910
41-9	065580
41-9	065610
41-9	065600
41-9	036760
41-9	351800
41-9	292480
41-9	350300
41-9	065440
41-10	326450
41-10	326640
41-10	326880
41-10	326390
41-10	471430
41-10	223520
41-10	425060
41-10	326410
41-10	323900
41-10	161120
41-11	375580
41-11	111060
41-11	322480
41-11	379210
41-11	438970
41-11	111170
41-11	517060
41-11	015690
41-11	379720
41-11	246120
41-12	116290
41-12	021510
41-12	116230
41-12	392950
41-12	161260
41-12	065130
41-12	154350
41-12	067210
41-12	003990
41-12	041440
41-13	243880
41-13	224690
41-13	245630
41-13	144210
41-13	045680
41-13	092300
41-13	278990
41-13	316120
41-13	243450
41-13	145930
41-14	345540
41-14	290660
41-14	346280
41-14	293950
41-14	348710
41-14	292160
41-14	243990
41-14	034660
41-14	01077300
41-14	316290
41-15	440210
41-15	01089070
41-15	440070
41-15	441680
41-15	440360
41-15	441760
41-15	442630
41-15	443870
41-15	159470
41-15	440570
41-16	391370
41-16	165570
41-16	165560
41-16	166660
41-16	166670
41-16	170050
41-16	279880
41-16	134040
41-16	168940
41-16	307980
41-17	070630
41-17	071330
41-17	069820
41-17	069680
41-17	069600
41-17	01019980
41-17	072500
41-17	071350
41-17	070600
41-17	071420
41-18	074740
41-18	070440
41-18	073190
41-18	171130
41-18	075260
41-18	288450
41-18	074750
41-18	076200
41-18	073550
41-18	076680
41-19	304810
41-19	484320
41-19	307420
41-19	304550
41-19	304530
41-19	432520
41-19	305330
41-19	310200
41-19	456580
41-19	304800
41-20	099450
41-20	000580
41-20	386190
41-20	373100
41-20	387540
41-20	451370
41-20	195790
41-20	290070
41-20	395030
41-20	483090
41-21	407220
41-21	408990
41-21	332950
41-21	231720
41-21	410060
41-21	463070
41-21	217980
41-21	409370
41-21	405370
41-21	325440
41-22	008660
41-22	013020
41-22	007970
41-22	012730
41-22	005440
41-22	010430
41-22	011970
41-22	009870
41-22	109360
41-22	012920
41-23	113020
41-23	01030260
41-23	113130
41-23	482480
41-23	113030
41-23	482500
41-23	491200
41-23	113050
41-23	113040
41-23	372330
41-24	174660
41-24	176640
41-24	282830
41-24	124850
41-24	143660
41-24	276580
41-24	311100
41-24	231900
41-24	140260
41-24	167010
41-25	193250
41-25	193210
41-25	162290
41-25	162400
41-25	01042800
41-25	300010
41-25	193270
41-25	279040
41-25	193260
41-25	003530
41-26	204230
41-26	124850
41-26	217690
41-26	115420
41-26	013440
41-26	174660
41-26	141820
41-26	282830
41-26	231900
41-26	013400
41-27	242010
41-27	239750
41-27	241750
41-27	224700
41-27	221750
41-27	055310
41-27	300100
41-27	240040
41-27	312260
41-27	240170
41-28	276160
41-28	280460
41-28	197110
41-28	171240
41-28	315970
41-28	01001640
41-28	479170
41-28	275880
41-28	425310
41-28	245670
41-29	01013860
41-29	357010
41-29	118380
41-29	090540
41-29	244740
41-29	291130
41-29	070460
41-29	104810
41-29	080400
41-29	540040
41-30	400830
41-30	400740
41-30	400850
41-30	401720
41-30	401990
41-30	400090
41-30	403070
41-30	400940
41-30	400860
41-30	400020
41-31	414140
41-31	055870
41-31	01057760
41-31	109920
41-31	275020
41-31	01066600
41-31	023020
41-31	01016290
41-31	163130
41-31	266630
41-32	107300
41-32	107430
41-32	106000
41-32	106610
41-32	494740
41-32	01080800
41-32	295930
41-32	064970
41-32	249350
41-32	494690
41-33	137780
41-33	200800
41-33	237690
41-33	198050
41-33	139610
41-33	237830
41-33	061750
41-33	01005050
41-33	138150
41-33	009720
41-34	249760
41-34	105080
41-34	104900
41-34	01035000
41-34	106100
41-34	249800
41-34	012190
41-34	247990
41-34	105410
41-34	105540
41-35	279500
41-35	279900
41-35	280840
41-35	163240
41-35	01043430
41-35	279940
41-35	280420
41-35	164290
41-35	01002820
41-35	281540
41-36	342420
41-36	003130
41-36	343260
41-36	342520
41-36	346000
41-36	348130
41-36	347190
41-36	344560
41-36	342250
41-36	290390
41-37	459620
41-37	462220
41-37	457770
41-37	460670
41-37	459700
41-37	460650
41-37	460610
41-37	456100
41-37	437120
41-37	01093590
41-38	456580
41-38	424220
41-38	459170
41-38	01093650
41-38	459540
41-38	460140
41-38	456170
41-38	455850
41-38	457320
41-38	457030
41-39	343640
41-39	352970
41-39	259340
41-39	347030
41-39	343110
41-39	359220
41-39	01077990
41-39	353530
41-39	349550
41-39	355220
41-40	458090
41-40	375760
41-40	376700
41-40	375850
41-40	373670
41-40	433430
41-40	165560
41-40	099520
41-40	377760
41-40	163470
41-41	522000
41-41	501980
41-41	502170
41-41	525950
41-41	523710
41-41	525840
41-41	434600
41-41	527300
41-41	523070
41-41	524930
41-42	041220
41-42	157600
41-42	452690
41-42	119680
41-42	479360
41-42	263770
41-42	042880
41-42	01012490
41-42	001200
41-42	367270
41-43	113060
41-43	121290
41-43	112810
41-43	099440
41-43	117600
41-43	171220
41-43	009460
41-43	390400
41-43	000770
41-43	099620
41-44	388630
41-44	267650
41-44	309390
41-44	01001820
41-44	319940
41-44	379210
41-44	477120
41-44	012980
41-44	192890
41-44	491770
41-45	058560
41-45	221350
41-45	546970
41-45	121290
41-45	005830
41-45	498230
41-45	198200
41-45	239600
41-45	194240
41-45	008820
41-46	210450
41-46	494440
41-46	492720
41-46	493670
41-46	492910
41-46	020500
41-46	050680
41-46	210440
41-46	492470
41-46	042000
41-47	356050
41-47	352270
41-47	417110
41-47	415950
41-47	346180
41-47	416480
41-47	416250
41-47	262120
41-47	416530
41-47	326540
41-48	415950
41-48	482460
41-48	417890
41-48	417410
41-48	155140
41-48	417850
41-48	471650
41-48	081450
41-48	416730
41-48	416640
41-49	093490
41-49	101730
41-49	492030
41-49	491090
41-49	491440
41-49	492290
41-49	491560
41-49	491690
41-49	491170
41-49	492980
41-50	147480
41-50	148260
41-50	148900
41-50	418510
41-50	147270
41-50	336210
41-50	520740
41-50	244170
41-50	149240
41-50	005620
41-51	240640
41-51	240930
41-51	161260
41-51	033610
41-51	031870
41-51	440210
41-51	387150
41-51	326610
41-51	017850
41-51	324050
41-52	000250
41-52	085040
41-52	162310
41-52	031720
41-52	000150
41-52	004270
41-52	003030
41-52	000080
41-52	001900
41-52	003070
41-53	008820
41-53	116470
41-53	005940
41-53	007180
41-53	338650
41-53	005420
41-53	004920
41-53	173190
41-53	338640
41-53	198890
41-54	215380
41-54	058960
41-54	349800
41-54	01055710
41-54	059200
41-54	169120
41-54	057460
41-54	474530
41-54	236280
41-54	326190
41-55	066890
41-55	080280
41-55	066940
41-55	004260
41-55	004290
41-55	01006540
41-55	066980
41-55	267440
41-55	015610
41-55	066880
41-56	073390
41-56	071200
41-56	073400
41-56	073730
41-56	076630
41-56	075300
41-56	069320
41-56	072190
41-56	073180
41-56	070480
41-57	082190
41-57	352380
41-57	516940
41-57	081360
41-57	488360
41-57	082330
41-57	353860
41-57	019050
41-57	245550
41-57	082310
41-58	003800
41-58	244540
41-58	019050
41-58	082310
41-58	352380
41-58	082890
41-58	479080
41-58	448390
41-58	254360
41-58	146660
41-59	099490
41-59	015560
41-59	373240
41-59	039260
41-59	029210
41-59	01026860
41-59	040240
41-59	000380
41-59	314200
41-59	100380
41-60	105030
41-60	248030
41-60	105930
41-60	151780
41-60	042580
41-60	042590
41-60	253480
41-60	105380
41-60	328800
41-60	326870
41-61	100110
41-61	134020
41-61	01071730
41-61	163370
41-61	433090
41-61	374740
41-61	164790
41-61	476120
41-61	056720
41-61	110160
41-62	005440
41-62	136190
41-62	117950
41-62	117240
41-62	134170
41-62	135130
41-62	133330
41-62	141480
41-62	167510
41-62	165000
41-63	149730
41-63	149720
41-63	543740
41-63	149590
41-63	148770
41-63	148700
41-63	148900
41-63	544350
41-63	151170
41-63	147490
41-64	151790
41-64	184660
41-64	103810
41-64	116990
41-64	103740
41-64	342770
41-64	056630
41-64	343000
41-64	068320
41-64	247690
41-65	158690
41-65	01062190
41-65	343960
41-65	328110
41-65	159580
41-65	353530
41-65	081800
41-65	260110
41-65	355610
41-65	099330
41-66	197440
41-66	198320
41-66	058230
41-66	197570
41-66	200540
41-66	008200
41-66	057060
41-66	237530
41-66	395130
41-66	343000
41-67	342100
41-67	341990
41-67	342410
41-67	015740
41-67	289170
41-67	222140
41-67	01076230
41-67	01076310
41-67	146600
41-67	01036470
41-68	290110
41-68	292660
41-68	289970
41-68	345010
41-68	344310
41-68	343640
41-68	166730
41-68	164460
41-68	344210
41-68	291630
41-69	106400
41-69	106570
41-69	104950
41-69	331900
41-69	324410
41-69	01075290
41-69	331040
41-69	049920
41-69	106430
41-69	107520
41-70	100290
41-70	269540
41-70	046170
41-70	046210
41-70	105210
41-70	371690
41-70	259430
41-70	044330
41-70	046590
41-70	081540
41-71	290600
41-71	067870
41-71	342080
41-71	342630
41-71	080940
41-71	343720
41-71	347050
41-71	344930
41-71	289670
41-71	290650
41-72	409070
41-72	408450
41-72	407850
41-72	407980
41-72	464420
41-72	106030
41-72	404030
41-72	402610
41-72	092660
41-72	407260
41-73	017880
41-73	154730
41-73	504580
41-73	154360
41-73	259600
41-73	326490
41-73	039110
41-73	326600
41-73	259340
41-73	335890
41-74	335180
41-74	334910
41-74	417440
41-74	329390
41-74	328760
41-74	266330
41-74	327860
41-74	430090
41-74	039860
41-74	417370
41-75	420180
41-75	420080
41-75	420170
41-75	420130
41-75	420310
41-75	420380
41-75	420120
41-75	420520
41-75	420460
41-75	000170
41-76	471640
41-76	345420
41-76	349010
41-76	156160
41-76	436860
41-76	346900
41-76	431960
41-76	548220
41-76	214040
41-76	548250
41-77	451510
41-77	156340
41-77	472300
41-77	154980
41-77	195250
41-77	038620
41-77	471900
41-77	471890
41-77	134390
41-77	471800
41-78	197580
41-78	196940
41-78	166580
41-78	119180
41-78	214570
41-78	007560
41-78	235470
41-78	167240
41-78	021410
41-78	136010
41-79	271410
41-79	237930
41-79	303460
41-79	259700
41-79	139660
41-79	139210
41-79	076340
41-79	171970
41-79	199790
41-79	278020
41-80	184710
41-80	268670
41-80	130510
41-80	134920
41-80	007150
41-80	109510
41-80	269000
41-80	130500
41-80	017030
41-80	011520
41-81	395030
41-81	017280
41-81	017960
41-81	156120
41-81	386200
41-81	018030
41-81	072430
41-81	034530
41-81	296900
41-81	030330
41-82	000620
41-82	001200
41-82	000870
41-82	483100
41-82	322480
41-82	361460
41-82	352490
41-82	087270
41-82	347970
41-82	358110
41-83	360710
41-83	362310
41-83	296520
41-83	347480
41-83	350120
41-83	342710
41-83	343110
41-83	349140
41-83	348860
41-83	004020
41-84	448890
41-84	446830
41-84	430580
41-84	447980
41-84	447400
41-84	447180
41-84	033070
41-84	446550
41-84	01012460
41-84	01090850
41-85	132840
41-85	060490
41-85	163770
41-85	022690
41-85	084270
41-85	243060
41-85	01009770
41-85	151380
41-85	022650
41-85	084600
41-86	161260
41-86	180580
41-86	053920
41-86	038180
41-86	054420
41-86	009980
41-86	054580
41-86	054680
41-86	054440
41-86	017870
41-87	495460
41-87	547000
41-87	020960
41-87	020850
41-87	021060
41-87	020700
41-87	033600
41-87	243390
41-87	087330
41-87	034740
41-88	416340
41-88	471650
41-88	245670
41-88	326800
41-88	156390
41-88	100290
41-88	320540
41-88	386370
41-88	017580
41-88	260340
41-89	361930
41-89	429070
41-89	356710
41-89	342770
41-89	347500
41-89	353690
41-89	352550
41-89	354960
41-89	525290
41-89	349880
41-90	005310
41-90	004900
41-90	01002590
41-90	194040
41-90	004570
41-90	005490
41-90	007300
41-90	116460
41-90	005610
41-90	01003540
41-91	023420
41-91	022890
41-91	024900
41-91	01009760
41-91	024540
41-91	022150
41-91	01009930
41-91	022510
41-91	024300
41-91	01009960
41-92	115150
41-92	391600
41-92	123120
41-92	171730
41-92	01051670
41-92	391180
41-92	123770
41-92	01030940
41-92	115530
41-92	146120
41-93	378680
41-93	331530
41-93	100530
41-93	101820
41-93	200740
41-93	100150
41-93	100230
41-93	205270
41-93	092450
41-93	102120
41-94	161230
41-94	326790
41-94	330020
41-94	328600
41-94	222630
41-94	161240
41-94	328080
41-94	328990
41-94	416320
41-94	258650
42-1	391660
42-1	390480
42-1	281700
42-1	388900
42-1	323280
42-1	391890
42-1	390200
42-1	138590
42-1	391610
42-1	378680
42-2	330840
42-2	328400
42-2	185380
42-2	106310
42-2	222860
42-2	01062970
42-2	332130
42-2	328720
42-2	508770
42-2	334860
42-3	171730
42-3	060680
42-3	391600
42-3	391180
42-3	379390
42-3	461700
42-3	275410
42-3	460930
42-3	281640
42-3	278210
42-4	01001810
42-4	012950
42-4	01068660
42-4	170730
42-4	01074400
42-4	175110
42-4	303120
42-4	009890
42-4	003250
42-4	012270
42-5	199570
42-5	023200
42-5	01050090
42-5	023030
42-5	327740
42-5	414390
42-5	01009850
42-5	019690
42-5	022540
42-5	249350
42-6	108520
42-6	108570
42-6	342760
42-6	343700
42-6	343420
42-6	446500
42-6	284750
42-6	343650
42-6	348390
42-6	345360
42-7	133130
42-7	01035290
42-7	387780
42-7	163500
42-7	135140
42-7	133310
42-7	132750
42-7	134040
42-7	01002660
42-7	166600
42-8	118030
42-8	006180
42-8	194900
42-8	113850
42-8	056350
42-8	110460
42-8	269460
42-8	056900
42-8	252180
42-8	092320
42-9	006080
42-9	005280
42-9	005150
42-9	006000
42-9	005550
42-9	007190
42-9	117840
42-9	005230
42-9	005650
42-9	010430
42-10	01064650
42-10	224810
42-10	300710
42-10	056020
42-10	165870
42-10	163410
42-10	164480
42-10	133850
42-10	167900
42-10	034890
42-11	416320
42-11	070630
42-11	327790
42-11	213660
42-11	524970
42-11	499130
42-11	374510
42-11	322550
42-11	526550
42-11	275780
42-12	021840
42-12	01007230
42-12	017150
42-12	289500
42-12	016980
42-12	227700
42-12	016930
42-12	342140
42-12	342010
42-12	342710
42-13	157200
42-13	155710
42-13	038530
42-13	041740
42-13	042720
42-13	039910
42-13	155800
42-13	038310
42-13	041300
42-13	244510
42-14	049680
42-14	050480
42-14	050590
42-14	046120
42-14	046670
42-14	051490
42-14	042450
42-14	048190
42-14	045430
42-14	157610
42-15	062460
42-15	061100
42-15	060140
42-15	061260
42-15	206900
42-15	160480
42-15	236860
42-15	062490
42-15	061720
42-15	062800
42-16	206900
42-16	124460
42-16	125600
42-16	119020
42-16	01032530
42-16	128560
42-16	127530
42-16	123990
42-16	491280
42-16	207930
42-17	161210
42-17	142370
42-17	01035570
42-17	145180
42-17	176650
42-17	234030
42-17	128100
42-17	140930
42-17	005130
42-17	175620
42-18	167820
42-18	167650
42-18	218160
42-18	168960
42-18	168270
42-18	043620
42-18	178930
42-18	170960
42-18	176410
42-18	437500
42-19	352380
42-19	349570
42-19	352510
42-19	353070
42-19	349920
42-19	352760
42-19	035990
42-19	01079250
42-19	101170
42-19	355710
42-20	300520
42-20	388050
42-20	166660
42-20	388170
42-20	323240
42-20	303080
42-20	302780
42-20	165570
42-20	282750
42-20	301860
42-21	062560
42-21	345540
42-21	108870
42-21	348710
42-21	350840
42-21	349800
42-21	352360
42-21	068210
42-21	351510
42-21	069120
42-22	305330
42-22	388050
42-22	01100040
42-22	308400
42-22	307980
42-22	300520
42-22	312150
42-22	306360
42-22	304860
42-22	305350
42-23	479190
42-23	478950
42-23	222030
42-23	479080
42-23	478750
42-23	317220
42-23	01014980
42-23	479720
42-23	01014960
42-23	152780
42-24	150850
42-24	003610
42-24	01036470
42-24	080270
42-24	222140
42-24	036090
42-24	067150
42-24	001230
42-24	065370
42-24	000120
42-25	324800
42-25	469940
42-25	468790
42-25	468150
42-25	469900
42-25	360540
42-25	468480
42-25	469040
42-25	470640
42-25	468430
42-26	016580
42-26	000480
42-26	000540
42-26	483090
42-26	000580
42-26	004500
42-26	01084270
42-26	000840
42-26	01008100
42-26	003780
42-27	196620
42-27	269930
42-27	119160
42-27	006740
42-27	500980
42-27	500600
42-27	225700
42-27	151370
42-27	008820
42-27	032030
42-28	017110
42-28	017100
42-28	017180
42-28	001720
42-28	017030
42-28	001730
42-28	349810
42-28	001150
42-28	017240
42-28	000310
42-29	060580
42-29	062260
42-29	141210
42-29	012290
42-29	013810
42-29	087240
42-29	072450
42-29	331640
42-29	101950
42-29	087850
42-30	01027270
42-30	102830
42-30	143390
42-30	102930
42-30	333660
42-30	109100
42-30	059450
42-30	232450
42-30	102250
42-30	093840
42-31	103690
42-31	103700
42-31	243880
42-31	001550
42-31	109660
42-31	243640
42-31	243770
42-31	002790
42-31	152810
42-31	065150
42-32	109100
42-32	01029060
42-32	109080
42-32	108970
42-32	109130
42-32	332210
42-32	437130
42-32	068930
42-32	108860
42-32	109110
42-33	006720
42-33	005400
42-33	163850
42-33	113660
42-33	133980
42-33	119190
42-33	005700
42-33	176140
42-33	163110
42-33	113970
42-34	416380
42-34	032240
42-34	039990
42-34	326670
42-34	184510
42-34	085740
42-34	112260
42-34	01006610
42-34	327860
42-34	017030
42-35	552650
42-35	01080100
42-35	360410
42-35	296190
42-35	294200
42-35	358870
42-35	361800
42-35	364560
42-35	359580
42-35	354010
42-36	468250
42-36	467830
42-36	467890
42-36	468090
42-36	215180
42-36	467880
42-36	470650
42-36	468260
42-36	360900
42-36	043690
42-37	261680
42-37	403260
42-37	307140
42-37	329340
42-37	473370
42-37	472380
42-37	472330
42-37	473200
42-37	473130
42-37	471850
42-38	193250
42-38	300010
42-38	162400
42-38	085110
42-38	085100
42-38	279040
42-38	162290
42-38	099620
42-38	455240
42-38	162310
42-39	490980
42-39	018010
42-39	154360
42-39	103720
42-39	291510
42-39	416650
42-39	490990
42-39	260340
42-39	417180
42-39	189600
42-40	013560
42-40	512800
42-40	012290
42-40	323950
42-40	511720
42-40	207750
42-40	013420
42-40	014330
42-40	328830
42-40	012030
42-41	016410
42-41	063130
42-41	062940
42-41	064170
42-41	239470
42-41	060280
42-41	161980
42-41	467290
42-41	117110
42-41	379920
42-42	252610
42-42	323950
42-42	237040
42-42	107530
42-42	107860
42-42	107180
42-42	324100
42-42	042590
42-42	327790
42-42	417610
42-43	422290
42-43	112330
42-43	269870
42-43	322370
42-43	505390
42-43	283660
42-43	291590
42-43	221550
42-43	347030
42-43	236780
42-44	022620
42-44	021930
42-44	01009760
42-44	062160
42-44	424420
42-44	021950
42-44	548310
42-44	161130
42-44	427250
42-44	022510
42-45	264500
42-45	411820
42-45	262260
42-45	260170
42-45	261890
42-45	418810
42-45	352970
42-45	262640
42-45	353910
42-45	359610
42-46	552680
42-46	361010
42-46	358090
42-46	359280
42-46	345230
42-46	344040
42-46	123190
42-46	347890
42-46	350490
42-46	351030
42-47	292030
42-47	294590
42-47	294500
42-47	294230
42-47	290320
42-47	118670
42-47	206290
42-47	081880
42-47	192610
42-47	346000
42-48	010730
42-48	010040
42-48	014160
42-48	009190
42-48	01005820
42-48	01005090
42-48	010320
42-48	01005120
42-48	015090
42-48	009950
42-49	065290
42-49	01001490
42-49	068450
42-49	287900
42-49	01013460
42-49	287850
42-49	080650
42-49	036490
42-49	065250
42-49	347640
42-50	01056920
42-50	01056940
42-50	233970
42-50	090020
42-50	163370
42-50	223100
42-50	133840
42-50	306000
42-50	166470
42-50	033670
42-51	047230
42-51	345830
42-51	192610
42-51	034660
42-51	346970
42-51	348710
42-51	046320
42-51	293960
42-51	335910
42-51	323480
42-52	104280
42-52	312380
42-52	281610
42-52	310450
42-52	305880
42-52	306410
42-52	306370
42-52	307880
42-52	308750
42-52	308870
42-53	437640
42-53	437830
42-53	439450
42-53	437730
42-53	439060
42-53	437800
42-53	439430
42-53	442760
42-53	437650
42-53	01090250
42-54	438100
42-54	441900
42-54	441050
42-54	000110
42-54	439470
42-54	442730
42-54	443830
42-54	387890
42-54	438500
42-54	439370
42-55	441640
42-55	442740
42-55	441760
42-55	444530
42-55	441680
42-55	443870
42-55	440110
42-55	439370
42-55	364420
42-55	440070
42-56	007890
42-56	01003150
42-56	009000
42-56	005850
42-56	007800
42-56	012950
42-56	005820
42-56	011070
42-56	235010
42-56	006400
42-57	027440
42-57	01010620
42-57	027400
42-57	027680
42-57	027320
42-57	439210
42-57	01010390
42-57	341660
42-57	023600
42-57	127860
42-58	071330
42-58	072320
42-58	071970
42-58	072360
42-58	070600
42-58	073640
42-58	069820
42-58	070120
42-58	070850
42-58	076960
42-59	108520
42-59	108570
42-59	108460
42-59	108440
42-59	038400
42-59	103730
42-59	327780
42-59	229240
42-59	342760
42-59	01001200
42-60	484980
42-60	484710
42-60	485680
42-60	487030
42-60	309390
42-60	198960
42-60	486020
42-60	485390
42-60	484850
42-60	487320
42-61	01003740
42-61	168200
42-61	01008870
42-61	006000
42-61	120370
42-61	007090
42-61	01005850
42-61	007620
42-61	005050
42-61	008250
42-62	338470
42-62	338480
42-62	507430
42-62	249350
42-62	248280
42-62	522370
42-62	359400
42-62	490170
42-62	101160
42-62	01080330
42-63	456100
42-63	338470
42-63	461120
42-63	459910
42-63	463680
42-63	522370
42-63	338480
42-63	458770
42-63	455950
42-63	01092310
42-64	054510
42-64	054800
42-64	330510
42-64	054970
42-64	054650
42-64	040580
42-64	055140
42-64	328390
42-64	054700
42-64	335210
42-65	136300
42-65	164520
42-65	171070
42-65	302070
42-65	139000
42-65	214520
42-65	138520
42-65	138690
42-65	114990
42-65	059960
42-66	085180
42-66	058560
42-66	079070
42-66	184820
42-66	072920
42-66	073700
42-66	248400
42-66	227840
42-66	01016550
42-66	029820
42-67	243410
42-67	478670
42-67	031900
42-67	352020
42-67	346610
42-67	018080
42-67	478690
42-67	000540
42-67	345190
42-67	152880
42-68	388590
42-68	433740
42-68	390620
42-68	280850
42-68	388030
42-68	275620
42-68	167600
42-68	388690
42-68	390110
42-68	277050
42-69	433740
42-69	167600
42-69	432330
42-69	432960
42-69	434430
42-69	433610
42-69	280850
42-69	522370
42-69	455530
42-69	388030
42-70	282480
42-70	01068090
42-70	281540
42-70	282730
42-70	166720
42-70	280840
42-70	279930
42-70	280080
42-70	283210
42-70	279840
42-71	353070
42-71	01079250
42-71	061510
42-71	348730
42-71	102280
42-71	352760
42-71	102450
42-71	062060
42-71	312080
42-71	355990
42-72	353070
42-72	01079250
42-72	349920
42-72	352760
42-72	061510
42-72	355990
42-72	349570
42-72	361700
42-72	352380
42-72	102450
42-73	353070
42-73	366530
42-73	01079250
42-73	432620
42-73	352760
42-73	102280
42-73	349920
42-73	355990
42-73	348730
42-73	159320
42-74	130140
42-74	041040
42-74	130350
42-74	130040
42-74	130570
42-74	130210
42-74	130120
42-74	130330
42-74	129980
42-74	130460
42-75	260230
42-75	352760
42-75	349920
42-75	353070
42-75	01079250
42-75	355990
42-75	01014960
42-75	102280
42-75	102450
42-75	349570
42-76	053420
42-76	195780
42-76	212910
42-76	021260
42-76	099450
42-76	021340
42-76	031580
42-76	090130
42-76	017860
42-76	189540
42-77	249660
42-77	206550
42-77	142740
42-77	218670
42-77	047230
42-77	199480
42-77	207930
42-77	442530
42-77	206290
42-77	079960
42-78	351060
42-78	349640
42-78	01013810
42-78	355040
42-78	044800
42-78	291930
42-78	351270
42-78	357210
42-78	346730
42-78	326780
42-79	011990
42-79	01005090
42-79	010480
42-79	009210
42-79	125310
42-79	007630
42-79	126430
42-79	255890
42-79	009730
42-79	013010
42-80	350880
42-80	217950
42-80	01005280
42-80	013960
42-80	01003850
42-80	009840
42-80	012950
42-80	124360
42-80	115340
42-80	265560
42-81	341570
42-81	341560
42-81	029080
42-81	191590
42-81	007280
42-81	191610
42-81	009370
42-81	017940
42-81	008030
42-81	190380
42-82	155020
42-82	163340
42-82	01041020
42-82	165210
42-82	154430
42-82	163890
42-82	195940
42-82	112100
42-82	466660
42-82	01007430
42-83	432610
42-83	061470
42-83	060180
42-83	433220
42-83	432890
42-83	133890
42-83	433290
42-83	301290
42-83	435430
42-83	282000
42-84	436860
42-84	067910
42-84	225070
42-84	136770
42-84	318000
42-84	067770
42-84	156160
42-84	032160
42-84	135760
42-84	280140
42-85	003130
42-85	315300
42-85	081060
42-85	080350
42-85	284690
42-85	411470
42-85	01021690
42-85	067730
42-85	080930
42-85	319620
42-86	095500
42-86	167530
42-86	01024750
42-86	058330
42-86	094800
42-86	091750
42-86	102660
42-86	095140
42-86	090960
42-86	090880
42-87	376060
42-87	236440
42-87	169540
42-87	296210
42-87	377720
42-87	376540
42-87	256970
42-87	285430
42-87	376960
42-87	002910
42-88	290730
42-88	023760
42-88	214520
42-88	492790
42-88	01078640
42-88	170600
42-88	546190
42-88	001020
42-88	546300
42-88	005050
42-89	105160
42-89	247700
42-89	104860
42-89	248680
42-89	247880
42-89	104900
42-89	538960
42-89	395050
42-89	247670
42-89	105380
42-90	195830
42-90	195430
42-90	01036100
42-90	145830
42-90	173800
42-90	144760
42-90	138030
42-90	179560
42-90	166170
42-90	145180
42-91	174090
42-91	144740
42-91	136650
42-91	169120
42-91	172300
42-91	217950
42-91	142470
42-91	172270
42-91	141870
42-91	145130
42-92	146940
42-92	130350
42-92	147390
42-92	153300
42-92	150940
42-92	130100
42-92	130310
42-92	130160
42-92	130530
42-92	005620
42-93	152750
42-93	152780
42-93	036140
42-93	038460
42-93	003090
42-93	037730
42-93	386370
42-93	067500
42-93	157410
42-93	155140
42-94	161180
42-94	161170
42-94	053550
42-94	323870
42-94	161690
42-94	053840
42-94	006400
42-94	446110
42-94	161130
42-94	136310
43-1	267600
43-1	01049150
43-1	439310
43-1	213400
43-1	194760
43-1	195990
43-1	197360
43-1	267790
43-1	134250
43-1	117240
43-2	195830
43-2	195430
43-2	438410
43-2	438090
43-2	443510
43-2	440990
43-2	439440
43-2	01088840
43-2	112780
43-2	439060
43-3	214580
43-3	003620
43-3	003720
43-3	003670
43-3	122040
43-3	01054770
43-3	154850
43-3	003830
43-3	243780
43-3	361700
43-4	270580
43-4	270770
43-4	272500
43-4	270620
43-4	184790
43-4	271900
43-4	271640
43-4	416620
43-4	269070
43-4	270350
43-5	392690
43-5	310660
43-5	141220
43-5	01089790
43-5	173980
43-5	102380
43-5	380740
43-5	140910
43-5	01083490
43-5	391650
43-6	328590
43-6	259940
43-6	326790
43-6	329210
43-6	416520
43-6	448380
43-6	327700
43-6	416620
43-6	326910
43-6	341650
43-7	343510
43-7	080570
43-7	342120
43-7	01076220
43-7	342140
43-7	342110
43-7	342010
43-7	342670
43-7	287850
43-7	289350
43-8	345510
43-8	349940
43-8	346190
43-8	356930
43-8	360360
43-8	355440
43-8	345840
43-8	351980
43-8	351390
43-8	349840
43-9	358300
43-9	352970
43-9	443670
43-9	442930
43-9	364420
43-9	442020
43-9	443650
43-9	445630
43-9	442940
43-9	358510
43-10	167530
43-10	376310
43-10	136210
43-10	058330
43-10	167110
43-10	306870
43-10	377380
43-10	378990
43-10	261150
43-10	01004980
43-11	067170
43-11	390980
43-11	01083950
43-11	003830
43-11	271010
43-11	214030
43-11	01057470
43-11	354610
43-11	069090
43-11	392920
43-12	400690
43-12	403030
43-12	400490
43-12	402330
43-12	327010
43-12	400930
43-12	259350
43-12	400190
43-12	456350
43-12	401570
43-13	316940
43-13	327490
43-13	416340
43-13	316530
43-13	156390
43-13	437460
43-13	274030
43-13	357570
43-13	094700
43-13	159460
43-14	446650
43-14	446500
43-14	446640
43-14	01090640
43-14	448350
43-14	343700
43-14	446220
43-14	01012500
43-14	446130
43-14	000160
43-15	458500
43-15	459070
43-15	167110
43-15	01093590
43-15	460690
43-15	01072140
43-15	01091830
43-15	390060
43-15	01092180
43-15	307410
43-16	498890
43-16	498990
43-16	552570
43-16	259940
43-16	416620
43-16	184790
43-16	01087660
43-16	499370
43-16	502080
43-16	502040
43-17	054490
43-17	003250
43-17	054450
43-17	054670
43-17	054580
43-17	054440
43-17	054470
43-17	155410
43-17	054120
43-17	326770
43-18	530380
43-18	532130
43-18	535400
43-18	532300
43-18	532910
43-18	532680
43-18	535600
43-18	530910
43-18	532200
43-18	546350
43-19	001570
43-19	195340
43-19	192530
43-19	003130
43-19	420020
43-19	125570
43-19	080670
43-19	108180
43-19	154130
43-19	055790
43-20	003480
43-20	154400
43-20	01011690
43-20	000050
43-20	155520
43-20	136800
43-20	004330
43-20	01002370
43-20	038140
43-20	163030
43-21	01003510
43-21	123780
43-21	008500
43-21	005250
43-21	005840
43-21	011970
43-21	350140
43-21	005610
43-21	014530
43-21	203990
43-22	022920
43-22	01009930
43-22	022330
43-22	01009720
43-22	021960
43-22	022190
43-22	022300
43-22	023820
43-22	022510
43-22	023900
43-23	056210
43-23	116860
43-23	113670
43-23	163660
43-23	279540
43-23	057250
43-23	275300
43-23	224440
43-23	133550
43-23	057910
43-24	070010
43-24	069980
43-24	070130
43-24	069740
43-24	072240
43-24	070250
43-24	069770
43-24	456350
43-24	072130
43-24	069570
43-25	101530
43-25	074370
43-25	102120
43-25	243500
43-25	101560
43-25	126730
43-25	103020
43-25	074420
43-25	102740
43-25	045380
43-26	116680
43-26	001170
43-26	116700
43-26	117340
43-26	037730
43-26	116710
43-26	117370
43-26	015480
43-26	119280
43-26	373120
43-27	116270
43-27	099660
43-27	224770
43-27	117040
43-27	300710
43-27	01066560
43-27	118070
43-27	373450
43-27	118820
43-27	116940
43-28	131910
43-28	01078510
43-28	131840
43-28	131970
43-28	131940
43-28	132090
43-28	195690
43-28	105090
43-28	245240
43-28	154810
43-29	168440
43-29	01079860
43-29	246030
43-29	159320
43-29	157620
43-29	036730
43-29	254730
43-29	259230
43-29	159070
43-29	157420
43-30	161550
43-30	161540
43-30	379920
43-30	409360
43-30	377720
43-30	058340
43-30	410670
43-30	375330
43-30	237900
43-30	395260
43-31	347370
43-31	164670
43-31	347160
43-31	347070
43-31	01077340
43-31	01077160
43-31	017190
43-31	348260
43-31	350100
43-31	350860
43-32	217950
43-32	169120
43-32	167390
43-32	485850
43-32	168820
43-32	01043430
43-32	168700
43-32	175080
43-32	168520
43-32	303680
43-33	482460
43-33	018330
43-33	490120
43-33	482450
43-33	189630
43-33	01096830
43-33	448390
43-33	504590
43-33	360550
43-33	018280
43-34	305690
43-34	304540
43-34	306180
43-34	306700
43-34	306130
43-34	275170
43-34	305120
43-34	304500
43-34	305040
43-34	308130
43-35	329200
43-35	326360
43-35	326580
43-35	327010
43-35	326660
43-35	327850
43-35	328950
43-35	416380
43-35	339200
43-35	498580
43-36	333210
43-36	331300
43-36	333120
43-36	331930
43-36	330780
43-36	333130
43-36	327430
43-36	161850
43-36	330960
43-36	259990
43-37	405730
43-37	330950
43-37	407110
43-37	106400
43-37	410330
43-37	407640
43-37	403980
43-37	402230
43-37	402830
43-37	406330
43-38	414680
43-38	414860
43-38	431120
43-38	339920
43-38	098940
43-38	512240
43-38	365100
43-38	401540
43-38	508000
43-38	523150
43-39	415950
43-39	417410
43-39	260020
43-39	417890
43-39	01101320
43-39	417510
43-39	416430
43-39	416280
43-39	417400
43-39	017580
43-40	457950
43-40	01093590
43-40	457580
43-40	459770
43-40	01092300
43-40	457900
43-40	460240
43-40	01092670
43-40	457100
43-40	01092310
43-41	259320
43-41	471590
43-41	327010
43-41	423740
43-41	472170
43-41	275300
43-41	416750
43-41	472540
43-41	373590
43-41	328220
43-42	038310
43-42	228720
43-42	155350
43-42	327120
43-42	228150
43-42	227660
43-42	244200
43-42	099560
43-42	155230
43-42	038860
43-43	093490
43-43	492030
43-43	491090
43-43	288670
43-43	237070
43-43	501860
43-43	491970
43-43	01098050
43-43	234930
43-43	218050
43-44	01000880
43-44	029830
43-44	015450
43-44	400310
43-44	029850
43-44	000470
43-44	055550
43-44	224300
43-44	020580
43-44	015470
43-45	175610
43-45	013620
43-45	143090
43-45	062450
43-45	392970
43-45	203690
43-45	335800
43-45	01006080
43-45	012770
43-45	127540
43-46	032220
43-46	010510
43-46	002730
43-46	112780
43-46	527370
43-46	017370
43-46	088840
43-46	242850
43-46	036260
43-46	116260
43-47	157950
43-47	273790
43-47	064350
43-47	478760
43-47	238940
43-47	443810
43-47	316940
43-47	245600
43-47	044330
43-47	030580
43-48	392970
43-48	145180
43-48	135180
43-48	140200
43-48	143090
43-48	138020
43-48	144830
43-48	172600
43-48	01045930
43-48	135620
43-49	116410
43-49	163640
43-49	163310
43-49	169390
43-49	132860
43-49	01043430
43-49	162990
43-49	135650
43-49	163030
43-49	133100
43-50	224530
43-50	243100
43-50	424030
43-50	147780
43-50	147010
43-50	146750
43-50	036560
43-50	147260
43-50	039940
43-50	228050
43-51	01041150
43-51	261950
43-51	262290
43-51	262410
43-51	404080
43-51	042150
43-51	198470
43-51	263500
43-51	043600
43-51	472990
43-52	282700
43-52	280840
43-52	281110
43-52	281560
43-52	281540
43-52	168420
43-52	175120
43-52	01043430
43-52	167270
43-52	282480
43-53	455940
43-53	456210
43-53	458770
43-53	456070
43-53	455710
43-53	227920
43-53	521540
43-53	456330
43-53	436830
43-53	457680
43-54	027280
43-54	027710
43-54	027310
43-54	01010700
43-54	031280
43-54	026820
43-54	027540
43-54	225150
43-54	027340
43-54	01010850
43-55	212970
43-55	195910
43-55	194670
43-55	116970
43-55	006520
43-55	194430
43-55	234300
43-55	196960
43-55	194640
43-55	056100
43-56	186440
43-56	074350
43-56	070580
43-56	071090
43-56	457030
43-56	234540
43-56	416450
43-56	305800
43-56	374480
43-56	134040
43-57	033540
43-57	033670
43-57	173480
43-57	057850
43-57	174390
43-57	062280
43-57	060880
43-57	324190
43-57	198130
43-57	092710
43-58	102120
43-58	103570
43-58	103060
43-58	101040
43-58	123800
43-58	102620
43-58	102740
43-58	393230
43-58	101530
43-58	100270
43-59	067650
43-59	291980
43-59	349620
43-59	357550
43-59	161140
43-59	067820
43-59	289350
43-59	350930
43-59	01011790
43-59	347950
43-60	031390
43-60	032250
43-60	162360
43-60	162290
43-60	162310
43-60	099620
43-60	032260
43-60	162400
43-60	162330
43-60	317580
43-61	423460
43-61	01002310
43-61	116410
43-61	400020
43-61	373330
43-61	488440
43-61	304440
43-61	133910
43-61	410790
43-61	224570
43-62	001110
43-62	020600
43-62	233660
43-62	020610
43-62	032850
43-62	002100
43-62	274940
43-62	004380
43-62	002060
43-62	279340
43-63	257310
43-63	256980
43-63	355300
43-63	257030
43-63	256900
43-63	352380
43-63	256880
43-63	085860
43-63	257000
43-63	256870
43-64	061640
43-64	034180
43-64	226470
43-64	105210
43-64	318000
43-64	106950
43-64	144780
43-64	107380
43-64	107240
43-64	105680
43-65	079490
43-65	105890
43-65	106300
43-65	107860
43-65	107610
43-65	106890
43-65	207770
43-65	064810
43-65	01028240
43-65	128900
43-66	01028240
43-66	01012980
43-66	01012960
43-66	01028320
43-66	01022210
43-66	034170
43-66	106300
43-66	519300
43-66	01028630
43-66	034280
43-67	247730
43-67	249470
43-67	104470
43-67	105030
43-67	01027760
43-67	045690
43-67	079490
43-67	01028240
43-67	359220
43-67	248030
43-68	058400
43-68	114500
43-68	060400
43-68	197420
43-68	060750
43-68	137900
43-68	121520
43-68	235620
43-68	315230
43-68	538590
43-69	069740
43-69	069320
43-69	071200
43-69	073180
43-69	070260
43-69	269010
43-69	069770
43-69	072130
43-69	069980
43-69	074450
43-70	039910
43-70	259830
43-70	157120
43-70	254390
43-70	155700
43-70	037990
43-70	155920
43-70	154580
43-70	041680
43-70	213400
43-71	163870
43-71	133570
43-71	01002710
43-71	162730
43-71	162910
43-71	162660
43-71	165790
43-71	01002870
43-71	164150
43-71	058030
43-72	189570
43-72	344200
43-72	289700
43-72	345000
43-72	154360
43-72	189580
43-72	154550
43-72	293590
43-72	109740
43-72	258550
43-73	038000
43-73	042010
43-73	042150
43-73	048710
43-73	037990
43-73	040060
43-73	154580
43-73	040160
43-73	197420
43-73	042110
43-74	170140
43-74	01045990
43-74	165710
43-74	01092560
43-74	01072600
43-74	281620
43-74	301780
43-74	171730
43-74	310360
43-74	169400
43-75	102280
43-75	259090
43-75	102450
43-75	125520
43-75	159320
43-75	090430
43-75	432620
43-75	019050
43-75	018260
43-75	353070
43-76	332660
43-76	332520
43-76	406910
43-76	332890
43-76	331040
43-76	334430
43-76	01075290
43-76	329620
43-76	334150
43-76	509050
43-77	133630
43-77	165530
43-77	163800
43-77	167510
43-77	117000
43-77	305050
43-77	162900
43-77	165000
43-77	174360
43-77	133270
43-78	486110
43-78	448840
43-78	363330
43-78	522150
43-78	523810
43-78	248130
43-78	01077890
43-78	418830
43-78	500460
43-78	521760
43-79	388590
43-79	133260
43-79	100160
43-79	163250
43-79	279680
43-79	275280
43-79	164630
43-79	163440
43-79	165230
43-79	304910
43-80	526570
43-80	486730
43-80	526100
43-80	525860
43-80	526530
43-80	524290
43-80	524470
43-80	524410
43-80	380760
43-80	535270
43-81	168280
43-81	168100
43-81	01070790
43-81	283720
43-81	175470
43-81	054140
43-81	100470
43-81	173350
43-81	053520
43-81	169950
43-82	108520
43-82	108880
43-82	108460
43-82	103730
43-82	01001200
43-82	003490
43-82	015560
43-82	080510
43-82	080620
43-82	004430
43-83	008400
43-83	121700
43-83	010630
43-83	072660
43-83	215110
43-83	009570
43-83	011040
43-83	200940
43-83	011160
43-83	008440
43-84	036100
43-84	01013780
43-84	036090
43-84	036110
43-84	004290
43-84	001390
43-84	01013290
43-84	01054200
43-84	222140
43-84	017200
43-85	194750
43-85	213400
43-85	194760
43-85	168380
43-85	165710
43-85	165890
43-85	164870
43-85	135200
43-85	135930
43-85	134250
43-86	193890
43-86	162340
43-86	193790
43-86	162350
43-86	085110
43-86	080230
43-86	085260
43-86	162640
43-86	003790
43-86	032290
43-87	213400
43-87	194760
43-87	194750
43-87	057070
43-87	197330
43-87	195390
43-87	059130
43-87	201010
43-87	317890
43-87	213080
43-88	439450
43-88	437800
43-88	443870
43-88	137450
43-88	441850
43-88	437820
43-88	440120
43-88	01090250
43-88	442760
43-88	355860
43-89	007620
43-89	007890
43-89	006250
43-89	007780
43-89	011500
43-89	011030
43-89	007440
43-89	005600
43-89	011200
43-89	008650
43-90	030430
43-90	030210
43-90	109760
43-90	030580
43-90	168690
43-90	030540
43-90	093280
43-90	030310
43-90	016710
43-90	158850
43-91	106060
43-91	262120
43-91	106950
43-91	081320
43-91	061640
43-91	428330
43-91	400220
43-91	01025760
43-91	104410
43-91	107240
43-92	000160
43-92	150910
43-92	000210
43-92	000110
43-92	003040
43-92	103760
43-92	344000
43-92	085690
43-92	003050
43-92	344160
43-93	282870
43-93	174180
43-93	114950
43-93	392500
43-93	060680
43-93	311520
43-93	125010
43-93	323440
43-93	120080
43-93	126650
43-94	061750
43-94	205340
43-94	237690
43-94	219240
43-94	237830
43-94	01004790
43-94	205260
43-94	062040
43-94	273500
43-94	355430
44-1	125500
44-1	205280
44-1	141700
44-1	251120
44-1	445320
44-1	012280
44-1	204820
44-1	441840
44-1	125120
44-1	250670
44-2	353070
44-2	349920
44-2	358100
44-2	352760
44-2	156390
44-2	326800
44-2	382870
44-2	01014960
44-2	065450
44-2	359310
44-3	039910
44-3	037990
44-3	155700
44-3	040250
44-3	040860
44-3	157120
44-3	259830
44-3	057070
44-3	041080
44-3	254390
44-4	162340
44-4	085110
44-4	193890
44-4	193790
44-4	162350
44-4	032290
44-4	085260
44-4	080230
44-4	162640
44-4	152760
44-5	518110
44-5	518330
44-5	151590
44-5	518410
44-5	518200
44-5	01037580
44-5	518270
44-5	517840
44-5	518060
44-5	151620
44-6	006250
44-6	116370
44-6	244250
44-6	131850
44-6	033510
44-6	131860
44-6	055800
44-6	030130
44-6	000040
44-6	099070
44-7	01062480
44-7	017450
44-7	296440
44-7	289350
44-7	291980
44-7	292310
44-7	290890
44-7	292490
44-7	351440
44-7	355550
44-8	101770
44-8	092510
44-8	117900
44-8	520760
44-8	040060
44-8	126260
44-8	194930
44-8	234440
44-8	019450
44-8	213310
44-9	009610
44-9	350710
44-9	322250
44-9	081870
44-9	080320
44-9	040180
44-9	257570
44-9	080470
44-9	244640
44-9	067190
44-10	377010
44-10	044670
44-10	243550
44-10	082870
44-10	169880
44-10	083090
44-10	082190
44-10	080940
44-10	036520
44-10	244610
44-11	171290
44-11	406140
44-11	236130
44-11	405750
44-11	01051710
44-11	248830
44-11	202900
44-11	318290
44-11	01088920
44-11	426710
44-12	415840
44-12	296120
44-12	416200
44-12	098830
44-12	416210
44-12	288180
44-12	294880
44-12	041850
44-12	348920
44-12	327110
44-13	281680
44-13	167330
44-13	01083910
44-13	282300
44-13	281100
44-13	282750
44-13	280690
44-13	01043140
44-13	281150
44-13	280610
44-14	330610
44-14	161800
44-14	329170
44-14	259930
44-14	222720
44-14	328260
44-14	329410
44-14	331300
44-14	328230
44-14	328020
44-15	070540
44-15	070240
44-15	071840
44-15	069740
44-15	071500
44-15	070350
44-15	069980
44-15	071220
44-15	074480
44-15	073190
44-16	279440
44-16	300060
44-16	056380
44-16	132860
44-16	01043430
44-16	387900
44-16	280420
44-16	134420
44-16	055760
44-16	302370
44-17	192580
44-17	033690
44-17	086790
44-17	033980
44-17	192550
44-17	036700
44-17	033900
44-17	036410
44-17	036210
44-17	015800
44-18	192630
44-18	328260
44-18	329940
44-18	262850
44-18	327930
44-18	192600
44-18	259040
44-18	330510
44-18	259920
44-18	288060
44-19	027810
44-19	266860
44-19	041950
44-19	336500
44-19	267160
44-19	121060
44-19	389420
44-19	164590
44-19	238030
44-19	267010
44-20	066550
44-20	066530
44-20	066540
44-20	352940
44-20	01077900
44-20	355830
44-20	358540
44-20	363250
44-20	354940
44-20	185040
44-21	01005440
44-21	000940
44-21	215290
44-21	017210
44-21	247790
44-21	216740
44-21	142130
44-21	247970
44-21	247690
44-21	252100
44-22	258640
44-22	240440
44-22	001540
44-22	154840
44-22	031400
44-22	224390
44-22	079230
44-22	003130
44-22	079910
44-22	079980
44-23	003030
44-23	266580
44-23	000100
44-23	002760
44-23	002750
44-23	266620
44-23	085100
44-23	266590
44-23	342060
44-23	085750
44-24	391030
44-24	082150
44-24	01001810
44-24	409290
44-24	003830
44-24	01079250
44-24	482450
44-24	059620
44-24	003300
44-24	047100
44-25	01064210
44-25	530380
44-25	529290
44-25	535400
44-25	532680
44-25	531720
44-25	533130
44-25	532430
44-25	532910
44-25	533450
44-26	169400
44-26	165710
44-26	137800
44-26	388030
44-26	133250
44-26	166400
44-26	390110
44-26	166710
44-26	389270
44-26	167710
44-27	074420
44-27	073850
44-27	074350
44-27	074830
44-27	074370
44-27	378380
44-27	523860
44-27	072400
44-27	074850
44-27	071080
44-28	072020
44-28	071830
44-28	186820
44-28	072410
44-28	288350
44-28	01019980
44-28	071350
44-28	074120
44-28	070040
44-28	069590
44-29	018890
44-29	018980
44-29	018990
44-29	017200
44-29	260350
44-29	019000
44-29	019010
44-29	018940
44-29	168140
44-29	242720
44-30	322160
44-30	347800
44-30	038210
44-30	243170
44-30	112110
44-30	066090
44-30	01000150
44-30	029800
44-30	099210
44-30	024310
44-31	040090
44-31	184950
44-31	01005010
44-31	154520
44-31	068050
44-31	016840
44-31	035900
44-31	009700
44-31	000870
44-31	008530
44-32	155460
44-32	039450
44-32	155090
44-32	089800
44-32	471620
44-32	038850
44-32	090300
44-32	155190
44-32	048520
44-32	264950
44-33	386570
44-33	257650
44-33	126280
44-33	257660
44-33	257210
44-33	331840
44-33	257550
44-33	258030
44-33	107730
44-33	419330
44-34	437820
44-34	438240
44-34	439450
44-34	438680
44-34	440920
44-34	439960
44-34	437660
44-34	442700
44-34	441000
44-34	358730
44-35	457900
44-35	457320
44-35	457010
44-35	306250
44-35	458230
44-35	461390
44-35	459620
44-35	463670
44-35	456130
44-35	458220
44-36	528560
44-36	264210
44-36	528210
44-36	528390
44-36	528430
44-36	529540
44-36	01040280
44-36	531440
44-36	528510
44-36	230440
44-37	071210
44-37	071960
44-37	069320
44-37	498400
44-37	069950
44-37	069270
44-37	073870
44-37	074320
44-37	01100250
44-37	070800
44-38	162550
44-38	224300
44-38	279140
44-38	132660
44-38	224450
44-38	055550
44-38	133120
44-38	01000880
44-38	032240
44-38	373140
44-39	335730
44-39	331770
44-39	256440
44-39	420580
44-39	431760
44-39	163770
44-39	333840
44-39	210280
44-39	334280
44-39	419960
44-40	015920
44-40	015980
44-40	01006930
44-40	341570
44-40	350250
44-40	01006670
44-40	254070
44-40	01006590
44-40	015760
44-40	01006770
44-41	308230
44-41	168420
44-41	388900
44-41	165710
44-41	169820
44-41	166710
44-41	164790
44-41	134550
44-41	169610
44-41	162770
44-42	308230
44-42	01072140
44-42	307610
44-42	01072340
44-42	311660
44-42	275930
44-42	307900
44-42	308880
44-42	305810
44-42	311280
44-43	379210
44-43	306470
44-43	307390
44-43	309390
44-43	305310
44-43	302120
44-43	307320
44-43	276290
44-43	309220
44-43	071680
44-44	053550
44-44	037760
44-44	360540
44-44	361830
44-44	017800
44-44	296400
44-44	054310
44-44	053840
44-44	000730
44-44	469670
44-45	540570
44-45	422150
44-45	541190
44-45	421070
44-45	540630
44-45	170250
44-45	521560
44-45	319930
44-45	375050
44-45	422290
44-46	172600
44-46	145180
44-46	01045930
44-46	303090
44-46	135620
44-46	144570
44-46	143710
44-46	139920
44-46	168160
44-46	142680
44-47	302780
44-47	303090
44-47	01045930
44-47	179820
44-47	141770
44-47	276340
44-47	01071060
44-47	391500
44-47	487060
44-47	140850
44-48	343880
44-48	345860
44-48	347200
44-48	347990
44-48	345090
44-48	016070
44-48	347860
44-48	192530
44-48	348290
44-48	354460
44-49	069490
44-49	069580
44-49	070100
44-49	069360
44-49	01001350
44-49	070390
44-49	350300
44-49	036270
44-49	01001340
44-49	071010
44-50	079140
44-50	079120
44-50	257080
44-50	056800
44-50	066920
44-50	386380
44-50	001640
44-50	483090
44-50	373410
44-50	033850
44-51	190030
44-51	132650
44-51	197180
44-51	036290
44-51	247380
44-51	081100
44-51	224280
44-51	01000610
44-51	442410
44-51	438750
44-52	227010
44-52	038780
44-52	141150
44-52	229320
44-52	230050
44-52	098770
44-52	173270
44-52	006240
44-52	01002590
44-52	231290
44-53	482460
44-53	259810
44-53	490110
44-53	082380
44-53	327500
44-53	243850
44-53	151020
44-53	347030
44-53	018350
44-53	331990
44-54	307530
44-54	308670
44-54	01072320
44-54	306260
44-54	308940
44-54	308760
44-54	309880
44-54	308080
44-54	307270
44-54	309720
44-55	056380
44-55	279440
44-55	322830
44-55	01078150
44-55	322840
44-55	305110
44-55	300480
44-55	055760
44-55	305270
44-55	387900
44-56	317810
44-56	356360
44-56	317600
44-56	355310
44-56	100290
44-56	153120
44-56	412610
44-56	088090
44-56	315270
44-56	358020
44-57	452320
44-57	01007700
44-57	405320
44-57	331070
44-57	549150
44-57	071030
44-57	404930
44-57	452560
44-57	405980
44-57	405960
44-58	162290
44-58	162400
44-58	031390
44-58	032250
44-58	162330
44-58	193210
44-58	162310
44-58	193220
44-58	162380
44-58	099620
44-59	543610
44-59	544050
44-59	543920
44-59	216720
44-59	544630
44-59	543570
44-59	543820
44-59	149070
44-59	218040
44-59	128420
44-60	154360
44-60	017790
44-60	005600
44-60	098770
44-60	259090
44-60	155150
44-60	258550
44-60	258950
44-60	336890
44-60	091020
44-61	067000
44-61	055890
44-61	336370
44-61	067110
44-61	243020
44-61	055930
44-61	002890
44-61	01076930
44-61	345910
44-61	080730
44-62	029030
44-62	004650
44-62	026860
44-62	400010
44-62	008240
44-62	022070
44-62	037610
44-62	01010610
44-62	028950
44-62	004830
44-63	500600
44-63	498530
44-63	314530
44-63	499490
44-63	374470
44-63	452100
44-63	314640
44-63	325130
44-63	324040
44-63	053550
44-64	018660
44-64	085720
44-64	018710
44-64	085680
44-64	086720
44-64	085670
44-64	001170
44-64	032260
44-64	085750
44-64	01034510
44-65	131910
44-65	131940
44-65	131840
44-65	105090
44-65	131990
44-65	131870
44-65	132230
44-65	036280
44-65	213260
44-65	038120
44-66	300240
44-66	300210
44-66	300280
44-66	224400
44-66	304540
44-66	163110
44-66	282000
44-66	133090
44-66	432150
44-66	163660
44-67	471650
44-67	482460
44-67	416340
44-67	018170
44-67	415950
44-67	260340
44-67	416300
44-67	327490
44-67	415840
44-67	417890
44-68	043690
44-68	360540
44-68	468430
44-68	468150
44-68	468480
44-68	469330
44-68	468600
44-68	469940
44-68	468500
44-68	468170
44-69	121770
44-69	468590
44-69	467740
44-69	468500
44-69	121760
44-69	468280
44-69	467980
44-69	467880
44-69	469100
44-69	468290
44-70	304750
44-70	305360
44-70	305260
44-70	308250
44-70	305220
44-70	306580
44-70	308130
44-70	306300
44-70	305640
44-70	306120
44-71	467740
44-71	467750
44-71	467860
44-71	467830
44-71	467760
44-71	01000260
44-71	467770
44-71	467810
44-71	043690
44-71	467880
44-72	021780
44-72	021790
44-72	021800
44-72	021750
44-72	071350
44-72	066860
44-72	120680
44-72	437740
44-72	412830
44-72	000330
44-73	002050
44-73	000530
44-73	116270
44-73	086460
44-73	117600
44-73	116320
44-73	098010
44-73	117860
44-73	373120
44-73	120030
44-74	057340
44-74	019380
44-74	005910
44-74	058430
44-74	438780
44-74	237250
44-74	213840
44-74	057390
44-74	086760
44-74	235600
44-75	066120
44-75	154400
44-75	275130
44-75	147100
44-75	039260
44-75	116940
44-75	389360
44-75	347560
44-75	055730
44-75	352610
44-76	353670
44-76	290910
44-76	498320
44-76	498450
44-76	047230
44-76	511740
44-76	345230
44-76	012180
44-76	005640
44-76	498410
44-77	446240
44-77	446110
44-77	446750
44-77	446470
44-77	446950
44-77	447250
44-77	446560
44-77	233850
44-77	258600
44-77	415740
44-78	455480
44-78	163470
44-78	336540
44-78	317700
44-78	164720
44-78	373670
44-78	233850
44-78	004930
44-78	212900
44-78	300060
44-79	110260
44-79	389020
44-79	318110
44-79	01029460
44-79	275930
44-79	01029400
44-79	330460
44-79	511080
44-79	335610
44-79	276050
44-80	004260
44-80	066910
44-80	004290
44-80	267440
44-80	015660
44-80	003130
44-80	132670
44-80	149500
44-80	066880
44-80	007860
44-81	033520
44-81	01012610
44-81	033640
44-81	085890
44-81	033540
44-81	033510
44-81	032950
44-81	323830
44-81	099140
44-81	033610
44-82	113960
44-82	113840
44-82	194670
44-82	113720
44-82	195910
44-82	194640
44-82	114520
44-82	114820
44-82	212970
44-82	01003290
44-83	305880
44-83	304670
44-83	304540
44-83	01060460
44-83	099740
44-83	304660
44-83	306120
44-83	279260
44-83	163130
44-83	306810
44-84	166360
44-84	362930
44-84	01081320
44-84	236220
44-84	347160
44-84	236780
44-84	163480
44-84	349230
44-84	349470
44-84	162620
44-85	401090
44-85	400180
44-85	401540
44-85	401420
44-85	402220
44-85	405710
44-85	401820
44-85	401780
44-85	403480
44-85	401940
44-86	429630
44-86	427980
44-86	427810
44-86	426220
44-86	424240
44-86	429620
44-86	429110
44-86	425710
44-86	429860
44-86	427050
44-87	482550
44-87	301780
44-87	404510
44-87	074350
44-87	417870
44-87	324670
44-87	074420
44-87	308730
44-87	281620
44-87	093310
44-88	388310
44-88	01050090
44-88	133030
44-88	338880
44-88	163880
44-88	165540
44-88	005500
44-88	031430
44-88	117050
44-88	117860
44-89	552590
44-89	366580
44-89	369070
44-89	01081390
44-89	367280
44-89	363300
44-89	01080100
44-89	055740
44-89	370150
44-89	01082190
44-90	465060
44-90	202170
44-90	200630
44-90	323480
44-90	173960
44-90	211030
44-90	237340
44-90	207390
44-90	01032950
44-90	465480
44-91	171920
44-91	139630
44-91	01065620
44-91	143520
44-91	01058830
44-91	202130
44-91	491280
44-91	165930
44-91	434300
44-91	01058620
44-92	124340
44-92	216900
44-92	023800
44-92	023760
44-92	003250
44-92	238980
44-92	037730
44-92	035900
44-92	293730
44-92	216740
44-93	193650
44-93	194910
44-93	118650
44-93	005800
44-93	055940
44-93	194470
44-93	117820
44-93	195120
44-93	437780
44-93	197010
44-94	478680
44-94	000650
44-94	016770
44-94	252810
44-94	244230
44-94	033940
44-94	105080
44-94	033510
44-94	034470
44-94	437410
45-1	410260
45-1	409520
45-1	01058620
45-1	407580
45-1	409020
45-1	01005710
45-1	219330
45-1	137490
45-1	409080
45-1	408610
45-2	434200
45-2	434300
45-2	01058620
45-2	385230
45-2	244970
45-2	046120
45-2	491780
45-2	321710
45-2	093470
45-2	091150
45-3	043190
45-3	260270
45-3	039820
45-3	037850
45-3	260220
45-3	039530
45-3	038430
45-3	242710
45-3	031550
45-3	039460
45-4	006140
45-4	006080
45-4	270740
45-4	007060
45-4	01003380
45-4	031320
45-4	013400
45-4	117840
45-4	007190
45-4	012600
45-5	125500
45-5	141400
45-5	258450
45-5	059390
45-5	003160
45-5	011340
45-5	126190
45-5	057840
45-5	003250
45-5	008740
45-6	519840
45-6	01011970
45-6	01007920
45-6	017940
45-6	027480
45-6	027570
45-6	01007870
45-6	460370
45-6	01011120
45-6	257040
45-7	036140
45-7	146610
45-7	036350
45-7	003090
45-7	069300
45-7	098700
45-7	341990
45-7	098710
45-7	036250
45-7	146590
45-8	081110
45-8	260370
45-8	080340
45-8	086830
45-8	346410
45-8	105380
45-8	362900
45-8	357130
45-8	081900
45-8	081100
45-9	104150
45-9	002200
45-9	424230
45-9	530380
45-9	428090
45-9	380410
45-9	493800
45-9	027750
45-9	379350
45-9	221910
45-10	120660
45-10	118330
45-10	124800
45-10	123520
45-10	009370
45-10	123360
45-10	01032900
45-10	120410
45-10	124610
45-10	120680
45-11	064810
45-11	154800
45-11	100400
45-11	349890
45-11	01014960
45-11	159460
45-11	043840
45-11	259440
45-11	059420
45-11	038420
45-12	115010
45-12	171220
45-12	138750
45-12	064850
45-12	115320
45-12	010360
45-12	302430
45-12	170880
45-12	126510
45-12	055240
45-13	248000
45-13	356710
45-13	345290
45-13	351590
45-13	349840
45-13	354130
45-13	344010
45-13	353690
45-13	01069290
45-13	248680
45-14	134240
45-14	279840
45-14	275640
45-14	165080
45-14	275190
45-14	168690
45-14	164780
45-14	388720
45-14	005800
45-14	116810
45-15	01008850
45-15	198380
45-15	202140
45-15	437780
45-15	439330
45-15	438150
45-15	440860
45-15	235010
45-15	01049630
45-15	438080
45-16	119770
45-16	197880
45-16	214520
45-16	019670
45-16	114410
45-16	219740
45-16	136300
45-16	059960
45-16	206140
45-16	237830
45-17	230830
45-17	170230
45-17	126650
45-17	144590
45-17	139590
45-17	440860
45-17	136240
45-17	01005710
45-17	228370
45-17	01046990
45-18	231430
45-18	231450
45-18	232830
45-18	216520
45-18	132520
45-18	230900
45-18	230880
45-18	451480
45-18	425240
45-18	230930
45-19	243670
45-19	195250
45-19	373110
45-19	373100
45-19	006080
45-19	018130
45-19	016580
45-19	278780
45-19	371560
45-19	003780
45-20	388890
45-20	080950
45-20	275400
45-20	274940
45-20	275550
45-20	388540
45-20	01011530
45-20	113670
45-20	388930
45-20	387860
45-21	387870
45-21	389390
45-21	392150
45-21	01065190
45-21	01065140
45-21	389380
45-21	275620
45-21	388750
45-21	280850
45-21	388570
45-22	01071380
45-22	404920
45-22	407090
45-22	405520
45-22	406140
45-22	405880
45-22	405750
45-22	407340
45-22	408720
45-22	403340
45-23	441620
45-23	115390
45-23	442210
45-23	200830
45-23	512020
45-23	037730
45-23	137080
45-23	511670
45-23	237650
45-23	01008950
45-24	341570
45-24	342830
45-24	341560
45-24	01011690
45-24	018720
45-24	342570
45-24	191790
45-24	343450
45-24	01032390
45-24	060260
45-25	448210
45-25	448620
45-25	446540
45-25	448590
45-25	01090660
45-25	449900
45-25	450920
45-25	449540
45-25	448140
45-25	450020
45-26	476860
45-26	476330
45-26	476230
45-26	476780
45-26	475880
45-26	166730
45-26	476880
45-26	475650
45-26	167900
45-26	420190
45-27	379790
45-27	516960
45-27	151570
45-27	151440
45-27	456380
45-27	084560
45-27	01015330
45-27	534510
45-27	085520
45-27	545770
45-28	185710
45-28	035740
45-28	019260
45-28	146610
45-28	067110
45-28	065890
45-28	267450
45-28	342600
45-28	184470
45-28	341990
45-29	003030
45-29	000100
45-29	002750
45-29	342060
45-29	266580
45-29	103670
45-29	031420
45-29	344090
45-29	085100
45-29	003070
45-30	006160
45-30	01003410
45-30	006500
45-30	01002330
45-30	158050
45-30	455900
45-30	194700
45-30	158580
45-30	008330
45-30	01002490
45-31	108570
45-31	01021980
45-31	065190
45-31	343760
45-31	084160
45-31	108520
45-31	113890
45-31	362900
45-31	168030
45-31	343570
45-32	064810
45-32	081360
45-32	482460
45-32	323860
45-32	243300
45-32	347030
45-32	01062480
45-32	327060
45-32	436860
45-32	073710
45-33	337980
45-33	489090
45-33	109140
45-33	052410
45-33	316220
45-33	549600
45-33	495360
45-33	122770
45-33	109170
45-33	532130
45-34	491370
45-34	267050
45-34	491170
45-34	493720
45-34	218050
45-34	491320
45-34	093490
45-34	491300
45-34	491090
45-34	491100
45-35	01004930
45-35	011810
45-35	010950
45-35	125210
45-35	011820
45-35	123730
45-35	012600
45-35	160480
45-35	011210
45-35	011270
45-36	104030
45-36	022070
45-36	498810
45-36	455810
45-36	01010430
45-36	520020
45-36	117820
45-36	01010400
45-36	185790
45-36	326360
45-37	071080
45-37	069840
45-37	069770
45-37	373860
45-37	267540
45-37	070440
45-37	069540
45-37	069500
45-37	069820
45-37	520340
45-38	348680
45-38	286220
45-38	003130
45-38	083140
45-38	286390
45-38	156650
45-38	069050
45-38	356070
45-38	067060
45-38	081330
45-39	468150
45-39	088070
45-39	01090140
45-39	013450
45-39	132360
45-39	035160
45-39	105210
45-39	250450
45-39	034110
45-39	104950
45-40	138670
45-40	141730
45-40	170670
45-40	140110
45-40	140190
45-40	015090
45-40	123210
45-40	144390
45-40	129570
45-40	141290
45-41	236980
45-41	139550
45-41	114090
45-41	057640
45-41	172300
45-41	019400
45-41	193680
45-41	132920
45-41	133990
45-41	137200
45-42	144410
45-42	139430
45-42	118670
45-42	171700
45-42	170910
45-42	200630
45-42	171330
45-42	146060
45-42	054380
45-42	128320
45-43	160410
45-43	158340
45-43	158680
45-43	039860
45-43	158310
45-43	160400
45-43	156340
45-43	038690
45-43	048230
45-43	144700
45-44	391620
45-44	173460
45-44	277000
45-44	392150
45-44	434880
45-44	171230
45-44	169700
45-44	168490
45-44	392620
45-44	169820
45-45	140970
45-45	168700
45-45	01005270
45-45	141780
45-45	169030
45-45	136970
45-45	175060
45-45	134590
45-45	163030
45-45	173920
45-46	198050
45-46	213400
45-46	213080
45-46	200140
45-46	079000
45-46	055840
45-46	195390
45-46	198620
45-46	059010
45-46	195180
45-47	060890
45-47	202920
45-47	060250
45-47	217510
45-47	237060
45-47	441850
45-47	444550
45-47	441800
45-47	139880
45-47	440380
45-48	217200
45-48	217600
45-48	217510
45-48	462040
45-48	216070
45-48	217310
45-48	217390
45-48	217030
45-48	059050
45-48	01017450
45-49	243500
45-49	224280
45-49	424620
45-49	053880
45-49	01029270
45-49	243640
45-49	033570
45-49	499960
45-49	151750
45-49	033560
45-50	286410
45-50	350270
45-50	543970
45-50	317320
45-50	286610
45-50	286850
45-50	543430
45-50	082570
45-50	214250
45-50	019010
45-51	001540
45-51	258640
45-51	240440
45-51	224390
45-51	436790
45-51	031400
45-51	154840
45-51	103680
45-51	003130
45-51	346350
45-52	429630
45-52	322010
45-52	220050
45-52	160410
45-52	219850
45-52	305750
45-52	313800
45-52	144700
45-52	088010
45-52	552040
45-53	01001640
45-53	347670
45-53	098420
45-53	349430
45-53	300960
45-53	01079450
45-53	030950
45-53	166310
45-53	163480
45-53	164310
45-54	352970
45-54	410880
45-54	260490
45-54	004150
45-54	326780
45-54	326490
45-54	154360
45-54	258950
45-54	370940
45-54	018050
45-55	322510
45-55	395100
45-55	065810
45-55	036650
45-55	293690
45-55	090790
45-55	004100
45-55	065450
45-55	369080
45-55	316380
45-56	401940
45-56	406340
45-56	178880
45-56	223890
45-56	404100
45-56	402390
45-56	01071380
45-56	404830
45-56	401810
45-56	409100
45-57	425710
45-57	424230
45-57	136300
45-57	475870
45-57	429230
45-57	425430
45-57	425240
45-57	424240
45-57	429860
45-57	426200
45-58	439480
45-58	236980
45-58	440860
45-58	437660
45-58	01089070
45-58	439290
45-58	136240
45-58	437800
45-58	439420
45-58	438680
45-59	473220
45-59	335240
45-59	332670
45-59	045350
45-59	262930
45-59	043230
45-59	263780
45-59	331590
45-59	330780
45-59	073730
45-60	261760
45-60	499820
45-60	499950
45-60	499570
45-60	482460
45-60	064810
45-60	360580
45-60	482450
45-60	016100
45-60	070320
45-61	125950
45-61	347800
45-61	127850
45-61	128830
45-61	123670
45-61	217400
45-61	127160
45-61	126500
45-61	126900
45-61	362690
45-62	135700
45-62	350880
45-62	133700
45-62	032960
45-62	132920
45-62	038300
45-62	133990
45-62	132950
45-62	258710
45-62	258700
45-63	181770
45-63	182040
45-63	410840
45-63	182590
45-63	182440
45-63	183370
45-63	01065010
45-63	183230
45-63	182160
45-63	181950
45-64	056410
45-64	234190
45-64	194030
45-64	194250
45-64	01008610
45-64	186030
45-64	056460
45-64	01088720
45-64	005090
45-64	233980
45-65	443990
45-65	123060
45-65	444300
45-65	120010
45-65	441660
45-65	198450
45-65	440360
45-65	440990
45-65	442630
45-65	112780
45-66	320110
45-66	320270
45-66	320120
45-66	000290
45-66	197060
45-66	316570
45-66	236450
45-66	010000
45-66	003280
45-66	366350
45-67	059470
45-67	365570
45-67	488400
45-67	357200
45-67	062560
45-67	488360
45-67	346970
45-67	01019590
45-67	349660
45-67	363340
45-68	198780
45-68	235240
45-68	204760
45-68	353460
45-68	247100
45-68	01080400
45-68	344260
45-68	442700
45-68	019400
45-68	247280
45-69	344000
45-69	243050
45-69	064640
45-69	271630
45-69	057490
45-69	247930
45-69	103710
45-69	184650
45-69	317280
45-69	081230
45-70	381210
45-70	075660
45-70	377470
45-70	377100
45-70	378960
45-70	379170
45-70	380010
45-70	282570
45-70	378900
45-70	226520
45-71	390470
45-71	137160
45-71	169030
45-71	308120
45-71	276640
45-71	059040
45-71	390660
45-71	391630
45-71	168700
45-71	389450
45-72	153120
45-72	018790
45-72	163540
45-72	163120
45-72	162600
45-72	103670
45-72	032290
45-72	336130
45-72	080480
45-72	235040
45-73	349820
45-73	01077300
45-73	351580
45-73	355050
45-73	347700
45-73	346770
45-73	345990
45-73	003850
45-73	01076990
45-73	345410
45-74	492980
45-74	093490
45-74	492030
45-74	418080
45-74	323590
45-74	491090
45-74	492290
45-74	322900
45-74	493010
45-74	031730
45-75	003800
45-75	479080
45-75	448390
45-75	478790
45-75	01096890
45-75	337710
45-75	099620
45-75	01060350
45-75	478700
45-75	455450
45-76	196320
45-76	336500
45-76	057450
45-76	234970
45-76	404120
45-76	017940
45-76	218260
45-76	119040
45-76	248580
45-76	218280
45-77	306400
45-77	306810
45-77	307740
45-77	308700
45-77	521700
45-77	466980
45-77	311180
45-77	308620
45-77	389420
45-77	457920
45-78	358970
45-78	344290
45-78	349820
45-78	358300
45-78	01076990
45-78	347800
45-78	346050
45-78	360990
45-78	355860
45-78	353550
45-79	451610
45-79	454440
45-79	451970
45-79	452500
45-79	452320
45-79	451570
45-79	452240
45-79	451760
45-79	451590
45-79	453180
45-80	002290
45-80	002220
45-80	233660
45-80	002300
45-80	002060
45-80	002210
45-80	543460
45-80	035390
45-80	002350
45-80	184550
45-81	033090
45-81	032900
45-81	446150
45-81	01012520
45-81	022850
45-81	037620
45-81	033030
45-81	270780
45-81	254100
45-81	418830
45-82	352930
45-82	099620
45-82	354540
45-82	105230
45-82	244230
45-82	468290
45-82	01032390
45-82	004180
45-82	346710
45-82	081640
45-83	180250
45-83	206980
45-83	180580
45-83	01054050
45-83	144680
45-83	205840
45-83	126470
45-83	126740
45-83	031430
45-83	013050
45-84	543590
45-84	123150
45-84	511670
45-84	511410
45-84	059420
45-84	014250
45-84	116700
45-84	420600
45-84	529440
45-84	420530
45-85	357400
45-85	356380
45-85	01079500
45-85	366480
45-85	366010
45-85	01079720
45-85	366670
45-85	370330
45-85	358840
45-85	245420
45-86	360900
45-86	01080800
45-86	367710
45-86	360870
45-86	368220
45-86	467810
45-86	359060
45-86	470620
45-86	360540
45-86	470110
45-87	416200
45-87	416210
45-87	416040
45-87	159460
45-87	01084400
45-87	082670
45-87	082110
45-87	396870
45-87	330410
45-87	243300
45-88	040260
45-88	279190
45-88	352050
45-88	132830
45-88	233750
45-88	279340
45-88	162390
45-88	162870
45-88	021940
45-88	224320
45-89	066930
45-89	01013800
45-89	038230
45-89	015770
45-89	01037920
45-89	015480
45-89	01032390
45-89	005010
45-89	243780
45-89	083440
45-90	01028240
45-90	106300
45-90	079490
45-90	332860
45-90	01012960
45-90	01063490
45-90	01028320
45-90	491340
45-90	106310
45-90	087290
45-91	347650
45-91	346310
45-91	003860
45-91	345550
45-91	346020
45-91	003670
45-91	347350
45-91	150900
45-91	343370
45-91	067420
45-92	167670
45-92	166360
45-92	171150
45-92	168350
45-92	01044750
45-92	169580
45-92	171790
45-92	168960
45-92	302240
45-92	391720
45-93	114500
45-93	060400
45-93	235620
45-93	234650
45-93	197420
45-93	007800
45-93	058400
45-93	234720
45-93	396560
45-93	236590
45-94	237590
45-94	237880
45-94	208420
45-94	236330
45-94	236580
45-94	239060
45-94	239500
45-94	238590
45-94	361510
45-94	01064280
46-1	022190
46-1	363070
46-1	104860
46-1	294070
46-1	290730
46-1	363960
46-1	093360
46-1	351290
46-1	347020
46-1	023830
46-2	084510
46-2	084580
46-2	154840
46-2	432620
46-2	326800
46-2	064940
46-2	068440
46-2	353070
46-2	018980
46-2	349920
46-3	01065140
46-3	275040
46-3	388590
46-3	388900
46-3	387850
46-3	388710
46-3	01064570
46-3	301880
46-3	388690
46-3	388550
46-4	038940
46-4	056560
46-4	301100
46-4	056680
46-4	056260
46-4	055790
46-4	016080
46-4	087400
46-4	455440
46-4	056670
46-5	039860
46-5	236200
46-5	268700
46-5	031430
46-5	489840
46-5	244970
46-5	262170
46-5	043410
46-5	157550
46-5	245480
46-6	261950
46-6	426250
46-6	404080
46-6	333750
46-6	01041150
46-6	331010
46-6	358990
46-6	262290
46-6	043600
46-6	157100
46-7	114500
46-7	114090
46-7	138700
46-7	138570
46-7	132920
46-7	493920
46-7	213080
46-7	134220
46-7	389910
46-7	118280
46-8	233580
46-8	233570
46-8	081650
46-8	01021980
46-8	150900
46-8	289920
46-8	058100
46-8	003670
46-8	343110
46-8	284810
46-9	287820
46-9	036140
46-9	067330
46-9	080710
46-9	01001180
46-9	068010
46-9	403260
46-9	001170
46-9	068480
46-9	166860
46-10	353230
46-10	353300
46-10	355430
46-10	034660
46-10	198680
46-10	350030
46-10	345540
46-10	093630
46-10	047230
46-10	367080
46-11	142510
46-11	137800
46-11	165710
46-11	169400
46-11	141310
46-11	139000
46-11	136540
46-11	138630
46-11	176090
46-11	01043360
46-12	244940
46-12	094100
46-12	042890
46-12	091180
46-12	091670
46-12	254490
46-12	246340
46-12	100740
46-12	090990
46-12	244970
46-13	025760
46-13	01009930
46-13	024900
46-13	023870
46-13	023830
46-13	025790
46-13	224370
46-13	01009790
46-13	025480
46-13	01009900
46-14	353460
46-14	200630
46-14	347400
46-14	219930
46-14	123920
46-14	197390
46-14	236580
46-14	019950
46-14	247100
46-14	199600
46-15	237030
46-15	440860
46-15	237830
46-15	440880
46-15	441280
46-15	238140
46-15	01005140
46-15	441040
46-15	440490
46-15	466610
46-16	01058550
46-16	238070
46-16	238030
46-16	238120
46-16	01101190
46-16	056860
46-16	200630
46-16	237610
46-16	238660
46-16	01059020
46-17	244560
46-17	245240
46-17	354320
46-17	315610
46-17	01080730
46-17	288260
46-17	155340
46-17	01080410
46-17	328150
46-17	245520
46-18	272010
46-18	272960
46-18	271450
46-18	105540
46-18	230770
46-18	073880
46-18	262070
46-18	270260
46-18	020690
46-18	01039150
46-19	388600
46-19	164550
46-19	300560
46-19	165790
46-19	434330
46-19	280130
46-19	164480
46-19	280610
46-19	01066610
46-19	224830
46-20	473510
46-20	332250
46-20	473630
46-20	472560
46-20	473430
46-20	261150
46-20	01004980
46-20	472650
46-20	045440
46-20	261250
46-21	288380
46-21	342770
46-21	038170
46-21	288180
46-21	346750
46-21	258950
46-21	081860
46-21	288820
46-21	178930
46-21	322320
46-22	551520
46-22	551540
46-22	299180
46-22	01101790
46-22	533080
46-22	299010
46-22	01101780
46-22	356900
46-22	01049800
46-22	287450
46-23	006250
46-23	010040
46-23	008250
46-23	011500
46-23	009330
46-23	010440
46-23	01003670
46-23	007800
46-23	009190
46-23	01002210
46-24	01028240
46-24	371690
46-24	100290
46-24	01012980
46-24	01012960
46-24	105210
46-24	087290
46-24	372070
46-24	106090
46-24	371680
46-25	153260
46-25	153590
46-25	139630
46-25	153620
46-25	153490
46-25	153380
46-25	153300
46-25	153600
46-25	153440
46-25	152980
46-26	013450
46-26	01082800
46-26	088070
46-26	105920
46-26	104950
46-26	105530
46-26	105210
46-26	371930
46-26	371680
46-26	132360
46-27	002690
46-27	003020
46-27	003070
46-27	078860
46-27	003030
46-27	233650
46-27	000080
46-27	000150
46-27	078900
46-27	078840
46-28	003830
46-28	01001590
46-28	003940
46-28	003760
46-28	020990
46-28	513270
46-28	513280
46-28	342760
46-28	343650
46-28	060150
46-29	012830
46-29	218630
46-29	011720
46-29	393340
46-29	412130
46-29	273220
46-29	010100
46-29	012780
46-29	115340
46-29	010450
46-30	007530
46-30	000650
46-30	243800
46-30	244230
46-30	472330
46-30	016770
46-30	324060
46-30	479010
46-30	327910
46-30	478690
46-31	187270
46-31	01089320
46-31	442580
46-31	063440
46-31	200320
46-31	442990
46-31	237290
46-31	058820
46-31	288450
46-31	065640
46-32	155140
46-32	373850
46-32	083240
46-32	01008330
46-32	258950
46-32	352970
46-32	166390
46-32	047190
46-32	081860
46-32	067600
46-33	172040
46-33	388020
46-33	225960
46-33	347290
46-33	166810
46-33	423980
46-33	348180
46-33	226400
46-33	173790
46-33	279230
46-34	162470
46-34	236780
46-34	302310
46-34	301390
46-34	166570
46-34	163480
46-34	301100
46-34	301040
46-34	172220
46-34	166890
46-35	137800
46-35	01058550
46-35	440980
46-35	121170
46-35	225580
46-35	009160
46-35	213400
46-35	441630
46-35	073270
46-35	059130
46-36	322490
46-36	230170
46-36	113770
46-36	386190
46-36	01004370
46-36	005500
46-36	031430
46-36	136890
46-36	226400
46-36	451450
46-37	252000
46-37	248250
46-37	252920
46-37	249620
46-37	541970
46-37	107590
46-37	251750
46-37	01028500
46-37	250290
46-37	142970
46-38	01005750
46-38	264910
46-38	102680
46-38	251580
46-38	159510
46-38	048950
46-38	142820
46-38	175990
46-38	263730
46-38	043120
46-39	280690
46-39	281510
46-39	281640
46-39	281480
46-39	169420
46-39	281260
46-39	169910
46-39	377170
46-39	01065480
46-39	281890
46-40	238110
46-40	060300
46-40	308990
46-40	207230
46-40	099620
46-40	245750
46-40	238120
46-40	021190
46-40	060650
46-40	273400
46-41	214040
46-41	003700
46-41	154870
46-41	258550
46-41	346180
46-41	373760
46-41	346540
46-41	291510
46-41	154540
46-41	347030
46-42	01085420
46-42	404640
46-42	403100
46-42	402440
46-42	154250
46-42	066490
46-42	421450
46-42	460680
46-42	243140
46-42	168600
46-43	443840
46-43	444790
46-43	443870
46-43	441920
46-43	440100
46-43	442530
46-43	175990
46-43	01089660
46-43	440160
46-43	443270
46-44	455450
46-44	100400
46-44	059330
46-44	017950
46-44	259090
46-44	455540
46-44	288460
46-44	416020
46-44	154200
46-44	455590
46-45	472630
46-45	426630
46-45	472590
46-45	262560
46-45	329830
46-45	01062950
46-45	161600
46-45	474600
46-45	332830
46-45	187270
46-46	492630
46-46	491900
46-46	501860
46-46	086140
46-46	093490
46-46	324970
46-46	271770
46-46	405230
46-46	288670
46-46	491350
46-47	089330
46-47	021810
46-47	021820
46-47	026580
46-47	000410
46-47	035510
46-47	026630
46-47	035610
46-47	085680
46-47	066880
46-48	311280
46-48	306930
46-48	310200
46-48	276570
46-48	309030
46-48	01072140
46-48	308250
46-48	309860
46-48	307730
46-48	308160
46-49	199400
46-49	009290
46-49	168390
46-49	010790
46-49	010040
46-49	009100
46-49	01005700
46-49	121050
46-49	01004310
46-49	01004490
46-50	01012830
46-50	132140
46-50	034180
46-50	009980
46-50	248780
46-50	009330
46-50	034410
46-50	105530
46-50	161260
46-50	033610
46-51	163370
46-51	164790
46-51	165400
46-51	300570
46-51	01064570
46-51	01002740
46-51	162690
46-51	389020
46-51	388550
46-51	166710
46-52	236210
46-52	194630
46-52	099440
46-52	121290
46-52	151370
46-52	032030
46-52	099470
46-52	002770
46-52	198960
46-52	441470
46-53	096580
46-53	223970
46-53	061880
46-53	463780
46-53	061770
46-53	238010
46-53	159590
46-53	076500
46-53	311820
46-53	095860
46-54	236210
46-54	099440
46-54	121290
46-54	032030
46-54	243390
46-54	031680
46-54	151370
46-54	099470
46-54	511180
46-54	243470
46-55	335770
46-55	095230
46-55	263730
46-55	265190
46-55	265540
46-55	335630
46-55	044720
46-55	260420
46-55	265850
46-55	259360
46-56	168390
46-56	434300
46-56	01025190
46-56	093470
46-56	308140
46-56	121050
46-56	101360
46-56	436370
46-56	046120
46-56	076920
46-57	273310
46-57	159590
46-57	01064200
46-57	01063230
46-57	223970
46-57	265040
46-57	428830
46-57	471890
46-57	474930
46-57	076500
46-58	521720
46-58	509860
46-58	522850
46-58	525870
46-58	416630
46-58	523670
46-58	375900
46-58	379170
46-58	434150
46-58	527610
46-59	184520
46-59	202700
46-59	000060
46-59	386200
46-59	245420
46-59	106460
46-59	000130
46-59	000510
46-59	055540
46-59	482720
46-60	237030
46-60	238140
46-60	01005140
46-60	237830
46-60	242850
46-60	172650
46-60	491280
46-60	123910
46-60	237690
46-60	234950
46-61	245170
46-61	243730
46-61	154610
46-61	060590
46-61	125690
46-61	156990
46-61	244280
46-61	455540
46-61	363120
46-61	099120
46-62	198250
46-62	009000
46-62	199120
46-62	198380
46-62	043010
46-62	01024120
46-62	196550
46-62	201410
46-62	194070
46-62	215120
46-63	305540
46-63	275880
46-63	092400
46-63	031380
46-63	031420
46-63	152740
46-63	018160
46-63	275360
46-63	300960
46-63	317500
46-64	494220
46-64	491370
46-64	492190
46-64	493050
46-64	495040
46-64	491560
46-64	494820
46-64	492420
46-64	493690
46-64	491100
46-65	01002440
46-65	006160
46-65	004890
46-65	099970
46-65	01002490
46-65	004490
46-65	436810
46-65	004720
46-65	006500
46-65	184600
46-66	005790
46-66	011850
46-66	009070
46-66	008160
46-66	117880
46-66	007090
46-66	007940
46-66	008250
46-66	104900
46-66	005360
46-67	006990
46-67	006090
46-67	005830
46-67	007870
46-67	007300
46-67	117700
46-67	007540
46-67	004950
46-67	005500
46-67	009620
46-68	234310
46-68	223110
46-68	034050
46-68	117880
46-68	057090
46-68	441020
46-68	01056940
46-68	019780
46-68	055970
46-68	222650
46-69	027020
46-69	026980
46-69	027070
46-69	027120
46-69	326640
46-69	397830
46-69	451430
46-69	027390
46-69	028040
46-69	328390
46-70	096690
46-70	368510
46-70	272150
46-70	490640
46-70	272430
46-70	271010
46-70	01051670
46-70	364320
46-70	249350
46-70	274220
46-71	117880
46-71	172510
46-71	138160
46-71	281030
46-71	279880
46-71	122690
46-71	117210
46-71	057090
46-71	055970
46-71	234310
46-72	034050
46-72	234310
46-72	213430
46-72	033680
46-72	034350
46-72	033980
46-72	01058830
46-72	104920
46-72	033900
46-72	009070
46-73	274970
46-73	274940
46-73	162370
46-73	388240
46-73	01083650
46-73	388540
46-73	132660
46-73	133120
46-73	163170
46-73	275550
46-74	343950
46-74	343390
46-74	344530
46-74	290200
46-74	342790
46-74	345760
46-74	344540
46-74	348260
46-74	353530
46-74	347030
46-75	456690
46-75	457900
46-75	424170
46-75	462980
46-75	01092390
46-75	463230
46-75	01093840
46-75	457010
46-75	388560
46-75	464070
46-76	300570
46-76	488600
46-76	489540
46-76	305860
46-76	305860
46-76	356430
46-76	165080
46-76	134960
46-76	435470
46-76	089810
46-77	436860
46-77	01014960
46-77	01014980
46-77	041030
46-77	364930
46-77	326070
46-77	099620
46-77	082190
46-77	352380
46-77	002920
46-78	479720
46-78	155380
46-78	01014960
46-78	532470
46-78	375240
46-78	01014980
46-78	01079250
46-78	478960
46-78	361700
46-78	544670
46-79	539410
46-79	539010
46-79	402250
46-79	01013040
46-79	547280
46-79	367870
46-79	547360
46-79	539650
46-79	358510
46-79	547670
46-80	549210
46-80	461610
46-80	549660
46-80	203090
46-80	244060
46-80	521460
46-80	549370
46-80	357400
46-80	521170
46-80	01005690
46-81	087450
46-81	099050
46-81	087290
46-81	033930
46-81	551150
46-81	333930
46-81	218380
46-81	106200
46-81	488400
46-81	117310
46-82	476180
46-82	087010
46-82	395620
46-82	030270
46-82	033630
46-82	030730
46-82	030510
46-82	475980
46-82	477400
46-82	504100
46-83	022340
46-83	01009930
46-83	022290
46-83	023010
46-83	022260
46-83	01010260
46-83	023420
46-83	022040
46-83	024150
46-83	022350
46-84	085160
46-84	080850
46-84	023540
46-84	027700
46-84	085240
46-84	267550
46-84	254170
46-84	072540
46-84	458180
46-84	341970
46-85	213930
46-85	185880
46-85	022350
46-85	119420
46-85	023020
46-85	215410
46-85	025480
46-85	022090
46-85	022310
46-85	185760
46-86	389720
46-86	375910
46-86	067870
46-86	392430
46-86	391080
46-86	507230
46-86	071340
46-86	260850
46-86	027150
46-86	382810
46-87	333320
46-87	331280
46-87	329170
46-87	054510
46-87	330100
46-87	087290
46-87	020890
46-87	01001910
46-87	327780
46-87	01011670
46-88	119350
46-88	347800
46-88	119380
46-88	120510
46-88	123190
46-88	119660
46-88	119750
46-88	119480
46-88	285390
46-88	01078680
46-89	096580
46-89	435830
46-89	208320
46-89	076500
46-89	061880
46-89	206350
46-89	01031770
46-89	238010
46-89	121480
46-89	128030
46-90	419800
46-90	012380
46-90	501500
46-90	490170
46-90	01052870
46-90	490470
46-90	01085420
46-90	356910
46-90	401370
46-90	522690
46-91	215840
46-91	168700
46-91	214890
46-91	217100
46-91	122800
46-91	215540
46-91	137990
46-91	059040
46-91	214230
46-91	137940
46-92	01028180
46-92	293960
46-92	290660
46-92	222870
46-92	333320
46-92	087290
46-92	107140
46-92	295160
46-92	159280
46-92	357930
46-93	308120
46-93	312090
46-93	01072140
46-93	311660
46-93	308230
46-93	310440
46-93	306810
46-93	311280
46-93	308830
46-93	310160
46-94	331640
46-94	330500
46-94	330460
46-94	333980
46-94	331950
46-94	330170
46-94	325320
46-94	331270
46-94	325370
46-94	100380
47-1	440780
47-1	442250
47-1	139120
47-1	440450
47-1	442390
47-1	439230
47-1	442340
47-1	122770
47-1	442090
47-1	445450
47-2	441860
47-2	440100
47-2	440240
47-2	441000
47-2	438200
47-2	440730
47-2	440070
47-2	01089070
47-2	442580
47-2	438130
47-3	01093820
47-3	463680
47-3	462380
47-3	01094170
47-3	456780
47-3	460240
47-3	456100
47-3	01093590
47-3	461940
47-3	01092310
47-4	257170
47-4	154760
47-4	037810
47-4	244280
47-4	003130
47-4	289230
47-4	249210
47-4	156150
47-4	436940
47-4	293460
47-5	520730
47-5	245310
47-5	520490
47-5	064870
47-5	049170
47-5	035900
47-5	054590
47-5	013150
47-5	053830
47-5	013450
47-6	277970
47-6	170140
47-6	177560
47-6	176770
47-6	163390
47-6	171270
47-6	165800
47-6	142030
47-6	174470
47-6	176670
47-7	213280
47-7	214240
47-7	215110
47-7	089870
47-7	377630
47-7	214270
47-7	375770
47-7	056640
47-7	216510
47-7	059040
47-8	416680
47-8	466980
47-8	416450
47-8	521700
47-8	328440
47-8	327620
47-8	328700
47-8	417190
47-8	326500
47-8	417940
47-9	425040
47-9	426620
47-9	428610
47-9	425300
47-9	427120
47-9	429070
47-9	428390
47-9	429290
47-9	426840
47-9	424070
47-10	01001810
47-10	479720
47-10	545610
47-10	064870
47-10	059620
47-10	01014960
47-10	462500
47-10	552030
47-10	482450
47-10	410300
47-11	089330
47-11	116440
47-11	066980
47-11	033630
47-11	000090
47-11	289140
47-11	035510
47-11	086720
47-11	244120
47-11	117830
47-12	075780
47-12	078390
47-12	072910
47-12	327490
47-12	320970
47-12	084510
47-12	316530
47-12	479860
47-12	068440
47-12	077230
47-13	106730
47-13	105540
47-13	106610
47-13	105020
47-13	104520
47-13	161660
47-13	476250
47-13	108120
47-13	381180
47-13	042590
47-14	326430
47-14	01013860
47-14	039110
47-14	018010
47-14	185010
47-14	018050
47-14	038130
47-14	349470
47-14	039100
47-14	233670
47-15	01041570
47-15	161420
47-15	161510
47-15	259260
47-15	132030
47-15	468470
47-15	468820
47-15	01010040
47-15	423840
47-15	089800
47-16	166400
47-16	389520
47-16	01043570
47-16	01074430
47-16	180700
47-16	01065140
47-16	172350
47-16	171270
47-16	164230
47-16	165000
47-17	171780
47-17	172150
47-17	450730
47-17	010710
47-17	171930
47-17	139470
47-17	006030
47-17	449920
47-17	170270
47-17	450360
47-18	197390
47-18	195970
47-18	195600
47-18	008030
47-18	119020
47-18	033010
47-18	109330
47-18	007280
47-18	247930
47-18	036260
47-19	406710
47-19	009860
47-19	111260
47-19	330620
47-19	177680
47-19	443740
47-19	209340
47-19	328070
47-19	259880
47-19	01009750
47-20	224390
47-20	162810
47-20	081650
47-20	003130
47-20	343190
47-20	150900
47-20	284730
47-20	436790
47-20	289370
47-20	103670
47-21	280610
47-21	197390
47-21	113750
47-21	167090
47-21	266800
47-21	197370
47-21	235610
47-21	017940
47-21	010370
47-21	164910
47-22	294740
47-22	290660
47-22	019050
47-22	290590
47-22	295550
47-22	002520
47-22	545820
47-22	352380
47-22	345540
47-22	375240
47-23	322160
47-23	322240
47-23	003130
47-23	322260
47-23	003210
47-23	347800
47-23	287900
47-23	016000
47-23	016100
47-23	067190
47-24	478760
47-24	262200
47-24	161940
47-24	271540
47-24	455630
47-24	162190
47-24	158230
47-24	320280
47-24	432190
47-24	395130
47-25	378070
47-25	161800
47-25	376150
47-25	042920
47-25	090300
47-25	377150
47-25	388830
47-25	373950
47-25	446710
47-25	089810
47-26	447680
47-26	447400
47-26	033190
47-26	446750
47-26	023440
47-26	446320
47-26	161420
47-26	449580
47-26	446210
47-26	023720
47-27	080410
47-27	035360
47-27	067490
47-27	037570
47-27	016940
47-27	01013100
47-27	090090
47-27	001120
47-27	066870
47-27	182690
47-28	539410
47-28	539010
47-28	295720
47-28	087370
47-28	132170
47-28	481050
47-28	539450
47-28	437450
47-28	354610
47-28	174350
47-29	276580
47-29	390360
47-29	388560
47-29	393440
47-29	172470
47-29	390110
47-29	137940
47-29	275150
47-29	276640
47-29	389530
47-30	326360
47-30	027050
47-30	326580
47-30	026770
47-30	326660
47-30	327010
47-30	329200
47-30	339200
47-30	026870
47-30	329810
47-31	01092300
47-31	463740
47-31	459640
47-31	01093220
47-31	463670
47-31	01091830
47-31	461070
47-31	425950
47-31	458700
47-31	462760
47-32	404690
47-32	330070
47-32	402470
47-32	404380
47-32	472820
47-32	405440
47-32	407580
47-32	459800
47-32	409160
47-32	01085300
47-33	010670
47-33	121160
47-33	009320
47-33	198700
47-33	171650
47-33	010150
47-33	085250
47-33	006660
47-33	007980
47-33	007800
47-34	040260
47-34	098010
47-34	133000
47-34	162550
47-34	279100
47-34	162370
47-34	279140
47-34	032900
47-34	132690
47-34	530950
47-35	401360
47-35	223230
47-35	402340
47-35	499660
47-35	324370
47-35	511680
47-35	403530
47-35	402330
47-35	01098940
47-35	424860
47-36	184850
47-36	113550
47-36	373850
47-36	373410
47-36	373550
47-36	335890
47-36	455440
47-36	155830
47-36	457370
47-36	016620
47-37	416750
47-37	325510
47-37	448840
47-37	345510
47-37	417940
47-37	176290
47-37	106510
47-37	328160
47-37	346190
47-37	332170
47-38	01010860
47-38	327050
47-38	027970
47-38	161470
47-38	262890
47-38	259560
47-38	334860
47-38	330500
47-38	328740
47-38	262670
47-39	123520
47-39	122040
47-39	123670
47-39	121950
47-39	347800
47-39	123190
47-39	058940
47-39	123430
47-39	119740
47-39	127850
47-40	164080
47-40	169390
47-40	056630
47-40	133220
47-40	137350
47-40	01003190
47-40	167390
47-40	114270
47-40	225400
47-40	116990
47-41	316120
47-41	417410
47-41	395270
47-41	347030
47-41	416340
47-41	019010
47-41	316530
47-41	528200
47-41	384270
47-41	529640
47-42	003200
47-42	01001160
47-42	000160
47-42	240430
47-42	003170
47-42	01001140
47-42	000910
47-42	085690
47-42	111990
47-42	003190
47-43	003170
47-43	154610
47-43	098660
47-43	259600
47-43	326490
47-43	258950
47-43	01008300
47-43	268420
47-43	373510
47-43	058860
47-44	524200
47-44	523720
47-44	524580
47-44	378870
47-44	523750
47-44	527260
47-44	524670
47-44	524800
47-44	527450
47-44	416750
47-45	402250
47-45	01077530
47-45	404930
47-45	458340
47-45	400100
47-45	224460
47-45	403670
47-45	401510
47-45	401290
47-45	403450
47-46	288220
47-46	359770
47-46	017450
47-46	415840
47-46	357400
47-46	358220
47-46	352280
47-46	360830
47-46	357930
47-46	352460
47-47	01013860
47-47	276480
47-47	275820
47-47	352970
47-47	360690
47-47	276420
47-47	277850
47-47	106500
47-47	224140
47-47	326690
47-48	174250
47-48	307920
47-48	136920
47-48	169210
47-48	142550
47-48	390700
47-48	307510
47-48	073030
47-48	137100
47-48	172740
47-49	01017770
47-49	199180
47-49	250720
47-49	290030
47-49	062040
47-49	01051670
47-49	249860
47-49	204900
47-49	352260
47-49	205260
47-50	073030
47-50	271400
47-50	330480
47-50	273440
47-50	272360
47-50	261880
47-50	043810
47-50	223540
47-50	307920
47-50	169210
47-51	330480
47-51	261880
47-51	333300
47-51	01075270
47-51	332280
47-51	332790
47-51	223540
47-51	333790
47-51	552120
47-51	043810
48-1	109370
48-1	109310
48-1	109290
48-1	01034530
48-1	109360
48-1	01029210
48-1	181650
48-1	109280
48-1	003010
48-1	109260
48-2	233670
48-2	01013860
48-2	117310
48-2	033630
48-2	002800
48-2	033650
48-2	018050
48-2	109690
48-2	483090
48-2	000280
48-3	000430
48-3	000040
48-3	233650
48-3	184520
48-3	233630
48-3	376540
48-3	373410
48-3	030110
48-3	098650
48-3	163320
48-4	004300
48-4	004490
48-4	152680
48-4	01002440
48-4	004720
48-4	01002540
48-4	006160
48-4	085050
48-4	004750
48-4	016700
48-5	032240
48-5	108880
48-5	108520
48-5	038530
48-5	001150
48-5	017030
48-5	108570
48-5	109170
48-5	326660
48-5	327450
48-6	001060
48-6	001310
48-6	527370
48-6	032250
48-6	151270
48-6	056330
48-6	242710
48-6	289500
48-6	342790
48-6	001400
48-7	164200
48-7	242710
48-7	017240
48-7	003500
48-7	400860
48-7	318110
48-7	224630
48-7	268970
48-7	242890
48-7	031540
48-8	001220
48-8	000120
48-8	001280
48-8	000100
48-8	000070
48-8	032320
48-8	067290
48-8	003590
48-8	085080
48-8	001120
48-9	001440
48-9	036090
48-9	222140
48-9	001270
48-9	036110
48-9	001230
48-9	036100
48-9	150850
48-9	015590
48-9	01013780
48-10	001790
48-10	353460
48-10	001800
48-10	132650
48-10	322730
48-10	279040
48-10	475490
48-10	001750
48-10	01101190
48-10	162610
48-11	01007640
48-11	001850
48-11	300920
48-11	001820
48-11	01000750
48-11	001800
48-11	165740
48-11	542930
48-11	165490
48-11	058300
48-12	275280
48-12	002560
48-12	549170
48-12	259570
48-12	304350
48-12	133260
48-12	323930
48-12	079240
48-12	543590
48-12	191960
48-13	000070
48-13	152640
48-13	000080
48-13	032290
48-13	152650
48-13	031240
48-13	002660
48-13	032250
48-13	163180
48-13	002670
48-14	267180
48-14	413350
48-14	503310
48-14	121520
48-14	499860
48-14	503080
48-14	371830
48-14	501670
48-14	483090
48-14	010860
48-15	002920
48-15	099620
48-15	348740
48-15	080450
48-15	080350
48-15	347530
48-15	152740
48-15	032160
48-15	436860
48-15	01001450
48-16	01091830
48-16	456010
48-16	01075680
48-16	01004800
48-16	455970
48-16	423510
48-16	212900
48-16	110100
48-16	455990
48-16	400020
48-17	130210
48-17	109250
48-17	130490
48-17	130060
48-17	104480
48-17	130530
48-17	130310
48-17	130460
48-17	395830
48-17	109370
48-18	078900
48-18	031240
48-18	031260
48-18	000100
48-18	032290
48-18	233650
48-18	078860
48-18	078920
48-18	065150
48-18	080230
48-19	109890
48-19	326670
48-19	053550
48-19	402910
48-19	400930
48-19	402780
48-19	400730
48-19	512270
48-19	085690
48-19	326730
48-20	003350
48-20	030190
48-20	021540
48-20	336370
48-20	275780
48-20	053770
48-20	034160
48-20	108190
48-20	021590
48-20	030920
48-21	003460
48-21	035510
48-21	031320
48-21	01074100
48-21	108460
48-21	000670
48-21	015570
48-21	066940
48-21	01021980
48-21	035610
48-22	003490
48-22	01011760
48-22	020610
48-22	020750
48-22	342020
48-22	342230
48-22	080260
48-22	274940
48-22	003090
48-22	289190
48-23	195940
48-23	100370
48-23	035690
48-23	423390
48-23	003690
48-23	357440
48-23	342770
48-23	100650
48-23	259780
48-23	345530
48-24	100290
48-24	153120
48-24	002920
48-24	471640
48-24	361110
48-24	336470
48-24	079990
48-24	436860
48-24	157770
48-24	245400
48-25	157250
48-25	155140
48-25	483370
48-25	01001850
48-25	337060
48-25	483240
48-25	004060
48-25	285430
48-25	417410
48-25	01014960
48-26	067490
48-26	228140
48-26	067030
48-26	004460
48-26	230240
48-26	182670
48-26	067700
48-26	182080
48-26	181710
48-26	016590
48-27	005420
48-27	005830
48-27	008820
48-27	01002500
48-27	117110
48-27	009030
48-27	006470
48-27	007180
48-27	008540
48-27	004410
48-28	033690
48-28	033510
48-28	033580
48-28	212520
48-28	086790
48-28	033840
48-28	437400
48-28	034060
48-28	055680
48-28	036280
48-29	004320
48-29	116410
48-29	01002520
48-29	116420
48-29	004990
48-29	004380
48-29	116400
48-29	055640
48-29	01002820
48-29	01002410
48-30	01002290
48-30	116300
48-30	004340
48-30	132730
48-30	005150
48-30	193300
48-30	004700
48-30	006000
48-30	006170
48-30	007840
48-31	005440
48-31	004570
48-31	006170
48-31	01002870
48-31	005610
48-31	069530
48-31	233980
48-31	006870
48-31	013620
48-31	005650
48-32	01002290
48-32	116390
48-32	116310
48-32	01002360
48-32	007800
48-32	026730
48-32	012660
48-32	004700
48-32	005250
48-32	004650
48-33	005250
48-33	01002910
48-33	01002630
48-33	004830
48-33	009330
48-33	315160
48-33	053440
48-33	100700
48-33	010230
48-33	021920
48-34	004660
48-34	055840
48-34	004350
48-34	116400
48-34	193670
48-34	193680
48-34	004670
48-34	268480
48-34	132920
48-34	005850
48-35	133310
48-35	005080
48-35	269930
48-35	079090
48-35	195140
48-35	01008570
48-35	268790
48-35	005130
48-35	200890
48-35	287840
48-36	269930
48-36	133760
48-36	005240
48-36	008090
48-36	152950
48-36	401060
48-36	195580
48-36	120230
48-36	006840
48-36	005650
48-37	005440
48-37	006170
48-37	117950
48-37	117240
48-37	195090
48-37	196850
48-37	233980
48-37	268670
48-37	01002950
48-37	005490
48-38	117820
48-38	194960
48-38	006770
48-38	010030
48-38	005700
48-38	006540
48-38	01002970
48-38	005800
48-38	010720
48-38	010600
48-39	006180
48-39	113850
48-39	118030
48-39	110460
48-39	269460
48-39	194900
48-39	007390
48-39	013290
48-39	010710
48-39	008620
48-40	007160
48-40	117710
48-40	118600
48-40	113790
48-40	195040
48-40	006210
48-40	195430
48-40	023820
48-40	196630
48-40	01054530
48-41	007140
48-41	194820
48-41	006140
48-41	164480
48-41	300710
48-41	005650
48-41	008090
48-41	006840
48-41	388540
48-41	269400
48-42	350880
48-42	004350
48-42	004930
48-42	01002770
48-42	019400
48-42	005050
48-42	01002780
48-42	247100
48-42	007580
48-42	195390
48-43	01049150
48-43	009610
48-43	006840
48-43	344360
48-43	01004070
48-43	341560
48-43	195990
48-43	01032140
48-43	238530
48-43	006140
48-44	006950
48-44	019550
48-44	007090
48-44	01003230
48-44	008380
48-44	006230
48-44	01003040
48-44	011770
48-44	011310
48-44	010260
48-45	194760
48-45	213400
48-45	007040
48-45	194750
48-45	317890
48-45	004660
48-45	195390
48-45	01008730
48-45	197330
48-45	196300
48-46	007140
48-46	118770
48-46	117720
48-46	006410
48-46	005850
48-46	005880
48-46	005060
48-46	280410
48-46	006660
48-46	010140
48-47	006820
48-47	01004670
48-47	196560
48-47	008970
48-47	120850
48-47	008620
48-47	01003360
48-47	113990
48-47	199930
48-47	057550
48-48	008940
48-48	006460
48-48	235190
48-48	006570
48-48	521880
48-48	009980
48-48	007130
48-48	012490
48-48	010090
48-48	120990
48-49	005700
48-49	006670
48-49	006770
48-49	195790
48-49	006590
48-49	196450
48-49	005800
48-49	000620
48-49	006720
48-49	114680
48-50	271010
48-50	347020
48-50	011270
48-50	012190
48-50	007060
48-50	005840
48-50	031900
48-50	350850
48-50	008590
48-50	353410
48-51	004660
48-51	198050
48-51	198620
48-51	234940
48-51	007090
48-51	005050
48-51	012700
48-51	117680
48-51	004350
48-51	005970
48-52	01000730
48-52	165030
48-52	006930
48-52	031880
48-52	031840
48-52	163120
48-52	162580
48-52	162980
48-52	163540
48-52	018790
48-53	109810
48-53	007110
48-53	035900
48-53	184990
48-53	007500
48-53	011480
48-53	451700
48-53	01013260
48-53	008530
48-53	344110
48-54	238750
48-54	007710
48-54	012700
48-54	008440
48-54	063790
48-54	012610
48-54	013430
48-54	128040
48-54	010030
48-54	013770
48-55	197690
48-55	008110
48-55	006760
48-55	280770
48-55	008400
48-55	058160
48-55	010230
48-55	01003200
48-55	009350
48-55	008600
48-56	007590
48-56	010630
48-56	197990
48-56	009570
48-56	005440
48-56	058320
48-56	013020
48-56	008400
48-56	008500
48-56	135880
48-57	090530
48-57	008040
48-57	213660
48-57	275410
48-57	186220
48-57	275780
48-57	401790
48-57	322920
48-57	056600
48-57	070630
48-58	197440
48-58	198320
48-58	008200
48-58	168240
48-58	058230
48-58	005760
48-58	010100
48-58	167010
48-58	009790
48-58	01035530
48-59	007780
48-59	01032400
48-59	01003860
48-59	167490
48-59	01004670
48-59	119830
48-59	119840
48-59	008230
48-59	123800
48-59	008090
48-60	136300
48-60	119770
48-60	114410
48-60	214520
48-60	197880
48-60	005800
48-60	322480
48-60	005640
48-60	206140
48-60	006400
48-61	114500
48-61	007800
48-61	396560
48-61	008220
48-61	197420
48-61	009180
48-61	009260
48-61	121520
48-61	008100
48-61	120190
48-62	008590
48-62	022930
48-62	022510
48-62	023460
48-62	023060
48-62	022330
48-62	136820
48-62	120260
48-62	023230
48-62	025340
48-63	197960
48-63	235380
48-63	008410
48-63	119930
48-63	006180
48-63	005640
48-63	005050
48-63	01002780
48-63	019400
48-63	214890
48-64	118280
48-64	008420
48-64	005820
48-64	01032680
48-64	012950
48-64	136650
48-64	01005280
48-64	169120
48-64	175700
48-64	350880
48-65	009120
48-65	010770
48-65	006650
48-65	013020
48-65	059360
48-65	01004200
48-65	011010
48-65	343750
48-65	012940
48-65	013150
48-66	009260
48-66	007730
48-66	01004650
48-66	009140
48-66	005740
48-66	198710
48-66	007800
48-66	006590
48-66	010350
48-66	01003820
48-67	007730
48-67	005740
48-67	009260
48-67	009140
48-67	01004650
48-67	01003820
48-67	198130
48-67	010000
48-67	007100
48-67	01003660
48-68	01003200
48-68	01005080
48-68	169190
48-68	119840
48-68	197250
48-68	199300
48-68	007780
48-68	010520
48-68	137750
48-68	009280
48-69	01003080
48-69	007780
48-69	011800
48-69	341560
48-69	012940
48-69	010190
48-69	008500
48-69	289560
48-69	007370
48-69	011230
48-70	010100
48-70	008760
48-70	011720
48-70	235910
48-70	268960
48-70	271180
48-70	01003770
48-70	012080
48-70	350880
48-70	008470
48-71	268960
48-71	009840
48-71	116990
48-71	011720
48-71	120890
48-71	235910
48-71	124360
48-71	056630
48-71	198050
48-71	01003770
48-72	008680
48-72	005370
48-72	005000
48-72	005660
48-72	008050
48-72	036260
48-72	511210
48-72	006600
48-72	148080
48-72	007900
48-73	007720
48-73	010720
48-73	006020
48-73	120010
48-73	216050
48-73	237880
48-73	237590
48-73	010600
48-73	007060
48-73	012270
48-74	019950
48-74	281620
48-74	01063930
48-74	199610
48-74	301780
48-74	230060
48-74	01051670
48-74	272220
48-74	121100
48-74	007490
48-75	169120
48-75	118280
48-75	005820
48-75	01005280
48-75	01032680
48-75	012950
48-75	359070
48-75	008420
48-75	012730
48-75	136650
48-76	121510
48-76	01004950
48-76	272040
48-76	215660
48-76	008240
48-76	114750
48-76	229780
48-76	008220
48-76	01012110
48-76	250660
48-77	008580
48-77	009220
48-77	327790
48-77	006120
48-77	169970
48-77	137080
48-77	499210
48-77	249060
48-77	499130
48-77	054610
48-78	009020
48-78	169830
48-78	011590
48-78	013420
48-78	137070
48-78	206980
48-78	004800
48-78	013050
48-78	007130
48-78	009380
48-79	007130
48-79	005400
48-79	010090
48-79	006960
48-79	002390
48-79	01003600
48-79	137730
48-79	005050
48-79	004930
48-79	118280
48-80	009770
48-80	010870
48-80	013540
48-80	060170
48-80	011950
48-80	011970
48-80	170390
48-80	122940
48-80	139770
48-80	013490
48-81	009820
48-81	01004900
48-81	013050
48-81	013420
48-81	01005370
48-81	324510
48-81	013300
48-81	013220
48-81	014080
48-81	01005300
48-82	158050
48-82	158580
48-82	158120
48-82	01005450
48-82	01005800
48-82	156720
48-82	354280
48-82	004160
48-82	262120
48-82	286220
48-83	010010
48-83	201380
48-83	01005020
48-83	012940
48-83	114960
48-83	242850
48-83	01004790
48-83	006480
48-83	004880
48-83	014660
48-84	010810
48-84	009970
48-84	355690
48-84	017890
48-84	290430
48-84	346210
48-84	014790
48-84	030200
48-84	125210
48-84	351030
48-85	009830
48-85	009190
48-85	008250
48-85	009950
48-85	010730
48-85	006900
48-85	014490
48-85	011800
48-85	200790
48-85	007890
48-86	010070
48-86	130590
48-86	057400
48-86	005650
48-86	216630
48-86	005660
48-86	009210
48-86	01004600
48-86	005490
48-86	011500
48-87	009610
48-87	059700
48-87	006620
48-87	123030
48-87	200490
48-87	011820
48-87	272220
48-87	010020
48-87	011560
48-87	006120
48-88	013880
48-88	010380
48-88	010340
48-88	122990
48-88	011290
48-88	010860
48-88	006980
48-88	010250
48-88	009930
48-88	122340
48-89	010790
48-89	202130
48-89	012560
48-89	139630
48-89	171920
48-89	009100
48-89	009680
48-89	01004490
48-89	168390
48-89	008020
48-90	121510
48-90	010880
48-90	01005080
48-90	197250
48-90	006870
48-90	006850
48-90	01004000
48-90	008090
48-90	01003200
48-90	196280
48-91	01004410
48-91	010050
48-91	148080
48-91	011290
48-91	012350
48-91	010450
48-91	005450
48-91	123100
48-91	255890
48-91	011990
48-92	01004950
48-92	008240
48-92	01005420
48-92	019950
48-92	012780
48-92	121100
48-92	009270
48-92	010250
48-92	197750
48-92	013660
48-93	142160
48-93	141720
48-93	175500
48-93	125110
48-93	014490
48-93	174740
48-93	008220
48-93	095300
48-93	006600
48-93	010730
48-94	011900
48-94	013120
48-94	013510
48-94	374960
48-94	115570
48-94	015110
48-94	009030
48-94	192350
48-94	007180
48-94	010060
49-1	012300
49-1	012630
49-1	01002940
49-1	068050
49-1	040090
49-1	01004770
49-1	01004600
49-1	007500
49-1	01005010
49-1	124340
49-2	013400
49-2	012600
49-2	015290
49-2	012310
49-2	01006020
49-2	015200
49-2	010820
49-2	013440
49-2	013390
49-2	204230
49-3	01004950
49-3	01005420
49-3	359790
49-3	011130
49-3	013660
49-3	008240
49-3	011560
49-3	200470
49-3	013070
49-3	271010
49-4	012950
49-4	125470
49-4	125270
49-4	011500
49-4	013450
49-4	237800
49-4	392490
49-4	217790
49-4	204340
49-4	175440
49-5	011160
49-5	01005930
49-5	011380
49-5	014660
49-5	01004950
49-5	01006130
49-5	01005380
49-5	009900
49-5	126260
49-5	123910
49-6	006760
49-6	008000
49-6	007980
49-6	010230
49-6	007730
49-6	009350
49-6	008400
49-6	197690
49-6	120010
49-6	012730
49-7	012610
49-7	013450
49-7	011690
49-7	01005900
49-7	012660
49-7	010190
49-7	009190
49-7	011160
49-7	007430
49-7	009170
49-8	013110
49-8	012940
49-8	126550
49-8	205700
49-8	010230
49-8	238080
49-8	126560
49-8	012150
49-8	129150
49-8	015210
49-9	123910
49-9	178090
49-9	006670
49-9	006770
49-9	010010
49-9	010720
49-9	012940
49-9	008740
49-9	010140
49-9	009600
49-10	013150
49-10	218670
49-10	267190
49-10	127330
49-10	009220
49-10	323480
49-10	191300
49-10	206290
49-10	192130
49-10	185560
49-11	013530
49-11	126890
49-11	012620
49-11	012610
49-11	205990
49-11	012600
49-11	013770
49-11	160480
49-11	013450
49-11	012550
49-12	011220
49-12	249980
49-12	008440
49-12	200540
49-12	013450
49-12	007710
49-12	011500
49-12	005960
49-12	121560
49-12	053690
49-13	010030
49-13	013790
49-13	238530
49-13	014470
49-13	010630
49-13	012970
49-13	204750
49-13	013020
49-13	126390
49-13	143520
49-14	013640
49-14	127690
49-14	143970
49-14	271010
49-14	013060
49-14	012710
49-14	219430
49-14	203980
49-14	124140
49-14	01004950
49-15	013450
49-15	011500
49-15	009260
49-15	272710
49-15	011210
49-15	011270
49-15	009730
49-15	015340
49-15	01004930
49-15	014120
49-16	014250
49-16	128230
49-16	014170
49-16	015110
49-16	010710
49-16	013540
49-16	009730
49-16	015240
49-16	006030
49-16	012710
49-17	283760
49-17	013020
49-17	010030
49-17	238820
49-17	012730
49-17	351290
49-17	359070
49-17	294300
49-17	126390
49-17	010930
49-18	006770
49-18	013450
49-18	012610
49-18	011500
49-18	012620
49-18	015380
49-18	160480
49-18	013150
49-18	012440
49-18	01006080
49-19	014320
49-19	013580
49-19	127570
49-19	014650
49-19	008250
49-19	011610
49-19	129030
49-19	014870
49-19	249530
49-19	006970
49-20	010040
49-20	284010
49-20	009220
49-20	274040
49-20	011360
49-20	013450
49-20	015240
49-20	063840
49-20	010320
49-20	238990
49-21	126530
49-21	012950
49-21	013870
49-21	008790
49-21	009180
49-21	010210
49-21	014590
49-21	008590
49-21	012180
49-21	008740
49-22	181060
49-22	211620
49-22	01004930
49-22	013050
49-22	014070
49-22	012780
49-22	271010
49-22	010950
49-22	014080
49-22	126470
49-23	01006460
49-23	192890
49-23	011620
49-23	012830
49-23	01096710
49-23	015060
49-23	013810
49-23	012940
49-23	359880
49-23	287450
49-24	01005280
49-24	012950
49-24	012780
49-24	123710
49-24	014390
49-24	01051670
49-24	009790
49-24	122770
49-24	122290
49-24	124360
49-25	032240
49-25	085690
49-25	108520
49-25	015450
49-25	108570
49-25	085700
49-25	020600
49-25	003150
49-25	01006520
49-25	001150
49-26	085690
49-26	003150
49-26	01006520
49-26	015460
49-26	020580
49-26	032240
49-26	020600
49-26	015450
49-26	108520
49-26	240410
49-27	01006670
49-27	016130
49-27	254070
49-27	015890
49-27	015630
49-27	01006560
49-27	350250
49-27	015920
49-27	015900
49-27	029840
49-28	015860
49-28	01009310
49-28	01006710
49-28	020860
49-28	108980
49-28	01076680
49-28	336910
49-28	015710
49-28	154360
49-28	020820
49-29	015920
49-29	01006930
49-29	015980
49-29	350250
49-29	341570
49-29	015990
49-29	01006770
49-29	01006670
49-29	015760
49-29	350290
49-30	016320
49-30	523150
49-30	289020
49-30	190010
49-30	289090
49-30	064500
49-30	01079020
49-30	354380
49-30	362040
49-30	01079220
49-31	289090
49-31	01097830
49-31	064500
49-31	01012490
49-31	396260
49-31	190010
49-31	132120
49-31	000700
49-31	087290
49-31	000870
49-32	016770
49-32	007530
49-32	324060
49-32	479010
49-32	478670
49-32	000650
49-32	549500
49-32	492940
49-32	478690
49-32	040680
49-33	016780
49-33	008510
49-33	01004810
49-33	009700
49-33	010850
49-33	008490
49-33	01005010
49-33	012630
49-33	451950
49-33	453610
49-34	000090
49-34	000340
49-34	342790
49-34	353540
49-34	343390
49-34	117520
49-34	01076220
49-34	040700
49-34	037780
49-34	347540
49-35	290660
49-35	415950
49-35	046170
49-35	130690
49-35	316290
49-35	046210
49-35	316530
49-35	363340
49-35	345540
49-35	365570
49-36	017760
49-36	017770
49-36	037510
49-36	017780
49-36	017820
49-36	037530
49-36	154320
49-36	021250
49-36	01000010
49-36	315150
49-37	017800
49-37	017870
49-37	017910
49-37	315150
49-37	154740
49-37	360540
49-37	395010
49-37	017990
49-37	470640
49-37	017770
49-38	017860
49-38	038070
49-38	017850
49-38	053650
49-38	189560
49-38	017930
49-38	161120
49-38	161180
49-38	000990
49-38	033030
49-39	017940
49-39	326350
49-39	017840
49-39	326340
49-39	099470
49-39	021330
49-39	031380
49-39	090190
49-39	01007270
49-39	054210
49-40	043690
49-40	360540
49-40	395010
49-40	017800
49-40	018100
49-40	054270
49-40	469940
49-40	468480
49-40	468150
49-40	468430
49-41	516940
49-41	081360
49-41	326260
49-41	01060350
49-41	082190
49-41	243780
49-41	513270
49-41	243550
49-41	081540
49-41	082310
49-42	018350
49-42	018340
49-42	018330
49-42	018290
49-42	482460
49-42	542260
49-42	349500
49-42	243540
49-42	353320
49-42	359010
49-43	01008210
49-43	018490
49-43	353040
49-43	087690
49-43	058080
49-43	003940
49-43	386500
49-43	018410
49-43	156670
49-43	186920
49-44	018640
49-44	000100
49-44	001280
49-44	031420
49-44	344090
49-44	035460
49-44	086700
49-44	016660
49-44	067190
49-44	01002490
49-45	01006930
49-45	081840
49-45	317530
49-45	350250
49-45	015910
49-45	01008400
49-45	01022400
49-45	003660
49-45	015760
49-45	01021970
49-46	018960
49-46	033610
49-46	483090
49-46	081900
49-46	018830
49-46	323970
49-46	268860
49-46	003250
49-46	033520
49-46	099140
49-47	018910
49-47	112170
49-47	301100
49-47	018730
49-47	346370
49-47	004290
49-47	164710
49-47	112150
49-47	212630
49-47	018900
49-48	019120
49-48	019100
49-48	083190
49-48	292690
49-48	01079450
49-48	362400
49-48	352870
49-48	349570
49-48	415840
49-48	352810
49-49	353070
49-49	352380
49-49	349570
49-49	352260
49-49	01079250
49-49	349920
49-49	061510
49-49	357870
49-49	352760
49-49	367140
49-50	527370
49-50	146590
49-50	000100
49-50	342170
49-50	317600
49-50	000070
49-50	001600
49-50	032250
49-50	035740
49-50	342100
49-51	195610
49-51	194040
49-51	019320
49-51	116900
49-51	194160
49-51	058380
49-51	234550
49-51	234090
49-51	01008650
49-51	212510
49-52	019290
49-52	005140
49-52	194350
49-52	317780
49-52	098770
49-52	033600
49-52	056490
49-52	000040
49-52	033540
49-52	135260
49-53	004990
49-53	019400
49-53	019310
49-53	194470
49-53	438130
49-53	194180
49-53	288110
49-53	005060
49-53	213630
49-53	133840
49-54	019280
49-54	194400
49-54	193330
49-54	234240
49-54	194770
49-54	000200
49-54	005330
49-54	090240
49-54	195740
49-54	211040
49-55	057570
49-55	003220
49-55	259760
49-55	197690
49-55	195020
49-55	01003200
49-55	019370
49-55	118100
49-55	440110
49-55	008110
49-56	204670
49-56	006090
49-56	181670
49-56	258450
49-56	002690
49-56	061770
49-56	195720
49-56	244220
49-56	336060
49-56	233940
49-57	401830
49-57	040050
49-57	198690
49-57	327910
49-57	019770
49-57	260700
49-57	085890
49-57	214170
49-57	377780
49-57	040140
49-58	137800
49-58	01058550
49-58	225580
49-58	440980
49-58	059130
49-58	301340
49-58	060650
49-58	235030
49-58	058620
49-58	059910
49-59	205990
49-59	441970
49-59	442460
49-59	160480
49-59	316120
49-59	238520
49-59	440850
49-59	01090140
49-59	399960
49-59	01088990
49-60	001110
49-60	020610
49-60	020600
49-60	233660
49-60	002100
49-60	032850
49-60	085690
49-60	000160
49-60	004380
49-60	108430
49-61	032700
49-61	372340
49-61	372070
49-61	372290
49-61	372120
49-61	371680
49-61	132430
49-61	371620
49-61	01082800
49-61	032670
49-62	020700
49-62	033600
49-62	032030
49-62	099500
49-62	300140
49-62	212500
49-62	171400
49-62	547000
49-62	201560
49-62	122490
49-63	035550
49-63	020860
49-63	132670
49-63	002230
49-63	114810
49-63	114180
49-63	01009240
49-63	110850
49-63	117310
49-63	015930
49-64	054450
49-64	055240
49-64	054150
49-64	021060
49-64	054250
49-64	055010
49-64	054860
49-64	054910
49-64	055450
49-64	054510
49-65	021250
49-65	037510
49-65	053470
49-65	154320
49-65	054260
49-65	336710
49-65	017760
49-65	001960
49-65	01015800
49-65	017770
49-66	021640
49-66	530380
49-66	494140
49-66	275710
49-66	021590
49-66	493220
49-66	307390
49-66	378390
49-66	532910
49-66	493800
49-67	021790
49-67	000110
49-67	021780
49-67	021800
49-67	437710
49-67	000360
49-67	098760
49-67	021750
49-67	116590
49-67	040700
49-68	233750
49-68	343820
49-68	021990
49-68	161270
49-68	021950
49-68	212540
49-68	352050
49-68	098010
49-68	01009880
49-68	055870
49-69	022300
49-69	023360
49-69	022350
49-69	01009680
49-69	022200
49-69	022590
49-69	022310
49-69	022410
49-69	022150
49-69	022390
49-70	022120
49-70	022140
49-70	224370
49-70	025450
49-70	456950
49-70	026080
49-70	024070
49-70	025120
49-70	022640
49-70	022390
49-71	024560
49-71	022300
49-71	01010550
49-71	01010500
49-71	027190
49-71	027630
49-71	023090
49-71	022350
49-71	022590
49-71	021960
49-72	451430
49-72	244680
49-72	326750
49-72	424230
49-72	275710
49-72	374200
49-72	275890
49-72	022330
49-72	099850
49-72	279240
49-73	022880
49-73	01010600
49-73	01009930
49-73	055860
49-73	022920
49-73	361860
49-73	022350
49-73	023020
49-73	022300
49-73	022230
49-74	01009930
49-74	022920
49-74	023830
49-74	023570
49-74	023360
49-74	022200
49-74	347310
49-74	024080
49-74	01009850
49-74	01009720
49-75	347450
49-75	348520
49-75	352050
49-75	233750
49-75	455760
49-75	342920
49-75	351780
49-75	162590
49-75	132830
49-75	161270
49-76	323970
49-76	146830
49-76	023730
49-76	323830
49-76	161260
49-76	138170
49-76	009820
49-76	034190
49-76	023530
49-76	01009820
49-77	023420
49-77	01009930
49-77	027260
49-77	023360
49-77	01009870
49-77	022510
49-77	224370
49-77	01010260
49-77	023430
49-77	023820
49-78	023600
49-78	027440
49-78	016250
49-78	084440
49-78	016230
49-78	01087400
49-78	437710
49-78	016180
49-78	027320
49-78	016220
49-79	01009930
49-79	023610
49-79	01009790
49-79	022350
49-79	01009950
49-79	022960
49-79	543490
49-79	01009850
49-79	022300
49-79	01009680
49-80	01009930
49-80	023570
49-80	022240
49-80	022920
49-80	024080
49-80	402450
49-80	022270
49-80	01009850
49-80	023900
49-80	01009720
49-81	023870
49-81	01010920
49-81	024900
49-81	01010820
49-81	543490
49-81	022800
49-81	023790
49-81	01009760
49-81	01009710
49-81	023970
49-82	354560
49-82	216900
49-82	532640
49-82	353420
49-82	023620
49-82	157250
49-82	363340
49-82	347890
49-82	294810
49-82	082160
49-83	022350
49-83	023460
49-83	01009950
49-83	01009930
49-83	01010850
49-83	023360
49-83	023030
49-83	022160
49-83	022520
49-83	022510
49-84	023360
49-84	01009930
49-84	022350
49-84	023610
49-84	027630
49-84	022580
49-84	01009790
49-84	023420
49-84	027770
49-84	022650
49-85	01009930
49-85	024640
49-85	023420
49-85	356870
49-85	024310
49-85	363960
49-85	359400
49-85	022330
49-85	022360
49-85	191480
49-86	224370
49-86	025250
49-86	543490
49-86	023970
49-86	023610
49-86	023440
49-86	519010
49-86	023830
49-86	034470
49-86	024360
49-87	025250
49-87	025840
49-87	113260
49-87	375580
49-87	025150
49-87	025360
49-87	026030
49-87	025440
49-87	026520
49-87	01010280
49-88	025930
49-88	01010270
49-88	023650
49-88	024280
49-88	023290
49-88	01010190
49-88	024070
49-88	023030
49-88	024950
49-88	022310
49-89	410790
49-89	085830
49-89	024670
49-89	456020
49-89	024650
49-89	022350
49-89	024560
49-89	022920
49-89	025480
49-89	248610
49-90	112020
49-90	002860
49-90	088860
49-90	451400
49-90	338250
49-90	411710
49-90	088890
49-90	000510
49-90	085830
49-90	113550
49-91	024670
49-91	022350
49-91	01009930
49-91	070610
49-91	01100250
49-91	410790
49-91	024650
49-91	025930
49-91	023020
49-91	024660
49-92	025880
49-92	026380
49-92	024460
49-92	102990
49-92	314970
49-92	037310
49-92	01011160
49-92	109810
49-92	351530
49-92	01011120
49-93	026090
49-93	024290
49-93	023900
49-93	192830
49-93	031690
49-93	213950
49-93	342770
49-93	248780
49-93	285020
49-93	022190
49-94	437090
49-94	437220
49-94	354980
49-94	151840
49-94	357580
49-94	437310
49-94	390590
49-94	265770
49-94	457930
49-94	436020
50-1	038070
50-1	222590
50-1	511840
50-1	254610
50-1	452100
50-1	194610
50-1	242860
50-1	199780
50-1	252100
50-1	005500
50-2	026910
50-2	397830
50-2	027910
50-2	027270
50-2	01010870
50-2	01010980
50-2	01010840
50-2	01010590
50-2	027080
50-2	01010440
50-3	026920
50-3	026770
50-3	01010980
50-3	031960
50-3	027050
50-3	240450
50-3	410790
50-3	027910
50-3	481180
50-3	01047990
50-4	027080
50-4	314500
50-4	109450
50-4	01010980
50-4	067700
50-4	01010550
50-4	026780
50-4	320430
50-4	225410
50-4	026920
50-5	068060
50-5	154400
50-5	055780
50-5	260710
50-5	225070
50-5	01010560
50-5	01066850
50-5	337100
50-5	161090
50-5	411640
50-6	027080
50-6	027120
50-6	027070
50-6	027260
50-6	01010980
50-6	027250
50-6	01010440
50-6	027780
50-6	004590
50-6	01010940
50-7	027540
50-7	027250
50-7	244060
50-7	01010760
50-7	027360
50-7	326080
50-7	016110
50-7	027630
50-7	027510
50-7	182950
50-8	027860
50-8	027790
50-8	324390
50-8	156710
50-8	01011070
50-8	157010
50-8	026920
50-8	244400
50-8	161740
50-8	335950
50-9	027980
50-9	356530
50-9	315820
50-9	216390
50-9	027700
50-9	346560
50-9	342710
50-9	01013780
50-9	267550
50-9	343110
50-10	028170
50-10	027270
50-10	028360
50-10	01010840
50-10	016110
50-10	027910
50-10	01010980
50-10	01011280
50-10	01011380
50-10	027250
50-11	543510
50-11	027360
50-11	027630
50-11	01011380
50-11	543490
50-11	027250
50-11	543590
50-11	238730
50-11	028470
50-11	027080
50-12	498580
50-12	498700
50-12	498930
50-12	499120
50-12	502630
50-12	327850
50-12	503100
50-12	500510
50-12	498980
50-12	498990
50-13	017790
50-13	084810
50-13	437680
50-13	01011300
50-13	038500
50-13	027620
50-13	373470
50-13	438520
50-13	098790
50-13	423450
50-14	027250
50-14	027770
50-14	016110
50-14	01011380
50-14	028200
50-14	01011130
50-14	027900
50-14	183640
50-14	01010840
50-14	321170
50-15	01011330
50-15	028660
50-15	049540
50-15	161120
50-15	275780
50-15	084400
50-15	428600
50-15	506640
50-15	034530
50-15	01011320
50-16	027780
50-16	01011380
50-16	01010980
50-16	027050
50-16	028410
50-16	397830
50-16	184180
50-16	027070
50-16	027120
50-16	543510
50-17	028950
50-17	400010
50-17	028960
50-17	028980
50-17	028970
50-17	002710
50-17	01000010
50-17	029050
50-17	01004950
50-17	342490
50-18	029030
50-18	026880
50-18	400010
50-18	026750
50-18	067830
50-18	015590
50-18	456000
50-18	004830
50-18	037610
50-18	456200
50-19	029220
50-19	400010
50-19	029560
50-19	029060
50-19	029070
50-19	029510
50-19	347310
50-19	122710
50-19	243710
50-19	345770
50-20	143150
50-20	172940
50-20	029070
50-20	033670
50-20	382370
50-20	175120
50-20	171180
50-20	248070
50-20	247080
50-20	029120
50-21	327110
50-21	326550
50-21	328200
50-21	018210
50-21	416550
50-21	261600
50-21	017270
50-21	018720
50-21	479000
50-21	348920
50-22	036900
50-22	498140
50-22	045320
50-22	082190
50-22	349810
50-22	245320
50-22	399890
50-22	375240
50-22	192820
50-22	416040
50-23	029530
50-23	291740
50-23	01077860
50-23	344900
50-23	342660
50-23	01096460
50-23	292760
50-23	01076680
50-23	348560
50-23	349140
50-24	163110
50-24	166130
50-24	163270
50-24	165550
50-24	055720
50-24	435310
50-24	017790
50-24	136240
50-24	116320
50-24	190080
50-25	030110
50-25	030210
50-25	037510
50-25	154320
50-25	030160
50-25	030470
50-25	030130
50-25	033510
50-25	030510
50-25	037760
50-26	030340
50-26	105660
50-26	030580
50-26	031030
50-26	034180
50-26	030190
50-26	030260
50-26	330530
50-26	034170
50-26	033850
50-27	030920
50-27	030580
50-27	471690
50-27	030190
50-27	030770
50-27	030690
50-27	030340
50-27	030160
50-27	054090
50-27	030370
50-28	030440
50-28	106620
50-28	106180
50-28	274770
50-28	233650
50-28	390730
50-28	079490
50-28	107010
50-28	079250
50-28	273220
50-29	030770
50-29	034640
50-29	030560
50-29	031040
50-29	030580
50-29	030690
50-29	030160
50-29	030370
50-29	030360
50-29	030350
50-30	033510
50-30	030130
50-30	000040
50-30	033980
50-30	030110
50-30	033820
50-30	344070
50-30	033850
50-30	128610
50-30	033600
50-31	030850
50-31	030810
50-31	031010
50-31	031160
50-31	046270
50-31	053580
50-31	054090
50-31	357930
50-31	088270
50-31	030420
50-32	031300
50-32	066990
50-32	100490
50-32	344530
50-32	347370
50-32	343950
50-32	342770
50-32	003930
50-32	348690
50-32	01001750
50-33	031290
50-33	031680
50-33	247730
50-33	002770
50-33	000530
50-33	056730
50-33	031610
50-33	117850
50-33	01031380
50-33	031960
50-34	031290
50-34	031680
50-34	117850
50-34	000530
50-34	117860
50-34	005960
50-34	01031380
50-34	056730
50-34	164910
50-34	247730
50-35	293360
50-35	031540
50-35	031370
50-35	289490
50-35	031550
50-35	290890
50-35	352690
50-35	347840
50-35	455780
50-35	279170
50-36	031580
50-36	01012600
50-36	451500
50-36	233630
50-36	416140
50-36	451590
50-36	472610
50-36	098650
50-36	099170
50-36	053880
50-37	080070
50-37	347530
50-37	032160
50-37	020140
50-37	348740
50-37	061530
50-37	067420
50-37	283560
50-37	346260
50-37	283410
50-38	000150
50-38	000080
50-38	000020
50-38	150890
50-38	163180
50-38	103670
50-38	099620
50-38	032260
50-38	080350
50-38	000250
50-39	152670
50-39	242720
50-39	032840
50-39	031360
50-39	242710
50-39	032860
50-39	017200
50-39	511080
50-39	031550
50-39	017240
50-40	105160
50-40	259190
50-40	099140
50-40	032950
50-40	151780
50-40	105380
50-40	01000910
50-40	038220
50-40	346210
50-40	116630
50-41	065930
50-41	033050
50-41	446500
50-41	116400
50-41	01012440
50-41	021950
50-41	116410
50-41	227740
50-41	261540
50-41	446600
50-42	033300
50-42	033200
50-42	448890
50-42	447760
50-42	447620
50-42	259330
50-42	01090870
50-42	447180
50-42	449490
50-42	448750
50-43	01007650
50-43	099280
50-43	033120
50-43	260710
50-43	023170
50-43	01007370
50-43	099270
50-43	068060
50-43	420890
50-43	420530
50-44	033510
50-44	033650
50-44	086700
50-44	222540
50-44	033590
50-44	030110
50-44	086710
50-44	033980
50-44	033690
50-44	033940
50-45	099050
50-45	099040
50-45	099060
50-45	087290
50-45	099030
50-45	551150
50-45	216480
50-45	329750
50-45	01063490
50-45	030400
50-46	034470
50-46	327910
50-46	332050
50-46	505720
50-46	328480
50-46	054800
50-46	331020
50-46	331310
50-46	505660
50-46	327750
50-47	335600
50-47	063790
50-47	061530
50-47	079490
50-47	259440
50-47	087290
50-47	061220
50-47	01028240
50-47	01014960
50-47	249980
50-48	034630
50-48	183560
50-48	362280
50-48	433370
50-48	034590
50-48	034600
50-48	042530
50-48	089340
50-48	034960
50-48	330400
50-49	034970
50-49	324470
50-49	330610
50-49	154980
50-49	333320
50-49	324610
50-49	328020
50-49	107280
50-49	328390
50-49	054510
50-50	275650
50-50	276480
50-50	024620
50-50	107310
50-50	275250
50-50	425930
50-50	276560
50-50	276200
50-50	035050
50-50	109690
50-51	001980
50-51	035560
50-51	016910
50-51	035360
50-51	256830
50-51	256880
50-51	000090
50-51	003200
50-51	003080
50-51	067350
50-52	348680
50-52	035880
50-52	112990
50-52	354950
50-52	348580
50-52	350050
50-52	003130
50-52	068050
50-52	230690
50-52	248470
50-53	258640
50-53	084580
50-53	029930
50-53	084510
50-53	01062480
50-53	154840
50-53	358020
50-53	065530
50-53	326800
50-53	01014960
50-54	477550
50-54	477950
50-54	220480
50-54	157250
50-54	066550
50-54	037430
50-54	478150
50-54	261590
50-54	221530
50-54	352940
50-55	154540
50-55	036520
50-55	016760
50-55	221850
50-55	032560
50-55	01057470
50-55	094080
50-55	336820
50-55	336780
50-55	036360
50-56	157260
50-56	157280
50-56	044160
50-56	349960
50-56	157310
50-56	350300
50-56	185040
50-56	040000
50-56	348280
50-56	259230
50-57	458960
50-57	064810
50-57	456790
50-57	032160
50-57	084570
50-57	056430
50-57	459360
50-57	218840
50-57	411650
50-57	106740
50-58	037680
50-58	031550
50-58	055740
50-58	242720
50-58	038000
50-58	224340
50-58	000160
50-58	242710
50-58	041320
50-58	037850
50-59	022080
50-59	026740
50-59	021940
50-59	162490
50-59	037960
50-59	042110
50-59	038370
50-59	037680
50-59	055630
50-59	022060
50-60	258770
50-60	156530
50-60	040670
50-60	039150
50-60	039530
50-60	016970
50-60	038290
50-60	471320
50-60	471460
50-60	039940
50-61	037890
50-61	212930
50-61	155390
50-61	01014160
50-61	038490
50-61	155350
50-61	001260
50-61	259000
50-61	162420
50-61	078910
50-62	038000
50-62	037990
50-62	154580
50-62	038100
50-62	154680
50-62	258740
50-62	037680
50-62	039400
50-62	258890
50-62	260300
50-63	039070
50-63	154950
50-63	243070
50-63	037990
50-63	260300
50-63	155960
50-63	042770
50-63	194180
50-63	038340
50-63	154920
50-64	039150
50-64	039130
50-64	040670
50-64	336000
50-64	259070
50-64	090860
50-64	038160
50-64	038740
50-64	039530
50-64	001130
50-65	259120
50-65	041740
50-65	040470
50-65	038790
50-65	259100
50-65	159120
50-65	194240
50-65	044700
50-65	038650
50-65	326840
50-66	259560
50-66	471500
50-66	227710
50-66	133760
50-66	038800
50-66	259790
50-66	040710
50-66	039640
50-66	038650
50-66	401060
50-67	038520
50-67	041580
50-67	043490
50-67	039500
50-67	040130
50-67	043950
50-67	043610
50-67	044210
50-67	039060
50-67	041710
50-68	040670
50-68	041740
50-68	039460
50-68	038290
50-68	038650
50-68	038160
50-68	258710
50-68	090870
50-68	041010
50-68	039150
50-69	038980
50-69	042270
50-69	041650
50-69	155590
50-69	156440
50-69	01049630
50-69	156210
50-69	040200
50-69	224850
50-69	005400
50-70	038740
50-70	155220
50-70	038500
50-70	038160
50-70	040360
50-70	040120
50-70	155400
50-70	038620
50-70	038370
50-70	039510
50-71	288260
50-71	112330
50-71	346780
50-71	01009640
50-71	146660
50-71	044670
50-71	347750
50-71	289230
50-71	291440
50-71	347890
50-72	300490
50-72	259120
50-72	038790
50-72	259930
50-72	037660
50-72	040160
50-72	038800
50-72	039800
50-72	039820
50-72	158220
50-73	040300
50-73	195630
50-73	235590
50-73	247340
50-73	118220
50-73	260280
50-73	057070
50-73	155920
50-73	01058000
50-73	234240
50-74	039950
50-74	471830
50-74	267690
50-74	234480
50-74	056970
50-74	224910
50-74	134130
50-74	090380
50-74	472330
50-74	121560
50-75	256950
50-75	017320
50-75	451410
50-75	01007700
50-75	453300
50-75	428990
50-75	316050
50-75	175110
50-75	214870
50-75	257140
50-76	01038300
50-76	039640
50-76	155570
50-76	156380
50-76	155630
50-76	471680
50-76	090920
50-76	01039500
50-76	039420
50-76	260060
50-77	039860
50-77	043280
50-77	040540
50-77	041100
50-77	194610
50-77	043410
50-77	041730
50-77	043420
50-77	039610
50-77	005690
50-78	039970
50-78	019450
50-78	194930
50-78	040060
50-78	045200
50-78	447300
50-78	236490
50-78	006400
50-78	225030
50-78	059870
50-79	039890
50-79	260020
50-79	003230
50-79	396490
50-79	037740
50-79	156000
50-79	159160
50-79	038630
50-79	084330
50-79	342040
50-80	039810
50-80	01014080
50-80	018650
50-80	035550
50-80	088210
50-80	242440
50-80	085690
50-80	284490
50-80	232240
50-80	015460
50-81	042270
50-81	040060
50-81	040160
50-81	135700
50-81	447300
50-81	01004920
50-81	019400
50-81	345720
50-81	116910
50-81	139940
50-82	038620
50-82	040120
50-82	471770
50-82	044870
50-82	155550
50-82	039950
50-82	158220
50-82	039580
50-82	113750
50-82	090300
50-83	049260
50-83	048630
50-83	039960
50-83	038810
50-83	043520
50-83	155220
50-83	159630
50-83	050320
50-83	047590
50-83	049630
50-84	040160
50-84	155640
50-84	042270
50-84	116910
50-84	038750
50-84	056150
50-84	039740
50-84	132860
50-84	038610
50-84	044760
50-85	041200
50-85	039330
50-85	049270
50-85	040200
50-85	049540
50-85	039950
50-85	045230
50-85	044830
50-85	040100
50-85	042080
50-86	057340
50-86	052140
50-86	040200
50-86	022360
50-86	041940
50-86	133610
50-86	164380
50-86	050350
50-86	047650
50-86	160540
50-87	155960
50-87	040520
50-87	002060
50-87	279340
50-87	040160
50-87	038000
50-87	037990
50-87	041080
50-87	244480
50-87	037770
50-88	040700
50-88	315290
50-88	041750
50-88	478810
50-88	353540
50-88	041910
50-88	067690
50-88	289340
50-88	293750
50-88	096120
50-89	130590
50-89	216630
50-89	130470
50-89	131440
50-89	01020220
50-89	071540
50-89	130840
50-89	185510
50-89	416290
50-89	131010
50-90	038000
50-90	091070
50-90	040750
50-90	039950
50-90	156410
50-90	041540
50-90	057720
50-90	160400
50-90	040160
50-90	260300
50-91	040840
50-91	154910
50-91	058030
50-91	133570
50-91	039940
50-91	156380
50-91	165790
50-91	213880
50-91	194100
50-91	212940
50-92	039940
50-92	043160
50-92	156530
50-92	043290
50-92	472120
50-92	031490
50-92	044710
50-92	031540
50-92	038290
50-92	040600
50-93	156850
50-93	260590
50-93	041350
50-93	090970
50-93	041540
50-93	158460
50-93	155660
50-93	057730
50-93	041890
50-93	042460
50-94	257400
50-94	259780
50-94	067590
50-94	328250
50-94	284620
50-94	258570
50-94	081170
50-94	221500
50-94	01015500
50-94	057490
51-1	155180
51-1	131880
51-1	033070
51-1	060190
51-1	532430
51-1	359060
51-1	155000
51-1	016160
51-1	000990
51-1	045640
51-2	041240
51-2	155590
51-2	156640
51-2	046530
51-2	045170
51-2	043890
51-2	156210
51-2	047520
51-2	049780
51-2	049020
51-3	042230
51-3	158480
51-3	040740
51-3	039090
51-3	01014710
51-3	039070
51-3	045060
51-3	040070
51-3	042130
51-3	042740
51-4	039090
51-4	041190
51-4	042660
51-4	038530
51-4	038260
51-4	039910
51-4	254390
51-4	157520
51-4	244480
51-4	258910
51-5	041140
51-5	157770
51-5	156540
51-5	027790
51-5	041770
51-5	258850
51-5	515980
51-5	155740
51-5	467810
51-5	01011070
51-6	041710
51-6	043380
51-6	041380
51-6	046870
51-6	166810
51-6	041890
51-6	164910
51-6	038520
51-6	280510
51-6	245460
51-7	041930
51-7	079360
51-7	112050
51-7	338860
51-7	094140
51-7	163890
51-7	068830
51-7	243880
51-7	245630
51-7	245670
51-8	041940
51-8	042550
51-8	057680
51-8	044590
51-8	319770
51-8	057240
51-8	039060
51-8	050300
51-8	052140
51-8	039460
51-9	157000
51-9	042560
51-9	157920
51-9	046730
51-9	090080
51-9	043550
51-9	048390
51-9	156330
51-9	01057860
51-9	052670
51-10	042900
51-10	041890
51-10	044170
51-10	156340
51-10	041100
51-10	235420
51-10	225340
51-10	157070
51-10	041820
51-10	261210
51-11	042310
51-11	043010
51-11	050730
51-11	046160
51-11	156840
51-11	215120
51-11	158340
51-11	046730
51-11	235010
51-11	198380
51-12	042100
51-12	197890
51-12	157180
51-12	044320
51-12	031780
51-12	159280
51-12	044370
51-12	158720
51-12	108870
51-12	008060
51-13	215670
51-13	230220
51-13	067400
51-13	395120
51-13	131230
51-13	110470
51-13	108700
51-13	395130
51-13	316490
51-13	280460
51-14	044790
51-14	042270
51-14	178590
51-14	042420
51-14	116910
51-14	046530
51-14	158660
51-14	138690
51-14	061750
51-14	197880
51-15	146570
51-15	039500
51-15	048430
51-15	046870
51-15	041870
51-15	031420
51-15	234120
51-15	158300
51-15	044760
51-15	131990
51-16	044410
51-16	047590
51-16	160070
51-16	048650
51-16	049730
51-16	01014670
51-16	047150
51-16	261700
51-16	159990
51-16	039740
51-17	043450
51-17	262060
51-17	038810
51-17	043520
51-17	041830
51-17	040540
51-17	047500
51-17	046260
51-17	089500
51-17	051440
51-18	039150
51-18	039480
51-18	040670
51-18	039530
51-18	039460
51-18	038430
51-18	090070
51-18	471460
51-18	038650
51-18	261140
51-19	048130
51-19	01014710
51-19	043650
51-19	247690
51-19	051730
51-19	042890
51-19	045880
51-19	044730
51-19	047970
51-19	039640
51-20	156720
51-20	291930
51-20	043180
51-20	081580
51-20	291830
51-20	158050
51-20	158120
51-20	158580
51-20	354280
51-20	268990
51-21	049290
51-21	049730
51-21	048630
51-21	039290
51-21	048430
51-21	050900
51-21	052850
51-21	159140
51-21	043890
51-21	040720
51-22	043570
51-22	261930
51-22	330730
51-22	042770
51-22	01039750
51-22	255080
51-22	333490
51-22	157360
51-22	161800
51-22	225560
51-23	043790
51-23	155800
51-23	044460
51-23	328860
51-23	156380
51-23	044870
51-23	157450
51-23	331600
51-23	158430
51-23	330190
51-24	038520
51-24	254060
51-24	038810
51-24	041100
51-24	038690
51-24	046760
51-24	157610
51-24	048390
51-24	039860
51-24	260660
51-25	046120
51-25	254790
51-25	046050
51-25	038000
51-25	038050
51-25	049660
51-25	330390
51-25	044140
51-25	043720
51-25	038830
51-26	043010
51-26	01014680
51-26	046160
51-26	043250
51-26	009000
51-26	044760
51-26	039740
51-26	050730
51-26	158340
51-26	039000
51-27	044590
51-27	042550
51-27	195400
51-27	039460
51-27	039480
51-27	039530
51-27	134950
51-27	003850
51-27	038430
51-27	037980
51-28	046200
51-28	059910
51-28	059130
51-28	122520
51-28	044930
51-28	050180
51-28	047520
51-28	052360
51-28	122510
51-28	281670
51-29	158460
51-29	331180
51-29	044730
51-29	046700
51-29	048530
51-29	047490
51-29	049010
51-29	041380
51-29	418460
51-29	049640
51-30	042890
51-30	043430
51-30	042900
51-30	040910
51-30	418460
51-30	262920
51-30	196320
51-30	158460
51-30	045230
51-30	047910
51-31	044920
51-31	091910
51-31	045980
51-31	101190
51-31	264110
51-31	048870
51-31	200190
51-31	048770
51-31	101920
51-31	131060
51-32	050500
51-32	262720
51-32	045380
51-32	200720
51-32	255020
51-32	047640
51-32	047950
51-32	482510
51-32	048630
51-32	331310
51-33	044630
51-33	258950
51-33	326700
51-33	348080
51-33	156010
51-33	347620
51-33	100410
51-33	430600
51-33	348910
51-33	081860
51-34	047710
51-34	044690
51-34	201560
51-34	263260
51-34	044590
51-34	041940
51-34	171400
51-34	122490
51-34	044210
51-34	216060
51-35	045210
51-35	155800
51-35	060060
51-35	331190
51-35	262400
51-35	157090
51-35	230550
51-35	044000
51-35	334510
51-35	453050
51-36	042070
51-36	050380
51-36	049780
51-36	042030
51-36	048370
51-36	044600
51-36	048520
51-36	045460
51-36	045040
51-36	043880
51-37	156160
51-37	345420
51-37	029930
51-37	035850
51-37	046240
51-37	082120
51-37	349010
51-37	347300
51-37	01047990
51-37	346900
51-38	157000
51-38	044640
51-38	01057860
51-38	043550
51-38	155860
51-38	259650
51-38	042560
51-38	167390
51-38	042130
51-38	042230
51-39	158360
51-39	044790
51-39	073770
51-39	329520
51-39	042870
51-39	302070
51-39	01029680
51-39	041680
51-39	309140
51-39	261090
51-40	158240
51-40	041270
51-40	328560
51-40	042760
51-40	046120
51-40	326000
51-40	044990
51-40	041150
51-40	027690
51-40	159250
51-41	022360
51-41	159170
51-41	043460
51-41	044850
51-41	048800
51-41	022920
51-41	022270
51-41	022330
51-41	022350
51-41	022200
51-42	046510
51-42	159800
51-42	159660
51-42	158060
51-42	01040270
51-42	158300
51-42	157540
51-42	265190
51-42	160350
51-42	049690
51-43	528560
51-43	264210
51-43	531440
51-43	528510
51-43	331590
51-43	044830
51-43	529190
51-43	528210
51-43	529540
51-43	530070
51-44	502280
51-44	046570
51-44	043570
51-44	225970
51-44	223770
51-44	047690
51-44	046150
51-44	318830
51-44	047380
51-44	223070
51-45	158670
51-45	272410
51-45	263830
51-45	038690
51-45	047080
51-45	518310
51-45	046800
51-45	263500
51-45	157180
51-45	330160
51-46	049310
51-46	048660
51-46	045200
51-46	044830
51-46	249980
51-46	049010
51-46	044870
51-46	047000
51-46	011710
51-46	046020
51-47	046960
51-47	263760
51-47	049010
51-47	098800
51-47	049680
51-47	502170
51-47	157000
51-47	323320
51-47	157580
51-47	041160
51-48	047480
51-48	261090
51-48	045150
51-48	038700
51-48	047660
51-48	045720
51-48	075030
51-48	332460
51-48	040810
51-48	048380
51-49	01020610
51-49	01051670
51-49	044830
51-49	272430
51-49	043850
51-49	079490
51-49	048810
51-49	048190
51-49	048170
51-49	052900
51-50	076290
51-50	332650
51-50	048150
51-50	431630
51-50	142160
51-50	407820
51-50	407350
51-50	141720
51-50	040200
51-50	474330
51-51	051790
51-51	051660
51-51	159600
51-51	038520
51-51	141660
51-51	046870
51-51	046040
51-51	050180
51-51	047710
51-51	159120
51-52	048190
51-52	051490
51-52	047740
51-52	049310
51-52	159810
51-52	050480
51-52	482510
51-52	009640
51-52	050590
51-52	030450
51-53	047720
51-53	049240
51-53	160060
51-53	091290
51-53	041560
51-53	050960
51-53	141670
51-53	090920
51-53	046980
51-53	048650
51-54	047710
51-54	048550
51-54	159630
51-54	160630
51-54	548410
51-54	052070
51-54	183350
51-54	044850
51-54	184320
51-54	044690
51-55	045370
51-55	244300
51-55	048380
51-55	038620
51-55	243410
51-55	044220
51-55	047830
51-55	110930
51-55	374130
51-55	046940
51-56	047500
51-56	043520
51-56	047650
51-56	239130
51-56	159210
51-56	047910
51-56	050350
51-56	038810
51-56	052320
51-56	047730
51-57	265190
51-57	049310
51-57	159660
51-57	047910
51-57	333350
51-57	157540
51-57	503410
51-57	01039750
51-57	482510
51-57	01039150
51-58	049350
51-58	337330
51-58	041750
51-58	041910
51-58	159860
51-58	095940
51-58	512620
51-58	291090
51-58	155170
51-58	337740
51-59	448390
51-59	044670
51-59	400910
51-59	068370
51-59	346750
51-59	288460
51-59	504590
51-59	112330
51-59	059330
51-59	315680
51-60	048820
51-60	050500
51-60	048390
51-60	160570
51-60	159210
51-60	362680
51-60	159120
51-60	048630
51-60	159260
51-60	062700
51-61	048860
51-61	025290
51-61	007390
51-61	109980
51-61	024310
51-61	020270
51-61	329740
51-61	044600
51-61	026230
51-61	022600
51-62	048800
51-62	043460
51-62	159170
51-62	044600
51-62	047440
51-62	049740
51-62	050300
51-62	244680
51-62	049260
51-62	048720
51-63	333550
51-63	047010
51-63	050330
51-63	046150
51-63	042220
51-63	042080
51-63	044680
51-63	070610
51-63	045200
51-63	047910
51-64	159280
51-64	160540
51-64	050210
51-64	051600
51-64	050780
51-64	049220
51-64	160010
51-64	264990
51-64	159780
51-64	046050
51-65	160360
51-65	176990
51-65	283590
51-65	282580
51-65	01059080
51-65	063740
51-65	158570
51-65	173920
51-65	159210
51-65	237220
51-66	01015370
51-66	048730
51-66	159550
51-66	042270
51-66	159540
51-66	041680
51-66	039970
51-66	261090
51-66	329520
51-66	047580
51-67	050220
51-67	048750
51-67	050330
51-67	040200
51-67	045440
51-67	046610
51-67	155800
51-67	049480
51-67	417550
51-67	045710
51-68	050200
51-68	077280
51-68	232720
51-68	429130
51-68	048240
51-68	393610
51-68	222900
51-68	045450
51-68	238440
51-68	043720
51-69	042900
51-69	048430
51-69	050740
51-69	045710
51-69	051060
51-69	045420
51-69	044340
51-69	041560
51-69	045550
51-69	048390
51-70	050940
51-70	115940
51-70	208510
51-70	049840
51-70	043120
51-70	265700
51-70	01031320
51-70	048820
51-70	239570
51-70	048600
51-71	047040
51-71	047520
51-71	044930
51-71	049010
51-71	184910
51-71	047980
51-71	044870
51-71	044610
51-71	265200
51-71	476010
51-72	045840
51-72	090510
51-72	049780
51-72	051910
51-72	246130
51-72	244480
51-72	052590
51-72	051610
51-72	051580
51-72	094610
51-73	049310
51-73	051400
51-73	049010
51-73	045200
51-73	441630
51-73	215980
51-73	048780
51-73	048140
51-73	059870
51-73	051570
51-74	049310
51-74	049010
51-74	441630
51-74	045200
51-74	051400
51-74	051570
51-74	048780
51-74	215980
51-74	043120
51-74	048140
51-75	01007830
51-75	158060
51-75	236030
51-75	047870
51-75	044430
51-75	384820
51-75	159550
51-75	047440
51-75	158480
51-75	062700
51-76	352260
51-76	469510
51-76	158940
51-76	106820
51-76	513670
51-76	01079250
51-76	353070
51-76	402910
51-76	025920
51-76	381320
51-77	048780
51-77	052480
51-77	045200
51-77	044720
51-77	047980
51-77	046940
51-77	049840
51-77	482510
51-77	049800
51-77	049310
51-78	052450
51-78	01036460
51-78	489060
51-78	489070
51-78	051430
51-78	488600
51-78	097170
51-78	052200
51-78	305770
51-78	155140
51-79	060300
51-79	455450
51-79	451370
51-79	01096840
51-79	01001810
51-79	01080200
51-79	364900
51-79	01096830
51-79	362890
51-79	347410
51-80	01040970
51-80	052580
51-80	049250
51-80	043460
51-80	046530
51-80	046980
51-80	155590
51-80	044750
51-80	047670
51-80	160830
51-81	052710
51-81	266370
51-81	052850
51-81	180960
51-81	160840
51-81	049250
51-81	046510
51-81	045000
51-81	146030
51-81	064300
51-82	052750
51-82	052140
51-82	049930
51-82	446470
51-82	157160
51-82	022360
51-82	047650
51-82	010210
51-82	023800
51-82	045910
51-83	047330
51-83	052070
51-83	157810
51-83	093070
51-83	048800
51-83	049740
51-83	047930
51-83	052830
51-83	097070
51-83	047710
51-84	052710
51-84	038520
51-84	052850
51-84	052840
51-84	049160
51-84	050740
51-84	047440
51-84	053100
51-84	049870
51-84	01047990
51-85	245920
51-85	244860
51-85	095000
51-85	245790
51-85	095500
51-85	096420
51-85	022790
51-85	089370
51-85	090300
51-85	01015680
51-86	383430
51-86	383390
51-86	248860
51-86	380560
51-86	251120
51-86	376980
51-86	381670
51-86	249980
51-86	250900
51-86	086830
51-87	053230
51-87	492470
51-87	053280
51-87	034050
51-87	050200
51-87	052300
51-87	106350
51-87	094270
51-87	033940
51-87	053290
51-88	037510
51-88	154320
51-88	336710
51-88	021250
51-88	017760
51-88	053470
51-88	017770
51-88	053450
51-88	017780
51-88	054060
51-89	243960
51-89	054060
51-89	037510
51-89	017800
51-89	034470
51-89	326580
51-89	326790
51-89	021540
51-89	054800
51-89	021580
51-90	054800
51-90	054060
51-90	037510
51-90	053880
51-90	030220
51-90	243960
51-90	018140
51-90	054700
51-90	030570
51-90	053470
51-91	054800
51-91	053470
51-91	030160
51-91	054510
51-91	037510
51-91	018140
51-91	470590
51-91	054310
51-91	01026690
51-91	335630
51-92	054310
51-92	054510
51-92	054740
51-92	054800
51-92	054060
51-92	017800
51-92	054970
51-92	243960
51-92	037760
51-92	470930
51-93	054660
51-93	054800
51-93	092770
51-93	467810
51-93	054830
51-93	030580
51-93	030510
51-93	055140
51-93	024560
51-93	055160
51-94	054700
51-94	054800
51-94	054260
51-94	030370
51-94	451500
51-94	054060
51-94	030270
51-94	030570
51-94	053870
51-94	360870
52-1	054800
52-1	054950
52-1	001200
52-1	054310
52-1	054700
52-1	160210
52-1	254610
52-1	054510
52-1	018140
52-1	025840
52-2	054060
52-2	395920
52-2	054800
52-2	097970
52-2	334180
52-2	030370
52-2	492940
52-2	053470
52-2	395940
52-2	037760
52-3	155410
52-3	01013850
52-3	109170
52-3	021360
52-3	018440
52-3	030800
52-3	469270
52-3	395010
52-3	316570
52-3	033500
52-4	155410
52-4	349890
52-4	01013850
52-4	469030
52-4	470110
52-4	054800
52-4	350190
52-4	055000
52-4	166860
52-4	470620
52-5	155410
52-5	054800
52-5	064810
52-5	192710
52-5	493790
52-5	497120
52-5	033500
52-5	324940
52-5	060280
52-5	002250
52-6	055300
52-6	327760
52-6	092770
52-6	350190
52-6	030450
52-6	064790
52-6	330480
52-6	000300
52-6	331020
52-6	034470
52-7	046620
52-7	043060
52-7	483460
52-7	008740
52-7	013150
52-7	358080
52-7	353440
52-7	400220
52-7	047230
52-7	320540
52-8	155410
52-8	030800
52-8	01013850
52-8	053870
52-8	109170
52-8	470640
52-8	395010
52-8	054800
52-8	055300
52-8	467810
52-9	029880
52-9	005440
52-9	162650
52-9	055670
52-9	132810
52-9	100270
52-9	117950
52-9	057130
52-9	162900
52-9	062810
52-10	132920
52-10	057320
52-10	116410
52-10	233850
52-10	004350
52-10	033510
52-10	057050
52-10	057640
52-10	446710
52-10	056160
52-11	397880
52-11	098020
52-11	055940
52-11	116470
52-11	089340
52-11	162520
52-11	117600
52-11	105490
52-11	059650
52-11	099540
52-12	029880
52-12	181650
52-12	061770
52-12	163360
52-12	196850
52-12	058320
52-12	133390
52-12	057130
52-12	213000
52-12	164640
52-13	057080
52-13	056600
52-13	032030
52-13	058690
52-13	151770
52-13	194240
52-13	140120
52-13	164820
52-13	056650
52-13	213170
52-14	194500
52-14	415740
52-14	056050
52-14	446110
52-14	163620
52-14	538590
52-14	056150
52-14	258600
52-14	193650
52-14	323940
52-15	194440
52-15	056270
52-15	223200
52-15	213020
52-15	306020
52-15	279370
52-15	005390
52-15	057050
52-15	057320
52-15	117230
52-16	088860
52-16	070630
52-16	031680
52-16	164680
52-16	213660
52-16	104460
52-16	152820
52-16	305730
52-16	056780
52-16	032890
52-17	01007640
52-17	01000750
52-17	374170
52-17	279360
52-17	058300
52-17	234290
52-17	057140
52-17	086090
52-17	455520
52-17	352380
52-18	057670
52-18	057820
52-18	058110
52-18	057330
52-18	138550
52-18	230390
52-18	062680
52-18	336390
52-18	040430
52-18	020970
52-19	118160
52-19	056690
52-19	059900
52-19	113800
52-19	134030
52-19	195440
52-19	323890
52-19	056190
52-19	147090
52-19	057100
52-20	060380
52-20	195250
52-20	134390
52-20	243460
52-20	243450
52-20	022930
52-20	099620
52-20	053520
52-20	064850
52-20	133410
52-21	195430
52-21	057390
52-21	063450
52-21	195830
52-21	057340
52-21	023460
52-21	234380
52-21	063240
52-21	061240
52-21	063380
52-22	214160
52-22	057520
52-22	058090
52-22	118980
52-22	244830
52-22	006920
52-22	091130
52-22	166080
52-22	166280
52-22	059820
52-23	057650
52-23	166100
52-23	057710
52-23	243450
52-23	243460
52-23	056960
52-23	140960
52-23	059790
52-23	119020
52-23	235040
52-24	058010
52-24	213900
52-24	133410
52-24	099450
52-24	113750
52-24	058690
52-24	164650
52-24	280510
52-24	060090
52-24	056860
52-25	057720
52-25	091070
52-25	458090
52-25	033850
52-25	061810
52-25	059880
52-25	033650
52-25	059830
52-25	280330
52-25	375760
52-26	057950
52-26	196620
52-26	100530
52-26	119160
52-26	056350
52-26	225700
52-26	377560
52-26	093060
52-26	070950
52-26	032030
52-27	058220
52-27	120070
52-27	141870
52-27	213090
52-27	172300
52-27	120960
52-27	171700
52-27	060910
52-27	056700
52-27	269770
52-28	214720
52-28	135880
52-28	058320
52-28	197990
52-28	060070
52-28	063010
52-28	042510
52-28	01024430
52-28	059820
52-28	072390
52-29	058360
52-29	057430
52-29	060470
52-29	320230
52-29	243010
52-29	01024430
52-29	091280
52-29	373560
52-29	062330
52-29	038010
52-30	214520
52-30	059960
52-30	059580
52-30	302070
52-30	171070
52-30	058370
52-30	136300
52-30	164520
52-30	309140
52-30	060480
52-31	061520
52-31	141730
52-31	062810
52-31	060510
52-31	063460
52-31	034050
52-31	059560
52-31	060800
52-31	058690
52-31	121100
52-32	060140
52-32	062960
52-32	059360
52-32	058760
52-32	059300
52-32	000270
52-32	063880
52-32	058480
52-32	061120
52-32	059700
52-33	057530
52-33	059380
52-33	346390
52-33	003270
52-33	243880
52-33	057820
52-33	059340
52-33	057510
52-33	373570
52-33	003250
52-34	058770
52-34	138190
52-34	270770
52-34	073630
52-34	301570
52-34	271490
52-34	301940
52-34	059710
52-34	403850
52-34	161710
52-35	166330
52-35	167390
52-35	076330
52-35	174090
52-35	120890
52-35	215030
52-35	139020
52-35	179540
52-35	136470
52-35	235910
52-36	007650
52-36	01050090
52-36	062920
52-36	031430
52-36	01018030
52-36	022950
52-36	133030
52-36	338880
52-36	018030
52-36	218780
52-37	062310
52-37	060710
52-37	201620
52-37	059860
52-37	061060
52-37	216250
52-37	238140
52-37	061810
52-37	201970
52-37	061340
52-38	059930
52-38	379150
52-38	061260
52-38	176160
52-38	236940
52-38	216730
52-38	123080
52-38	061240
52-38	059880
52-38	060020
52-39	061590
52-39	060140
52-39	061260
52-39	061240
52-39	059880
52-39	060210
52-39	063150
52-39	035160
52-39	033600
52-39	063390
52-40	375330
52-40	060000
52-40	010000
52-40	070880
52-40	049170
52-40	061330
52-40	063570
52-40	008000
52-40	005830
52-40	153850
52-41	059610
52-41	061520
52-41	528480
52-41	061210
52-41	063010
52-41	140190
52-41	529960
52-41	060470
52-41	217550
52-41	442330
52-42	237410
52-42	241810
52-42	289890
52-42	356740
52-42	373510
52-42	01016950
52-42	357030
52-42	059430
52-42	058190
52-42	060190
52-43	505500
52-43	194940
52-43	061330
52-43	060550
52-43	198250
52-43	236450
52-43	198380
52-43	199920
52-43	200120
52-43	031010
52-44	188930
52-44	188890
52-44	188520
52-44	134760
52-44	01047830
52-44	188580
52-44	188380
52-44	188850
52-44	01035250
52-44	188730
52-45	324910
52-45	060930
52-45	324780
52-45	177090
52-45	039770
52-45	324290
52-45	351290
52-45	062630
52-45	172590
52-45	032500
52-46	060400
52-46	061580
52-46	217440
52-46	063370
52-46	056090
52-46	168470
52-46	141820
52-46	395620
52-46	056930
52-46	136910
52-47	149730
52-47	377300
52-47	381200
52-47	061700
52-47	110380
52-47	026230
52-47	027440
52-47	432000
52-47	149720
52-47	152570
52-48	061870
52-48	427800
52-48	161940
52-48	288540
52-48	232830
52-48	378290
52-48	320860
52-48	063030
52-48	338250
52-48	381200
52-49	206980
52-49	144680
52-49	324290
52-49	01047000
52-49	218780
52-49	013420
52-49	126470
52-49	062920
52-49	179460
52-49	01054050
52-50	219290
52-50	063260
52-50	141460
52-50	060520
52-50	056190
52-50	060450
52-50	061970
52-50	063580
52-50	062080
52-50	061760
52-51	061520
52-51	062920
52-51	060800
52-51	062690
52-51	062020
52-51	176870
52-51	062390
52-51	173440
52-51	062910
52-51	063080
52-52	219160
52-52	063010
52-52	393400
52-52	144010
52-52	127640
52-52	096560
52-52	061740
52-52	059580
52-52	061790
52-52	076980
52-53	063150
52-53	063990
52-53	061810
52-53	063370
52-53	060860
52-53	061060
52-53	061760
52-53	033790
52-53	063400
52-53	060140
52-54	061240
52-54	061760
52-54	236860
52-54	176160
52-54	061260
52-54	060480
52-54	059530
52-54	034230
52-54	170260
52-54	062390
52-55	063460
52-55	062910
52-55	063580
52-55	062020
52-55	312330
52-55	060910
52-55	063320
52-55	105480
52-55	274270
52-55	103090
52-56	286690
52-56	395020
52-56	240690
52-56	062620
52-56	539290
52-56	532470
52-56	483100
52-56	106180
52-56	333800
52-56	347500
52-57	063200
52-57	154200
52-57	207090
52-57	245170
52-57	117830
52-57	000250
52-57	000150
52-57	243790
52-57	080350
52-57	085040
52-58	062090
52-58	455450
52-58	060190
52-58	061950
52-58	062540
52-58	236450
52-58	062950
52-58	060550
52-58	061290
52-58	01059270
52-59	325720
52-59	063590
52-59	215000
52-59	163840
52-59	134580
52-59	136880
52-59	177560
52-59	073710
52-59	258370
52-59	357200
52-60	063790
52-60	060860
52-60	061760
52-60	062390
52-60	238750
52-60	061240
52-60	062290
52-60	063650
52-60	219800
52-60	059530
52-61	330290
52-61	325480
52-61	417580
52-61	060560
52-61	330800
52-61	271010
52-61	329970
52-61	334370
52-61	060790
52-61	331040
52-62	063830
52-62	100400
52-62	335970
52-62	262370
52-62	029930
52-62	234800
52-62	260500
52-62	246030
52-62	062240
52-62	157310
52-63	017180
52-63	330800
52-63	324790
52-63	331030
52-63	062810
52-63	01001060
52-63	328710
52-63	017320
52-63	325410
52-63	01052870
52-64	063970
52-64	061520
52-64	061240
52-64	062470
52-64	062020
52-64	057840
52-64	175110
52-64	049170
52-64	062420
52-64	080060
52-65	063150
52-65	061810
52-65	035160
52-65	060140
52-65	061760
52-65	160480
52-65	034110
52-65	061790
52-65	061260
52-65	063370
52-66	017420
52-66	01017220
52-66	000440
52-66	539290
52-66	498810
52-66	049170
52-66	352380
52-66	175700
52-66	238980
52-66	061760
52-67	323830
52-67	326640
52-67	327920
52-67	133910
52-67	056590
52-67	031270
52-67	400850
52-67	085830
52-67	222620
52-67	323980
52-68	064820
52-68	064770
52-68	01018330
52-68	064870
52-68	363530
52-68	01054770
52-68	064880
52-68	064810
52-68	349540
52-68	003250
52-69	156390
52-69	357570
52-69	327490
52-69	482460
52-69	411640
52-69	416340
52-69	376350
52-69	316940
52-69	064810
52-69	511060
52-70	170880
52-70	302200
52-70	063370
52-70	061150
52-70	063080
52-70	060880
52-70	062270
52-70	077300
52-70	060510
52-70	122270
52-71	064870
52-71	064810
52-71	245600
52-71	001030
52-71	401490
52-71	478760
52-71	157950
52-71	411520
52-71	376350
52-71	065530
52-72	316530
52-72	003130
52-72	01014960
52-72	084510
52-72	528200
52-72	081540
52-72	01062480
52-72	259440
52-72	482460
52-72	416340
52-73	146600
52-73	150850
52-73	003610
52-73	036110
52-73	035740
52-73	222140
52-73	036090
52-73	150860
52-73	001270
52-73	001440
52-74	065370
52-74	003610
52-74	150850
52-74	036100
52-74	066940
52-74	001230
52-74	004440
52-74	067150
52-74	066890
52-74	035740
52-75	065350
52-75	478710
52-75	067180
52-75	119200
52-75	01007860
52-75	276130
52-75	068690
52-75	292910
52-75	552060
52-75	082160
52-76	066020
52-76	036270
52-76	066030
52-76	184610
52-76	185040
52-76	184820
52-76	067660
52-76	386270
52-76	031420
52-76	188370
52-77	066350
52-77	167650
52-77	386270
52-77	066020
52-77	036610
52-77	343480
52-77	218160
52-77	342600
52-77	080660
52-77	169170
52-78	191050
52-78	532770
52-78	431990
52-78	01063180
52-78	260260
52-78	103770
52-78	324830
52-78	079950
52-78	111440
52-78	327930
52-79	066890
52-79	066940
52-79	066880
52-79	066980
52-79	015610
52-79	267440
52-79	080280
52-79	036140
52-79	01006540
52-79	037720
52-80	004290
52-80	066910
52-80	004260
52-80	004780
52-80	132670
52-80	066840
52-80	017110
52-80	066880
52-80	212430
52-80	066860
52-81	079230
52-81	067020
52-81	066990
52-81	031800
52-81	031400
52-81	031510
52-81	280540
52-81	337100
52-81	064750
52-81	030040
52-82	022420
52-82	067330
52-82	328790
52-82	161680
52-82	067920
52-82	004420
52-82	162810
52-82	01029480
52-82	344210
52-82	003130
52-83	066940
52-83	005010
52-83	344450
52-83	003590
52-83	067050
52-83	389210
52-83	289670
52-83	343870
52-83	003600
52-83	004440
52-84	287970
52-84	344000
52-84	344610
52-84	243540
52-84	018350
52-84	490110
52-84	100410
52-84	290270
52-84	018340
52-84	482460
52-85	230220
52-85	352640
52-85	068170
52-85	003130
52-85	475920
52-85	065290
52-85	353990
52-85	01022240
52-85	01001490
52-85	348090
52-86	068110
52-86	538650
52-86	01007690
52-86	337530
52-86	068570
52-86	068740
52-86	109170
52-86	01012340
52-86	058100
52-86	065090
52-87	336380
52-87	080990
52-87	343110
52-87	233920
52-87	346940
52-87	058510
52-87	058610
52-87	081120
52-87	375120
52-87	058100
52-88	067960
52-88	029890
52-88	230940
52-88	290310
52-88	184630
52-88	231950
52-88	221890
52-88	068650
52-88	353050
52-88	068740
52-89	350270
52-89	018980
52-89	01019270
52-89	01019640
52-89	260400
52-89	229680
52-89	068020
52-89	343200
52-89	057820
52-89	231940
52-90	068400
52-90	353530
52-90	01003980
52-90	293210
52-90	354000
52-90	292780
52-90	009650
52-90	345850
52-90	349500
52-90	352970
52-91	01019710
52-91	082720
52-91	294810
52-91	157250
52-91	041460
52-91	01062480
52-91	363250
52-91	083640
52-91	354610
52-91	041030
52-92	352300
52-92	243620
52-92	297850
52-92	110470
52-92	053890
52-92	315400
52-92	435040
52-92	337400
52-92	053700
52-92	053520
52-93	068820
52-93	01019910
52-93	109040
52-93	231940
52-93	230280
52-93	01019440
52-93	067860
52-93	519840
52-93	337530
52-93	01007920
52-94	068760
52-94	126230
52-94	108530
52-94	068210
52-94	046320
52-94	192130
52-94	068860
52-94	395050
52-94	067060
52-94	357930
53-1	069450
53-1	069320
53-1	488440
53-1	069400
53-1	162690
53-1	432160
53-1	133070
53-1	069310
53-1	069270
53-1	279220
53-2	069570
53-2	069460
53-2	069440
53-2	254140
53-2	099740
53-2	498350
53-2	185860
53-2	070010
53-2	162880
53-2	071290
53-3	039940
53-3	224530
53-3	147010
53-3	069870
53-3	228430
53-3	148070
53-3	039720
53-3	224610
53-3	147110
53-3	243100
53-4	099450
53-4	006220
53-4	008780
53-4	004570
53-4	033980
53-4	005610
53-4	007850
53-4	006560
53-4	008250
53-4	036410
53-5	007480
53-5	009610
53-5	007430
53-5	014860
53-5	008500
53-5	006410
53-5	172610
53-5	014480
53-5	123120
53-5	126680
53-6	070630
53-6	070040
53-6	070120
53-6	071550
53-6	073450
53-6	070950
53-6	069510
53-6	072500
53-6	070600
53-6	069910
53-7	070220
53-7	01019980
53-7	069600
53-7	072860
53-7	071270
53-7	072410
53-7	072200
53-7	069470
53-7	071820
53-7	376360
53-8	073570
53-8	070510
53-8	070760
53-8	074010
53-8	076200
53-8	075410
53-8	069570
53-8	072130
53-8	322520
53-8	070290
53-9	071790
53-9	071170
53-9	072040
53-9	073160
53-9	073600
53-9	074230
53-9	375590
53-9	072850
53-9	071920
53-9	071220
53-10	070460
53-10	069800
53-10	071010
53-10	070190
53-10	073150
53-10	036520
53-10	070400
53-10	070100
53-10	349260
53-10	070730
53-11	069660
53-11	069680
53-11	325130
53-11	069610
53-11	070630
53-11	288000
53-11	070070
53-11	071420
53-11	070210
53-11	070920
53-12	117110
53-12	070640
53-12	499640
53-12	071850
53-12	071420
53-12	198960
53-12	072640
53-12	070960
53-12	074800
53-12	072380
53-13	270090
53-13	073180
53-13	070950
53-13	071550
53-13	374320
53-13	338650
53-13	070600
53-13	069750
53-13	070980
53-13	070040
53-14	072500
53-14	070630
53-14	136020
53-14	270580
53-14	076960
53-14	01019980
53-14	071330
53-14	072300
53-14	069590
53-14	070220
53-15	074350
53-15	071090
53-15	499960
53-15	070630
53-15	072410
53-15	070210
53-15	074420
53-15	074830
53-15	071290
53-15	074850
53-16	074690
53-16	072970
53-16	438200
53-16	071930
53-16	058540
53-16	232450
53-16	257540
53-16	020970
53-16	016700
53-16	217790
53-17	071850
53-17	074800
53-17	072650
53-17	033270
53-17	523770
53-17	071890
53-17	329170
53-17	417320
53-17	072100
53-17	522260
53-18	071810
53-18	074810
53-18	073570
53-18	324550
53-18	075460
53-18	167710
53-18	074350
53-18	071090
53-18	070220
53-18	073600
53-19	074390
53-19	072840
53-19	072130
53-19	072040
53-19	072870
53-19	070760
53-19	071500
53-19	070290
53-19	072240
53-19	076680
53-20	072900
53-20	093120
53-20	214110
53-20	460060
53-20	076110
53-20	170250
53-20	057430
53-20	168670
53-20	076430
53-20	521710
53-21	070440
53-21	072770
53-21	073240
53-21	071200
53-21	071860
53-21	073090
53-21	070240
53-21	072720
53-21	074620
53-21	073430
53-22	073030
53-22	169210
53-22	101360
53-22	076210
53-22	330480
53-22	043810
53-22	307920
53-22	071170
53-22	271400
53-22	261880
53-23	137930
53-23	01020340
53-23	076430
53-23	076950
53-23	001200
53-23	000870
53-23	491280
53-23	075060
53-23	076300
53-23	075770
53-24	077170
53-24	01019440
53-24	238980
53-24	288910
53-24	464810
53-24	01033310
53-24	072970
53-24	303500
53-24	412010
53-24	311570
53-25	073350
53-25	272040
53-25	215660
53-25	070720
53-25	074390
53-25	411990
53-25	071860
53-25	080000
53-25	092930
53-25	140620
53-26	081430
53-26	176410
53-26	348270
53-26	207220
53-26	167650
53-26	065470
53-26	031950
53-26	071610
53-26	302720
53-26	171590
53-27	074240
53-27	071250
53-27	073370
53-27	071680
53-27	073980
53-27	070990
53-27	075710
53-27	072640
53-27	071780
53-27	322520
53-28	072600
53-28	074350
53-28	071090
53-28	070920
53-28	070550
53-28	070600
53-28	071750
53-28	073190
53-28	071500
53-28	076630
53-29	075570
53-29	077300
53-29	075730
53-29	073560
53-29	073690
53-29	272220
53-29	076420
53-29	170880
53-29	073010
53-29	074420
53-30	075360
53-30	140370
53-30	075050
53-30	076790
53-30	161460
53-30	076820
53-30	078630
53-30	073480
53-30	076620
53-30	087130
53-31	288700
53-31	076960
53-31	075260
53-31	074750
53-31	074470
53-31	381300
53-31	069590
53-31	074120
53-31	077960
53-31	074230
53-32	076960
53-32	072410
53-32	072130
53-32	069650
53-32	072310
53-32	070450
53-32	069840
53-32	072240
53-32	071200
53-32	072390
53-33	070450
53-33	071420
53-33	074290
53-33	069320
53-33	076240
53-33	076200
53-33	074240
53-33	069840
53-33	072130
53-33	069600
53-34	142160
53-34	141720
53-34	431630
53-34	076290
53-34	071250
53-34	502610
53-34	073860
53-34	071240
53-34	071450
53-34	072640
53-35	075880
53-35	072470
53-35	073610
53-35	075660
53-35	073300
53-35	073390
53-35	074370
53-35	071200
53-35	073870
53-35	073180
53-36	075060
53-36	076010
53-36	078120
53-36	078050
53-36	075910
53-36	072790
53-36	076250
53-36	073060
53-36	073800
53-36	074900
53-37	427980
53-37	075660
53-37	075880
53-37	075600
53-37	076800
53-37	074830
53-37	075110
53-37	074810
53-37	074600
53-37	073870
53-38	076430
53-38	188000
53-38	076950
53-38	078210
53-38	078450
53-38	01056140
53-38	070610
53-38	312250
53-38	470940
53-38	077080
53-39	076440
53-39	078450
53-39	076430
53-39	077080
53-39	187850
53-39	139930
53-39	076950
53-39	188000
53-39	175930
53-39	264660
53-40	076070
53-40	077450
53-40	076710
53-40	268270
53-40	311710
53-40	254970
53-40	076270
53-40	095970
53-40	073540
53-40	178240
53-41	070480
53-41	073970
53-41	073870
53-41	075610
53-41	219590
53-41	074350
53-41	069320
53-41	076330
53-41	074120
53-41	077570
53-42	037310
53-42	025880
53-42	063130
53-42	437130
53-42	483060
53-42	303500
53-42	177650
53-42	072970
53-42	451050
53-42	127830
53-43	032240
53-43	108520
53-43	080620
53-43	344260
53-43	517060
53-43	378580
53-43	248060
53-43	270950
53-43	452780
53-43	387560
53-44	375580
53-44	075480
53-44	379210
53-44	425930
53-44	044210
53-44	477430
53-44	459300
53-44	073800
53-44	429290
53-44	380410
53-45	076270
53-45	077450
53-45	076200
53-45	076830
53-45	078070
53-45	078060
53-45	075890
53-45	076370
53-45	188160
53-45	274300
53-46	076570
53-46	076630
53-46	073400
53-46	073390
53-46	077930
53-46	074320
53-46	076160
53-46	061240
53-46	076270
53-46	070510
53-47	078350
53-47	044850
53-47	052660
53-47	429960
53-47	379210
53-47	506580
53-47	049740
53-47	383670
53-47	435710
53-47	274420
53-48	076630
53-48	035160
53-48	077450
53-48	077400
53-48	076430
53-48	078440
53-48	078470
53-48	076640
53-48	076950
53-48	076830
53-49	078180
53-49	078460
53-49	188230
53-49	01020670
53-49	145050
53-49	394330
53-49	313380
53-49	145370
53-49	071390
53-49	075710
53-50	319520
53-50	078380
53-50	316970
53-50	076630
53-50	210680
53-50	029980
53-50	078070
53-50	215190
53-50	100720
53-50	076520
53-51	078860
53-51	078840
53-51	078900
53-51	078920
53-51	003020
53-51	002690
53-51	003070
53-51	002790
53-51	233650
53-51	078850
53-52	240440
53-52	079350
53-52	315280
53-52	003130
53-52	258640
53-52	347650
53-52	154840
53-52	436790
53-52	032020
53-52	345550
53-53	079030
53-53	031380
53-53	031420
53-53	079270
53-53	079130
53-53	079040
53-53	289210
53-53	031440
53-53	224390
53-53	243010
53-54	344430
53-54	347720
53-54	346020
53-54	345550
53-54	346310
53-54	01021980
53-54	081650
53-54	01016550
53-54	01077330
53-54	150900
53-55	079670
53-55	079390
53-55	348740
53-55	143450
53-55	032160
53-55	080070
53-55	345420
53-55	079260
53-55	01004430
53-55	079220
53-56	214160
53-56	006920
53-56	457890
53-56	005450
53-56	079400
53-56	269940
53-56	010080
53-56	269270
53-56	079320
53-56	269500
53-57	148830
53-57	148340
53-57	149030
53-57	068240
53-57	148950
53-57	079620
53-57	241370
53-57	432000
53-57	147850
53-57	079530
53-58	552710
53-58	346900
53-58	079670
53-58	079740
53-58	345420
53-58	351150
53-58	079390
53-58	346350
53-58	079260
53-58	349380
53-59	244160
53-59	089990
53-59	091280
53-59	103950
53-59	040050
53-59	079850
53-59	157070
53-59	090940
53-59	01024630
53-59	089900
53-60	144210
53-60	057400
53-60	245630
53-60	093600
53-60	257710
53-60	244840
53-60	087880
53-60	459360
53-60	041500
53-60	337610
53-61	146790
53-61	150890
53-61	065180
53-61	552710
53-61	065200
53-61	065210
53-61	079670
53-61	351150
53-61	151020
53-61	345420
53-62	303120
53-62	012610
53-62	176020
53-62	253130
53-62	312890
53-62	079930
53-62	144440
53-62	175110
53-62	142500
53-62	206580
53-63	000010
53-63	080210
53-63	003130
53-63	000380
53-63	003460
53-63	01013780
53-63	01013860
53-63	001600
53-63	032290
53-63	033620
53-64	080250
53-64	081060
53-64	290020
53-64	01021690
53-64	081260
53-64	080860
53-64	344890
53-64	080460
53-64	081750
53-64	067480
53-65	081130
53-65	081230
53-65	344700
53-65	081170
53-65	259340
53-65	01021980
53-65	01021690
53-65	080610
53-65	156650
53-65	017940
53-66	348300
53-66	081480
53-66	105470
53-66	295310
53-66	105380
53-66	347390
53-66	042590
53-66	248790
53-66	192610
53-66	358350
53-67	081840
53-67	347680
53-67	285180
53-67	286090
53-67	246980
53-67	082240
53-67	067620
53-67	285330
53-67	01009310
53-67	285360
53-68	081900
53-68	081890
53-68	081880
53-68	119750
53-68	082090
53-68	247670
53-68	207110
53-68	242120
53-68	346210
53-68	105160
53-69	475670
53-69	349880
53-69	067190
53-69	082040
53-69	080350
53-69	284620
53-69	224390
53-69	289930
53-69	284600
53-69	243050
53-70	082330
53-70	082190
53-70	045320
53-70	081430
53-70	488390
53-70	488360
53-70	01062480
53-70	003670
53-70	352380
53-70	350460
53-71	137940
53-71	236720
53-71	280840
53-71	301340
53-71	301360
53-71	236150
53-71	01057860
53-71	079430
53-71	169030
53-71	356890
53-72	160340
53-72	295760
53-72	342770
53-72	258950
53-72	01031960
53-72	286330
53-72	083950
53-72	081860
53-72	288260
53-72	214040
53-73	516920
53-73	316290
53-73	326800
53-73	516940
53-73	432620
53-73	019050
53-73	084510
53-73	112190
53-73	01060350
53-73	345830
53-74	079490
53-74	01062480
53-74	082190
53-74	082330
53-74	082320
53-74	122230
53-74	352260
53-74	01022210
53-74	003750
53-74	349570
53-75	082720
53-75	082110
53-75	082790
53-75	01062480
53-75	488400
53-75	318000
53-75	288220
53-75	216100
53-75	082100
53-75	083210
53-76	353520
53-76	363490
53-76	066680
53-76	287120
53-76	267470
53-76	395180
53-76	103840
53-76	297180
53-76	318000
53-76	067770
53-77	083190
53-77	082110
53-77	349570
53-77	352870
53-77	082320
53-77	353070
53-77	01062480
53-77	082190
53-77	259890
53-77	041030
53-78	156390
53-78	100290
53-78	019050
53-78	326800
53-78	081920
53-78	490120
53-78	01022210
53-78	376350
53-78	375240
53-78	024560
53-79	415950
53-79	416340
53-79	417410
53-79	417890
53-79	320540
53-79	471650
53-79	482460
53-79	416160
53-79	245670
53-79	337060
53-80	415950
53-80	417410
53-80	416340
53-80	417890
53-80	471650
53-80	482460
53-80	417100
53-80	417400
53-80	019050
53-80	337060
53-81	023600
53-81	084440
53-81	084550
53-81	118480
53-81	084520
53-81	01037580
53-81	084650
53-81	081900
53-81	027440
53-81	009220
53-82	084500
53-82	084330
53-82	084460
53-82	01023230
53-82	329230
53-82	225190
53-82	156310
53-82	028050
53-82	327290
53-82	328610
53-83	041800
53-83	326780
53-83	389150
53-83	269540
53-83	156720
53-83	154850
53-83	002850
53-83	168230
53-83	367140
53-83	084410
53-84	084860
53-84	084780
53-84	084720
53-84	084600
53-84	132840
53-84	388020
53-84	084710
53-84	228220
53-84	451510
53-84	151340
53-85	085070
53-85	085060
53-85	080410
53-85	031320
53-85	001540
53-85	162330
53-85	221350
53-85	389260
53-85	002150
53-85	085100
53-86	085530
53-86	027800
53-86	231970
53-86	032010
53-86	01011010
53-86	085550
53-86	066700
53-86	01010770
53-86	151550
53-86	430610
53-87	018660
53-87	085720
53-87	085680
53-87	018710
53-87	085670
53-87	032260
53-87	01034510
53-87	066870
53-87	001170
53-87	086720
53-88	112740
53-88	112780
53-88	455920
53-88	01099850
53-88	520140
53-88	439180
53-88	085730
53-88	01098790
53-88	085870
53-88	056380
53-89	086710
53-89	086700
53-89	371570
53-89	212900
53-89	247060
53-89	132070
53-89	057060
53-89	037540
53-89	103760
53-89	116370
53-90	086720
53-90	243640
53-90	113750
53-90	132650
53-90	194600
53-90	01023900
53-90	437710
53-90	002780
53-90	084310
53-90	194780
53-91	086990
53-91	01012610
53-91	475720
53-91	259190
53-91	086770
53-91	437400
53-91	032500
53-91	034290
53-91	099070
53-91	087610
53-92	087110
53-92	087240
53-92	087450
53-92	087260
53-92	01027510
53-92	087130
53-92	086900
53-92	034020
53-92	033870
53-92	131890
53-93	034300
53-93	087380
53-93	087530
53-93	475720
53-93	034060
53-93	087220
53-93	162940
53-93	087650
53-93	437360
53-93	034480
53-94	087450
53-94	132170
53-94	087590
53-94	087630
53-94	132250
53-94	087110
53-94	087420
53-94	087600
53-94	087490
53-94	034100
54-1	475720
54-1	087580
54-1	325170
54-1	087850
54-1	323890
54-1	034230
54-1	259190
54-1	437400
54-1	087650
54-1	146850
54-2	087400
54-2	087850
54-2	058350
54-2	086930
54-2	087160
54-2	136030
54-2	058210
54-2	033650
54-2	086750
54-2	087240
54-3	079590
54-3	033650
54-3	163990
54-3	273480
54-3	319390
54-3	132430
54-3	225500
54-3	539000
54-3	088520
54-3	087240
54-4	087290
54-4	249980
54-4	538720
54-4	088520
54-4	055680
54-4	353500
54-4	225500
54-4	375240
54-4	534630
54-4	316200
54-5	089260
54-5	080940
54-5	152740
54-5	067630
54-5	085160
54-5	038200
54-5	031420
54-5	001280
54-5	002780
54-5	088840
54-6	002110
54-6	446170
54-6	099480
54-6	260950
54-6	184530
54-6	262030
54-6	243070
54-6	154890
54-6	039860
54-6	262380
54-7	089330
54-7	109950
54-7	089440
54-7	000380
54-7	01013860
54-7	066880
54-7	082240
54-7	088970
54-7	315340
54-7	099240
54-8	089490
54-8	243930
54-8	090400
54-8	090450
54-8	258860
54-8	090320
54-8	090280
54-8	090700
54-8	091180
54-8	092340
54-9	343340
54-9	089980
54-9	080650
54-9	289420
54-9	080530
54-9	267880
54-9	080660
54-9	417270
54-9	036140
54-9	036290
54-10	342790
54-10	090050
54-10	081000
54-10	080510
54-10	343390
54-10	315510
54-10	081300
54-10	289590
54-10	067180
54-10	090770
54-11	056230
54-11	117520
54-11	067700
54-11	345490
54-11	134930
54-11	002000
54-11	228670
54-11	338320
54-11	184580
54-11	410740
54-12	070100
54-12	069850
54-12	090250
54-12	090790
54-12	036510
54-12	036270
54-12	267880
54-12	093250
54-12	01038240
54-12	069490
54-13	090710
54-13	093770
54-13	374200
54-13	055940
54-13	116810
54-13	092510
54-13	094050
54-13	154920
54-13	090660
54-13	379500
54-14	090840
54-14	089960
54-14	090700
54-14	090300
54-14	089340
54-14	091280
54-14	101450
54-14	095880
54-14	259930
54-14	094020
54-15	090730
54-15	100230
54-15	090850
54-15	094270
54-15	092920
54-15	101360
54-15	099660
54-15	243840
54-15	100240
54-15	01061430
54-16	090600
54-16	090020
54-16	092540
54-16	090960
54-16	101770
54-16	057320
54-16	092890
54-16	090880
54-16	091510
54-16	374430
54-17	090700
54-17	090300
54-17	090750
54-17	192600
54-17	240470
54-17	377470
54-17	090030
54-17	244100
54-17	376250
54-17	288060
54-18	100530
54-18	101250
54-18	093060
54-18	090870
54-18	338860
54-18	254510
54-18	377560
54-18	376920
54-18	044210
54-18	091550
54-19	090890
54-19	090710
54-19	100240
54-19	090730
54-19	039830
54-19	100230
54-19	327040
54-19	095460
54-19	089600
54-19	103490
54-20	155140
54-20	081000
54-20	093300
54-20	315510
54-20	315900
54-20	090980
54-20	346830
54-20	092850
54-20	081170
54-20	091140
54-21	094190
54-21	096580
54-21	093310
54-21	092550
54-21	01024750
54-21	246130
54-21	102520
54-21	092420
54-21	096230
54-21	090710
54-22	155520
54-22	003270
54-22	064690
54-22	003690
54-22	055780
54-22	081790
54-22	081170
54-22	01064590
54-22	166650
54-22	067580
54-23	092030
54-23	090280
54-23	042520
54-23	092540
54-23	095320
54-23	096580
54-23	472410
54-23	261440
54-23	095120
54-23	091170
54-24	091960
54-24	090960
54-24	092270
54-24	090880
54-24	040880
54-24	156840
54-24	01024750
54-24	198380
54-24	046160
54-24	093370
54-25	376150
54-25	090850
54-25	091660
54-25	101640
54-25	090450
54-25	094270
54-25	042990
54-25	119810
54-25	214830
54-25	022730
54-26	318000
54-26	01062480
54-26	156720
54-26	488380
54-26	082110
54-26	084580
54-26	425310
54-26	488370
54-26	046240
54-26	375230
54-27	091550
54-27	100830
54-27	091670
54-27	094100
54-27	094280
54-27	244940
54-27	095680
54-27	090990
54-27	01025540
54-27	100740
54-28	361810
54-28	316820
54-28	060670
54-28	006260
54-28	326050
54-28	318000
54-28	018080
54-28	189590
54-28	058110
54-28	080990
54-29	092650
54-29	043450
54-29	092710
54-29	092530
54-29	089900
54-29	092380
54-29	091150
54-29	484190
54-29	097100
54-29	260700
54-30	467860
54-30	206980
54-30	091310
54-30	261390
54-30	406340
54-30	468880
54-30	509050
54-30	217290
54-30	022570
54-30	054800
54-31	089070
54-31	154860
54-31	093300
54-31	244570
54-31	01025480
54-31	090370
54-31	055780
54-31	349640
54-31	089060
54-31	089040
54-32	091140
54-32	315510
54-32	350150
54-32	080990
54-32	092850
54-32	092240
54-32	067000
54-32	081260
54-32	378210
54-32	166860
54-33	092710
54-33	101740
54-33	377330
54-33	093000
54-33	091240
54-33	090030
54-33	091150
54-33	092360
54-33	090750
54-33	092580
54-34	003800
54-34	094700
54-34	545580
54-34	257830
54-34	015730
54-34	538120
54-34	331090
54-34	081050
54-34	008720
54-34	244540
54-35	068230
54-35	243050
54-35	067190
54-35	090270
54-35	389390
54-35	016600
54-35	289930
54-35	068040
54-35	081230
54-35	055660
54-36	042910
54-36	092890
54-36	090020
54-36	091510
54-36	092540
54-36	095140
54-36	092730
54-36	096150
54-36	246540
54-36	091620
54-37	245370
54-37	095120
54-37	187270
54-37	094720
54-37	103080
54-37	103210
54-37	094100
54-37	092550
54-37	092270
54-37	093320
54-38	092690
54-38	291950
54-38	081300
54-38	089170
54-38	452130
54-38	040180
54-38	037730
54-38	326800
54-38	091680
54-38	257260
54-39	092680
54-39	100890
54-39	096330
54-39	094270
54-39	092920
54-39	095300
54-39	103280
54-39	377180
54-39	095530
54-39	094530
54-40	093750
54-40	034190
54-40	01013350
54-40	326860
54-40	327390
54-40	402200
54-40	400990
54-40	096490
54-40	096170
54-40	403880
54-41	027590
54-41	093880
54-41	401350
54-41	01077350
54-41	354320
54-41	040430
54-41	405830
54-41	327630
54-41	021360
54-41	400930
54-42	093770
54-42	093960
54-42	101700
54-42	379500
54-42	093780
54-42	090960
54-42	091110
54-42	097880
54-42	092360
54-42	097420
54-43	101740
54-43	092710
54-43	092360
54-43	377240
54-43	060880
54-43	262910
54-43	01026040
54-43	091240
54-43	061350
54-43	047330
54-44	192760
54-44	064670
54-44	015730
54-44	015560
54-44	106060
54-44	01006910
54-44	015620
54-44	003660
54-44	090570
54-44	064660
54-45	094640
54-45	096520
54-45	082000
54-45	356740
54-45	257260
54-45	018890
54-45	031420
54-45	161090
54-45	435040
54-45	479160
54-46	245900
54-46	100810
54-46	091110
54-46	092060
54-46	093700
54-46	101050
54-46	092500
54-46	102080
54-46	092960
54-46	091430
54-47	095300
54-47	095530
54-47	142160
54-47	102340
54-47	141720
54-47	175500
54-47	431630
54-47	076290
54-47	097760
54-47	01026040
54-48	095170
54-48	096920
54-48	324470
54-48	547370
54-48	321170
54-48	380280
54-48	151960
54-48	349480
54-48	152550
54-48	289840
54-49	095140
54-49	095670
54-49	096130
54-49	097180
54-49	101820
54-49	094100
54-49	159280
54-49	095500
54-49	076270
54-49	102610
54-50	094530
54-50	158220
54-50	091440
54-50	096970
54-50	101450
54-50	091660
54-50	094410
54-50	412000
54-50	095860
54-50	092270
54-51	095910
54-51	062660
54-51	094410
54-51	254930
54-51	412000
54-51	094630
54-51	095610
54-51	273280
54-51	056860
54-51	094530
54-52	096230
54-52	093310
54-52	383050
54-52	097290
54-52	095630
54-52	094290
54-52	101510
54-52	090840
54-52	097420
54-52	089960
54-53	01025190
54-53	096330
54-53	097100
54-53	092920
54-53	046120
54-53	094280
54-53	095030
54-53	091670
54-53	094100
54-53	101360
54-54	189590
54-54	151020
54-54	122040
54-54	373500
54-54	081070
54-54	358020
54-54	352870
54-54	067350
54-54	065070
54-54	064810
54-55	01079980
54-55	01068730
54-55	095580
54-55	105840
54-55	043940
54-55	01022630
54-55	107240
54-55	061640
54-55	106400
54-55	064810
54-56	096620
54-56	365020
54-56	083550
54-56	365630
54-56	104760
54-56	108620
54-56	081750
54-56	298570
54-56	285760
54-56	364410
54-57	096770
54-57	283720
54-57	093000
54-57	091150
54-57	097100
54-57	092710
54-57	100890
54-57	096560
54-57	092510
54-57	102510
54-58	097420
54-58	095630
54-58	097350
54-58	103520
54-58	097540
54-58	102490
54-58	093310
54-58	103080
54-58	095500
54-58	095610
54-59	370150
54-59	01082440
54-59	097600
54-59	150870
54-59	069120
54-59	01080330
54-59	003130
54-59	192610
54-59	388360
54-59	068210
54-60	083930
54-60	482730
54-60	060690
54-60	504040
54-60	247920
54-60	363570
54-60	371340
54-60	01097830
54-60	01098170
54-60	053270
54-61	003130
54-61	067190
54-61	082030
54-61	057840
54-61	088890
54-61	152740
54-61	367340
54-61	063030
54-61	216740
54-61	284560
54-62	451810
54-62	370830
54-62	370560
54-62	395510
54-62	185090
54-62	051430
54-62	369610
54-62	052330
54-62	097490
54-62	384330
54-63	098000
54-63	098050
54-63	425360
54-63	007420
54-63	004970
54-63	005160
54-63	165690
54-63	010810
54-63	181920
54-63	009690
54-64	184520
54-64	01084990
54-64	228970
54-64	033600
54-64	098810
54-64	411470
54-64	402660
54-64	373410
54-64	005830
54-64	228890
54-65	099040
54-65	099030
54-65	099050
54-65	030110
54-65	099060
54-65	086700
54-65	131850
54-65	090800
54-65	030210
54-65	194260
54-66	099140
54-66	042580
54-66	099130
54-66	105970
54-66	131850
54-66	105510
54-66	104940
54-66	099070
54-66	103800
54-66	131890
54-67	101200
54-67	100180
54-67	099830
54-67	192570
54-67	038720
54-67	100490
54-67	272220
54-67	006080
54-67	104840
54-67	234970
54-68	154590
54-68	156540
54-68	155130
54-68	243880
54-68	100300
54-68	100290
54-68	030020
54-68	01060350
54-68	101130
54-68	228700
54-69	016920
54-69	138910
54-69	431030
54-69	324460
54-69	093750
54-69	433370
54-69	029880
54-69	270330
54-69	044690
54-69	01002930
54-70	101200
54-70	101480
54-70	467950
54-70	100490
54-70	099620
54-70	026880
54-70	104840
54-70	054100
54-70	100580
54-70	146660
54-71	100300
54-71	278830
54-71	243990
54-71	488390
54-71	354660
54-71	244540
54-71	244280
54-71	099620
54-71	278800
54-71	336110
54-72	101130
54-72	100920
54-72	101370
54-72	101200
54-72	342770
54-72	101570
54-72	100970
54-72	102770
54-72	104840
54-72	234970
54-73	100530
54-73	476120
54-73	268760
54-73	472790
54-73	499450
54-73	498990
54-73	271280
54-73	476400
54-73	120850
54-73	102740
54-74	138880
54-74	101830
54-74	101740
54-74	379770
54-74	060980
54-74	092710
54-74	092360
54-74	383240
54-74	102820
54-74	120930
54-75	101250
54-75	100530
54-75	406890
54-75	038180
54-75	040130
54-75	198810
54-75	002280
54-75	034100
54-75	100270
54-75	124030
54-76	100230
54-76	100240
54-76	040930
54-76	090730
54-76	101640
54-76	125210
54-76	272070
54-76	154940
54-76	038680
54-76	100430
54-77	102660
54-77	101250
54-77	435730
54-77	103520
54-77	101450
54-77	390780
54-77	103230
54-77	102340
54-77	102740
54-77	436460
54-78	102080
54-78	101050
54-78	103370
54-78	102340
54-78	100560
54-78	102510
54-78	091110
54-78	101700
54-78	103600
54-78	100210
54-79	102440
54-79	102620
54-79	381450
54-79	101510
54-79	100420
54-79	102960
54-79	102740
54-79	412000
54-79	125500
54-79	102490
54-80	101510
54-80	103430
54-80	101540
54-80	102640
54-80	100860
54-80	102180
54-80	101320
54-80	100770
54-80	102170
54-80	101700
54-81	102820
54-81	095670
54-81	102960
54-81	127330
54-81	382080
54-81	096130
54-81	393200
54-81	094100
54-81	101640
54-81	095140
54-82	01027270
54-82	103500
54-82	337710
54-82	102940
54-82	333660
54-82	143390
54-82	102830
54-82	102930
54-82	093840
54-82	232450
54-83	101880
54-83	225900
54-83	01027270
54-83	068350
54-83	102830
54-83	101860
54-83	307640
54-83	068360
54-83	060370
54-83	391720
54-84	103720
54-84	001130
54-84	005420
54-84	018050
54-84	166730
54-84	163590
54-84	279530
54-84	154610
54-84	163760
54-84	017790
54-85	103730
54-85	108520
54-85	01001200
54-85	108460
54-85	108570
54-85	343700
54-85	348390
54-85	038400
54-85	003120
54-85	01006610
54-86	001420
54-86	103990
54-86	001450
54-86	035410
54-86	035530
54-86	001460
54-86	006380
54-86	035400
54-86	000600
54-86	003080
54-87	106540
54-87	541870
54-87	01028240
54-87	01027610
54-87	104760
54-87	106740
54-87	106830
54-87	052950
54-87	079490
54-87	104410
54-88	033510
54-88	104400
54-88	247060
54-88	104900
54-88	104440
54-88	104530
54-88	131810
54-88	104430
54-88	033530
54-88	104840
54-89	248510
54-89	105190
54-89	105730
54-89	225500
54-89	105660
54-89	01027510
54-89	008700
54-89	105530
54-89	104880
54-89	034080
54-90	034470
54-90	106450
54-90	01009930
54-90	044470
54-90	041380
54-90	361860
54-90	106610
54-90	260670
54-90	332280
54-90	01080330
54-91	106510
54-91	105770
54-91	354040
54-91	356930
54-91	104550
54-91	105520
54-91	341080
54-91	378390
54-91	325510
54-91	355440
54-92	079490
54-92	01014960
54-92	249980
54-92	01028630
54-92	106300
54-92	106170
54-92	528400
54-92	01012740
54-92	087290
54-92	333560
54-93	106980
54-93	01028460
54-93	104930
54-93	105640
54-93	106610
54-93	106730
54-93	106920
54-93	221570
54-93	105230
54-93	263160
54-94	106980
54-94	106610
54-94	01028460
54-94	106730
54-94	106890
54-94	106000
54-94	104930
54-94	278160
54-94	277560
54-94	083130
55-1	079490
55-1	107030
55-1	043940
55-1	272980
55-1	104720
55-1	047160
55-1	003750
55-1	01001420
55-1	104400
55-1	076870
55-2	01028240
55-2	034420
55-2	251690
55-2	107260
55-2	01028320
55-2	106060
55-2	107500
55-2	106200
55-2	539290
55-2	251350
55-3	107280
55-3	095170
55-3	333780
55-3	333240
55-3	432000
55-3	332660
55-3	106400
55-3	157210
55-3	328020
55-3	324470
55-4	107210
55-4	451510
55-4	106740
55-4	467940
55-4	01028240
55-4	107300
55-4	106620
55-4	106000
55-4	104930
55-4	105880
55-5	105530
55-5	042580
55-5	106770
55-5	248670
55-5	079490
55-5	034420
55-5	106650
55-5	538780
55-5	216740
55-5	105670
55-6	106060
55-6	003130
55-6	106600
55-6	272980
55-6	257930
55-6	105810
55-6	107190
55-6	106570
55-6	104760
55-6	081750
55-7	261760
55-7	332660
55-7	333120
55-7	330230
55-7	01021980
55-7	264940
55-7	330160
55-7	106810
55-7	042010
55-7	156520
55-8	262120
55-8	106950
55-8	106890
55-8	106060
55-8	107800
55-8	107550
55-8	107440
55-8	106610
55-8	107610
55-8	01028460
55-9	528400
55-9	468850
55-9	054310
55-9	230300
55-9	468740
55-9	155000
55-9	053840
55-9	205990
55-9	333560
55-9	316290
55-10	106880
55-10	01014960
55-10	106300
55-10	106620
55-10	106180
55-10	106740
55-10	105830
55-10	429250
55-10	352510
55-10	375240
55-11	538900
55-11	333480
55-11	276540
55-11	087450
55-11	551620
55-11	107890
55-11	382960
55-11	108010
55-11	108020
55-11	106200
55-12	106920
55-12	324060
55-12	330510
55-12	265670
55-12	328470
55-12	107530
55-12	034740
55-12	328390
55-12	035130
55-12	475870
55-13	107980
55-13	106680
55-13	107350
55-13	108090
55-13	106610
55-13	106890
55-13	041200
55-13	381300
55-13	244690
55-13	378240
55-14	247060
55-14	437630
55-14	437810
55-14	437570
55-14	437590
55-14	002080
55-14	099040
55-14	000040
55-14	339100
55-14	258890
55-15	197010
55-15	438560
55-15	108230
55-15	438640
55-15	438840
55-15	439060
55-15	01049630
55-15	437780
55-15	438200
55-15	437930
55-16	01011790
55-16	031550
55-16	031360
55-16	300060
55-16	055740
55-16	108430
55-16	103760
55-16	031450
55-16	066060
55-16	065900
55-17	108530
55-17	345360
55-17	108600
55-17	347940
55-17	289270
55-17	287900
55-17	01078590
55-17	067230
55-17	289350
55-17	016070
55-18	395150
55-18	108880
55-18	317630
55-18	242890
55-18	400860
55-18	01007460
55-18	318110
55-18	01073480
55-18	327450
55-18	072290
55-19	003130
55-19	288290
55-19	005060
55-19	279800
55-19	109740
55-19	341560
55-19	01002820
55-19	279900
55-19	368990
55-19	258630
55-20	066020
55-20	01002820
55-20	368990
55-20	366430
55-20	007960
55-20	279940
55-20	154640
55-20	288290
55-20	150380
55-20	371490
55-21	109230
55-21	129960
55-21	01034510
55-21	085680
55-21	018660
55-21	212630
55-21	130000
55-21	032260
55-21	001120
55-21	067570
55-22	109520
55-22	457940
55-22	113610
55-22	389400
55-22	109470
55-22	162520
55-22	113630
55-22	279520
55-22	459520
55-22	323010
55-23	373510
55-23	344070
55-23	111980
55-23	003300
55-23	039310
55-23	016080
55-23	087090
55-23	003170
55-23	315870
55-23	089550
55-24	110730
55-24	110310
55-24	347030
55-24	416510
55-24	334530
55-24	354000
55-24	416200
55-24	353530
55-24	351910
55-24	352900
55-25	110410
55-25	135550
55-25	166900
55-25	306280
55-25	405710
55-25	260600
55-25	258990
55-25	328580
55-25	486180
55-25	402600
55-26	110930
55-26	327760
55-26	333920
55-26	110980
55-26	232280
55-26	390800
55-26	110760
55-26	328900
55-26	027690
55-26	022850
55-27	111310
55-27	110380
55-27	231160
55-27	111380
55-27	111510
55-27	112670
55-27	110650
55-27	327170
55-27	110180
55-27	162040
55-28	333780
55-28	161800
55-28	111330
55-28	407760
55-28	110850
55-28	261930
55-28	331490
55-28	333490
55-28	230030
55-28	330730
55-29	144270
55-29	219740
55-29	312910
55-29	178590
55-29	122770
55-29	265650
55-29	122290
55-29	492280
55-29	128240
55-29	267260
55-30	324240
55-30	266440
55-30	003130
55-30	514190
55-30	092750
55-30	542970
55-30	313890
55-30	146310
55-30	216260
55-30	259440
55-31	347030
55-31	018350
55-31	353530
55-31	243550
55-31	081360
55-31	344610
55-31	349570
55-31	344000
55-31	513270
55-31	516950
55-32	01001160
55-32	111990
55-32	003200
55-32	003170
55-32	080460
55-32	000920
55-32	01001180
55-32	018810
55-32	000170
55-32	002000
55-33	112230
55-33	195880
55-33	112210
55-33	01066540
55-33	288290
55-33	046390
55-33	165510
55-33	301260
55-33	279290
55-33	412980
55-34	411780
55-34	336070
55-34	112330
55-34	448830
55-34	243300
55-34	488360
55-34	349570
55-34	288260
55-34	354030
55-34	112000
55-35	288290
55-35	345540
55-35	488400
55-35	348710
55-35	288220
55-35	455510
55-35	288380
55-35	542250
55-35	351890
55-35	542240
55-36	112710
55-36	184970
55-36	056690
55-36	065990
55-36	113510
55-36	084160
55-36	163050
55-36	072230
55-36	221680
55-36	004910
55-37	173190
55-37	113140
55-37	084650
55-37	113370
55-37	067870
55-37	345830
55-37	338580
55-37	027700
55-37	521170
55-37	113320
55-38	113510
55-38	01011740
55-38	196320
55-38	098840
55-38	002760
55-38	035460
55-38	031420
55-38	342740
55-38	062960
55-38	000100
55-39	194130
55-39	115200
55-39	344360
55-39	199040
55-39	113670
55-39	089620
55-39	115370
55-39	103500
55-39	199480
55-39	116860
55-40	194180
55-40	134320
55-40	113880
55-40	005050
55-40	114500
55-40	195530
55-40	165080
55-40	118130
55-40	115510
55-40	213630
55-41	113750
55-41	194780
55-41	113920
55-41	195250
55-41	053520
55-41	033600
55-41	133410
55-41	194600
55-41	134080
55-41	115010
55-42	113850
55-42	006180
55-42	118030
55-42	194900
55-42	110460
55-42	450050
55-42	269460
55-42	114420
55-42	199930
55-42	007390
55-43	114100
55-43	328000
55-43	019500
55-43	269070
55-43	019430
55-43	009020
55-43	416580
55-43	203520
55-43	438970
55-43	483110
55-44	006760
55-44	119020
55-44	114080
55-44	010230
55-44	117660
55-44	008400
55-44	119030
55-44	122560
55-44	005510
55-44	195970
55-45	008100
55-45	120020
55-45	114500
55-45	114360
55-45	115160
55-45	118010
55-45	390630
55-45	168990
55-45	113540
55-45	135390
55-46	025340
55-46	114420
55-46	01011470
55-46	118600
55-46	022510
55-46	007160
55-46	143150
55-46	114690
55-46	01003760
55-46	023460
55-47	301470
55-47	01008870
55-47	115630
55-47	01004350
55-47	197850
55-47	280900
55-47	200630
55-47	202170
55-47	144700
55-47	197320
55-48	193680
55-48	114610
55-48	115300
55-48	197850
55-48	113910
55-48	114600
55-48	390860
55-48	019400
55-48	113990
55-48	194500
55-49	114600
55-49	199930
55-49	120850
55-49	390590
55-49	411010
55-49	168510
55-49	137640
55-49	008620
55-49	01051020
55-49	169950
55-50	114620
55-50	169070
55-50	167180
55-50	169030
55-50	276640
55-50	137420
55-50	138410
55-50	01030710
55-50	171030
55-50	199960
55-51	114970
55-51	236850
55-51	473460
55-51	214990
55-51	086470
55-51	113870
55-51	118130
55-51	115610
55-51	010140
55-51	01032030
55-52	123750
55-52	196370
55-52	007090
55-52	011310
55-52	140180
55-52	166470
55-52	118700
55-52	196310
55-52	114410
55-52	216230
55-53	115880
55-53	115890
55-53	115640
55-53	144390
55-53	115570
55-53	115790
55-53	179630
55-53	127520
55-53	116000
55-53	01009100
55-54	01002370
55-54	225700
55-54	017790
55-54	037530
55-54	166730
55-54	301620
55-54	132760
55-54	300220
55-54	162860
55-54	224830
55-55	300440
55-55	117150
55-55	056000
55-55	01031380
55-55	116960
55-55	117850
55-55	01031910
55-55	194240
55-55	118580
55-55	133770
55-56	116400
55-56	116420
55-56	116410
55-56	132950
55-56	004660
55-56	116830
55-56	134590
55-56	117030
55-56	163310
55-56	079010
55-57	01031450
55-57	432520
55-57	117210
55-57	301860
55-57	300100
55-57	133660
55-57	164090
55-57	156120
55-57	133210
55-57	234080
55-58	118240
55-58	117000
55-58	116940
55-58	118840
55-58	133630
55-58	133270
55-58	118060
55-58	01091960
55-58	117240
55-58	056410
55-59	117350
55-59	036290
55-59	148110
55-59	119250
55-59	339020
55-59	352500
55-59	196580
55-59	001630
55-59	339120
55-59	256880
55-60	079490
55-60	01062480
55-60	259890
55-60	084510
55-60	019010
55-60	019000
55-60	01014960
55-60	528200
55-60	064940
55-60	124590
55-61	117520
55-61	119660
55-61	118410
55-61	118440
55-61	119450
55-61	002000
55-61	120680
55-61	119200
55-61	118430
55-61	056230
55-62	01031670
55-62	164300
55-62	121470
55-62	121060
55-62	134040
55-62	117940
55-62	374480
55-62	166840
55-62	118820
55-62	165570
55-63	225700
55-63	280390
55-63	118580
55-63	165900
55-63	165780
55-63	125300
55-63	164460
55-63	170130
55-63	118820
55-63	301190
55-64	01031670
55-64	164280
55-64	116930
55-64	301510
55-64	118620
55-64	117820
55-64	118240
55-64	117240
55-64	172480
55-64	117830
55-65	118720
55-65	119780
55-65	118600
55-65	224870
55-65	118230
55-65	439440
55-65	005560
55-65	117180
55-65	117710
55-65	007160
55-66	118000
55-66	224990
55-66	006320
55-66	226400
55-66	01035520
55-66	017960
55-66	155890
55-66	432870
55-66	01032020
55-66	254560
55-67	118290
55-67	116630
55-67	118480
55-67	293450
55-67	348720
55-67	119370
55-67	118450
55-67	352030
55-67	117440
55-67	117340
55-68	118480
55-68	126980
55-68	121960
55-68	118320
55-68	116670
55-68	120470
55-68	117510
55-68	119480
55-68	118450
55-68	119450
55-69	117860
55-69	164930
55-69	117850
55-69	116370
55-69	118720
55-69	120030
55-69	134330
55-69	166380
55-69	121630
55-69	116950
55-70	118720
55-70	117780
55-70	225290
55-70	119780
55-70	119100
55-70	234460
55-70	116370
55-70	301300
55-70	120950
55-70	166410
55-71	006180
55-71	118030
55-71	194900
55-71	113850
55-71	110460
55-71	417350
55-71	269460
55-71	119160
55-71	007390
55-71	213370
55-72	116410
55-72	116830
55-72	300750
55-72	01043480
55-72	164840
55-72	117230
55-72	116420
55-72	224890
55-72	133990
55-72	374430
55-73	134090
55-73	167510
55-73	119970
55-73	099860
55-73	279930
55-73	301340
55-73	174360
55-73	101040
55-73	117240
55-73	114340
55-74	136280
55-74	117610
55-74	01031670
55-74	117030
55-74	120250
55-74	116420
55-74	117760
55-74	134200
55-74	119140
55-74	279890
55-75	119520
55-75	123300
55-75	293450
55-75	291490
55-75	032380
55-75	123430
55-75	275010
55-75	123280
55-75	348250
55-75	123270
55-76	119370
55-76	006770
55-76	116630
55-76	01002990
55-76	118560
55-76	118450
55-76	118440
55-76	120660
55-76	119200
55-76	213720
55-77	01031670
55-77	196320
55-77	225060
55-77	138400
55-77	119040
55-77	122350
55-77	117850
55-77	164910
55-77	083950
55-77	008190
55-78	120410
55-78	120660
55-78	213970
55-78	006060
55-78	119480
55-78	498150
55-78	006000
55-78	127220
55-78	008020
55-78	118320
55-79	118940
55-79	122710
55-79	125340
55-79	029560
55-79	152840
55-79	124860
55-79	126620
55-79	122250
55-79	118580
55-79	120080
55-80	118750
55-80	280400
55-80	01032030
55-80	100440
55-80	01031970
55-80	375430
55-80	119290
55-80	124190
55-80	121620
55-80	006890
55-81	01031380
55-81	117850
55-81	121560
55-81	117860
55-81	117600
55-81	01002500
55-81	01031450
55-81	164910
55-81	116370
55-81	056730
55-82	01031600
55-82	116940
55-82	01031450
55-82	100660
55-82	224520
55-82	118100
55-82	01057120
55-82	167260
55-82	133650
55-82	01031670
55-83	119570
55-83	347800
55-83	120680
55-83	119750
55-83	123520
55-83	119260
55-83	124600
55-83	292650
55-83	118480
55-83	119660
55-84	118610
55-84	121090
55-84	172040
55-84	119060
55-84	118620
55-84	280200
55-84	301210
55-84	01031670
55-84	119810
55-84	163200
55-85	166420
55-85	303260
55-85	117860
55-85	119000
55-85	119100
55-85	166760
55-85	186510
55-85	101660
55-85	226360
55-85	235280
55-86	01003760
55-86	143150
55-86	172940
55-86	118230
55-86	122250
55-86	118720
55-86	171180
55-86	439440
55-86	122710
55-86	300510
55-87	01031670
55-87	116400
55-87	134910
55-87	166840
55-87	01067700
55-87	119060
55-87	166020
55-87	122350
55-87	280210
55-87	122600
55-88	113970
55-88	121430
55-88	139390
55-88	008940
55-88	121690
55-88	120990
55-88	174070
55-88	225130
55-88	223370
55-88	145530
55-89	119510
55-89	347800
55-89	317690
55-89	317530
55-89	317500
55-89	348720
55-89	317540
55-89	091840
55-89	119280
55-89	118560
55-90	119780
55-90	122690
55-90	058430
55-90	301920
55-90	124220
55-90	01031590
55-90	122540
55-90	123710
55-90	118720
55-90	126360
55-91	119940
55-91	136430
55-91	122470
55-91	058270
55-91	167170
55-91	116830
55-91	114900
55-91	059720
55-91	303300
55-91	122360
55-92	117860
55-92	134900
55-92	117850
55-92	125050
55-92	01031600
55-92	126190
55-92	117830
55-92	122840
55-92	058240
55-92	176490
55-93	138170
55-93	137960
55-93	161130
55-93	136310
55-93	117750
55-93	167770
55-93	006720
55-93	120060
55-93	125060
55-93	008360
55-94	433690
55-94	122800
55-94	137440
55-94	168700
55-94	235450
55-94	121090
55-94	390110
55-94	158590
55-94	139710
55-94	389270
56-1	225290
56-1	119780
56-1	379350
56-1	118720
56-1	121470
56-1	118090
56-1	302070
56-1	301300
56-1	119990
56-1	138520
56-2	120420
56-2	01003780
56-2	198310
56-2	007470
56-2	121480
56-2	008450
56-2	136780
56-2	215090
56-2	123120
56-2	114510
56-3	135940
56-3	214810
56-3	176120
56-3	136730
56-3	120070
56-3	301400
56-3	302900
56-3	137440
56-3	389620
56-3	302680
56-4	120080
56-4	138130
56-4	01032400
56-4	136120
56-4	008230
56-4	226930
56-4	120030
56-4	321640
56-4	119840
56-4	01031980
56-5	120010
56-5	120080
56-5	119030
56-5	01031670
56-5	472520
56-5	126650
56-5	122470
56-5	058140
56-5	136070
56-5	122770
56-6	008590
56-6	022510
56-6	022930
56-6	136820
56-6	023460
56-6	022330
56-6	120260
56-6	022270
56-6	022360
56-6	124920
56-7	01031670
56-7	138400
56-7	172040
56-7	121470
56-7	303480
56-7	083950
56-7	122350
56-7	121060
56-7	196320
56-7	008190
56-8	122000
56-8	122050
56-8	118470
56-8	116740
56-8	01032880
56-8	124490
56-8	120720
56-8	127120
56-8	347800
56-8	120530
56-9	171300
56-9	122770
56-9	166740
56-9	225890
56-9	169620
56-9	122650
56-9	126620
56-9	225860
56-9	164840
56-9	116400
56-10	123460
56-10	124780
56-10	122040
56-10	002920
56-10	326800
56-10	243780
56-10	084580
56-10	123490
56-10	01079250
56-10	353070
56-11	139580
56-11	225630
56-11	118720
56-11	01032010
56-11	440090
56-11	301720
56-11	136240
56-11	119780
56-11	307820
56-11	01031670
56-12	169390
56-12	137350
56-12	124260
56-12	167390
56-12	225390
56-12	215270
56-12	101240
56-12	301680
56-12	136470
56-12	235910
56-13	056630
56-13	164080
56-13	133220
56-13	169390
56-13	225400
56-13	01003190
56-13	137350
56-13	116990
56-13	225390
56-13	114270
56-14	390930
56-14	139940
56-14	122770
56-14	378120
56-14	121090
56-14	227170
56-14	01031670
56-14	01005420
56-14	060680
56-14	126630
56-15	139390
56-15	008940
56-15	01039890
56-15	138170
56-15	113970
56-15	114720
56-15	121110
56-15	123870
56-15	120990
56-15	174070
56-16	120900
56-16	301710
56-16	101260
56-16	059180
56-16	122540
56-16	137430
56-16	121630
56-16	129120
56-16	058410
56-16	280610
56-17	121690
56-17	121430
56-17	122750
56-17	225840
56-17	145530
56-17	161130
56-17	126480
56-17	114920
56-17	139390
56-17	142400
56-18	120030
56-18	122970
56-18	236110
56-18	226360
56-18	122300
56-18	119850
56-18	167470
56-18	301320
56-18	058160
56-18	136040
56-19	126360
56-19	01004730
56-19	118720
56-19	126150
56-19	118820
56-19	171040
56-19	171110
56-19	177790
56-19	121090
56-19	027370
56-20	128830
56-20	387500
56-20	357850
56-20	128530
56-20	118400
56-20	286840
56-20	117310
56-20	123390
56-20	099450
56-20	291490
56-21	117860
56-21	123840
56-21	378470
56-21	122330
56-21	01032030
56-21	302090
56-21	391450
56-21	058140
56-21	136450
56-21	093390
56-22	123280
56-22	064810
56-22	124780
56-22	411640
56-22	016100
56-22	396050
56-22	067330
56-22	416340
56-22	01022210
56-22	216750
56-23	242770
56-23	044690
56-23	122490
56-23	139040
56-23	324000
56-23	036260
56-23	181950
56-23	263260
56-23	182200
56-23	182160
56-24	118720
56-24	434580
56-24	129550
56-24	122540
56-24	01031590
56-24	124220
56-24	119780
56-24	281740
56-24	058430
56-24	170260
56-25	122360
56-25	117860
56-25	122720
56-25	119870
56-25	118720
56-25	120030
56-25	119940
56-25	122470
56-25	227340
56-25	058140
56-26	01031450
56-26	435290
56-26	000530
56-26	435350
56-26	281220
56-26	126390
56-26	120030
56-26	171160
56-26	349880
56-26	01032820
56-27	122990
56-27	121450
56-27	010340
56-27	137060
56-27	01033750
56-27	127330
56-27	281950
56-27	391540
56-27	124380
56-27	121400
56-28	023140
56-28	122370
56-28	023630
56-28	126470
56-28	01004660
56-28	011590
56-28	023300
56-28	025290
56-28	023690
56-28	01003450
56-29	01032010
56-29	121060
56-29	126650
56-29	122710
56-29	120010
56-29	01031670
56-29	122280
56-29	164750
56-29	120080
56-29	126570
56-30	123420
56-30	127850
56-30	347800
56-30	060390
56-30	129820
56-30	127210
56-30	127940
56-30	127010
56-30	125710
56-30	127910
56-31	01004880
56-31	115150
56-31	010530
56-31	01032820
56-31	121000
56-31	01057470
56-31	117860
56-31	123120
56-31	391180
56-31	128160
56-32	124650
56-32	188520
56-32	240700
56-32	217460
56-32	400260
56-32	125770
56-32	01060070
56-32	548800
56-32	119610
56-32	005500
56-33	124030
56-33	011100
56-33	292130
56-33	203250
56-33	121100
56-33	01033030
56-33	244490
56-33	467830
56-33	123120
56-33	315650
56-34	124480
56-34	125570
56-34	126050
56-34	217460
56-34	124650
56-34	347800
56-34	124530
56-34	124510
56-34	120690
56-34	125770
56-35	138130
56-35	518210
56-35	174250
56-35	01057120
56-35	121510
56-35	118840
56-35	125560
56-35	118850
56-35	122250
56-35	122750
56-36	475700
56-36	123840
56-36	377630
56-36	01096640
56-36	119160
56-36	178410
56-36	168510
56-36	133260
56-36	140230
56-36	301880
56-37	124610
56-37	01032900
56-37	122000
56-37	126900
56-37	035170
56-37	125490
56-37	121740
56-37	120830
56-37	125730
56-37	123510
56-38	122770
56-38	177500
56-38	172950
56-38	011040
56-38	227300
56-38	120880
56-38	226530
56-38	226820
56-38	140580
56-38	227010
56-39	124490
56-39	126980
56-39	206190
56-39	127120
56-39	119550
56-39	121750
56-39	120720
56-39	119450
56-39	123380
56-39	267600
56-40	126360
56-40	124960
56-40	126390
56-40	01005750
56-40	174790
56-40	123710
56-40	126410
56-40	124360
56-40	140570
56-40	282070
56-41	121090
56-41	01005420
56-41	01004950
56-41	128700
56-41	114380
56-41	125160
56-41	01032660
56-41	124020
56-41	01004920
56-41	226340
56-42	124640
56-42	202110
56-42	202140
56-42	127280
56-42	197650
56-42	442090
56-42	123190
56-42	000870
56-42	194840
56-42	123650
56-43	124100
56-43	137160
56-43	237180
56-43	119870
56-43	231390
56-43	170650
56-43	010150
56-43	011020
56-43	140010
56-43	433910
56-44	125180
56-44	175070
56-44	020180
56-44	127640
56-44	284410
56-44	129440
56-44	331360
56-44	473640
56-44	141810
56-44	541970
56-45	125220
56-45	011820
56-45	125210
56-45	01081790
56-45	161630
56-45	263670
56-45	331280
56-45	326770
56-45	204840
56-45	345710
56-46	118580
56-46	119040
56-46	196320
56-46	381550
56-46	140440
56-46	225060
56-46	116440
56-46	191200
56-46	169860
56-46	179820
56-47	125720
56-47	127210
56-47	120690
56-47	061700
56-47	242000
56-47	129820
56-47	127910
56-47	124490
56-47	149730
56-47	027440
56-48	124920
56-48	141710
56-48	012010
56-48	180180
56-48	071250
56-48	041230
56-48	012350
56-48	394460
56-48	01009030
56-48	137290
56-49	125830
56-49	128830
56-49	091840
56-49	125870
56-49	119550
56-49	123640
56-49	202400
56-49	504610
56-49	125490
56-49	126900
56-50	226440
56-50	124220
56-50	122690
56-50	121550
56-50	301920
56-50	126360
56-50	138060
56-50	172200
56-50	174470
56-50	267200
56-51	126510
56-51	122290
56-51	01027150
56-51	302460
56-51	128570
56-51	126360
56-51	122360
56-51	277970
56-51	122720
56-51	128140
56-52	123210
56-52	121480
56-52	120050
56-52	171390
56-52	117810
56-52	023760
56-52	001050
56-52	119990
56-52	287450
56-52	01005730
56-53	01005420
56-53	121090
56-53	01004950
56-53	01031670
56-53	125560
56-53	114620
56-53	122800
56-53	139940
56-53	121300
56-53	124000
56-54	142010
56-54	124970
56-54	117110
56-54	117600
56-54	174590
56-54	200600
56-54	373720
56-54	090530
56-54	099430
56-54	184810
56-55	127900
56-55	01033730
56-55	01028390
56-55	257030
56-55	192610
56-55	347340
56-55	353660
56-55	352620
56-55	215820
56-55	442930
56-56	124850
56-56	115420
56-56	204230
56-56	174660
56-56	013440
56-56	102470
56-56	013400
56-56	012600
56-56	141820
56-56	392550
56-57	125210
56-57	123730
56-57	160480
56-57	512380
56-57	179460
56-57	262840
56-57	364730
56-57	333110
56-57	180720
56-57	020020
56-58	01014960
56-58	01014980
56-58	432620
56-58	064940
56-58	156970
56-58	259090
56-58	045320
56-58	326800
56-58	488420
56-58	124780
56-59	125850
56-59	124560
56-59	062680
56-59	128510
56-59	123350
56-59	127170
56-59	125720
56-59	127030
56-59	125920
56-59	123360
56-60	126050
56-60	347800
56-60	124480
56-60	120690
56-60	119740
56-60	119750
56-60	118450
56-60	119200
56-60	129690
56-60	247380
56-61	126510
56-61	126340
56-61	137470
56-61	125020
56-61	01094300
56-61	227120
56-61	302690
56-61	122360
56-61	128570
56-61	122420
56-62	120980
56-62	136690
56-62	117760
56-62	168300
56-62	125130
56-62	119990
56-62	117860
56-62	124450
56-62	172000
56-62	140550
56-63	173510
56-63	169120
56-63	166740
56-63	225890
56-63	283140
56-63	139480
56-63	122290
56-63	123180
56-63	163880
56-63	174750
56-64	010950
56-64	011220
56-64	009680
56-64	013250
56-64	01032950
56-64	013550
56-64	009990
56-64	057840
56-64	153170
56-64	128830
56-65	124780
56-65	125490
56-65	01052580
56-65	206190
56-65	124610
56-65	121800
56-65	117310
56-65	020480
56-65	126900
56-65	368450
56-66	206980
56-66	207180
56-66	01054050
56-66	144680
56-66	218790
56-66	180580
56-66	180250
56-66	126480
56-66	126740
56-66	211390
56-67	117860
56-67	116960
56-67	137100
56-67	311720
56-67	01032820
56-67	121630
56-67	076340
56-67	124000
56-67	301180
56-67	165140
56-68	127650
56-68	177790
56-68	173850
56-68	455420
56-68	115380
56-68	141600
56-68	126260
56-68	137190
56-68	173510
56-68	01005850
56-69	127640
56-69	122250
56-69	009780
56-69	120080
56-69	144010
56-69	281750
56-69	118840
56-69	01004950
56-69	125560
56-69	125540
56-70	122040
56-70	128900
56-70	123190
56-70	124620
56-70	127900
56-70	122060
56-70	358360
56-70	119740
56-70	106890
56-70	01061110
56-71	01032950
56-71	126260
56-71	120900
56-71	176020
56-71	210400
56-71	062810
56-71	125270
56-71	145550
56-71	125470
56-71	01011950
56-72	127630
56-72	01006170
56-72	177750
56-72	390550
56-72	398370
56-72	124920
56-72	01034390
56-72	161260
56-72	410890
56-72	202830
56-73	01011130
56-73	028570
56-73	544670
56-73	543590
56-73	01011180
56-73	511120
56-73	01010440
56-73	232430
56-73	125740
56-73	511760
56-74	176990
56-74	145890
56-74	219250
56-74	393610
56-74	127620
56-74	232720
56-74	143730
56-74	227290
56-74	171950
56-74	173920
56-75	117740
56-75	249660
56-75	124000
56-75	426640
56-75	224940
56-75	226780
56-75	031430
56-75	226230
56-75	122400
56-75	226400
56-76	099450
56-76	347800
56-76	119750
56-76	021290
56-76	088860
56-76	269030
56-76	293450
56-76	116740
56-76	020780
56-76	120680
56-77	286890
56-77	287480
56-77	100360
56-77	281480
56-77	316700
56-77	018150
56-77	018040
56-77	154360
56-77	448160
56-77	226540
56-78	129420
56-78	177220
56-78	125050
56-78	173430
56-78	117620
56-78	01012240
56-78	303230
56-78	117850
56-78	011710
56-78	01032820
56-79	176020
56-79	303120
56-79	142500
56-79	144440
56-79	242960
56-79	312890
56-79	125470
56-79	206580
56-79	102480
56-79	103570
56-80	01034070
56-80	204360
56-80	019140
56-80	206190
56-80	124640
56-80	204220
56-80	199890
56-80	204710
56-80	120490
56-80	439330
56-81	210450
56-81	020500
56-81	233140
56-81	210440
56-81	129060
56-81	493240
56-81	492520
56-81	253320
56-81	493180
56-81	169940
56-82	129380
56-82	145050
56-82	128300
56-82	145370
56-82	394060
56-82	381180
56-82	013120
56-82	292360
56-82	010620
56-82	209690
56-83	129380
56-83	145050
56-83	145370
56-83	394060
56-83	210050
56-83	209690
56-83	381180
56-83	292360
56-83	013120
56-83	126390
56-84	129640
56-84	405450
56-84	01034500
56-84	129220
56-84	404050
56-84	406100
56-84	401300
56-84	402250
56-84	412100
56-84	400100
56-85	180840
56-85	227290
56-85	180670
56-85	064310
56-85	129510
56-85	128730
56-85	062950
56-85	434850
56-85	226540
56-85	176440
56-86	146000
56-86	144700
56-86	115170
56-86	227020
56-86	220940
56-86	180920
56-86	227090
56-86	123890
56-86	287260
56-86	445660
56-87	129570
56-87	180960
56-87	146030
56-87	015090
56-87	220850
56-87	01033230
56-87	122620
56-87	145280
56-87	124140
56-87	128260
56-88	120680
56-88	122040
56-88	119750
56-88	367340
56-88	128900
56-88	116630
56-88	01061110
56-88	347800
56-88	120810
56-88	129690
56-89	01034510
56-89	129960
56-89	129990
56-89	01013360
56-89	067170
56-89	032260
56-89	212630
56-89	155500
56-89	109230
56-89	267470
56-90	129980
56-90	130330
56-90	130090
56-90	129970
56-90	130020
56-90	01034650
56-90	130040
56-90	130160
56-90	130210
56-90	104430
56-91	130350
56-91	130120
56-91	130140
56-91	214130
56-91	130570
56-91	130430
56-91	130460
56-91	130210
56-91	130530
56-91	041040
56-92	130350
56-92	041040
56-92	214130
56-92	130140
56-92	130570
56-92	01020220
56-92	130120
56-92	130210
56-92	130460
56-92	130470
56-93	347920
56-93	343480
56-93	080620
56-93	105340
56-93	031950
56-93	347050
56-93	352910
56-93	150980
56-93	352940
56-93	342720
56-94	154840
56-94	065530
56-94	084510
56-94	084580
56-94	068440
56-94	335940
56-94	258640
56-94	432030
56-94	353070
56-94	029930
57-1	154800
57-1	154770
57-1	156700
57-1	335940
57-1	490990
57-1	056680
57-1	069110
57-1	243890
57-1	261340
57-1	336180
57-2	148930
57-2	130930
57-2	131290
57-2	151550
57-2	186170
57-2	066700
57-2	319770
57-2	097000
57-2	150690
57-2	130320
57-3	455610
57-3	449290
57-3	131260
57-3	131100
57-3	130610
57-3	097000
57-3	346440
57-3	030630
57-3	348780
57-3	191810
57-4	375400
57-4	131280
57-4	131350
57-4	131040
57-4	389350
57-4	400920
57-4	135030
57-4	164600
57-4	131780
57-4	131720
57-5	432390
57-5	041620
57-5	130660
57-5	131090
57-5	485010
57-5	372990
57-5	01097780
57-5	149090
57-5	131140
57-5	416610
57-6	131470
57-6	01013610
57-6	131670
57-6	131450
57-6	131460
57-6	517000
57-6	543590
57-6	131040
57-6	506010
57-6	521350
57-7	517000
57-7	131490
57-7	455610
57-7	400920
57-7	131680
57-7	488530
57-7	131670
57-7	521350
57-7	131620
57-7	131160
57-8	132130
57-8	132260
57-8	326800
57-8	131890
57-8	249750
57-8	132170
57-8	331530
57-8	088150
57-8	088140
57-8	063190
57-9	132660
57-9	162370
57-9	133120
57-9	132870
57-9	163170
57-9	055880
57-9	274970
57-9	163210
57-9	274940
57-9	117210
57-10	162690
57-10	132920
57-10	279220
57-10	133070
57-10	162710
57-10	132740
57-10	162570
57-10	133260
57-10	432160
57-10	162700
57-11	132720
57-11	135580
57-11	164800
57-11	134740
57-11	166410
57-11	132880
57-11	134990
57-11	139170
57-11	136130
57-11	136220
57-12	163030
57-12	132910
57-12	132950
57-12	133490
57-12	132860
57-12	163310
57-12	133900
57-12	133500
57-12	113590
57-12	133720
57-13	164150
57-13	133570
57-13	116530
57-13	162730
57-13	162660
57-13	135500
57-13	163870
57-13	01035100
57-13	138040
57-13	137980
57-14	133150
57-14	053440
57-14	164220
57-14	032300
57-14	315160
57-14	01035570
57-14	053540
57-14	133670
57-14	021920
57-14	017760
57-15	135950
57-15	000870
57-15	242820
57-15	000620
57-15	169100
57-15	135570
57-15	137130
57-15	003390
57-15	133400
57-15	134010
57-16	132860
57-16	163640
57-16	079010
57-16	165170
57-16	132910
57-16	162990
57-16	164250
57-16	132920
57-16	133490
57-16	162800
57-17	136190
57-17	133330
57-17	007350
57-17	136970
57-17	195610
57-17	134170
57-17	141480
57-17	134090
57-17	194040
57-17	006090
57-18	134090
57-18	133500
57-18	132860
57-18	134250
57-18	133330
57-18	117240
57-18	165000
57-18	133350
57-18	136280
57-18	137770
57-19	079010
57-19	133710
57-19	132860
57-19	224350
57-19	134420
57-19	01043430
57-19	133500
57-19	135650
57-19	135450
57-19	135360
57-20	194610
57-20	005500
57-20	005750
57-20	133720
57-20	176430
57-20	195050
57-20	222590
57-20	005690
57-20	134100
57-20	141650
57-21	172040
57-21	01035290
57-21	138750
57-21	156120
57-21	135670
57-21	01035860
57-21	133660
57-21	164090
57-21	137770
57-21	388020
57-22	134490
57-22	130530
57-22	194890
57-22	166280
57-22	177070
57-22	041040
57-22	135350
57-22	275540
57-22	130570
57-22	130350
57-23	163310
57-23	132950
57-23	133490
57-23	132860
57-23	116410
57-23	132910
57-23	133500
57-23	01043430
57-23	133900
57-23	134590
57-24	079010
57-24	056270
57-24	117230
57-24	163310
57-24	005390
57-24	004670
57-24	033550
57-24	01027510
57-24	279370
57-24	134940
57-25	134520
57-25	137340
57-25	143210
57-25	133850
57-25	518540
57-25	167340
57-25	122470
57-25	142730
57-25	117600
57-25	135890
57-26	031680
57-26	088860
57-26	018080
57-26	164680
57-26	137740
57-26	070630
57-26	269030
57-26	499210
57-26	080790
57-26	099450
57-27	134220
57-27	276910
57-27	118280
57-27	164870
57-27	135700
57-27	139000
57-27	144620
57-27	135130
57-27	138520
57-27	172300
57-28	345540
57-28	134880
57-28	318000
57-28	348710
57-28	346280
57-28	136850
57-28	142280
57-28	348630
57-28	144230
57-28	143430
57-29	318000
57-29	035830
57-29	290660
57-29	351890
57-29	488400
57-29	160990
57-29	345540
57-29	471650
57-29	296290
57-29	221700
57-30	164820
57-30	134560
57-30	006740
57-30	133810
57-30	164210
57-30	134970
57-30	136170
57-30	190160
57-30	133010
57-30	137460
57-31	143300
57-31	140040
57-31	141460
57-31	01036270
57-31	145180
57-31	01035990
57-31	179120
57-31	143480
57-31	120270
57-31	133400
57-32	164280
57-32	134370
57-32	279910
57-32	172480
57-32	135600
57-32	117820
57-32	388930
57-32	133500
57-32	01031670
57-32	134930
57-33	279220
57-33	135740
57-33	132920
57-33	133070
57-33	233850
57-33	134830
57-33	162690
57-33	247250
57-33	281170
57-33	031550
57-34	195590
57-34	133990
57-34	172300
57-34	194180
57-34	133840
57-34	019400
57-34	139000
57-34	005060
57-34	117720
57-34	141230
57-35	134390
57-35	195250
57-35	053520
57-35	133410
57-35	139290
57-35	053690
57-35	140470
57-35	099620
57-35	134530
57-35	060380
57-36	006180
57-36	118030
57-36	194900
57-36	113850
57-36	110460
57-36	417350
57-36	269460
57-36	141160
57-36	056900
57-36	174250
57-37	195780
57-37	165330
57-37	137120
57-37	335860
57-37	189560
57-37	070510
57-37	056960
57-37	053830
57-37	137480
57-37	021420
57-38	134400
57-38	136110
57-38	134970
57-38	145830
57-38	174390
57-38	026830
57-38	173480
57-38	145650
57-38	023460
57-38	144760
57-39	164550
57-39	133450
57-39	135130
57-39	166680
57-39	133760
57-39	165790
57-39	135240
57-39	135420
57-39	269270
57-39	137180
57-40	196320
57-40	135410
57-40	100740
57-40	119040
57-40	138630
57-40	057450
57-40	328440
57-40	123030
57-40	170880
57-40	136260
57-41	134930
57-41	135600
57-41	01031670
57-41	167350
57-41	166400
57-41	136240
57-41	137550
57-41	134200
57-41	170990
57-41	142900
57-42	01043780
57-42	164680
57-42	390880
57-42	234890
57-42	137460
57-42	168800
57-42	390780
57-42	137630
57-42	133660
57-42	136260
57-43	135440
57-43	478680
57-43	026080
57-43	016770
57-43	137850
57-43	222440
57-43	053870
57-43	336830
57-43	478690
57-43	000650
57-44	119060
57-44	132860
57-44	117130
57-44	269750
57-44	375260
57-44	114500
57-44	019400
57-44	135390
57-44	019490
57-44	134420
57-45	136850
57-45	138240
57-45	134810
57-45	139810
57-45	135780
57-45	142290
57-45	306820
57-45	139830
57-45	262090
57-45	138290
57-46	134940
57-46	134890
57-46	167050
57-46	118010
57-46	214260
57-46	057050
57-46	132920
57-46	135390
57-46	145430
57-46	144260
57-47	135010
57-47	234840
57-47	165940
57-47	165900
57-47	171760
57-47	137180
57-47	118820
57-47	170450
57-47	196460
57-47	170950
57-48	171090
57-48	301920
57-48	122690
57-48	139420
57-48	136040
57-48	138850
57-48	136060
57-48	174470
57-48	119780
57-48	138060
57-49	135620
57-49	134610
57-49	164640
57-49	01012160
57-49	005440
57-49	144570
57-49	132970
57-49	133570
57-49	117950
57-49	136190
57-50	167170
57-50	058270
57-50	172490
57-50	229630
57-50	136430
57-50	214860
57-50	200140
57-50	166470
57-50	119940
57-50	01008870
57-51	139620
57-51	121510
57-51	135130
57-51	140250
57-51	008390
57-51	123770
57-51	136760
57-51	123690
57-51	173000
57-51	141410
57-52	137900
57-52	138680
57-52	168990
57-52	121520
57-52	041830
57-52	118010
57-52	136490
57-52	135000
57-52	058720
57-52	270470
57-53	145690
57-53	168150
57-53	136020
57-53	144570
57-53	125450
57-53	145550
57-53	141070
57-53	138190
57-53	177300
57-53	139000
57-54	169290
57-54	145690
57-54	168160
57-54	059360
57-54	137590
57-54	136830
57-54	245580
57-54	114670
57-54	308170
57-54	391550
57-55	137400
57-55	008750
57-55	242840
57-55	121500
57-55	176800
57-55	172860
57-55	143040
57-55	206340
57-55	167280
57-55	178750
57-56	169100
57-56	137930
57-56	000870
57-56	061830
57-56	491280
57-56	000620
57-56	242820
57-56	072740
57-56	142660
57-56	008880
57-57	137250
57-57	168990
57-57	134550
57-57	198640
57-57	137900
57-57	389910
57-57	139260
57-57	139180
57-57	140160
57-57	122650
57-58	138290
57-58	138240
57-58	139840
57-58	135780
57-58	306830
57-58	306820
57-58	225540
57-58	139810
57-58	488360
57-58	141030
57-59	142600
57-59	133490
57-59	393260
57-59	171950
57-59	126080
57-59	01035290
57-59	176440
57-59	143640
57-59	100860
57-59	124190
57-60	169120
57-60	174090
57-60	137540
57-60	136650
57-60	330730
57-60	141870
57-60	043570
57-60	115450
57-60	173510
57-60	01051670
57-61	171700
57-61	166710
57-61	120840
57-61	123920
57-61	144570
57-61	114550
57-61	225180
57-61	172680
57-61	141310
57-61	200630
57-62	169890
57-62	138160
57-62	143520
57-62	139630
57-62	171920
57-62	137220
57-62	145270
57-62	137490
57-62	01035320
57-62	142760
57-63	137070
57-63	169830
57-63	144680
57-63	206980
57-63	009020
57-63	179460
57-63	181080
57-63	179920
57-63	01047000
57-63	207180
57-64	136790
57-64	198250
57-64	138880
57-64	009000
57-64	135130
57-64	120930
57-64	199120
57-64	168610
57-64	201410
57-64	01024120
57-65	143730
57-65	142510
57-65	145050
57-65	138390
57-65	139770
57-65	141240
57-65	139640
57-65	122520
57-65	144720
57-65	138570
57-66	201380
57-66	114960
57-66	242850
57-66	171390
57-66	138880
57-66	198350
57-66	141320
57-66	010010
57-66	060050
57-66	139030
57-67	137420
57-67	059130
57-67	199960
57-67	125460
57-67	01045240
57-67	169030
57-67	114620
57-67	01045740
57-67	134600
57-67	215840
57-68	135000
57-68	01035850
57-68	136530
57-68	135880
57-68	139350
57-68	203700
57-68	122660
57-68	169850
57-68	136790
57-68	200940
57-69	060060
57-69	138930
57-69	122300
57-69	138880
57-69	302050
57-69	117820
57-69	281740
57-69	143110
57-69	201160
57-69	137660
57-70	138570
57-70	141820
57-70	144320
57-70	179540
57-70	01045760
57-70	137240
57-70	303810
57-70	140450
57-70	144720
57-70	134970
57-71	114990
57-71	138690
57-71	059960
57-71	138700
57-71	134240
57-71	136300
57-71	281710
57-71	140460
57-71	145430
57-71	134550
57-72	170270
57-72	010710
57-72	139470
57-72	416900
57-72	448230
57-72	01035700
57-72	136550
57-72	324290
57-72	449210
57-72	324190
57-73	01058620
57-73	278570
57-73	491280
57-73	143520
57-73	000870
57-73	139630
57-73	171920
57-73	165930
57-73	000620
57-73	01058830
57-74	141310
57-74	171700
57-74	140180
57-74	123750
57-74	166470
57-74	141230
57-74	135180
57-74	061340
57-74	196370
57-74	138030
57-75	345540
57-75	316290
57-75	138270
57-75	318000
57-75	316120
57-75	380480
57-75	290660
57-75	236440
57-75	288290
57-75	059620
57-76	175760
57-76	173440
57-76	393260
57-76	124180
57-76	140900
57-76	170880
57-76	202540
57-76	205810
57-76	237690
57-76	143700
57-77	171700
57-77	141400
57-77	392030
57-77	141310
57-77	032060
57-77	141730
57-77	172300
57-77	140150
57-77	142680
57-77	201010
57-78	140370
57-78	202990
57-78	203740
57-78	135940
57-78	120210
57-78	137930
57-78	390550
57-78	140480
57-78	144980
57-78	137470
57-79	498230
57-79	127330
57-79	143700
57-79	01051670
57-79	126390
57-79	01045410
57-79	498420
57-79	170880
57-79	203140
57-79	138980
57-80	129570
57-80	180960
57-80	146030
57-80	015090
57-80	145280
57-80	01046330
57-80	011340
57-80	220850
57-80	205030
57-80	01033230
57-81	140190
57-81	01051670
57-81	143970
57-81	142610
57-81	174790
57-81	141220
57-81	124140
57-81	170880
57-81	528280
57-81	141500
57-82	137470
57-82	144130
57-82	137270
57-82	142820
57-82	137190
57-82	060860
57-82	143520
57-82	143320
57-82	079010
57-82	172770
57-83	01045740
57-83	140050
57-83	01045240
57-83	176870
57-83	124020
57-83	144570
57-83	143910
57-83	141750
57-83	142420
57-83	172110
57-84	145690
57-84	137180
57-84	141220
57-84	136030
57-84	166770
57-84	173980
57-84	200740
57-84	135010
57-84	196080
57-84	217220
57-85	142280
57-85	142270
57-85	143390
57-85	427930
57-85	318940
57-85	143430
57-85	141030
57-85	135780
57-85	142290
57-85	317950
57-86	01045240
57-86	140050
57-86	137420
57-86	01045740
57-86	140420
57-86	174060
57-86	180070
57-86	142470
57-86	01004950
57-86	359790
57-87	125370
57-87	174690
57-87	144730
57-87	141110
57-87	144700
57-87	141800
57-87	033590
57-87	141820
57-87	121440
57-87	124910
57-88	179150
57-88	146540
57-88	145180
57-88	122310
57-88	281620
57-88	160480
57-88	122900
57-88	140040
57-88	136180
57-88	01035570
57-89	007390
57-89	137850
57-89	025290
57-89	142620
57-89	249350
57-89	177090
57-89	020270
57-89	157210
57-89	126470
57-89	089780
57-90	142480
57-90	142690
57-90	137180
57-90	137360
57-90	135130
57-90	175110
57-90	142760
57-90	136030
57-90	01012180
57-90	141310
57-91	01035850
57-91	140950
57-91	179000
57-91	141210
57-91	141380
57-91	062260
57-91	126330
57-91	01005770
57-91	146270
57-91	139210
57-92	218630
57-92	393340
57-92	175990
57-92	138980
57-92	178100
57-92	102680
57-92	115450
57-92	012830
57-92	177480
57-92	139000
57-93	135880
57-93	140370
57-93	121350
57-93	176650
57-93	175620
57-93	087240
57-93	136180
57-93	146270
57-93	145830
57-93	483090
57-94	127490
57-94	145410
57-94	142550
57-94	177350
57-94	328410
57-94	141810
57-94	359790
57-94	145660
57-94	143480
57-94	330800
58-1	145330
58-1	179910
58-1	143870
58-1	146150
58-1	145270
58-1	145560
58-1	01012210
58-1	227420
58-1	210190
58-1	139950
58-2	140280
58-2	143700
58-2	142690
58-2	135880
58-2	303320
58-2	142920
58-2	140110
58-2	173360
58-2	175200
58-2	177410
58-3	179150
58-3	160480
58-3	063450
58-3	175410
58-3	201440
58-3	126560
58-3	278200
58-3	145690
58-3	170730
58-3	175110
58-4	207340
58-4	127650
58-4	126260
58-4	393120
58-4	177790
58-4	168380
58-4	141600
58-4	173510
58-4	175510
58-4	303470
58-5	140920
58-5	143300
58-5	143480
58-5	173670
58-5	173800
58-5	141300
58-5	177240
58-5	144760
58-5	203770
58-5	219110
58-6	142290
58-6	144240
58-6	355250
58-6	136850
58-6	135780
58-6	207760
58-6	345540
58-6	290660
58-6	146140
58-6	488320
58-7	143760
58-7	145430
58-7	143550
58-7	232440
58-7	142510
58-7	401950
58-7	077450
58-7	170730
58-7	01003830
58-7	01046660
58-8	144680
58-8	206980
58-8	180250
58-8	01047000
58-8	180580
58-8	179460
58-8	142390
58-8	181080
58-8	01054050
58-8	145700
58-9	144790
58-9	337660
58-9	080060
58-9	274030
58-9	178570
58-9	094700
58-9	395270
58-9	145360
58-9	290660
58-9	386370
58-10	144790
58-10	337660
58-10	178570
58-10	337610
58-10	274030
58-10	01051080
58-10	180370
58-10	145360
58-10	386370
58-10	395270
58-11	283760
58-11	178720
58-11	126390
58-11	238820
58-11	548930
58-11	142760
58-11	175760
58-11	145410
58-11	138420
58-11	143700
58-12	200540
58-12	170730
58-12	061760
58-12	062390
58-12	01051670
58-12	142510
58-12	01012180
58-12	172910
58-12	181550
58-12	061240
58-13	138530
58-13	164300
58-13	138200
58-13	137010
58-13	121060
58-13	134910
58-13	138060
58-13	140570
58-13	134120
58-13	133610
58-14	142510
58-14	176020
58-14	144440
58-14	160480
58-14	141220
58-14	170730
58-14	138940
58-14	172910
58-14	01032950
58-14	142500
58-15	144570
58-15	160480
58-15	170880
58-15	141400
58-15	142480
58-15	208950
58-15	181550
58-15	019950
58-15	125210
58-15	01046660
58-16	126360
58-16	202480
58-16	123700
58-16	173280
58-16	126390
58-16	139120
58-16	146410
58-16	181310
58-16	180590
58-16	173450
58-17	179790
58-17	145280
58-17	144860
58-17	361350
58-17	145570
58-17	139590
58-17	01034340
58-17	297030
58-17	139650
58-17	144740
58-18	271010
58-18	01036220
58-18	01046960
58-18	179860
58-18	144830
58-18	139000
58-18	144570
58-18	170880
58-18	331040
58-18	144940
58-19	054620
58-19	145530
58-19	139940
58-19	041460
58-19	054490
58-19	043980
58-19	124920
58-19	054040
58-19	173350
58-19	054590
58-20	144980
58-20	139590
58-20	123130
58-20	140280
58-20	143680
58-20	140400
58-20	144390
58-20	138430
58-20	141170
58-20	139500
58-21	316120
58-21	290660
58-21	316290
58-21	395270
58-21	144790
58-21	337660
58-21	221700
58-21	395290
58-21	162600
58-21	292160
58-22	139000
58-22	179540
58-22	178070
58-22	140660
58-22	074100
58-22	140020
58-22	175220
58-22	145070
58-22	139710
58-22	140110
58-23	063400
58-23	145580
58-23	145550
58-23	144740
58-23	180070
58-23	142470
58-23	291750
58-23	145130
58-23	142850
58-23	01036220
58-24	143970
58-24	145110
58-24	146010
58-24	125460
58-24	127690
58-24	537900
58-24	01012110
58-24	144740
58-24	141500
58-24	015100
58-25	145180
58-25	140890
58-25	142480
58-25	053690
58-25	179150
58-25	160480
58-25	302690
58-25	140470
58-25	139740
58-25	053520
58-26	144390
58-26	181040
58-26	146250
58-26	139010
58-26	138450
58-26	053690
58-26	01006170
58-26	141690
58-26	124920
58-26	146060
58-27	146310
58-27	316290
58-27	092750
58-27	221700
58-27	136870
58-27	290660
58-27	216260
58-27	160480
58-27	105210
58-27	142290
58-28	146380
58-28	181180
58-28	175700
58-28	146270
58-28	141140
58-28	116210
58-28	129510
58-28	142470
58-28	177790
58-28	173440
58-29	146590
58-29	146580
58-29	015540
58-29	420020
58-29	066940
58-29	015730
58-29	036140
58-29	01070630
58-29	213290
58-29	081080
58-30	003610
58-30	150850
58-30	222140
58-30	146600
58-30	001440
58-30	01036470
58-30	067150
58-30	001270
58-30	001230
58-30	168960
58-31	146650
58-31	424030
58-31	228050
58-31	017060
58-31	130460
58-31	130150
58-31	466740
58-31	243100
58-31	035540
58-31	147780
58-32	036330
58-32	146640
58-32	036230
58-32	130730
58-32	222550
58-32	323850
58-32	01013350
58-32	146950
58-32	326720
58-32	146810
58-33	146680
58-33	005620
58-33	007280
58-33	146800
58-33	005770
58-33	130350
58-33	269980
58-33	036330
58-33	146820
58-33	007430
58-34	244830
58-34	245120
58-34	01060430
58-34	154910
58-34	039940
58-34	090140
58-34	244100
58-34	245510
58-34	212950
58-34	039210
58-35	147590
58-35	130460
58-35	01007810
58-35	005620
58-35	071540
58-35	130310
58-35	130350
58-35	284430
58-35	01007710
58-35	148730
58-36	149590
58-36	149720
58-36	148110
58-36	130100
58-36	148220
58-36	130550
58-36	148900
58-36	148700
58-36	147560
58-36	322330
58-37	148100
58-37	148700
58-37	147190
58-37	147560
58-37	147490
58-37	148250
58-37	149860
58-37	149720
58-37	182950
58-37	147260
58-38	036680
58-38	147910
58-38	081830
58-38	351370
58-38	147920
58-38	148270
58-38	147560
58-38	148250
58-38	350970
58-38	147800
58-39	147920
58-39	147560
58-39	148100
58-39	01037380
58-39	036680
58-39	148200
58-39	150470
58-39	148700
58-39	305360
58-39	01065010
58-40	148790
58-40	148400
58-40	322620
58-40	182610
58-40	149490
58-40	386330
58-40	148770
58-40	483160
58-40	148700
58-40	148100
58-41	225150
58-41	226540
58-41	189170
58-41	263860
58-41	254570
58-41	258560
58-41	184770
58-41	300730
58-41	226150
58-41	182740
58-42	01099620
58-42	513300
58-42	513330
58-42	188990
58-42	149480
58-42	149490
58-42	513420
58-42	231970
58-42	363620
58-42	242030
58-43	149770
58-43	149790
58-43	01013610
58-43	149780
58-43	086580
58-43	150370
58-43	543590
58-43	183750
58-43	147800
58-43	149390
58-44	150380
58-44	01013600
58-44	073740
58-44	412080
58-44	146880
58-44	085830
58-44	01036790
58-44	416610
58-44	148400
58-44	410790
58-45	188110
58-45	393510
58-45	016070
58-45	418810
58-45	191870
58-45	242270
58-45	01076830
58-45	151150
58-45	076310
58-45	397270
58-46	032160
58-46	057840
58-46	061220
58-46	124500
58-46	01049800
58-46	061530
58-46	081100
58-46	285330
58-46	159900
58-46	206290
58-47	151450
58-47	397810
58-47	451510
58-47	151340
58-47	01009560
58-47	151600
58-47	151560
58-47	156340
58-47	549330
58-47	054510
58-48	151550
58-48	151580
58-48	151600
58-48	423980
58-48	151560
58-48	148930
58-48	151670
58-48	066700
58-48	033010
58-48	054250
58-49	151880
58-49	01063690
58-49	269930
58-49	268790
58-49	268540
58-49	269030
58-49	269130
58-49	269140
58-49	268950
58-49	271630
58-50	152520
58-50	152560
58-50	152480
58-50	152030
58-50	152570
58-50	347290
58-50	152550
58-50	152590
58-50	034400
58-50	159170
58-51	153170
58-51	153650
58-51	153360
58-51	153200
58-51	153020
58-51	153230
58-51	153750
58-51	327940
58-51	153210
58-51	104870
58-52	153230
58-52	153460
58-52	153450
58-52	153020
58-52	153040
58-52	499390
58-52	153650
58-52	402350
58-52	153010
58-52	400860
58-53	153140
58-53	345260
58-53	027000
58-53	355050
58-53	027010
58-53	351060
58-53	287900
58-53	022420
58-53	342990
58-53	166880
58-54	153190
58-54	153540
58-54	01037960
58-54	153600
58-54	153680
58-54	008020
58-54	006880
58-54	153760
58-54	153390
58-54	404090
58-55	153020
58-55	153010
58-55	01037840
58-55	153460
58-55	153450
58-55	153230
58-55	400830
58-55	009100
58-55	324280
58-55	153040
58-56	153190
58-56	153730
58-56	161900
58-56	104730
58-56	153490
58-56	104900
58-56	104820
58-56	153170
58-56	339900
58-56	104420
58-57	153650
58-57	154030
58-57	153230
58-57	153730
58-57	153750
58-57	153990
58-57	153020
58-57	009760
58-57	154000
58-57	153810
58-58	153020
58-58	153650
58-58	153230
58-58	268760
58-58	328700
58-58	530050
58-58	009760
58-58	529110
58-58	014080
58-58	153570
58-59	154130
58-59	085750
58-59	103670
58-59	154120
58-59	066860
58-59	055930
58-59	154140
58-59	003030
58-59	004290
58-59	001280
58-60	01013780
58-60	055550
58-60	000740
58-60	228090
58-60	01006550
58-60	055680
58-60	233650
58-60	01008400
58-60	289670
58-60	193850
58-61	031920
58-61	244820
58-61	336110
58-61	154430
58-61	039350
58-61	043970
58-61	001810
58-61	029930
58-61	345420
58-61	155340
58-62	163890
58-62	195940
58-62	336910
58-62	155020
58-62	01061380
58-62	315870
58-62	259090
58-62	112100
58-62	165210
58-62	038940
58-63	243880
58-63	154800
58-63	067660
58-63	335990
58-63	188370
58-63	490990
58-63	258940
58-63	395670
58-63	335940
58-63	335950
58-64	154990
58-64	200870
58-64	163990
58-64	437470
58-64	000790
58-64	068690
58-64	155130
58-64	154800
58-64	437390
58-64	267750
58-65	154800
58-65	155850
58-65	155690
58-65	188370
58-65	066030
58-65	154900
58-65	154770
58-65	260350
58-65	070780
58-65	157970
58-66	156010
58-66	259050
58-66	067810
58-66	259780
58-66	067460
58-66	347620
58-66	01001600
58-66	067610
58-66	328250
58-66	348080
58-67	155890
58-67	260950
58-67	042040
58-67	158340
58-67	039860
58-67	118000
58-67	260580
58-67	005740
58-67	259990
58-67	155030
58-68	221440
58-68	493250
58-68	531340
58-68	507280
58-68	420220
58-68	532600
58-68	528940
58-68	275080
58-68	221390
58-68	532770
58-69	157970
58-69	154970
58-69	155880
58-69	157150
58-69	157770
58-69	479220
58-69	041220
58-69	156300
58-69	189350
58-69	132480
58-70	336120
58-70	157970
58-70	084280
58-70	163890
58-70	155690
58-70	155280
58-70	01011070
58-70	155560
58-70	353020
58-70	028060
58-71	156540
58-71	155130
58-71	155080
58-71	065450
58-71	071010
58-71	072570
58-71	155740
58-71	155540
58-71	01062390
58-71	072590
58-72	040710
58-72	155420
58-72	157120
58-72	155220
58-72	041390
58-72	01061490
58-72	254340
58-72	245660
58-72	156330
58-72	038650
58-73	156580
58-73	386370
58-73	156390
58-73	156010
58-73	490120
58-73	042360
58-73	354280
58-73	156000
58-73	354530
58-73	01078230
58-74	254560
58-74	01006770
58-74	155540
58-74	155060
58-74	479370
58-74	157970
58-74	092780
58-74	337820
58-74	192890
58-74	156300
58-75	042560
58-75	008210
58-75	157000
58-75	160160
58-75	046730
58-75	01057860
58-75	156330
58-75	214460
58-75	136380
58-75	155860
58-76	01014980
58-76	320540
58-76	375240
58-76	155140
58-76	01014960
58-76	326070
58-76	064870
58-76	044530
58-76	046170
58-76	285430
58-77	042900
58-77	156340
58-77	235420
58-77	037520
58-77	154890
58-77	041100
58-77	225340
58-77	039400
58-77	041820
58-77	044170
58-78	157120
58-78	157290
58-78	158460
58-78	254580
58-78	040850
58-78	254680
58-78	158630
58-78	041820
58-78	260000
58-78	158150
58-79	154840
58-79	326800
58-79	159320
58-79	326990
58-79	154990
58-79	123490
58-79	028090
58-79	516920
58-79	156950
58-79	01012950
58-80	156710
58-80	157010
58-80	157670
58-80	476070
58-80	155540
58-80	155060
58-80	157970
58-80	156700
58-80	084280
58-80	155850
58-81	042180
58-81	254750
58-81	157040
58-81	376390
58-81	079790
58-81	504590
58-81	221660
58-81	157500
58-81	017790
58-81	221500
58-82	041200
58-82	157050
58-82	041280
58-82	043380
58-82	152520
58-82	159170
58-82	156590
58-82	158920
58-82	152030
58-82	155640
58-83	155730
58-83	155080
58-83	155690
58-83	157970
58-83	084280
58-83	245090
58-83	038400
58-83	01001860
58-83	157790
58-83	259580
58-84	455510
58-84	157420
58-84	375240
58-84	029930
58-84	288380
58-84	155450
58-84	320540
58-84	260230
58-84	154200
58-84	349660
58-85	158060
58-85	158300
58-85	236380
58-85	236820
58-85	062700
58-85	160160
58-85	101790
58-85	168940
58-85	237840
58-85	302030
58-86	045200
58-86	045390
58-86	050430
58-86	156840
58-86	159540
58-86	157640
58-86	158700
58-86	254850
58-86	158200
58-86	042290
58-87	159650
58-87	160160
58-87	117860
58-87	042540
58-87	157080
58-87	236970
58-87	235920
58-87	158480
58-87	042810
58-87	155670
58-88	046870
58-88	052710
58-88	262930
58-88	160840
58-88	266370
58-88	038520
58-88	052850
58-88	122850
58-88	160310
58-88	473220
58-89	158220
58-89	042290
58-89	042410
58-89	040100
58-89	01011970
58-89	235580
58-89	043010
58-89	049710
58-89	263780
58-89	045940
58-90	261890
58-90	330410
58-90	262640
58-90	260020
58-90	243300
58-90	263910
58-90	377950
58-90	411820
58-90	331990
58-90	262140
58-91	159470
58-91	442750
58-91	443870
58-91	439290
58-91	443670
58-91	441270
58-91	410420
58-91	445790
58-91	443830
58-91	01090140
58-92	045880
58-92	046880
58-92	049990
58-92	042410
58-92	01011970
58-92	042790
58-92	040950
58-92	038520
58-92	043950
58-92	058650
58-93	049260
58-93	159630
58-93	047960
58-93	160070
58-93	160160
58-93	050320
58-93	265300
58-93	048550
58-93	143220
58-93	159990
58-94	159580
58-94	265170
58-94	076310
58-94	264670
58-94	159160
58-94	01015500
58-94	158350
58-94	232450
58-94	109100
58-94	151150
59-1	283140
59-1	158310
59-1	255110
59-1	158610
59-1	236020
59-1	040810
59-1	255010
59-1	01059080
59-1	238000
59-1	060850
59-2	01005750
59-2	048950
59-2	160360
59-2	159510
59-2	236150
59-2	041380
59-2	159650
59-2	01059080
59-2	102680
59-2	158310
59-3	160270
59-3	049890
59-3	160120
59-3	157270
59-3	158890
59-3	052400
59-3	045140
59-3	159660
59-3	01061860
59-3	060680
59-4	160280
59-4	265600
59-4	159810
59-4	051200
59-4	158920
59-4	155700
59-4	160020
59-4	046190
59-4	030450
59-4	044930
59-5	01040860
59-5	01041280
59-5	01040870
59-5	160610
59-5	051760
59-5	093310
59-5	049810
59-5	160350
59-5	530160
59-5	252790
59-6	154630
59-6	156180
59-6	039610
59-6	038750
59-6	157120
59-6	004800
59-6	040200
59-6	044350
59-6	155640
59-6	042820
59-7	160160
59-7	159660
59-7	158060
59-7	159650
59-7	158300
59-7	01041190
59-7	254530
59-7	158480
59-7	335980
59-7	265190
59-8	029930
59-8	157420
59-8	488380
59-8	318000
59-8	488370
59-8	482460
59-8	100400
59-8	156970
59-8	259440
59-8	262370
59-9	154320
59-9	037510
59-9	017770
59-9	336710
59-9	053470
59-9	021250
59-9	053870
59-9	017760
59-9	054060
59-9	155180
59-10	154540
59-10	036270
59-10	130230
59-10	080350
59-10	152740
59-10	154830
59-10	055790
59-10	065390
59-10	104240
59-10	317500
59-11	156130
59-11	01038420
59-11	254030
59-11	155280
59-11	258940
59-11	156070
59-11	243880
59-11	067660
59-11	01038540
59-11	084280
59-12	056590
59-12	326660
59-12	328350
59-12	326560
59-12	161310
59-12	328590
59-12	032240
59-12	260320
59-12	327700
59-12	326360
59-13	425690
59-13	327600
59-13	327340
59-13	339780
59-13	330020
59-13	161500
59-13	329210
59-13	327700
59-13	416520
59-13	327740
59-14	511060
59-14	471650
59-14	157460
59-14	511080
59-14	103720
59-14	156390
59-14	099320
59-14	019010
59-14	432620
59-14	084510
59-15	330850
59-15	330050
59-15	332800
59-15	331380
59-15	222850
59-15	334830
59-15	330460
59-15	222830
59-15	223890
59-15	332110
59-16	333780
59-16	335440
59-16	333120
59-16	333080
59-16	223410
59-16	334360
59-16	332020
59-16	329520
59-16	331210
59-16	328390
59-17	084510
59-17	352310
59-17	003830
59-17	01014960
59-17	354610
59-17	326160
59-17	353070
59-17	326260
59-17	049380
59-17	363250
59-18	162300
59-18	162380
59-18	031530
59-18	01009280
59-18	098020
59-18	003530
59-18	215190
59-18	003790
59-18	031490
59-18	017080
59-19	162670
59-19	162580
59-19	163040
59-19	349820
59-19	322720
59-19	163960
59-19	163020
59-19	222440
59-19	01101190
59-19	349340
59-20	162470
59-20	164040
59-20	236220
59-20	165740
59-20	112100
59-20	006160
59-20	166390
59-20	112170
59-20	194700
59-20	01007570
59-21	162650
59-21	132810
59-21	099980
59-21	133080
59-21	162900
59-21	388010
59-21	134610
59-21	279570
59-21	304710
59-21	224520
59-22	162500
59-22	163660
59-22	165000
59-22	01010430
59-22	279330
59-22	224310
59-22	163150
59-22	132730
59-22	022430
59-22	163110
59-23	162490
59-23	163110
59-23	026730
59-23	300260
59-23	133090
59-23	116310
59-23	163200
59-23	132800
59-23	387870
59-23	274980
59-24	162690
59-24	279220
59-24	432160
59-24	162710
59-24	162570
59-24	387840
59-24	163370
59-24	132920
59-24	133070
59-24	01042990
59-25	116370
59-25	163220
59-25	163010
59-25	167560
59-25	163390
59-25	01042880
59-25	133610
59-25	169820
59-25	166380
59-25	167030
59-26	163030
59-26	132910
59-26	163640
59-26	163310
59-26	388200
59-26	387830
59-26	004630
59-26	165230
59-26	113590
59-26	164250
59-27	387820
59-27	01002430
59-27	388010
59-27	279380
59-27	164900
59-27	117240
59-27	165000
59-27	304710
59-27	163800
59-27	165530
59-28	163100
59-28	275640
59-28	005800
59-28	134240
59-28	164780
59-28	163250
59-28	279240
59-28	279840
59-28	055940
59-28	388720
59-29	163110
59-29	300260
59-29	164750
59-29	163200
59-29	162490
59-29	026730
59-29	01043170
59-29	274980
59-29	01042900
59-29	133090
59-30	163640
59-30	162990
59-30	132860
59-30	163030
59-30	165170
59-30	164250
59-30	387900
59-30	300110
59-30	079010
59-30	387850
59-31	067620
59-31	163320
59-31	019260
59-31	067350
59-31	001170
59-31	089620
59-31	068010
59-31	066090
59-31	066940
59-31	119550
59-32	164130
59-32	067480
59-32	067720
59-32	067000
59-32	169880
59-32	068210
59-32	343470
59-32	342840
59-32	067370
59-32	212860
59-33	162700
59-33	163470
59-33	163370
59-33	279210
59-33	162690
59-33	162570
59-33	164720
59-33	162710
59-33	166000
59-33	167010
59-34	163240
59-34	01043430
59-34	165560
59-34	166660
59-34	168820
59-34	135920
59-34	170050
59-34	004950
59-34	162990
59-34	167270
59-35	163690
59-35	164330
59-35	166810
59-35	176490
59-35	281450
59-35	164910
59-35	005030
59-35	300580
59-35	01045940
59-35	169760
59-36	163660
59-36	279540
59-36	113670
59-36	162500
59-36	164750
59-36	116860
59-36	01042900
59-36	163110
59-36	275170
59-36	166400
59-37	166380
59-37	167690
59-37	175330
59-37	173280
59-37	213280
59-37	301520
59-37	164120
59-37	164210
59-37	165180
59-37	176680
59-38	000530
59-38	280550
59-38	164190
59-38	165750
59-38	388270
59-38	388670
59-38	164910
59-38	163460
59-38	134460
59-38	138750
59-39	280550
59-39	165750
59-39	000530
59-39	164190
59-39	389550
59-39	388670
59-39	163460
59-39	164910
59-39	166900
59-39	388270
59-40	195100
59-40	234570
59-40	117110
59-40	164360
59-40	389540
59-40	228240
59-40	005830
59-40	117600
59-40	092290
59-40	012150
59-41	166380
59-41	305670
59-41	134130
59-41	224910
59-41	280100
59-41	267690
59-41	164860
59-41	164650
59-41	163880
59-41	164910
59-42	165360
59-42	134730
59-42	134450
59-42	171040
59-42	134740
59-42	164810
59-42	179200
59-42	171230
59-42	168940
59-42	171910
59-43	162980
59-43	195690
59-43	01083880
59-43	345060
59-43	01000730
59-43	031840
59-43	165030
59-43	163330
59-43	344290
59-43	001850
59-44	136060
59-44	167690
59-44	167470
59-44	167560
59-44	165800
59-44	005900
59-44	177420
59-44	169190
59-44	168540
59-44	170800
59-45	172430
59-45	018770
59-45	164980
59-45	175500
59-45	031430
59-45	123870
59-45	163640
59-45	476420
59-45	006960
59-45	321870
59-46	164370
59-46	388910
59-46	165290
59-46	163570
59-46	174980
59-46	118720
59-46	174370
59-46	275430
59-46	023930
59-46	172940
59-47	275410
59-47	388670
59-47	163710
59-47	275780
59-47	388180
59-47	000530
59-47	134460
59-47	322920
59-47	305730
59-47	388810
59-48	134300
59-48	305690
59-48	163370
59-48	116830
59-48	300450
59-48	113780
59-48	279940
59-48	275980
59-48	306700
59-48	135180
59-49	164820
59-49	134350
59-49	389000
59-49	166820
59-49	168020
59-49	135050
59-49	279720
59-49	279690
59-49	01043800
59-49	279800
59-50	275520
59-50	116960
59-50	164890
59-50	275120
59-50	134160
59-50	163670
59-50	388780
59-50	224950
59-50	133380
59-50	01043800
59-51	135920
59-51	167350
59-51	134420
59-51	164390
59-51	01045670
59-51	177560
59-51	170090
59-51	275210
59-51	164250
59-51	163390
59-52	164380
59-52	134110
59-52	134120
59-52	165920
59-52	133610
59-52	172000
59-52	163390
59-52	165960
59-52	057340
59-52	176680
59-53	164650
59-53	134390
59-53	166810
59-53	279830
59-53	166020
59-53	164910
59-53	134460
59-53	113750
59-53	166380
59-53	01043490
59-54	165790
59-54	388600
59-54	164550
59-54	280130
59-54	389520
59-54	167510
59-54	133760
59-54	166490
59-54	164480
59-54	166730
59-55	163880
59-55	132980
59-55	133030
59-55	164910
59-55	01043490
59-55	178110
59-55	133720
59-55	388840
59-55	177030
59-55	079380
59-56	137470
59-56	177720
59-56	01046670
59-56	170020
59-56	173790
59-56	175690
59-56	164860
59-56	177100
59-56	227170
59-56	140630
59-57	165740
59-57	112100
59-57	165210
59-57	195940
59-57	040270
59-57	165610
59-57	163890
59-57	236220
59-57	164760
59-57	155020
59-58	173970
59-58	099520
59-58	163470
59-58	432160
59-58	162570
59-58	432100
59-58	175510
59-58	165400
59-58	099610
59-58	174530
59-59	01071780
59-59	390430
59-59	319730
59-59	01043840
59-59	390800
59-59	023080
59-59	169900
59-59	008870
59-59	172720
59-59	032880
59-60	168090
59-60	01000340
59-60	166180
59-60	168500
59-60	301160
59-60	335980
59-60	01078810
59-60	198430
59-60	301630
59-60	289690
59-61	171040
59-61	168790
59-61	176830
59-61	172940
59-61	137000
59-61	172040
59-61	171290
59-61	171180
59-61	170900
59-61	174870
59-62	165950
59-62	165990
59-62	173790
59-62	01043830
59-62	389620
59-62	137100
59-62	165270
59-62	282730
59-62	168410
59-62	166640
59-63	165560
59-63	166660
59-63	276040
59-63	057720
59-63	135230
59-63	162990
59-63	163640
59-63	164940
59-63	166200
59-63	132860
59-64	389530
59-64	100770
59-64	170090
59-64	168790
59-64	137940
59-64	169130
59-64	169400
59-64	170470
59-64	166080
59-64	167390
59-65	280170
59-65	165900
59-65	389360
59-65	135010
59-65	118580
59-65	170450
59-65	168910
59-65	300600
59-65	247730
59-65	234840
59-66	116830
59-66	166470
59-66	170900
59-66	176120
59-66	165380
59-66	01066970
59-66	136430
59-66	167000
59-66	391630
59-66	167480
59-67	166640
59-67	166200
59-67	167350
59-67	168410
59-67	118720
59-67	165800
59-67	164800
59-67	01043430
59-67	176550
59-67	280450
59-68	167070
59-68	167350
59-68	169680
59-68	172000
59-68	165730
59-68	168410
59-68	166380
59-68	174450
59-68	136560
59-68	301880
59-69	136430
59-69	119940
59-69	167170
59-69	283190
59-69	170900
59-69	166950
59-69	137440
59-69	137980
59-69	135450
59-69	169120
59-70	157150
59-70	475690
59-70	155130
59-70	260340
59-70	159320
59-70	100290
59-70	01013210
59-70	157770
59-70	259580
59-70	273790
59-71	01065140
59-71	166400
59-71	01067160
59-71	01065200
59-71	165000
59-71	266870
59-71	309610
59-71	165890
59-71	167350
59-71	301510
59-72	168110
59-72	388130
59-72	01030800
59-72	167720
59-72	114510
59-72	275180
59-72	092270
59-72	165790
59-72	114130
59-72	007470
59-73	01043800
59-73	133400
59-73	071780
59-73	167070
59-73	175330
59-73	545780
59-73	435220
59-73	319690
59-73	170800
59-73	137020
59-74	167530
59-74	009710
59-74	307560
59-74	074100
59-74	274320
59-74	008990
59-74	288490
59-74	012080
59-74	012040
59-74	306870
59-75	389540
59-75	175160
59-75	167810
59-75	117600
59-75	117110
59-75	390050
59-75	137740
59-75	393710
59-75	009030
59-75	071850
59-76	007750
59-76	01043780
59-76	167810
59-76	136080
59-76	031610
59-76	167210
59-76	01058580
59-76	141210
59-76	214640
59-76	235490
59-77	171540
59-77	170140
59-77	303120
59-77	277970
59-77	177220
59-77	168410
59-77	137470
59-77	177560
59-77	302690
59-77	01046500
59-78	170120
59-78	168020
59-78	121630
59-78	058560
59-78	173280
59-78	01002500
59-78	167510
59-78	169750
59-78	147100
59-78	141200
59-79	167010
59-79	01070830
59-79	168240
59-79	300570
59-79	301370
59-79	137100
59-79	164790
59-79	177790
59-79	164840
59-79	162690
59-80	170960
59-80	088920
59-80	343060
59-80	342160
59-80	167650
59-80	168960
59-80	178930
59-80	190530
59-80	031550
59-80	348970
59-81	163880
59-81	173460
59-81	134330
59-81	170630
59-81	178130
59-81	169030
59-81	136240
59-81	171270
59-81	136490
59-81	176880
59-82	168960
59-82	168030
59-82	342430
59-82	342450
59-82	167650
59-82	317510
59-82	355050
59-82	348740
59-82	349060
59-82	349380
59-83	167690
59-83	166800
59-83	301520
59-83	059510
59-83	136060
59-83	121530
59-83	166380
59-83	388110
59-83	169190
59-83	280970
59-84	167330
59-84	170900
59-84	176810
59-84	01043800
59-84	083130
59-84	248520
59-84	173900
59-84	166240
59-84	008370
59-84	294590
59-85	167150
59-85	136260
59-85	390040
59-85	101100
59-85	163460
59-85	007600
59-85	072600
59-85	164750
59-85	01064460
59-85	091670
59-86	137440
59-86	167270
59-86	169230
59-86	307900
59-86	165710
59-86	281110
59-86	169400
59-86	170900
59-86	390970
59-86	172110
59-87	017240
59-87	168440
59-87	155130
59-87	156540
59-87	038940
59-87	154590
59-87	418660
59-87	228700
59-87	155820
59-87	155910
59-88	121220
59-88	176150
59-88	170800
59-88	166210
59-88	176140
59-88	302260
59-88	139130
59-88	167330
59-88	01042900
59-88	163200
59-89	168600
59-89	165710
59-89	01092310
59-89	004080
59-89	433820
59-89	377710
59-89	375900
59-89	434140
59-89	489170
59-89	434110
59-90	491590
59-90	011370
59-90	01003390
59-90	491510
59-90	492240
59-90	491110
59-90	169940
59-90	009020
59-90	023080
59-90	199240
59-91	280990
59-91	166590
59-91	172040
59-91	173690
59-91	017840
59-91	169390
59-91	166810
59-91	390680
59-91	167000
59-91	017940
59-92	009140
59-92	390870
59-92	169310
59-92	436710
59-92	169940
59-92	01044830
59-92	01049630
59-92	168670
59-92	200030
59-92	01004650
59-93	138210
59-93	169410
59-93	170090
59-93	164250
59-93	166200
59-93	162990
59-93	138990
59-93	169870
59-93	163030
59-93	165560
59-94	166380
59-94	168470
59-94	391640
59-94	166100
59-94	167340
59-94	134900
59-94	164910
59-94	136060
59-94	167030
59-94	133610
60-1	174470
60-1	121460
60-1	168540
60-1	166970
60-1	01004250
60-1	137200
60-1	280870
60-1	215210
60-1	171090
60-1	302200
60-2	121140
60-2	168840
60-2	433920
60-2	163940
60-2	314670
60-2	01065480
60-2	136210
60-2	163870
60-2	169910
60-2	173790
60-3	168560
60-3	114550
60-3	301730
60-3	169400
60-3	174750
60-3	389620
60-3	137940
60-3	176990
60-3	169660
60-3	138970
60-4	302420
60-4	281970
60-4	391400
60-4	140350
60-4	060700
60-4	170220
60-4	115020
60-4	172350
60-4	169910
60-4	282490
60-5	008680
60-5	005830
60-5	122490
60-5	031680
60-5	099620
60-5	179090
60-5	121290
60-5	088930
60-5	117110
60-5	099470
60-6	169280
60-6	376930
60-6	101460
60-6	167390
60-6	390600
60-6	137860
60-6	171290
60-6	306730
60-6	168790
60-6	01074430
60-7	168590
60-7	519840
60-7	154810
60-7	213260
60-7	01014960
60-7	171610
60-7	032760
60-7	166550
60-7	488420
60-7	416870
60-8	168700
60-8	139940
60-8	169030
60-8	168820
60-8	166300
60-8	174360
60-8	281540
60-8	173310
60-8	137990
60-8	134420
60-9	008790
60-9	169960
60-9	099540
60-9	121250
60-9	099590
60-9	117010
60-9	099720
60-9	004410
60-9	116470
60-9	113630
60-10	169120
60-10	174750
60-10	166740
60-10	137680
60-10	225560
60-10	173510
60-10	164440
60-10	137540
60-10	136650
60-10	168700
60-11	168740
60-11	081410
60-11	135830
60-11	391000
60-11	168960
60-11	164430
60-11	259590
60-11	530190
60-11	242890
60-11	101420
60-12	01083910
60-12	01046500
60-12	01043140
60-12	170020
60-12	168980
60-12	137320
60-12	01046670
60-12	169850
60-12	167380
60-12	167330
60-13	169970
60-13	327790
60-13	008580
60-13	137080
60-13	330800
60-13	054610
60-13	324910
60-13	169430
60-13	249060
60-13	345710
60-14	388630
60-14	276020
60-14	176110
60-14	307320
60-14	433170
60-14	301560
60-14	167640
60-14	322810
60-14	165760
60-14	162510
60-15	120920
60-15	137070
60-15	139930
60-15	467740
60-15	307530
60-15	177080
60-15	173990
60-15	511230
60-15	470940
60-15	200030
60-16	169950
60-16	121320
60-16	137240
60-16	059000
60-16	255780
60-16	019740
60-16	199930
60-16	120850
60-16	008970
60-16	512530
60-17	023080
60-17	009030
60-17	023160
60-17	136820
60-17	169920
60-17	136410
60-17	008070
60-17	025840
60-17	023570
60-17	024550
60-18	138160
60-18	174320
60-18	167600
60-18	172960
60-18	139430
60-18	168390
60-18	137490
60-18	01044910
60-18	281030
60-18	01044620
60-19	171050
60-19	141150
60-19	177000
60-19	174180
60-19	169460
60-19	175090
60-19	167540
60-19	178960
60-19	174050
60-19	167350
60-20	174470
60-20	434490
60-20	309200
60-20	166400
60-20	170080
60-20	165050
60-20	175030
60-20	175140
60-20	169320
60-20	281730
60-21	171020
60-21	236810
60-21	216830
60-21	302210
60-21	391420
60-21	022600
60-21	023460
60-21	124920
60-21	022510
60-21	269380
60-22	171400
60-22	201560
60-22	122490
60-22	309100
60-22	216060
60-22	010170
60-22	139040
60-22	434510
60-22	101680
60-22	461210
60-23	173280
60-23	174180
60-23	123710
60-23	173460
60-23	176620
60-23	393050
60-23	302200
60-23	282520
60-23	178110
60-23	301920
60-24	01050300
60-24	010380
60-24	010860
60-24	01008880
60-24	01050420
60-24	171740
60-24	121290
60-24	178150
60-24	171970
60-24	173810
60-25	168700
60-25	169030
60-25	171670
60-25	169240
60-25	174480
60-25	169120
60-25	169870
60-25	01045970
60-25	176810
60-25	172390
60-26	166400
60-26	060220
60-26	01027130
60-26	170140
60-26	170150
60-26	136240
60-26	167350
60-26	170660
60-26	390620
60-26	166230
60-27	138740
60-27	175310
60-27	01046270
60-27	093620
60-27	276980
60-27	460980
60-27	01046330
60-27	165970
60-27	168570
60-27	172240
60-28	167390
60-28	388560
60-28	226000
60-28	137940
60-28	170900
60-28	169870
60-28	168420
60-28	171330
60-28	281150
60-28	164080
60-29	01012090
60-29	172360
60-29	172410
60-29	302360
60-29	174490
60-29	174570
60-29	166080
60-29	171290
60-29	175640
60-29	01046990
60-30	01043500
60-30	021290
60-30	031680
60-30	021380
60-30	099470
60-30	021400
60-30	007600
60-30	131970
60-30	021300
60-30	131840
60-31	120100
60-31	031430
60-31	388310
60-31	007650
60-31	017850
60-31	100810
60-31	01050090
60-31	018020
60-31	008120
60-31	005500
60-32	01058620
60-32	165930
60-32	171920
60-32	278570
60-32	491280
60-32	01065620
60-32	000620
60-32	000870
60-32	391380
60-32	178090
60-33	171750
60-33	007800
60-33	283230
60-33	303520
60-33	163660
60-33	167350
60-33	140480
60-33	171040
60-33	009570
60-33	166800
60-34	137420
60-34	199960
60-34	059130
60-34	125460
60-34	009360
60-34	199890
60-34	01058370
60-34	215840
60-34	169030
60-34	01045240
60-35	138970
60-35	133490
60-35	389890
60-35	163030
60-35	170090
60-35	169400
60-35	169660
60-35	169130
60-35	172640
60-35	176120
60-36	169030
60-36	379100
60-36	276640
60-36	01058370
60-36	122650
60-36	01058810
60-36	171670
60-36	391260
60-36	446710
60-36	019890
60-37	167470
60-37	391830
60-37	395860
60-37	166380
60-37	167730
60-37	171910
60-37	176880
60-37	168470
60-37	169820
60-37	172140
60-38	168500
60-38	031380
60-38	01044850
60-38	01046370
60-38	171660
60-38	166360
60-38	031420
60-38	300960
60-38	277510
60-38	172580
60-39	138130
60-39	174250
60-39	165850
60-39	165710
60-39	179370
60-39	166000
60-39	174360
60-39	136580
60-39	01067950
60-39	197250
60-40	01065670
60-40	074150
60-40	045880
60-40	138630
60-40	01005380
60-40	171140
60-40	082290
60-40	276300
60-40	330990
60-40	392490
60-41	175310
60-41	01072630
60-41	310400
60-41	282710
60-41	173170
60-41	173460
60-41	435300
60-41	168410
60-41	01046270
60-41	01072610
60-42	173280
60-42	123700
60-42	176620
60-42	126360
60-42	302200
60-42	174180
60-42	310360
60-42	094290
60-42	170640
60-42	176680
60-43	123850
60-43	115010
60-43	203360
60-43	171220
60-43	172820
60-43	126510
60-43	121360
60-43	055240
60-43	170880
60-43	122270
60-44	390380
60-44	167960
60-44	175060
60-44	301690
60-44	135100
60-44	170900
60-44	310150
60-44	135170
60-44	167480
60-44	392030
60-45	168440
60-45	003860
60-45	01079860
60-45	047100
60-45	102070
60-45	082790
60-45	017220
60-45	124630
60-45	082720
60-45	124620
60-46	173010
60-46	353130
60-46	350860
60-46	01000340
60-46	353780
60-46	067870
60-46	166360
60-46	346570
60-46	205400
60-46	166160
60-47	174790
60-47	140190
60-47	173460
60-47	102500
60-47	392620
60-47	175870
60-47	180960
60-47	173430
60-47	174180
60-47	528440
60-48	177270
60-48	310450
60-48	181380
60-48	011630
60-48	172410
60-48	013450
60-48	180380
60-48	276300
60-48	167170
60-48	060860
60-49	392340
60-49	102090
60-49	166360
60-49	077720
60-49	168860
60-49	164510
60-49	301100
60-49	513850
60-49	174550
60-49	236220
60-50	268540
60-50	031870
60-50	268700
60-50	030340
60-50	268950
60-50	491590
60-50	161260
60-50	010870
60-50	009770
60-50	006960
60-51	170620
60-51	201310
60-51	180730
60-51	276990
60-51	010150
60-51	391440
60-51	009780
60-51	220920
60-51	129590
60-51	015130
60-52	01045240
60-52	167710
60-52	121100
60-52	019950
60-52	01045740
60-52	01004950
60-52	140420
60-52	01012110
60-52	434210
60-52	548930
60-53	307880
60-53	168450
60-53	170120
60-53	01042970
60-53	179820
60-53	172240
60-53	164020
60-53	01008320
60-53	281210
60-53	163750
60-54	123780
60-54	115610
60-54	01035570
60-54	174620
60-54	237170
60-54	379590
60-54	391550
60-54	128250
60-54	011450
60-54	061110
60-55	139880
60-55	170470
60-55	169130
60-55	172040
60-55	172170
60-55	434910
60-55	138890
60-55	172480
60-55	083950
60-55	175120
60-56	140670
60-56	174160
60-56	136210
60-56	173920
60-56	237030
60-56	172200
60-56	388560
60-56	174470
60-56	177450
60-56	170990
60-57	323480
60-57	174450
60-57	165290
60-57	176440
60-57	178330
60-57	167060
60-57	102610
60-57	435770
60-57	301300
60-57	283290
60-58	173860
60-58	204940
60-58	062000
60-58	126290
60-58	176060
60-58	129070
60-58	449990
60-58	116470
60-58	124920
60-58	449030
60-59	174230
60-59	165610
60-59	171660
60-59	172220
60-59	166570
60-59	300790
60-59	271070
60-59	169560
60-59	395120
60-59	076690
60-60	169010
60-60	171040
60-60	282810
60-60	177220
60-60	270470
60-60	170470
60-60	177440
60-60	141110
60-60	125620
60-60	166380
60-61	136210
60-61	174190
60-61	173510
60-61	171950
60-61	176440
60-61	276600
60-61	175630
60-61	176920
60-61	172940
60-61	01044340
60-62	180670
60-62	013400
60-62	012600
60-62	01071130
60-62	392850
60-62	180340
60-62	088010
60-62	01045410
60-62	219850
60-62	552220
60-63	010750
60-63	168820
60-63	175700
60-63	168420
60-63	169120
60-63	177790
60-63	061170
60-63	120910
60-63	115100
60-63	169800
60-64	023080
60-64	491590
60-64	174000
60-64	200710
60-64	010420
60-64	177750
60-64	124890
60-64	122370
60-64	023630
60-64	492240
60-65	242000
60-65	151960
60-65	026230
60-65	217780
60-65	061700
60-65	241840
60-65	225900
60-65	139810
60-65	156340
60-65	242530
60-66	174280
60-66	011880
60-66	01045780
60-66	061720
60-66	237500
60-66	310930
60-66	435380
60-66	121420
60-66	009310
60-66	171190
60-67	172610
60-67	310240
60-67	171290
60-67	169000
60-67	172310
60-67	166230
60-67	390930
60-67	169400
60-67	165790
60-67	167270
60-68	175500
60-68	311390
60-68	125110
60-68	226580
60-68	142160
60-68	174740
60-68	177710
60-68	407820
60-68	172430
60-68	141720
60-69	392640
60-69	117740
60-69	010130
60-69	117980
60-69	310860
60-69	124150
60-69	338880
60-69	129380
60-69	007180
60-69	122430
60-70	168700
60-70	174570
60-70	167180
60-70	311640
60-70	169330
60-70	392790
60-70	173310
60-70	174490
60-70	165850
60-70	166300
60-71	174060
60-71	140420
60-71	167710
60-71	01004950
60-71	01045240
60-71	01005420
60-71	121100
60-71	434210
60-71	180070
60-71	01045740
60-72	386500
60-72	068570
60-72	175860
60-72	171640
60-72	032320
60-72	230220
60-72	475920
60-72	01019440
60-72	171200
60-72	068740
60-73	172440
60-73	174520
60-73	164870
60-73	167590
60-73	166710
60-73	173080
60-73	123690
60-73	141650
60-73	117990
60-73	121680
60-74	178720
60-74	174520
60-74	205260
60-74	125210
60-74	175050
60-74	203070
60-74	209610
60-74	346230
60-74	120070
60-74	126090
60-75	175390
60-75	141780
60-75	174810
60-75	168700
60-75	177210
60-75	176240
60-75	172470
60-75	174020
60-75	169030
60-75	168940
60-76	102480
60-76	311060
60-76	174540
60-76	171540
60-76	463360
60-76	168820
60-76	176950
60-76	01046670
60-76	141400
60-76	01046040
60-77	000870
60-77	000620
60-77	491480
60-77	129380
60-77	142660
60-77	491280
60-77	177180
60-77	179630
60-77	180090
60-77	001200
60-78	281630
60-78	302690
60-78	282460
60-78	138090
60-78	309240
60-78	171010
60-78	122380
60-78	174400
60-78	137470
60-78	311060
60-79	176600
60-79	176840
60-79	178390
60-79	177790
60-79	168410
60-79	177010
60-79	175640
60-79	01046500
60-79	392850
60-79	01046990
60-80	218250
60-80	012830
60-80	187910
60-80	172270
60-80	321000
60-80	126510
60-80	121100
60-80	140900
60-80	123710
60-80	123910
60-81	171690
60-81	010040
60-81	118400
60-81	390720
60-81	123080
60-81	015240
60-81	171320
60-81	171350
60-81	010320
60-81	01044380
60-82	175830
60-82	175110
60-82	132320
60-82	143000
60-82	139240
60-82	125470
60-82	008660
60-82	171910
60-82	126190
60-82	128550
60-83	126280
60-83	176290
60-83	143080
60-83	271010
60-83	330800
60-83	011590
60-83	062630
60-83	325750
60-83	528890
60-83	272500
60-84	163460
60-84	163270
60-84	168980
60-84	01044340
60-84	135430
60-84	168450
60-84	179370
60-84	175640
60-84	171270
60-84	163200
60-85	323480
60-85	079960
60-85	319080
60-85	170790
60-85	267190
60-85	226780
60-85	464250
60-85	096130
60-85	175060
60-85	173470
60-86	393230
60-86	142690
60-86	175110
60-86	136030
60-86	131970
60-86	099470
60-86	165940
60-86	01045250
60-86	505670
60-86	131840
60-87	392970
60-87	143090
60-87	283250
60-87	173810
60-87	435790
60-87	127540
60-87	313030
60-87	062450
60-87	175610
60-87	255150
60-88	174790
60-88	173460
60-88	140190
60-88	102500
60-88	528440
60-88	528480
60-88	174180
60-88	01072610
60-88	311020
60-88	172410
60-89	180780
60-89	173810
60-89	189560
60-89	169770
60-89	175060
60-89	170490
60-89	120270
60-89	001050
60-89	173080
60-89	178760
60-90	141640
60-90	179620
60-90	323480
60-90	226780
60-90	174330
60-90	172260
60-90	177520
60-90	175060
60-90	172040
60-90	175370
60-91	01019440
60-91	303610
60-91	308000
60-91	176890
60-91	308660
60-91	303870
60-91	311570
60-91	232450
60-91	308950
60-91	278460
60-92	115880
60-92	127520
60-92	179630
60-92	145000
60-92	144390
60-92	178630
60-92	177180
60-92	01009100
60-92	175540
60-92	207850
60-93	143520
60-93	126390
60-93	127370
60-93	168390
60-93	175310
60-93	169950
60-93	169850
60-93	101360
60-93	238530
60-93	120150
60-94	140280
60-94	127690
60-94	355430
60-94	177830
60-94	236860
60-94	249660
60-94	01012160
60-94	140110
60-94	178960
60-94	145110
61-1	025880
61-1	037310
61-1	063130
61-1	177650
61-1	437130
61-1	180080
61-1	303500
61-1	175590
61-1	102990
61-1	284750
61-2	369250
61-2	026390
61-2	369260
61-2	362990
61-2	367800
61-2	294810
61-2	353420
61-2	358130
61-2	087960
61-2	551650
61-3	014250
61-3	128230
61-3	219880
61-3	014170
61-3	181340
61-3	050960
61-3	178630
61-3	144390
61-3	171410
61-3	126430
61-4	269030
61-4	178750
61-4	269270
61-4	173890
61-4	01042250
61-4	512430
61-4	009220
61-4	01060070
61-4	262980
61-4	173880
61-5	144700
61-5	180670
61-5	01071130
61-5	180340
61-5	178740
61-5	277990
61-5	220050
61-5	129510
61-5	144320
61-5	209120
61-6	01031320
61-6	144740
61-6	208510
61-6	178600
61-6	115940
61-6	465370
61-6	124960
61-6	283740
61-6	115450
61-6	350880
61-7	170880
61-7	144570
61-7	160480
61-7	175440
61-7	393330
61-7	208950
61-7	178530
61-7	274300
61-7	140470
61-7	181380
61-8	163990
61-8	007710
61-8	179100
61-8	142500
61-8	126260
61-8	120900
61-8	007520
61-8	168490
61-8	168580
61-8	242740
61-9	304140
61-9	023760
61-9	171410
61-9	211770
61-9	121550
61-9	119080
61-9	146290
61-9	129150
61-9	122420
61-9	102720
61-10	179290
61-10	313360
61-10	180420
61-10	238990
61-10	394340
61-10	209210
61-10	145140
61-10	274040
61-10	021560
61-10	233060
61-11	274320
61-11	179540
61-11	145070
61-11	392550
61-11	303810
61-11	436340
61-11	167530
61-11	061060
61-11	270720
61-11	009710
61-12	167530
61-12	179540
61-12	178070
61-12	074100
61-12	394670
61-12	270720
61-12	268960
61-12	175220
61-12	474700
61-12	129380
61-13	206980
61-13	144680
61-13	179460
61-13	128580
61-13	01054050
61-13	01047000
61-13	180250
61-13	126470
61-13	013050
61-13	180580
61-14	179930
61-14	128980
61-14	145480
61-14	014790
61-14	124420
61-14	124330
61-14	116090
61-14	263260
61-14	030260
61-14	006960
61-15	145780
61-15	313700
61-15	125470
61-15	160480
61-15	175440
61-15	172720
61-15	175700
61-15	125270
61-15	174540
61-15	173810
61-16	01084120
61-16	01045750
61-16	136210
61-16	169390
61-16	177790
61-16	171300
61-16	169120
61-16	176120
61-16	174750
61-16	173700
61-17	026390
61-17	369260
61-17	369250
61-17	01021440
61-17	369490
61-17	080140
61-17	357400
61-17	358840
61-17	367420
61-17	282320
61-18	210680
61-18	124150
61-18	115170
61-18	01046890
61-18	180670
61-18	112190
61-18	177560
61-18	453400
61-18	179330
61-18	180420
61-19	032160
61-19	01062480
61-19	083640
61-19	061220
61-19	254530
61-19	092750
61-19	159420
61-19	297850
61-19	032320
61-19	370520
61-20	123700
61-20	126360
61-20	202480
61-20	180590
61-20	177160
61-20	126390
61-20	181310
61-20	124030
61-20	174190
61-20	175790
61-21	342770
61-21	516910
61-21	176680
61-21	155130
61-21	348080
61-21	430600
61-21	167350
61-21	280890
61-21	103570
61-21	141590
61-22	01047220
61-22	181570
61-22	483110
61-22	127810
61-22	394510
61-22	124920
61-22	165100
61-22	009820
61-22	014670
61-22	181580
61-23	182690
61-23	182260
61-23	267570
61-23	520250
61-23	182270
61-23	230930
61-23	182230
61-23	183020
61-23	182410
61-23	01047280
61-24	229670
61-24	01065010
61-24	182660
61-24	182530
61-24	182260
61-24	182650
61-24	182210
61-24	182270
61-24	182910
61-24	182950
61-25	153420
61-25	256990
61-25	256920
61-25	251050
61-25	379820
61-25	248920
61-25	256940
61-25	250430
61-25	257490
61-25	256800
61-26	182730
61-26	182040
61-26	01065010
61-26	181900
61-26	432390
61-26	183230
61-26	148750
61-26	148310
61-26	182010
61-26	181770
61-27	500990
61-27	498760
61-27	498630
61-27	520250
61-27	499330
61-27	499400
61-27	500200
61-27	498550
61-27	499300
61-27	500080
61-28	183010
61-28	183250
61-28	184160
61-28	182050
61-28	182900
61-28	183510
61-28	182880
61-28	182530
61-28	181680
61-28	416790
61-29	183150
61-29	148890
61-29	182130
61-29	01065010
61-29	182370
61-29	182040
61-29	182050
61-29	149100
61-29	256270
61-29	182840
61-30	183440
61-30	184340
61-30	183690
61-30	184230
61-30	183060
61-30	184180
61-30	184260
61-30	183660
61-30	183710
61-30	149360
61-31	183560
61-31	183190
61-31	183330
61-31	183150
61-31	182350
61-31	547200
61-31	184180
61-31	184050
61-31	184280
61-31	547140
61-32	183960
61-32	183670
61-32	183950
61-32	183580
61-32	01067000
61-32	183070
61-32	008750
61-32	183800
61-32	183440
61-32	232420
61-33	183860
61-33	183880
61-33	183740
61-33	184050
61-33	183900
61-33	183270
61-33	327670
61-33	184380
61-33	183150
61-33	131450
61-34	433370
61-34	183670
61-34	182570
61-34	231450
61-34	183840
61-34	182820
61-34	184040
61-34	150380
61-34	01067000
61-34	184120
61-35	184190
61-35	426440
61-35	521950
61-35	374590
61-35	183290
61-35	183810
61-35	183800
61-35	183760
61-35	183330
61-35	184250
61-36	183650
61-36	547200
61-36	184370
61-36	182070
61-36	183150
61-36	184280
61-36	183270
61-36	184180
61-36	183840
61-36	183300
61-37	460000
61-37	457030
61-37	185600
61-37	459250
61-37	461980
61-37	376230
61-37	458920
61-37	424070
61-37	427180
61-37	501050
61-38	185710
61-38	000110
61-38	185720
61-38	036120
61-38	066020
61-38	000250
61-38	036130
61-38	036290
61-38	002880
61-38	018700
61-39	186460
61-39	186820
61-39	326890
61-39	186370
61-39	069610
61-39	186000
61-39	186590
61-39	188200
61-39	185990
61-39	187570
61-40	186250
61-40	185880
61-40	267540
61-40	373860
61-40	108180
61-40	071080
61-40	323970
61-40	379160
61-40	060660
61-40	069770
61-41	416220
61-41	498960
61-41	324130
61-41	499330
61-41	305790
61-41	071840
61-41	069590
61-41	186270
61-41	338670
61-41	432710
61-42	186250
61-42	067490
61-42	379160
61-42	138910
61-42	485430
61-42	185880
61-42	01002740
61-42	375000
61-42	186830
61-42	186210
61-43	376470
61-43	186770
61-43	499970
61-43	500110
61-43	329490
61-43	373670
61-43	186450
61-43	073870
61-43	186290
61-43	187450
61-44	377290
61-44	186370
61-44	271140
61-44	187270
61-44	074620
61-44	417680
61-44	121140
61-44	329950
61-44	187190
61-44	069740
61-45	187120
61-45	417600
61-45	186220
61-45	070640
61-45	500630
61-45	187870
61-45	073790
61-45	072950
61-45	071660
61-45	271430
61-46	074830
61-46	310360
61-46	363220
61-46	380760
61-46	187760
61-46	075110
61-46	187600
61-46	193920
61-46	277750
61-46	188030
61-47	187730
61-47	186220
61-47	073920
61-47	529370
61-47	186560
61-47	064890
61-47	400060
61-47	077450
61-47	187520
61-47	380910
61-48	071810
61-48	187930
61-48	167710
61-48	01020620
61-48	187670
61-48	187450
61-48	187500
61-48	187570
61-48	188030
61-48	186790
61-49	073970
61-49	187450
61-49	073870
61-49	070480
61-49	338680
61-49	186360
61-49	277750
61-49	186290
61-49	219590
61-49	187430
61-50	187750
61-50	253360
61-50	126280
61-50	188290
61-50	072830
61-50	380940
61-50	186460
61-50	074240
61-50	073990
61-50	071680
61-51	188230
61-51	394330
61-51	078460
61-51	145050
61-51	044260
61-51	078180
61-51	188210
61-51	186760
61-51	188020
61-51	180440
61-52	188230
61-52	394330
61-52	145050
61-52	078180
61-52	01020670
61-52	436280
61-52	188020
61-52	078460
61-52	128540
61-52	075060
61-53	188350
61-53	188360
61-53	036610
61-53	253750
61-53	188370
61-53	066020
61-53	343480
61-53	036270
61-53	01076530
61-53	038440
61-54	188520
61-54	018420
61-54	466720
61-54	036410
61-54	188720
61-54	339250
61-54	188420
61-54	262450
61-54	511340
61-54	430640
61-55	188770
61-55	499930
61-55	268890
61-55	500810
61-55	189240
61-55	482600
61-55	188700
61-55	188680
61-55	085770
61-55	482700
61-56	547150
61-56	451810
61-56	053580
61-56	322640
61-56	021070
61-56	489060
61-56	328080
61-56	241010
61-56	402470
61-56	189480
61-57	212910
61-57	189540
61-57	031580
61-57	053420
61-57	194810
61-57	318050
61-57	021570
61-57	099450
61-57	000180
61-57	021340
61-58	189730
61-58	01048050
61-58	01048060
61-58	354130
61-58	364340
61-58	288970
61-58	356710
61-58	526890
61-58	268890
61-58	548430
61-59	190200
61-59	322230
61-59	317580
61-59	134880
61-59	096290
61-59	080320
61-59	029930
61-59	479160
61-59	098690
61-59	002200
61-60	190480
61-60	190660
61-60	01003150
61-60	191710
61-60	193680
61-60	190560
61-60	01002770
61-60	190310
61-60	190500
61-60	196720
61-61	336580
61-61	01014960
61-61	516940
61-61	155820
61-61	100290
61-61	003750
61-61	01001590
61-61	082330
61-61	432620
61-61	375240
61-62	471650
61-62	259440
61-62	190990
61-62	488360
61-62	488400
61-62	038460
61-62	351890
61-62	01014960
61-62	216260
61-62	156750
61-63	009040
61-63	190860
61-63	121370
61-63	139060
61-63	191710
61-63	190940
61-63	006840
61-63	191000
61-63	191370
61-63	191320
61-64	479160
61-64	105870
61-64	226470
61-64	225500
61-64	092660
61-64	034360
61-64	107240
61-64	132430
61-64	061640
61-64	542050
61-65	01048200
61-65	191910
61-65	411490
61-65	192180
61-65	190900
61-65	192200
61-65	190780
61-65	498400
61-65	192090
61-65	191470
61-66	192600
61-66	288060
61-66	213740
61-66	234580
61-66	186260
61-66	120900
61-66	269220
61-66	087520
61-66	130890
61-66	401420
61-67	192780
61-67	192840
61-67	192790
61-67	192870
61-67	192810
61-67	290940
61-67	193010
61-67	192770
61-67	192830
61-67	193040
61-68	192810
61-68	192830
61-68	192820
61-68	290940
61-68	192890
61-68	198430
61-68	192800
61-68	192780
61-68	192760
61-68	192790
61-69	192930
61-69	192860
61-69	192800
61-69	192950
61-69	192810
61-69	373810
61-69	082890
61-69	192890
61-69	192770
61-69	064780
61-70	192920
61-70	192790
61-70	192800
61-70	193010
61-70	193110
61-70	290940
61-70	192770
61-70	192950
61-70	192860
61-70	482410
61-71	01041020
61-71	162640
61-71	193880
61-71	112100
61-71	067600
61-71	162620
61-71	193780
61-71	162410
61-71	322730
61-71	112170
61-72	193650
61-72	437780
61-72	055940
61-72	194910
61-72	005640
61-72	195820
61-72	116910
61-72	194500
61-72	161130
61-72	214520
61-73	437660
61-73	233820
61-73	132860
61-73	002060
61-73	056150
61-73	437790
61-73	235140
61-73	193370
61-73	162990
61-73	055830
61-74	193980
61-74	117130
61-74	133490
61-74	212600
61-74	213320
61-74	247100
61-74	234110
61-74	349460
61-74	193360
61-74	01048390
61-75	194240
61-75	194630
61-75	032030
61-75	056000
61-75	002770
61-75	058560
61-75	200990
61-75	195360
61-75	198890
61-75	195140
61-76	438520
61-76	005140
61-76	056490
61-76	000040
61-76	056730
61-76	117110
61-76	247260
61-76	154360
61-76	033600
61-76	005280
61-77	193650
61-77	194500
61-77	438200
61-77	438250
61-77	056150
61-77	437660
61-77	233820
61-77	029860
61-77	132860
61-77	056050
61-78	117040
61-78	194230
61-78	019340
61-78	038640
61-78	133620
61-78	163450
61-78	005230
61-78	234930
61-78	289530
61-78	058790
61-79	438150
61-79	194530
61-79	005640
61-79	116910
61-79	01057860
61-79	471910
61-79	214520
61-79	438290
61-79	196930
61-79	193650
61-80	234030
61-80	244090
61-80	005130
61-80	161210
61-80	268800
61-80	238020
61-80	254200
61-80	456590
61-80	056220
61-80	000530
61-81	033010
61-81	195900
61-81	004550
61-81	022020
61-81	154370
61-81	161130
61-81	01002640
61-81	438640
61-81	196450
61-81	024560
61-82	194070
61-82	056070
61-82	146940
61-82	163520
61-82	194060
61-82	155030
61-82	007890
61-82	01031420
61-82	267580
61-82	438100
61-83	194430
61-83	234060
61-83	234300
61-83	248830
61-83	006520
61-83	196960
61-83	202900
61-83	198480
61-83	01082620
61-83	135510
61-84	234240
61-84	057360
61-84	213080
61-84	193330
61-84	117920
61-84	213800
61-84	195810
61-84	194860
61-84	059870
61-84	195170
61-85	006550
61-85	195050
61-85	039860
61-85	005750
61-85	443830
61-85	117630
61-85	134150
61-85	018030
61-85	443040
61-85	000560
61-86	195610
61-86	058380
61-86	01008650
61-86	194040
61-86	186240
61-86	116900
61-86	007350
61-86	006090
61-86	194160
61-86	134090
61-87	437770
61-87	195240
61-87	268760
61-87	187230
61-87	268830
61-87	235300
61-87	467820
61-87	098020
61-87	121080
61-87	274910
61-88	117820
61-88	194960
61-88	437830
61-88	194970
61-88	438660
61-88	438630
61-88	441860
61-88	136240
61-88	438730
61-88	438130
61-89	195300
61-89	249350
61-89	005780
61-89	118040
61-89	438970
61-89	438700
61-89	023020
61-89	451550
61-89	023730
61-89	007390
61-90	438970
61-90	013050
61-90	126470
61-90	441770
61-90	01003390
61-90	439360
61-90	438700
61-90	439550
61-90	009820
61-90	01003450
61-91	194240
61-91	058560
61-91	002770
61-91	194630
61-91	056000
61-91	032030
61-91	200990
61-91	198890
61-91	195360
61-91	195140
61-92	194780
61-92	117620
61-92	234560
61-92	195250
61-92	113750
61-92	033600
61-92	234640
61-92	108290
61-92	113920
61-92	117860
61-93	194820
61-93	056770
61-93	006140
61-93	300710
61-93	164480
61-93	457230
61-93	213420
61-93	388540
61-93	040590
61-93	007140
61-94	117820
61-94	194960
61-94	136240
61-94	194970
61-94	438730
61-94	006770
61-94	437830
61-94	441860
61-94	438660
61-94	119060
62-1	086010
62-1	491510
62-1	441770
62-1	161260
62-1	491520
62-1	041180
62-1	492110
62-1	491590
62-1	492240
62-1	085980
62-2	195340
62-2	196700
62-2	437750
62-2	036400
62-2	343880
62-2	198480
62-2	255770
62-2	267710
62-2	441340
62-2	255610
62-3	117660
62-3	122750
62-3	186260
62-3	195600
62-3	114920
62-3	019460
62-3	198540
62-3	007900
62-3	195900
62-3	036260
62-4	195310
62-4	195320
62-4	057320
62-4	01008660
62-4	317920
62-4	01043480
62-4	374430
62-4	005850
62-4	116410
62-4	200140
62-5	194780
62-5	113750
62-5	195250
62-5	117620
62-5	234640
62-5	133410
62-5	234560
62-5	033600
62-5	194600
62-5	213460
62-6	196350
62-6	248360
62-6	250900
62-6	006940
62-6	292130
62-6	247990
62-6	538720
62-6	250810
62-6	248600
62-6	251670
62-7	099450
62-7	387390
62-7	387270
62-7	387510
62-7	113750
62-7	387280
62-7	01064990
62-7	387230
62-7	115010
62-7	387320
62-8	118940
62-8	441860
62-8	011620
62-8	152840
62-8	01049630
62-8	122710
62-8	249600
62-8	029560
62-8	442460
62-8	198970
62-9	195650
62-9	057270
62-9	437780
62-9	440000
62-9	438410
62-9	01003070
62-9	439080
62-9	439290
62-9	438640
62-9	119000
62-10	439420
62-10	235120
62-10	057730
62-10	439710
62-10	135140
62-10	438780
62-10	243190
62-10	006650
62-10	280230
62-10	269840
62-11	196670
62-11	196660
62-11	234870
62-11	214010
62-11	057570
62-11	098090
62-11	357920
62-11	389880
62-11	291110
62-11	254160
62-12	194760
62-12	213400
62-12	057070
62-12	195390
62-12	01008730
62-12	194750
62-12	213080
62-12	196300
62-12	134200
62-12	197330
62-13	350230
62-13	022510
62-13	022350
62-13	439440
62-13	057240
62-13	022330
62-13	248070
62-13	093360
62-13	121250
62-13	023570
62-14	258450
62-14	471830
62-14	092290
62-14	032390
62-14	020680
62-14	192920
62-14	330720
62-14	373810
62-14	195650
62-14	017830
62-15	041240
62-15	01049410
62-15	196770
62-15	438970
62-15	195060
62-15	007390
62-15	114050
62-15	483110
62-15	440390
62-15	134890
62-16	006990
62-16	022190
62-16	279850
62-16	057750
62-16	006090
62-16	196130
62-16	117140
62-16	471830
62-16	024300
62-16	117700
62-17	197250
62-17	196280
62-17	236270
62-17	250840
62-17	008090
62-17	167590
62-17	247530
62-17	236310
62-17	199300
62-17	198340
62-18	200030
62-18	216280
62-18	492280
62-18	01049630
62-18	161130
62-18	139390
62-18	197940
62-18	01089250
62-18	196790
62-18	087270
62-19	347610
62-19	347800
62-19	247370
62-19	197270
62-19	055790
62-19	342170
62-19	247690
62-19	442580
62-19	343880
62-19	437750
62-20	198310
62-20	01008770
62-20	236870
62-20	215090
62-20	120420
62-20	136780
62-20	198700
62-20	114510
62-20	007470
62-20	195910
62-21	233980
62-21	345570
62-21	472410
62-21	114340
62-21	196850
62-21	01092430
62-21	01077600
62-21	346430
62-21	005440
62-21	056410
62-22	197160
62-22	198850
62-22	152030
62-22	242820
62-22	241040
62-22	440130
62-22	01004340
62-22	153050
62-22	022360
62-22	152360
62-23	214640
62-23	007670
62-23	261520
62-23	197900
62-23	440800
62-23	443160
62-23	268540
62-23	236340
62-23	042530
62-23	269160
62-24	235380
62-24	214890
62-24	353460
62-24	200220
62-24	293940
62-24	197920
62-24	249840
62-24	120140
62-24	202980
62-24	198030
62-25	316120
62-25	01090140
62-25	316530
62-25	443670
62-25	441630
62-25	361120
62-25	440120
62-25	249980
62-25	441930
62-25	01032950
62-26	01089070
62-26	058140
62-26	235620
62-26	058720
62-26	216230
62-26	215110
62-26	214990
62-26	440110
62-26	197760
62-26	235370
62-27	008720
62-27	248510
62-27	205240
62-27	248780
62-27	006410
62-27	252800
62-27	440100
62-27	192830
62-27	441920
62-27	251380
62-28	519850
62-28	213950
62-28	01008820
62-28	068670
62-28	022190
62-28	246160
62-28	217660
62-28	213870
62-28	445120
62-28	443050
62-29	193650
62-29	006400
62-29	200080
62-29	01049630
62-29	022030
62-29	194530
62-29	441860
62-29	437780
62-29	194140
62-29	009140
62-30	198630
62-30	200280
62-30	187310
62-30	114650
62-30	440390
62-30	202600
62-30	016770
62-30	241720
62-30	247920
62-30	017800
62-31	243460
62-31	438870
62-31	243450
62-31	002770
62-31	194630
62-31	196590
62-31	475490
62-31	200990
62-31	191780
62-31	198200
62-32	058740
62-32	119870
62-32	01049560
62-32	194940
62-32	234310
62-32	058060
62-32	057090
62-32	01008780
62-32	197980
62-32	196730
62-33	195060
62-33	249350
62-33	041180
62-33	438970
62-33	086010
62-33	250690
62-33	198690
62-33	377780
62-33	008940
62-33	01003390
62-34	198870
62-34	196210
62-34	008850
62-34	390920
62-34	203360
62-34	01032950
62-34	442590
62-34	391880
62-34	219600
62-34	441660
62-35	235910
62-35	215270
62-35	137350
62-35	056630
62-35	194370
62-35	120890
62-35	167390
62-35	267930
62-35	268960
62-35	169390
62-36	199190
62-36	01053650
62-36	019810
62-36	009340
62-36	339180
62-36	029860
62-36	01049630
62-36	182160
62-36	193650
62-36	114730
62-37	01049630
62-37	140280
62-37	238230
62-37	216280
62-37	441860
62-37	059110
62-37	198970
62-37	062040
62-37	114680
62-37	009140
62-38	200140
62-38	198620
62-38	196370
62-38	214810
62-38	195310
62-38	197410
62-38	236070
62-38	007090
62-38	195320
62-38	235620
62-39	390930
62-39	271040
62-39	019950
62-39	248360
62-39	032070
62-39	237290
62-39	251120
62-39	442330
62-39	067450
62-39	199610
62-40	152030
62-40	197160
62-40	198850
62-40	241040
62-40	01004340
62-40	152360
62-40	241510
62-40	440130
62-40	395030
62-40	395050
62-41	235900
62-41	251770
62-41	440650
62-41	187190
62-41	01089320
62-41	442990
62-41	196960
62-41	092110
62-41	439310
62-41	442580
62-42	199110
62-42	198740
62-42	114550
62-42	348480
62-42	009250
62-42	441020
62-42	352030
62-42	248580
62-42	355860
62-42	168560
62-43	121570
62-43	196750
62-43	327420
62-43	01050140
62-43	086880
62-43	126430
62-43	327790
62-43	115720
62-43	325140
62-43	197470
62-44	019760
62-44	199060
62-44	441730
62-44	248520
62-44	441020
62-44	214810
62-44	169660
62-44	120070
62-44	439680
62-44	198470
62-45	199400
62-45	248430
62-45	210880
62-45	249350
62-45	250690
62-45	250840
62-45	220750
62-45	248280
62-45	01004490
62-45	121050
62-46	440860
62-46	057340
62-46	213410
62-46	437940
62-46	215360
62-46	440010
62-46	098210
62-46	057290
62-46	061580
62-46	438090
62-47	201510
62-47	440090
62-47	444190
62-47	200720
62-47	442590
62-47	010250
62-47	202480
62-47	440630
62-47	200030
62-47	050500
62-48	201620
62-48	019990
62-48	201970
62-48	203010
62-48	439360
62-48	033940
62-48	033980
62-48	216890
62-48	451600
62-48	034050
62-49	062700
62-49	202540
62-49	009270
62-49	200730
62-49	173440
62-49	019950
62-49	121090
62-49	292900
62-49	121100
62-49	01049800
62-50	009780
62-50	439390
62-50	201680
62-50	236630
62-50	01088990
62-50	203820
62-50	216200
62-50	138790
62-50	202900
62-50	219160
62-51	318020
62-51	139240
62-51	442590
62-51	01051110
62-51	200320
62-51	01001810
62-51	235250
62-51	440120
62-51	037050
62-51	213650
62-52	438640
62-52	010140
62-52	122330
62-52	441670
62-52	201400
62-52	358090
62-52	440080
62-52	01089320
62-52	440100
62-52	440660
62-53	136200
62-53	059870
62-53	201530
62-53	219740
62-53	207230
62-53	197010
62-53	237280
62-53	355430
62-53	345720
62-53	01005280
62-54	438710
62-54	01051670
62-54	019950
62-54	170490
62-54	236580
62-54	199480
62-54	206290
62-54	123850
62-54	060800
62-54	126680
62-55	201560
62-55	324000
62-55	182160
62-55	452180
62-55	036260
62-55	356680
62-55	181950
62-55	161100
62-55	122490
62-55	044690
62-56	01058810
62-56	059410
62-56	236390
62-56	216350
62-56	213400
62-56	169030
62-56	326110
62-56	194760
62-56	198910
62-56	238400
62-57	01089070
62-57	197390
62-57	171670
62-57	236720
62-57	201780
62-57	059410
62-57	061170
62-57	445320
62-57	237620
62-57	169030
62-58	201160
62-58	010410
62-58	122300
62-58	250690
62-58	249350
62-58	416450
62-58	438970
62-58	015240
62-58	230550
62-58	205150
62-59	200540
62-59	011720
62-59	010100
62-59	203500
62-59	120120
62-59	171060
62-59	137440
62-59	058520
62-59	139020
62-59	059350
62-60	200990
62-60	196480
62-60	002770
62-60	198890
62-60	005420
62-60	194630
62-60	511180
62-60	193960
62-60	194410
62-60	032030
62-61	200850
62-61	522460
62-61	207720
62-61	376810
62-61	010700
62-61	207750
62-61	205600
62-61	032030
62-61	309340
62-61	085560
62-62	007100
62-62	196190
62-62	248280
62-62	010350
62-62	249350
62-62	250690
62-62	438970
62-62	445300
62-62	387360
62-62	439360
62-63	200600
62-63	117600
62-63	121290
62-63	000490
62-63	089080
62-63	039240
62-63	198650
62-63	056730
62-63	098840
62-63	098660
62-64	01052300
62-64	01052340
62-64	01051060
62-64	01051790
62-64	01052320
62-64	198050
62-64	01052330
62-64	454320
62-64	217110
62-64	212080
62-65	01088990
62-65	201680
62-65	01005710
62-65	440000
62-65	01058620
62-65	127370
62-65	01058830
62-65	139630
62-65	137490
62-65	385230
62-66	200830
62-66	511840
62-66	005500
62-66	441530
62-66	511350
62-66	142540
62-66	199780
62-66	511310
62-66	01003810
62-66	440160
62-67	022350
62-67	022510
62-67	023050
62-67	022330
62-67	078350
62-67	022310
62-67	01009930
62-67	023790
62-67	124920
62-67	022920
62-68	01058940
62-68	200110
62-68	288750
62-68	440860
62-68	216780
62-68	443940
62-68	01089320
62-68	442010
62-68	437800
62-68	215110
62-69	441730
62-69	437860
62-69	441020
62-69	081100
62-69	123030
62-69	440920
62-69	248760
62-69	117510
62-69	01089320
62-69	009100
62-70	203230
62-70	445320
62-70	195140
62-70	01049330
62-70	172410
62-70	144370
62-70	01090540
62-70	440810
62-70	236940
62-70	197390
62-71	438970
62-71	013050
62-71	444000
62-71	439360
62-71	439550
62-71	440390
62-71	011590
62-71	441030
62-71	443950
62-71	007130
62-72	268000
62-72	214810
62-72	198470
62-72	019780
62-72	009070
62-72	176120
62-72	120960
62-72	441730
62-72	441020
62-72	058220
62-73	132070
62-73	245240
62-73	01050330
62-73	439370
62-73	251010
62-73	099450
62-73	442590
62-73	203040
62-73	441690
62-73	273480
62-74	190300
62-74	320230
62-74	471460
62-74	191780
62-74	245810
62-74	269140
62-74	328070
62-74	211390
62-74	000080
62-74	191830
62-75	498230
62-75	442990
62-75	203140
62-75	498420
62-75	442330
62-75	442580
62-75	442020
62-75	01051670
62-75	440650
62-75	442660
62-76	008390
62-76	121510
62-76	139620
62-76	235010
62-76	437780
62-76	115410
62-76	442640
62-76	123690
62-76	438080
62-76	136760
62-77	439450
62-77	202190
62-77	01036000
62-77	439060
62-77	011470
62-77	441730
62-77	202060
62-77	443990
62-77	438730
62-77	441610
62-78	01075310
62-78	222850
62-78	264040
62-78	332800
62-78	330700
62-78	310720
62-78	264800
62-78	259170
62-78	329150
62-78	334100
62-79	271010
62-79	444000
62-79	203770
62-79	204930
62-79	01051130
62-79	202350
62-79	125210
62-79	446060
62-79	204730
62-79	009220
62-80	124020
62-80	01004950
62-80	01005420
62-80	197750
62-80	199600
62-80	01032660
62-80	441800
62-80	008240
62-80	442070
62-80	01051690
62-81	103830
62-81	203990
62-81	207930
62-81	237170
62-81	250550
62-81	248600
62-81	318770
62-81	443180
62-81	187730
62-81	079050
62-82	217740
62-82	060940
62-82	201520
62-82	011160
62-82	01084420
62-82	01011970
62-82	440190
62-82	202230
62-82	169120
62-82	315570
62-83	277930
62-83	282860
62-83	205450
62-83	492580
62-83	493400
62-83	491410
62-83	492000
62-83	491720
62-83	493440
62-83	492870
62-84	207120
62-84	205360
62-84	125630
62-84	222630
62-84	206940
62-84	439360
62-84	061990
62-84	125080
62-84	196870
62-84	438970
62-85	444190
62-85	209120
62-85	445790
62-85	144700
62-85	220050
62-85	129510
62-85	443820
62-85	466610
62-85	442590
62-85	441660
62-86	259440
62-86	01090140
62-86	316120
62-86	250900
62-86	250450
62-86	034110
62-86	325870
62-86	443950
62-86	016310
62-86	444530
62-87	032030
62-87	440970
62-87	511180
62-87	204110
62-87	197470
62-87	196480
62-87	031610
62-87	400420
62-87	401080
62-87	259090
62-88	062130
62-88	204200
62-88	203460
62-88	248700
62-88	292130
62-88	247730
62-88	207930
62-88	172610
62-88	197390
62-88	289990
62-89	174030
62-89	068820
62-89	062010
62-89	161160
62-89	326880
62-89	345550
62-89	205440
62-89	419210
62-89	166550
62-89	152150
62-90	079070
62-90	01089780
62-90	092490
62-90	440860
62-90	061080
62-90	440920
62-90	443820
62-90	095070
62-90	437990
62-90	092610
62-91	183350
62-91	183040
62-91	047710
62-91	184320
62-91	183270
62-91	184390
62-91	186660
62-91	184210
62-91	183660
62-91	184250
62-92	061890
62-92	056630
62-92	205260
62-92	237620
62-92	184910
62-92	197360
62-92	197350
62-92	236980
62-92	342770
62-92	196350
62-93	204890
62-93	187800
62-93	236790
62-93	033980
62-93	489800
62-93	034050
62-93	391020
62-93	055550
62-93	446150
62-93	317340
62-94	285950
62-94	357320
62-94	349580
62-94	293810
62-94	275800
62-94	293360
62-94	334050
62-94	352240
62-94	454020
62-94	361280
63-1	205000
63-1	202960
63-1	175390
63-1	075700
63-1	237220
63-1	124980
63-1	208330
63-1	205300
63-1	236730
63-1	204360
63-2	207740
63-2	218020
63-2	362680
63-2	208420
63-2	01051670
63-2	207070
63-2	219240
63-2	237590
63-2	250500
63-2	197390
63-3	204100
63-3	440390
63-3	442080
63-3	443090
63-3	441400
63-3	440240
63-3	442090
63-3	437820
63-3	443670
63-3	444750
63-4	058650
63-4	440190
63-4	01011970
63-4	199010
63-4	085100
63-4	364930
63-4	002530
63-4	216510
63-4	099470
63-4	144370
63-5	484870
63-5	206150
63-5	441770
63-5	441640
63-5	443950
63-5	01052430
63-5	205840
63-5	330050
63-5	316120
63-5	270670
63-6	195250
63-6	060800
63-6	019950
63-6	441850
63-6	216330
63-6	121550
63-6	194780
63-6	01049800
63-6	099620
63-6	197390
63-7	01089370
63-7	406270
63-7	197390
63-7	202070
63-7	130890
63-7	445910
63-7	202650
63-7	272520
63-7	058560
63-7	084310
63-8	204330
63-8	324220
63-8	209020
63-8	327740
63-8	401760
63-8	201310
63-8	324510
63-8	505920
63-8	402820
63-8	208270
63-9	058490
63-9	441850
63-9	058890
63-9	052250
63-9	442070
63-9	199600
63-9	441840
63-9	237970
63-9	218320
63-9	01089370
63-10	205700
63-10	238080
63-10	187980
63-10	013110
63-10	126550
63-10	197450
63-10	206230
63-10	195250
63-10	112180
63-10	01053260
63-11	222620
63-11	034340
63-11	034230
63-11	440880
63-11	205700
63-11	01078510
63-11	187980
63-11	259190
63-11	367800
63-11	032000
63-12	205990
63-12	206960
63-12	126890
63-12	012620
63-12	013530
63-12	316120
63-12	159810
63-12	126270
63-12	218400
63-12	252710
63-13	199020
63-13	443480
63-13	148080
63-13	115920
63-13	202260
63-13	198200
63-13	115930
63-13	221350
63-13	206390
63-13	239600
63-14	218670
63-14	206290
63-14	319080
63-14	126410
63-14	323480
63-14	267190
63-14	185560
63-14	445470
63-14	442530
63-14	079960
63-15	382130
63-15	126370
63-15	319050
63-15	238120
63-15	218260
63-15	062350
63-15	239050
63-15	143010
63-15	393150
63-15	283100
63-16	022070
63-16	322310
63-16	211630
63-16	202110
63-16	247920
63-16	01050300
63-16	022280
63-16	444610
63-16	250500
63-16	197160
63-17	238140
63-17	444190
63-17	01088990
63-17	439060
63-17	440860
63-17	440570
63-17	438640
63-17	440070
63-17	463900
63-17	438570
63-18	249530
63-18	203800
63-18	01049800
63-18	064500
63-18	250500
63-18	333880
63-18	249860
63-18	476600
63-18	211960
63-18	335430
63-19	218630
63-19	412130
63-19	187920
63-19	205870
63-19	01005750
63-19	251580
63-19	250340
63-19	200540
63-19	408050
63-19	238030
63-20	219160
63-20	208250
63-20	393400
63-20	202900
63-20	144010
63-20	127640
63-20	063010
63-20	437780
63-20	207600
63-20	076980
63-21	124920
63-21	433210
63-21	082870
63-21	208680
63-21	203800
63-21	200810
63-21	012010
63-21	061710
63-21	141710
63-21	140290
63-22	219250
63-22	143730
63-22	077280
63-22	429130
63-22	238440
63-22	393610
63-22	232720
63-22	464670
63-22	01088990
63-22	208390
63-23	207340
63-23	127650
63-23	177790
63-23	126260
63-23	427810
63-23	236490
63-23	01005850
63-23	187960
63-23	141600
63-23	160020
63-24	443040
63-24	442590
63-24	249660
63-24	443650
63-24	443850
63-24	159470
63-24	443510
63-24	442530
63-24	442750
63-24	444060
63-25	206900
63-25	207930
63-25	249660
63-25	115510
63-25	020200
63-25	062460
63-25	202320
63-25	120210
63-25	236110
63-25	204750
63-26	219400
63-26	132070
63-26	141600
63-26	126260
63-26	01005850
63-26	213400
63-26	187960
63-26	204850
63-26	075860
63-26	236490
63-27	283760
63-27	429560
63-27	238820
63-27	465280
63-27	219930
63-27	441030
63-27	238590
63-27	197360
63-27	296020
63-27	077940
63-28	144460
63-28	063480
63-28	188130
63-28	208470
63-28	014120
63-28	412220
63-28	195910
63-28	010730
63-28	210260
63-28	203600
63-29	01032950
63-29	440980
63-29	140630
63-29	443930
63-29	063930
63-29	444950
63-29	175110
63-29	01089370
63-29	277970
63-29	444060
63-30	219740
63-30	144270
63-30	312910
63-30	128240
63-30	178590
63-30	492280
63-30	161130
63-30	429660
63-30	438140
63-30	216280
63-31	208510
63-31	465370
63-31	115940
63-31	01031320
63-31	144740
63-31	204900
63-31	249860
63-31	504040
63-31	467610
63-31	352370
63-32	063750
63-32	238760
63-32	491950
63-32	01032950
63-32	217790
63-32	064120
63-32	01057980
63-32	170880
63-32	063930
63-32	217140
63-33	208860
63-33	334210
63-33	086040
63-33	454210
63-33	394030
63-33	144400
63-33	197210
63-33	325410
63-33	223120
63-33	490810
63-34	265600
63-34	163990
63-34	153120
63-34	160280
63-34	444060
63-34	205990
63-34	01052240
63-34	375240
63-34	132320
63-34	443340
63-35	01053450
63-35	209570
63-35	367590
63-35	202480
63-35	203980
63-35	013070
63-35	01048570
63-35	528750
63-35	205590
63-35	202110
63-36	01089070
63-36	439230
63-36	362680
63-36	159530
63-36	238890
63-36	202320
63-36	187430
63-36	355790
63-36	355880
63-36	365540
63-37	209220
63-37	031550
63-37	420180
63-37	367480
63-37	055740
63-37	323730
63-37	417040
63-37	242710
63-37	149100
63-37	372640
63-38	238280
63-38	207280
63-38	408350
63-38	209700
63-38	220060
63-38	217410
63-38	145150
63-38	200540
63-38	220120
63-38	211650
63-39	209370
63-39	202540
63-39	259440
63-39	201200
63-39	199610
63-39	01049800
63-39	210560
63-39	019950
63-39	261760
63-39	207070
63-40	315840
63-40	002690
63-40	195220
63-40	216330
63-40	098840
63-40	347970
63-40	01008120
63-40	103680
63-40	326060
63-40	022820
63-41	01048570
63-41	212980
63-41	000870
63-41	213280
63-41	000620
63-41	186170
63-41	033670
63-41	202480
63-41	492280
63-41	222540
63-42	210680
63-42	250450
63-42	034270
63-42	367140
63-42	034110
63-42	316200
63-42	163990
63-42	01053480
63-42	444010
63-42	01079250
63-43	210250
63-43	01009930
63-43	361860
63-43	521170
63-43	346360
63-43	420180
63-43	354180
63-43	01053920
63-43	400700
63-43	492010
63-44	209950
63-44	441280
63-44	01049630
63-44	210030
63-44	353670
63-44	357150
63-44	001020
63-44	489820
63-44	361370
63-44	210420
63-45	020520
63-45	445630
63-45	014790
63-45	438750
63-45	439360
63-45	128980
63-45	144850
63-45	427970
63-45	439550
63-45	064090
63-46	210190
63-46	220390
63-46	444600
63-46	209300
63-46	443400
63-46	145560
63-46	259440
63-46	108330
63-46	440360
63-46	464540
63-47	362680
63-47	01003830
63-47	122770
63-47	208420
63-47	238880
63-47	202480
63-47	492280
63-47	059870
63-47	202110
63-47	219740
63-48	228640
63-48	448160
63-48	274910
63-48	330620
63-48	055940
63-48	483140
63-48	326750
63-48	487820
63-48	467620
63-48	227980
63-49	211010
63-49	407170
63-49	249800
63-49	087260
63-49	246520
63-49	01053960
63-49	398930
63-49	206790
63-49	223040
63-49	222960
63-50	210720
63-50	549680
63-50	212770
63-50	01009100
63-50	119670
63-50	205080
63-50	220780
63-50	013120
63-50	372720
63-50	015540
63-51	353500
63-51	185360
63-51	059420
63-51	160890
63-51	211620
63-51	274770
63-51	064810
63-51	178670
63-51	445520
63-51	407170
63-52	259440
63-52	212130
63-52	01090140
63-52	292160
63-52	016310
63-52	202320
63-52	316120
63-52	207930
63-52	348710
63-52	292290
63-53	212850
63-53	213180
63-53	212590
63-53	455270
63-53	314280
63-53	067080
63-53	212560
63-53	213780
63-53	374230
63-53	155130
63-54	322820
63-54	089810
63-54	374030
63-54	233550
63-54	300360
63-54	056720
63-54	212900
63-54	163240
63-54	213110
63-54	376880
63-55	214110
63-55	379210
63-55	136130
63-55	451790
63-55	214310
63-55	213540
63-55	458170
63-55	216340
63-55	195540
63-55	213300
63-56	379210
63-56	216130
63-56	216340
63-56	214490
63-56	451790
63-56	500400
63-56	301920
63-56	403760
63-56	216910
63-56	377490
63-57	213460
63-57	457200
63-57	213280
63-57	424670
63-57	090300
63-57	267700
63-57	116270
63-57	085930
63-57	031730
63-57	240580
63-58	213760
63-58	213080
63-58	134300
63-58	374410
63-58	498930
63-58	116830
63-58	212810
63-58	499120
63-58	213400
63-58	305690
63-59	01054240
63-59	118090
63-59	213280
63-59	451790
63-59	379210
63-59	216510
63-59	216780
63-59	01000360
63-59	267850
63-59	213610
63-60	213840
63-60	057340
63-60	213520
63-60	214310
63-60	375320
63-60	164380
63-60	212680
63-60	216180
63-60	057390
63-60	213830
63-61	214280
63-61	214110
63-61	234910
63-61	458430
63-61	212680
63-61	213540
63-61	091500
63-61	117080
63-61	377070
63-61	135150
63-62	213970
63-62	01003150
63-62	007350
63-62	117290
63-62	120410
63-62	498150
63-62	006060
63-62	008020
63-62	000200
63-62	289160
63-63	214250
63-63	01054310
63-63	090470
63-63	543430
63-63	317740
63-63	163320
63-63	027370
63-63	060760
63-63	289590
63-63	108640
63-64	214200
63-64	378860
63-64	217430
63-64	457920
63-64	217200
63-64	410780
63-64	215270
63-64	215560
63-64	460370
63-64	215450
63-65	01018460
63-65	057140
63-65	528200
63-65	098660
63-65	116690
63-65	01013860
63-65	355700
63-65	117310
63-65	233670
63-65	352970
63-66	216120
63-66	167110
63-66	058330
63-66	217360
63-66	376310
63-66	458500
63-66	213080
63-66	213400
63-66	220060
63-66	225280
63-67	215190
63-67	215110
63-67	214240
63-67	058240
63-67	212840
63-67	214310
63-67	058140
63-67	086760
63-67	216130
63-67	055960
63-68	217430
63-68	060250
63-68	215150
63-68	379370
63-68	01017450
63-68	217200
63-68	459920
63-68	215270
63-68	217510
63-68	214270
63-69	01055640
63-69	217030
63-69	060680
63-69	056030
63-69	379880
63-69	216770
63-69	214720
63-69	213280
63-69	383230
63-69	219680
63-70	451500
63-70	01055320
63-70	217590
63-70	451590
63-70	01055390
63-70	189040
63-70	494090
63-70	01055310
63-70	416450
63-70	033070
63-71	01056160
63-71	447440
63-71	217250
63-71	215720
63-71	01056150
63-71	030570
63-71	045460
63-71	262800
63-71	447710
63-71	154680
63-72	045450
63-72	216470
63-72	216720
63-72	332660
63-72	262750
63-72	022350
63-72	01042320
63-72	149070
63-72	01075270
63-72	331460
63-73	395890
63-73	192850
63-73	362230
63-73	004720
63-73	396860
63-73	380270
63-73	216880
63-73	270590
63-73	035540
63-73	386260
63-74	086470
63-74	213300
63-74	216050
63-74	378470
63-74	093390
63-74	216030
63-74	058140
63-74	214240
63-74	219210
63-74	060130
63-75	216190
63-75	216130
63-75	060250
63-75	217740
63-75	213640
63-75	217790
63-75	060700
63-75	01055950
63-75	219230
63-75	01054870
63-76	215480
63-76	01084420
63-76	458690
63-76	214400
63-76	378680
63-76	501400
63-76	380140
63-76	215190
63-76	219680
63-76	132100
63-77	318000
63-77	455450
63-77	003790
63-77	035990
63-77	345540
63-77	471650
63-77	415840
63-77	003680
63-77	488400
63-77	084410
63-78	215950
63-78	060300
63-78	219780
63-78	217750
63-78	441630
63-78	086320
63-78	213400
63-78	323290
63-78	455560
63-78	378840
63-79	217200
63-79	216050
63-79	01055970
63-79	216250
63-79	217700
63-79	215540
63-79	218590
63-79	214230
63-79	377380
63-79	01084420
63-80	094290
63-80	380760
63-80	490640
63-80	216340
63-80	217530
63-80	214380
63-80	123700
63-80	217260
63-80	215430
63-80	060680
63-81	217900
63-81	157950
63-81	218730
63-81	084540
63-81	01013210
63-81	416540
63-81	217060
63-81	495930
63-81	088260
63-81	060190
63-82	217960
63-82	218650
63-82	219370
63-82	095180
63-82	357480
63-82	356970
63-82	359300
63-82	219940
63-82	258370
63-82	349350
63-83	206980
63-83	218780
63-83	144680
63-83	218790
63-83	324290
63-83	013420
63-83	126470
63-83	01054050
63-83	103950
63-83	062920
63-84	01014960
63-84	432620
63-84	01014980
63-84	090430
63-84	416340
63-84	045320
63-84	471650
63-84	084510
63-84	260230
63-84	349920
63-85	061750
63-85	216450
63-85	214600
63-85	237690
63-85	142380
63-85	062020
63-85	105670
63-85	220720
63-85	216670
63-85	218360
63-86	131970
63-86	131930
63-86	131840
63-86	218770
63-86	371570
63-86	216510
63-86	132110
63-86	215740
63-86	131910
63-86	01011970
63-87	218520
63-87	217920
63-87	126290
63-87	205790
63-87	099620
63-87	243450
63-87	220510
63-87	238050
63-87	032030
63-87	176060
63-88	382130
63-88	218260
63-88	319050
63-88	126370
63-88	062350
63-88	393150
63-88	463980
63-88	216050
63-88	216450
63-88	215860
63-89	464100
63-89	218630
63-89	216050
63-89	061170
63-89	296910
63-89	435800
63-89	220790
63-89	102680
63-89	076490
63-89	340850
63-90	219160
63-90	393400
63-90	063010
63-90	216460
63-90	127640
63-90	217990
63-90	144010
63-90	096560
63-90	076980
63-90	213250
63-91	219360
63-91	144140
63-91	063350
63-91	177590
63-91	408860
63-91	044260
63-91	219330
63-91	077120
63-91	143690
63-91	124130
63-92	062980
63-92	034620
63-92	398450
63-92	061720
63-92	132320
63-92	186170
63-92	125300
63-92	091180
63-92	238290
63-92	437360
63-93	219110
63-93	219610
63-93	143300
63-93	173670
63-93	062980
63-93	063580
63-93	01059390
63-93	013680
63-93	203770
63-93	312230
63-94	219170
63-94	217130
63-94	218300
63-94	214010
63-94	217690
63-94	215980
63-94	01012240
63-94	217340
63-94	059290
63-94	216070
64-1	294860
64-1	037540
64-1	262820
64-1	219730
64-1	018890
64-1	417890
64-1	413660
64-1	215010
64-1	103760
64-1	110110
64-2	088010
64-2	219850
64-2	215400
64-2	220050
64-2	088140
64-2	443820
64-2	062270
64-2	132530
64-2	01071130
64-2	429630
64-3	218630
64-3	074100
64-3	088280
64-3	381180
64-3	213400
64-3	219960
64-3	178070
64-3	167530
64-3	215030
64-3	213730
64-4	141460
64-4	219290
64-4	126190
64-4	213890
64-4	443670
64-4	255780
64-4	238420
64-4	119210
64-4	119000
64-4	218980
64-5	159650
64-5	264740
64-5	047020
64-5	262590
64-5	332000
64-5	263500
64-5	329630
64-5	159930
64-5	331020
64-5	328360
64-6	030580
64-6	263280
64-6	243990
64-6	01044750
64-6	228700
64-6	030210
64-6	100290
64-6	001190
64-6	049800
64-6	474440
64-7	221450
64-7	343110
64-7	002890
64-7	01021980
64-7	031780
64-7	002840
64-7	152880
64-7	243880
64-7	132650
64-7	056680
64-8	221620
64-8	221630
64-8	222000
64-8	221390
64-8	221380
64-8	221440
64-8	221610
64-8	484340
64-8	221540
64-8	373610
64-9	221560
64-9	065250
64-9	065450
64-9	01013360
64-9	352910
64-9	01073470
64-9	540040
64-9	335950
64-9	185900
64-9	317830
64-10	221710
64-10	214040
64-10	254170
64-10	342770
64-10	058120
64-10	081310
64-10	032340
64-10	032380
64-10	01076910
64-10	215350
64-11	341990
64-11	222290
64-11	146590
64-11	01076230
64-11	065320
64-11	01076310
64-11	342100
64-11	067290
64-11	01036470
64-11	188360
64-12	186220
64-12	222630
64-12	269030
64-12	401790
64-12	412740
64-12	484640
64-12	184860
64-12	275780
64-12	213660
64-12	070630
64-13	222520
64-13	103730
64-13	031330
64-13	455780
64-13	017240
64-13	000300
64-13	108420
64-13	133950
64-13	000170
64-13	400850
64-14	222580
64-14	224470
64-14	222570
64-14	327380
64-14	222720
64-14	01062460
64-14	165380
64-14	133500
64-14	330200
64-14	223420
64-15	178960
64-15	226970
64-15	249660
64-15	283540
64-15	01032010
64-15	170260
64-15	145870
64-15	013570
64-15	013270
64-15	136240
64-16	223460
64-16	330280
64-16	328860
64-16	332110
64-16	223550
64-16	333020
64-16	223520
64-16	222860
64-16	223200
64-16	223530
64-17	224060
64-17	334750
64-17	224090
64-17	262590
64-17	223880
64-17	333940
64-17	222910
64-17	333900
64-17	333850
64-17	162120
64-18	134160
64-18	224950
64-18	275520
64-18	133380
64-18	164890
64-18	116960
64-18	275120
64-18	163670
64-18	388780
64-18	01043800
64-19	225340
64-19	136230
64-19	167660
64-19	01031670
64-19	136270
64-19	235420
64-19	173280
64-19	302200
64-19	138850
64-19	167740
64-20	138240
64-20	227370
64-20	185330
64-20	455320
64-20	139840
64-20	317950
64-20	542950
64-20	227270
64-20	01080450
64-20	377160
64-21	225540
64-21	225640
64-21	142280
64-21	138240
64-21	185330
64-21	215010
64-21	376500
64-21	377300
64-21	226500
64-21	022050
64-22	258950
64-22	156010
64-22	323550
64-22	018210
64-22	018270
64-22	327110
64-22	099890
64-22	018280
64-22	326780
64-22	017790
64-23	175310
64-23	226190
64-23	173170
64-23	282710
64-23	168570
64-23	175030
64-23	175350
64-23	168410
64-23	175380
64-23	170140
64-24	079340
64-24	224590
64-24	065240
64-24	032160
64-24	347530
64-24	155610
64-24	436810
64-24	224760
64-24	348740
64-24	065180
64-25	227050
64-25	177220
64-25	179810
64-25	143370
64-25	142960
64-25	137470
64-25	140630
64-25	175750
64-25	174470
64-25	142810
64-26	145400
64-26	227120
64-26	175310
64-26	335980
64-26	226220
64-26	138600
64-26	018350
64-26	144860
64-26	064760
64-26	142470
64-27	005070
64-27	195890
64-27	224580
64-27	005470
64-27	228310
64-27	01002660
64-27	113610
64-27	227690
64-27	01002590
64-27	01002300
64-28	134660
64-28	162850
64-28	017790
64-28	133040
64-28	134570
64-28	132840
64-28	135120
64-28	113610
64-28	236200
64-28	458600
64-29	113630
64-29	164020
64-29	133210
64-29	005420
64-29	227940
64-29	133660
64-29	279460
64-29	164680
64-29	279420
64-29	164090
64-30	004990
64-30	194470
64-30	133500
64-30	118650
64-30	005060
64-30	019310
64-30	135650
64-30	135360
64-30	229160
64-30	438130
64-31	134090
64-31	133080
64-31	227950
64-31	114340
64-31	167510
64-31	133570
64-31	005490
64-31	132810
64-31	117240
64-31	133390
64-32	228380
64-32	006400
64-32	019450
64-32	232240
64-32	136200
64-32	01002820
64-32	225030
64-32	117900
64-32	194930
64-32	134420
64-33	006180
64-33	113850
64-33	228470
64-33	118030
64-33	194900
64-33	134280
64-33	162770
64-33	141160
64-33	166800
64-33	135900
64-34	389420
64-34	425040
64-34	323000
64-34	164590
64-34	234970
64-34	041950
64-34	135690
64-34	457920
64-34	135410
64-34	228290
64-35	134900
64-35	113750
64-35	138600
64-35	166100
64-35	113550
64-35	230360
64-35	437710
64-35	117830
64-35	280610
64-35	235040
64-36	194100
64-36	133570
64-36	165790
64-36	134380
64-36	01002870
64-36	301070
64-36	116790
64-36	228770
64-36	133940
64-36	140840
64-37	114340
64-37	134090
64-37	133350
64-37	134610
64-37	346530
64-37	233980
64-37	133080
64-37	164900
64-37	167510
64-37	117240
64-38	139390
64-38	145530
64-38	200030
64-38	113970
64-38	139420
64-38	140500
64-38	170510
64-38	01035520
64-38	229390
64-38	230750
64-39	01004980
64-39	008990
64-39	010780
64-39	156500
64-39	01004640
64-39	079210
64-39	008440
64-39	009320
64-39	01050300
64-39	167530
64-40	114670
64-40	230000
64-40	137590
64-40	121410
64-40	141120
64-40	01035860
64-40	172040
64-40	169290
64-40	01004760
64-40	137470
64-41	01057360
64-41	229830
64-41	262330
64-41	259760
64-41	113650
64-41	199300
64-41	138130
64-41	002230
64-41	019370
64-41	01002550
64-42	230060
64-42	230190
64-42	019950
64-42	121100
64-42	143060
64-42	230520
64-42	142470
64-42	232160
64-42	115480
64-42	137500
64-43	01089070
64-43	229970
64-43	437710
64-43	136040
64-43	144910
64-43	135670
64-43	237590
64-43	114970
64-43	169820
64-43	440810
64-44	137350
64-44	169390
64-44	235910
64-44	230070
64-44	229070
64-44	167390
64-44	136470
64-44	114270
64-44	281340
64-44	139480
64-45	010550
64-45	270530
64-45	044890
64-45	339860
64-45	008760
64-45	153480
64-45	01041890
64-45	009820
64-45	122560
64-45	139350
64-46	230550
64-46	010410
64-46	138930
64-46	441880
64-46	060060
64-46	136240
64-46	117820
64-46	139390
64-46	201160
64-46	138940
64-47	230460
64-47	136490
64-47	440860
64-47	114090
64-47	01004170
64-47	114660
64-47	168240
64-47	158340
64-47	236570
64-47	391450
64-48	122540
64-48	138600
64-48	145210
64-48	391330
64-48	008340
64-48	114810
64-48	491000
64-48	231190
64-48	230750
64-48	358000
64-49	123850
64-49	282080
64-49	231160
64-49	122600
64-49	380050
64-49	231080
64-49	462710
64-49	113750
64-49	138750
64-49	138430
64-50	068820
64-50	294810
64-50	219650
64-50	109040
64-50	342170
64-50	326880
64-50	159420
64-50	231940
64-50	217180
64-50	347530
64-51	141770
64-51	174770
64-51	463020
64-51	217740
64-51	487060
64-51	303090
64-51	141640
64-51	179820
64-51	293670
64-51	141910
64-52	547140
64-52	263260
64-52	232510
64-52	232830
64-52	233150
64-52	547200
64-52	232810
64-52	505510
64-52	528420
64-52	183630
64-53	142350
64-53	373510
64-53	282660
64-53	091260
64-53	205970
64-53	099450
64-53	103200
64-53	491190
64-53	322550
64-53	201790
64-54	137470
64-54	140630
64-54	177720
64-54	443670
64-54	283020
64-54	227170
64-54	232860
64-54	283570
64-54	143060
64-54	441270
64-55	232620
64-55	013740
64-55	283680
64-55	139420
64-55	207870
64-55	177000
64-55	231150
64-55	01004730
64-55	114870
64-55	142120
64-56	115940
64-56	232910
64-56	208510
64-56	465370
64-56	138010
64-56	01031320
64-56	174750
64-56	176310
64-56	462070
64-56	139940
64-57	233150
64-57	232510
64-57	230950
64-57	543540
64-57	488460
64-57	232830
64-57	231970
64-57	230930
64-57	543700
64-57	231490
64-58	252720
64-58	552140
64-58	231190
64-58	151480
64-58	233040
64-58	061600
64-58	257300
64-58	039260
64-58	451450
64-58	456580
64-59	233260
64-59	014930
64-59	233150
64-59	184380
64-59	322710
64-59	183740
64-59	232420
64-59	183590
64-59	466520
64-59	143040
64-60	210450
64-60	233140
64-60	020500
64-60	210440
64-60	493970
64-60	493240
64-60	495090
64-60	129060
64-60	492520
64-60	145520
64-61	234570
64-61	195100
64-61	233950
64-61	234880
64-61	01058080
64-61	164360
64-61	238280
64-61	233770
64-61	234330
64-61	092290
64-62	234320
64-62	234890
64-62	234580
64-62	235360
64-62	221350
64-62	132520
64-62	234470
64-62	109540
64-62	019540
64-62	165960
64-63	234630
64-63	235740
64-63	234380
64-63	235050
64-63	234770
64-63	235080
64-63	01058630
64-63	236200
64-63	120850
64-63	235350
64-64	118160
64-64	234410
64-64	056690
64-64	195440
64-64	006010
64-64	113800
64-64	323890
64-64	134030
64-64	237740
64-64	01059740
64-65	234460
64-65	236170
64-65	234370
64-65	213420
64-65	195120
64-65	100230
64-65	235100
64-65	120950
64-65	234720
64-65	01058540
64-66	235070
64-66	235420
64-66	099450
64-66	306280
64-66	021300
64-66	336850
64-66	021380
64-66	308920
64-66	098010
64-66	041740
64-67	235190
64-67	008940
64-67	328560
64-67	521880
64-67	041420
64-67	161260
64-67	156340
64-67	054170
64-67	416860
64-67	006460
64-68	234970
64-68	196320
64-68	238080
64-68	236060
64-68	101200
64-68	234380
64-68	104840
64-68	238170
64-68	236830
64-68	057450
64-69	238140
64-69	237030
64-69	057850
64-69	234590
64-69	234600
64-69	061060
64-69	238680
64-69	491280
64-69	236650
64-69	491610
64-70	236170
64-70	235610
64-70	197390
64-70	214620
64-70	237240
64-70	234580
64-70	186820
64-70	235780
64-70	237290
64-70	239270
64-71	171780
64-71	323930
64-71	323830
64-71	450730
64-71	324290
64-71	324330
64-71	326640
64-71	447040
64-71	324580
64-71	447240
64-72	057780
64-72	237740
64-72	01059740
64-72	118160
64-72	238420
64-72	01058590
64-72	236080
64-72	238310
64-72	056950
64-72	058440
64-73	235420
64-73	239390
64-73	167660
64-73	459170
64-73	238880
64-73	234370
64-73	013400
64-73	087240
64-73	234820
64-73	271600
64-74	268700
64-74	270090
64-74	236200
64-74	273840
64-74	268950
64-74	269160
64-74	236370
64-74	007080
64-74	057460
64-74	301620
64-75	236320
64-75	235350
64-75	236650
64-75	356680
64-75	467050
64-75	466750
64-75	236290
64-75	005300
64-75	234200
64-75	029880
64-76	009820
64-76	324510
64-76	236750
64-76	323830
64-76	325410
64-76	01004900
64-76	325870
64-76	323970
64-76	324370
64-76	325140
64-77	467410
64-77	236580
64-77	236590
64-77	234770
64-77	234360
64-77	237280
64-77	237460
64-77	236070
64-77	236330
64-77	237240
64-78	116760
64-78	117310
64-78	117570
64-78	119460
64-78	118500
64-78	249980
64-78	247060
64-78	118350
64-78	119620
64-78	037630
64-79	236860
64-79	238850
64-79	234730
64-79	236800
64-79	01058830
64-79	056190
64-79	010720
64-79	236000
64-79	234590
64-79	238040
64-80	236520
64-80	201510
64-80	121550
64-80	216330
64-80	061540
64-80	216340
64-80	013400
64-80	215400
64-80	235420
64-80	238530
64-81	01058620
64-81	237760
64-81	234660
64-81	238230
64-81	236290
64-81	236790
64-81	491610
64-81	01058830
64-81	236670
64-81	237360
64-82	233920
64-82	380270
64-82	462310
64-82	035750
64-82	241470
64-82	236450
64-82	235300
64-82	343560
64-82	236430
64-82	314770
64-83	236350
64-83	236950
64-83	235780
64-83	236310
64-83	121510
64-83	057970
64-83	237170
64-83	197250
64-83	235010
64-83	236080
64-84	234730
64-84	056190
64-84	234720
64-84	036600
64-84	236860
64-84	000620
64-84	058320
64-84	234910
64-84	033540
64-84	491280
64-85	234650
64-85	234940
64-85	011070
64-85	415740
64-85	237310
64-85	234200
64-85	234720
64-85	137900
64-85	234440
64-85	446750
64-86	234360
64-86	019400
64-86	236980
64-86	440050
64-86	01058360
64-86	236290
64-86	114090
64-86	237260
64-86	236510
64-86	237830
64-87	01059020
64-87	238070
64-87	205260
64-87	206290
64-87	237260
64-87	105340
64-87	238120
64-87	236490
64-87	062020
64-87	126260
64-88	237610
64-88	237720
64-88	01058550
64-88	01059850
64-88	053700
64-88	474280
64-88	053520
64-88	095140
64-88	058330
64-88	267190
64-89	062450
64-89	238100
64-89	392970
64-89	463750
64-89	063530
64-89	223950
64-89	255150
64-89	435790
64-89	143090
64-89	236630
64-90	293460
64-90	354160
64-90	207760
64-90	055930
64-90	437130
64-90	080140
64-90	01016780
64-90	395290
64-90	237420
64-90	254240
64-91	239180
64-91	239080
64-91	238530
64-91	239390
64-91	239070
64-91	062270
64-91	237080
64-91	238420
64-91	239040
64-91	01058720
64-92	323900
64-92	270090
64-92	161360
64-92	203800
64-92	062150
64-92	031870
64-92	328800
64-92	142540
64-92	218840
64-92	105380
64-93	236630
64-93	145780
64-93	062790
64-93	061790
64-93	060140
64-93	059690
64-93	234600
64-93	237190
64-93	239330
64-93	062310
64-94	235260
64-94	237290
64-94	166600
64-94	237240
64-94	196330
64-94	233960
64-94	236000
64-94	234780
64-94	236470
64-94	238390
65-1	398310
65-1	01003070
65-1	021140
65-1	239710
65-1	433140
65-1	239970
65-1	239980
65-1	090530
65-1	239940
65-1	239650
65-2	244550
65-2	328050
65-2	262220
65-2	270480
65-2	500000
65-2	153170
65-2	359090
65-2	451510
65-2	251730
65-2	326750
65-3	400020
65-3	511140
65-3	400860
65-3	400150
65-3	240450
65-3	498400
65-3	268760
65-3	268530
65-3	254090
65-3	268430
65-4	400020
65-4	400150
65-4	498400
65-4	01011850
65-4	240540
65-4	268530
65-4	268430
65-4	240450
65-4	423510
65-4	400860
65-5	240660
65-5	415980
65-5	240490
65-5	240980
65-5	260110
65-5	065550
65-5	01014060
65-5	01007260
65-5	240570
65-5	352160
65-6	240710
65-6	240720
65-6	01041460
65-6	326660
65-6	242120
65-6	056590
65-6	326560
65-6	241780
65-6	01075200
65-6	240750
65-7	240700
65-7	326920
65-7	326500
65-7	545560
65-7	223190
65-7	268800
65-7	327790
65-7	01075240
65-7	400240
65-7	240710
65-8	240710
65-8	01041460
65-8	326560
65-8	01075190
65-8	326950
65-8	326660
65-8	240450
65-8	426790
65-8	437900
65-8	133910
65-9	240710
65-9	425600
65-9	405230
65-9	324970
65-9	490170
65-9	196190
65-9	329530
65-9	091260
65-9	100790
65-9	054170
65-10	156780
65-10	071520
65-10	156390
65-10	01097920
65-10	356740
65-10	466680
65-10	241400
65-10	071760
65-10	432750
65-10	241270
65-11	241750
65-11	261610
65-11	241440
65-11	003260
65-11	01000250
65-11	240950
65-11	451900
65-11	451510
65-11	355010
65-11	241540
65-12	282560
65-12	241810
65-12	241650
65-12	241330
65-12	241400
65-12	241470
65-12	379070
65-12	283690
65-12	241960
65-12	241910
65-13	240710
65-13	410990
65-13	239990
65-13	190330
65-13	107890
65-13	527740
65-13	427560
65-13	200570
65-13	240450
65-13	258650
65-14	053550
65-14	01060090
65-14	242050
65-14	030110
65-14	259530
65-14	053840
65-14	517010
65-14	260950
65-14	471690
65-14	472770
65-15	242390
65-15	152570
65-15	242220
65-15	323760
65-15	543460
65-15	432000
65-15	324610
65-15	548380
65-15	152040
65-15	242000
65-16	241270
65-16	156390
65-16	273790
65-16	241950
65-16	242400
65-16	241740
65-16	044330
65-16	327490
65-16	352320
65-16	241810
65-17	242410
65-17	383140
65-17	328040
65-17	238710
65-17	292910
65-17	415840
65-17	159670
65-17	292970
65-17	063200
65-17	158000
65-18	259610
65-18	207760
65-18	018240
65-18	049040
65-18	437130
65-18	158000
65-18	328040
65-18	157040
65-18	293460
65-18	321700
65-19	242890
65-19	003740
65-19	081260
65-19	514140
65-19	000900
65-19	092300
65-19	242710
65-19	224630
65-19	081060
65-19	000910
65-20	243240
65-20	420850
65-20	420140
65-20	421080
65-20	420150
65-20	432390
65-20	432120
65-20	226660
65-20	420130
65-20	420160
65-21	01008100
65-21	243410
65-21	099450
65-21	184990
65-21	346610
65-21	278810
65-21	344110
65-21	054530
65-21	053690
65-21	483090
65-22	038360
65-22	038940
65-22	088880
65-22	336840
65-22	01024430
65-22	301100
65-22	038010
65-22	337280
65-22	078950
65-22	243650
65-23	038320
65-23	196590
65-23	090820
65-23	140470
65-23	146660
65-23	290390
65-23	336860
65-23	01032950
65-23	387390
65-23	191590
65-24	244190
65-24	089920
65-24	090870
65-24	224610
65-24	038650
65-24	101250
65-24	259160
65-24	039460
65-24	040670
65-24	040130
65-25	101250
65-25	244160
65-25	093060
65-25	377560
65-25	090870
65-25	471580
65-25	044210
65-25	057950
65-25	324830
65-25	031490
65-26	244830
65-26	245250
65-26	212930
65-26	096580
65-26	042520
65-26	259960
65-26	157120
65-26	244970
65-26	245110
65-26	245120
65-27	244970
65-27	246090
65-27	246050
65-27	156850
65-27	244940
65-27	155660
65-27	244880
65-27	157180
65-27	094910
65-27	244590
65-28	244060
65-28	190130
65-28	244400
65-28	420120
65-28	244620
65-28	082350
65-28	01001180
65-28	402660
65-28	420080
65-28	260270
65-29	067970
65-29	189630
65-29	035920
65-29	244640
65-29	244570
65-29	100550
65-29	081190
65-29	01039900
65-29	245010
65-29	337100
65-30	245110
65-30	245510
65-30	244830
65-30	044920
65-30	130470
65-30	244970
65-30	243840
65-30	245120
65-30	101190
65-30	130420
65-31	246130
65-31	244920
65-31	096580
65-31	245580
65-31	156310
65-31	244940
65-31	157540
65-31	094190
65-31	245700
65-31	093310
65-32	337060
65-32	01078830
65-32	155970
65-32	089040
65-32	155140
65-32	089210
65-32	01014960
65-32	316330
65-32	01014980
65-32	337110
65-33	01014980
65-33	375240
65-33	326070
65-33	320540
65-33	155140
65-33	01014960
65-33	064870
65-33	044530
65-33	046170
65-33	002920
65-34	043040
65-34	043130
65-34	058740
65-34	225230
65-34	245190
65-34	280840
65-34	119870
65-34	043150
65-34	417230
65-34	090970
65-35	245580
65-35	092550
65-35	094190
65-35	094100
65-35	158460
65-35	095140
65-35	236090
65-35	246320
65-35	548930
65-35	114670
65-36	245550
65-36	017240
65-36	101420
65-36	244540
65-36	447900
65-36	530190
65-36	012480
65-36	085480
65-36	276130
65-36	092300
65-37	409900
65-37	333490
65-37	045200
65-37	262070
65-37	160460
65-37	200540
65-37	331340
65-37	229430
65-37	434040
65-37	462620
65-38	246320
65-38	246130
65-38	246550
65-38	096130
65-38	095630
65-38	244100
65-38	245120
65-38	093960
65-38	112250
65-38	245750
65-39	548930
65-39	092550
65-39	094190
65-39	121100
65-39	244940
65-39	157540
65-39	094800
65-39	417710
65-39	101510
65-39	092960
65-40	511060
65-40	064810
65-40	246650
65-40	511080
65-40	000300
65-40	087550
65-40	162450
65-40	246480
65-40	357400
65-40	000420
65-41	108630
65-41	157310
65-41	351900
65-41	159460
65-41	064810
65-41	084700
65-41	369820
65-41	160580
65-41	511060
65-41	162450
65-42	246140
65-42	245320
65-42	259580
65-42	01062390
65-42	156700
65-42	01098810
65-42	156980
65-42	155380
65-42	415930
65-42	159910
65-43	247100
65-43	151720
65-43	247060
65-43	247960
65-43	250340
65-43	247600
65-43	248130
65-43	079000
65-43	248510
65-43	247340
65-44	036210
65-44	105390
65-44	105990
65-44	105340
65-44	247630
65-44	104510
65-44	105090
65-44	080400
65-44	248480
65-44	250560
65-45	247100
65-45	247880
65-45	247510
65-45	237830
65-45	152840
65-45	248260
65-45	132910
65-45	247890
65-45	249780
65-45	249200
65-46	248570
65-46	104840
65-46	104440
65-46	104670
65-46	105620
65-46	235130
65-46	105180
65-46	005280
65-46	104590
65-46	01004500
65-47	104980
65-47	104480
65-47	292200
65-47	042590
65-47	104530
65-47	104700
65-47	247370
65-47	131810
65-47	105420
65-47	248380
65-48	248090
65-48	007390
65-48	106450
65-48	104550
65-48	161160
65-48	326870
65-48	249350
65-48	296040
65-48	258970
65-48	105010
65-49	248030
65-49	247730
65-49	105030
65-49	012830
65-49	213460
65-49	247930
65-49	251230
65-49	033540
65-49	252330
65-49	247470
65-50	248110
65-50	284990
65-50	01068820
65-50	105260
65-50	104640
65-50	301450
65-50	104740
65-50	104420
65-50	248480
65-50	104460
65-51	105490
65-51	105020
65-51	105100
65-51	397880
65-51	248930
65-51	271490
65-51	247770
65-51	270770
65-51	105360
65-51	268830
65-52	247930
65-52	139160
65-52	291690
65-52	057710
65-52	349220
65-52	324360
65-52	033540
65-52	105340
65-52	104830
65-52	247820
65-53	247930
65-53	291690
65-53	057710
65-53	139160
65-53	105340
65-53	250390
65-53	104460
65-53	104830
65-53	104420
65-53	104670
65-54	248270
65-54	01001420
65-54	105680
65-54	105340
65-54	105360
65-54	105050
65-54	104650
65-54	105750
65-54	248350
65-54	105330
65-55	105160
65-55	247700
65-55	104860
65-55	247880
65-55	538960
65-55	247670
65-55	105110
65-55	248680
65-55	081900
65-55	104810
65-56	248360
65-56	106740
65-56	106620
65-56	105670
65-56	105620
65-56	351140
65-56	106970
65-56	215830
65-56	082790
65-56	251970
65-57	105440
65-57	248290
65-57	291690
65-57	104670
65-57	104900
65-57	003130
65-57	249050
65-57	216890
65-57	104420
65-57	01058120
65-58	248510
65-58	105190
65-58	105730
65-58	225500
65-58	008700
65-58	105660
65-58	01027510
65-58	142210
65-58	104880
65-58	105900
65-59	248750
65-59	105440
65-59	009370
65-59	019580
65-59	104490
65-59	105660
65-59	104900
65-59	003130
65-59	104940
65-59	011630
65-60	104420
65-60	104530
65-60	104900
65-60	104640
65-60	104820
65-60	119400
65-60	247530
65-60	249260
65-60	01035000
65-60	104520
65-61	105380
65-61	541920
65-61	064730
65-61	132290
65-61	356590
65-61	541850
65-61	042590
65-61	104490
65-61	106160
65-61	249170
65-62	105080
65-62	249800
65-62	248450
65-62	105230
65-62	104930
65-62	087780
65-62	105460
65-62	105880
65-62	105150
65-62	104850
65-63	250630
65-63	106770
65-63	105620
65-63	105440
65-63	249810
65-63	538930
65-63	541980
65-63	541920
65-63	106160
65-63	019750
65-64	249800
65-64	105080
65-64	104940
65-64	104930
65-64	249760
65-64	105460
65-64	105490
65-64	106430
65-64	106450
65-64	105450
65-65	105900
65-65	01027510
65-65	105590
65-65	062150
65-65	104680
65-65	104900
65-65	249840
65-65	105840
65-65	105540
65-65	081100
65-66	538720
65-66	105930
65-66	541910
65-66	417610
65-66	107260
65-66	106570
65-66	251690
65-66	105470
65-66	104440
65-66	104970
65-67	105840
65-67	349800
65-67	249710
65-67	538740
65-67	351510
65-67	042590
65-67	042770
65-67	046640
65-67	251570
65-67	105660
65-68	381180
65-68	044120
65-68	273500
65-68	105140
65-68	159200
65-68	042580
65-68	248030
65-68	545710
65-68	237690
65-68	105880
65-69	247730
65-69	248030
65-69	104470
65-69	252330
65-69	105930
65-69	249470
65-69	105030
65-69	034620
65-69	042580
65-69	042590
65-70	104950
65-70	009220
65-70	105660
65-70	541850
65-70	105040
65-70	104960
65-70	330840
65-70	248330
65-70	106650
65-70	440210
65-71	207070
65-71	082890
65-71	105340
65-71	105480
65-71	105210
65-71	105850
65-71	529960
65-71	104440
65-71	252050
65-71	105620
65-72	359400
65-72	105080
65-72	106450
65-72	106100
65-72	296040
65-72	105710
65-72	042590
65-72	249750
65-72	251560
65-72	104440
65-73	082890
65-73	105440
65-73	081320
65-73	248670
65-73	257990
65-73	064640
65-73	250730
65-73	233920
65-73	119740
65-73	249950
65-74	371790
65-74	105830
65-74	035160
65-74	088520
65-74	247710
65-74	087600
65-74	167890
65-74	160480
65-74	01014960
65-74	087290
65-75	105620
65-75	252330
65-75	249890
65-75	324360
65-75	252920
65-75	248030
65-75	330260
65-75	105930
65-75	357740
65-75	250760
65-76	042590
65-76	249990
65-76	107500
65-76	106040
65-76	105920
65-76	042580
65-76	250010
65-76	252540
65-76	104670
65-76	105710
65-77	106920
65-77	291360
65-77	042590
65-77	105710
65-77	251680
65-77	105630
65-77	105460
65-77	251020
65-77	106340
65-77	106450
65-78	251050
65-78	104940
65-78	034720
65-78	105920
65-78	250260
65-78	105610
65-78	252650
65-78	105120
65-78	01027990
65-78	084000
65-79	087290
65-79	542050
65-79	250370
65-79	012830
65-79	104530
65-79	249940
65-79	371740
65-79	061640
65-79	539730
65-79	088060
65-80	105840
65-80	104950
65-80	105660
65-80	105530
65-80	079490
65-80	538720
65-80	541900
65-80	034080
65-80	541910
65-80	106300
65-81	034110
65-81	034270
65-81	250450
65-81	250960
65-81	034320
65-81	011940
65-81	01060070
65-81	01000990
65-81	034540
65-81	249860
65-82	105080
65-82	252410
65-82	01028600
65-82	106450
65-82	104930
65-82	106000
65-82	105610
65-82	252270
65-82	354610
65-82	249800
65-83	104670
65-83	105620
65-83	104750
65-83	105180
65-83	247440
65-83	088290
65-83	01082660
65-83	068570
65-83	106600
65-83	247660
65-84	105270
65-84	105550
65-84	104900
65-84	252120
65-84	104530
65-84	105190
65-84	01021980
65-84	105440
65-84	104940
65-84	104490
65-85	106450
65-85	252440
65-85	105460
65-85	104930
65-85	381170
65-85	105080
65-85	105230
65-85	104940
65-85	107260
65-85	104950
65-86	01028240
65-86	251690
65-86	105530
65-86	251350
65-86	542050
65-86	01028320
65-86	105610
65-86	333370
65-86	087290
65-86	079490
65-87	105670
65-87	385110
65-87	252970
65-87	105620
65-87	105070
65-87	105000
65-87	105510
65-87	105220
65-87	104760
65-87	104810
65-88	105620
65-88	251690
65-88	251350
65-88	253440
65-88	538720
65-88	087290
65-88	106970
65-88	252960
65-88	107160
65-88	107540
65-89	160480
65-89	035160
65-89	132320
65-89	034900
65-89	250450
65-89	088520
65-89	239540
65-89	034540
65-89	034110
65-89	01032950
65-90	381180
65-90	105930
65-90	253320
65-90	251590
65-90	105610
65-90	273500
65-90	237690
65-90	104750
65-90	01028600
65-90	372430
65-91	062630
65-91	105930
65-91	104960
65-91	297970
65-91	105110
65-91	541900
65-91	101060
65-91	126280
65-91	251050
65-91	334070
65-92	257990
65-92	104940
65-92	042580
65-92	104930
65-92	105730
65-92	123530
65-92	105830
65-92	106740
65-92	252960
65-92	105660
65-93	252680
65-93	107550
65-93	253390
65-93	105360
65-93	381180
65-93	107900
65-93	107180
65-93	105710
65-93	042590
65-93	105660
65-94	042590
65-94	105380
65-94	106990
65-94	105630
65-94	042580
65-94	105080
65-94	541920
65-94	258360
65-94	104860
65-94	105450
66-1	034550
66-1	132190
66-1	494780
66-1	035160
66-1	332480
66-1	437390
66-1	492470
66-1	107430
66-1	035300
66-1	253230
66-2	253700
66-2	165370
66-2	109690
66-2	032260
66-2	067520
66-2	039540
66-2	000090
66-2	067770
66-2	027060
66-2	410740
66-3	253760
66-3	253810
66-3	212560
66-3	067290
66-3	005480
66-3	395130
66-3	01001410
66-3	344920
66-3	395120
66-3	230290
66-4	253860
66-4	417770
66-4	330840
66-4	285780
66-4	042580
66-4	512430
66-4	109810
66-4	326810
66-4	067430
66-4	01083950
66-5	01061230
66-5	291690
66-5	254060
66-5	254110
66-5	254240
66-5	341570
66-5	254070
66-5	336110
66-5	017940
66-5	344070
66-6	016130
66-6	029840
66-6	01006780
66-6	254070
66-6	343420
66-6	080490
66-6	01006800
66-6	001180
66-6	020740
66-6	038440
66-7	254280
66-7	267580
66-7	244100
66-7	056070
66-7	039180
66-7	300340
66-7	01054230
66-7	336020
66-7	155030
66-7	039000
66-8	254380
66-8	263070
66-8	336180
66-8	154810
66-8	254310
66-8	436860
66-8	254350
66-8	099620
66-8	243730
66-8	002850
66-9	156380
66-9	040600
66-9	254500
66-9	041660
66-9	039210
66-9	254620
66-9	254340
66-9	259220
66-9	260540
66-9	244100
66-10	254620
66-10	157080
66-10	254800
66-10	043240
66-10	091570
66-10	261180
66-10	213730
66-10	255100
66-10	254970
66-10	041390
66-11	254580
66-11	254680
66-11	157120
66-11	158460
66-11	157290
66-11	040850
66-11	254490
66-11	041820
66-11	158630
66-11	091990
66-12	504590
66-12	403170
66-12	218700
66-12	254750
66-12	01042970
66-12	079790
66-12	261380
66-12	098290
66-12	005420
66-12	260230
66-13	255020
66-13	255040
66-13	074150
66-13	254570
66-13	158460
66-13	095910
66-13	254340
66-13	157430
66-13	156830
66-13	01102120
66-14	01100080
66-14	255720
66-14	239720
66-14	041090
66-14	239780
66-14	066070
66-14	499370
66-14	452170
66-14	080490
66-14	343930
66-15	499860
66-15	352090
66-15	01085420
66-15	148510
66-15	150330
66-15	256020
66-15	150080
66-15	150600
66-15	184870
66-15	149960
66-16	256200
66-16	256470
66-16	256710
66-16	149740
66-16	255640
66-16	256270
66-16	504830
66-16	358230
66-16	256680
66-16	256250
66-17	501500
66-17	219590
66-17	277080
66-17	277750
66-17	100530
66-17	102330
66-17	434590
66-17	379480
66-17	073970
66-17	490170
66-18	320170
66-18	150750
66-18	256360
66-18	256330
66-18	255640
66-18	256540
66-18	256660
66-18	255710
66-18	477600
66-18	256410
66-19	257030
66-19	256810
66-19	256820
66-19	386380
66-19	256870
66-19	257310
66-19	01013860
66-19	003000
66-19	256880
66-19	000050
66-20	056920
66-20	003130
66-20	375570
66-20	411470
66-20	081100
66-20	038900
66-20	439150
66-20	550100
66-20	167140
66-20	322270
66-21	344690
66-21	346440
66-21	354910
66-21	348480
66-21	321550
66-21	098730
66-21	344060
66-21	483100
66-21	206290
66-21	363140
66-22	257280
66-22	008920
66-22	007000
66-22	068210
66-22	057740
66-22	159460
66-22	423600
66-22	235320
66-22	278900
66-22	396050
66-23	257360
66-23	348080
66-23	112330
66-23	257410
66-23	346750
66-23	448830
66-23	347110
66-23	185160
66-23	322320
66-23	347890
66-24	01060350
66-24	488420
66-24	478950
66-24	516920
66-24	046210
66-24	112160
66-24	01012950
66-24	046170
66-24	044330
66-24	098860
66-25	256910
66-25	257040
66-25	257720
66-25	257820
66-25	257220
66-25	386870
66-25	344380
66-25	040180
66-25	055790
66-25	115570
66-26	257990
66-26	371740
66-26	01082740
66-26	371680
66-26	371830
66-26	132530
66-26	371690
66-26	01082800
66-26	259440
66-26	013450
66-27	060730
66-27	201630
66-27	009990
66-27	236690
66-27	01052480
66-27	528530
66-27	207660
66-27	210040
66-27	01033230
66-27	200540
66-28	352510
66-28	361110
66-28	236690
66-28	353070
66-28	009990
66-28	386810
66-28	201630
66-28	366560
66-28	352760
66-28	060730
66-29	259140
66-29	038480
66-29	329350
66-29	328580
66-29	261100
66-29	327170
66-29	326840
66-29	423910
66-29	260260
66-29	259390
66-30	259370
66-30	01075270
66-30	327190
66-30	261440
66-30	163820
66-30	328640
66-30	133270
66-30	01039370
66-30	330580
66-30	423660
66-31	259360
66-31	327270
66-31	328240
66-31	259390
66-31	334000
66-31	327800
66-31	038960
66-31	329190
66-31	327860
66-31	01075270
66-32	259300
66-32	329520
66-32	263110
66-32	259530
66-32	331280
66-32	330780
66-32	259330
66-32	260080
66-32	329760
66-32	330610
66-33	260060
66-33	327840
66-33	039640
66-33	401400
66-33	328860
66-33	259830
66-33	259840
66-33	328220
66-33	01039500
66-33	261440
66-34	155890
66-34	039170
66-34	259990
66-34	431980
66-34	228500
66-34	045460
66-34	040050
66-34	087640
66-34	330150
66-34	330940
66-35	471650
66-35	416340
66-35	288290
66-35	018170
66-35	100290
66-35	318000
66-35	488360
66-35	415750
66-35	488400
66-35	288220
66-36	155140
66-36	155070
66-36	254220
66-36	262120
66-36	285430
66-36	259810
66-36	386370
66-36	262260
66-36	262090
66-36	038460
66-37	483220
66-37	451640
66-37	546240
66-37	103940
66-37	260030
66-37	414170
66-37	330430
66-37	471940
66-37	373680
66-37	261140
66-38	259830
66-38	259840
66-38	327520
66-38	222710
66-38	222720
66-38	039910
66-38	331780
66-38	261690
66-38	222830
66-38	260400
66-39	260710
66-39	023170
66-39	099280
66-39	244570
66-39	068060
66-39	01007650
66-39	337190
66-39	260900
66-39	099250
66-39	082020
66-40	332210
66-40	260720
66-40	333120
66-40	332620
66-40	259390
66-40	154950
66-40	333750
66-40	329400
66-40	328570
66-40	222740
66-41	261240
66-41	333120
66-41	329410
66-41	041360
66-41	332210
66-41	327710
66-41	261530
66-41	327800
66-41	329520
66-41	263530
66-42	262060
66-42	043450
66-42	329720
66-42	040050
66-42	260700
66-42	055740
66-42	432160
66-42	488440
66-42	432850
66-42	327760
66-43	155530
66-43	262330
66-43	039800
66-43	416940
66-43	157480
66-43	327760
66-43	329720
66-43	270800
66-43	328610
66-43	261850
66-44	139540
66-44	137260
66-44	122470
66-44	170170
66-44	262900
66-44	264450
66-44	265190
66-44	159710
66-44	01012100
66-44	159660
66-45	262070
66-45	262590
66-45	330800
66-45	157540
66-45	482510
66-45	272960
66-45	157530
66-45	417710
66-45	263640
66-45	222870
66-46	330030
66-46	262280
66-46	223510
66-46	044320
66-46	332210
66-46	229780
66-46	261180
66-46	349470
66-46	263590
66-46	333120
66-47	082020
66-47	263080
66-47	164920
66-47	068190
66-47	261760
66-47	165410
66-47	081490
66-47	323860
66-47	084580
66-47	046590
66-48	245630
66-48	263070
66-48	040700
66-48	285350
66-48	315870
66-48	262350
66-48	315680
66-48	264000
66-48	315490
66-48	317830
66-49	331470
66-49	262920
66-49	473210
66-49	262670
66-49	328400
66-49	185310
66-49	039500
66-49	328580
66-49	260420
66-49	041190
66-50	263640
66-50	332660
66-50	264470
66-50	01063180
66-50	334430
66-50	272630
66-50	332980
66-50	162040
66-50	264270
66-50	263980
66-51	272430
66-51	01020610
66-51	222870
66-51	222960
66-51	262590
66-51	01051670
66-51	332830
66-51	333490
66-51	262070
66-51	359160
66-52	258770
66-52	491540
66-52	331600
66-52	491380
66-52	325180
66-52	034200
66-52	162040
66-52	331530
66-52	331620
66-52	330700
66-53	331010
66-53	332860
66-53	332780
66-53	264370
66-53	509050
66-53	328860
66-53	332250
66-53	329400
66-53	088210
66-53	156860
66-54	265930
66-54	266270
66-54	173510
66-54	170840
66-54	01052300
66-54	101760
66-54	264270
66-54	264980
66-54	264540
66-54	01051060
66-55	264970
66-55	159640
66-55	260030
66-55	264110
66-55	260760
66-55	259150
66-55	265280
66-55	243840
66-55	375400
66-55	090620
66-56	262070
66-56	045380
66-56	264050
66-56	157540
66-56	418280
66-56	474600
66-56	333850
66-56	265950
66-56	334880
66-56	262920
66-57	160270
66-57	262860
66-57	263010
66-57	263350
66-57	265590
66-57	263420
66-57	266300
66-57	049890
66-57	01061860
66-57	160120
66-58	265420
66-58	156120
66-58	401490
66-58	262480
66-58	455550
66-58	477270
66-58	475740
66-58	330260
66-58	377910
66-58	476470
66-59	334160
66-59	01062960
66-59	331580
66-59	261570
66-59	261830
66-59	417600
66-59	330480
66-59	049900
66-59	331620
66-59	042460
66-60	155140
66-60	337060
66-60	260230
66-60	264500
66-60	261890
66-60	157250
66-60	262640
66-60	046590
66-60	411820
66-60	514190
66-61	333980
66-61	260700
66-61	038680
66-61	334030
66-61	261790
66-61	329520
66-61	334050
66-61	264200
66-61	335440
66-61	162130
66-62	330050
66-62	222830
66-62	263480
66-62	01063180
66-62	330850
66-62	265330
66-62	263420
66-62	330460
66-62	259830
66-62	261900
66-63	417410
66-63	018350
66-63	046240
66-63	395270
66-63	018330
66-63	157250
66-63	337060
66-63	411650
66-63	316120
66-63	035850
66-64	015190
66-64	01014960
66-64	017450
66-64	041030
66-64	336620
66-64	375240
66-64	546300
66-64	01062550
66-64	01014980
66-64	529440
66-65	383430
66-65	132070
66-65	380940
66-65	379800
66-65	278160
66-65	377470
66-65	137470
66-65	185090
66-65	380560
66-65	381670
66-66	266670
66-66	484250
66-66	224840
66-66	027810
66-66	266740
66-66	132930
66-66	423650
66-66	322890
66-66	132940
66-66	266630
66-67	267450
66-67	267500
66-67	080900
66-67	267810
66-67	089860
66-67	290600
66-67	067570
66-67	067870
66-67	235650
66-67	038940
66-68	268070
66-68	215430
66-68	318560
66-68	121160
66-68	377440
66-68	198700
66-68	389690
66-68	215490
66-68	01088720
66-68	235120
66-69	268730
66-69	498510
66-69	323830
66-69	019240
66-69	085830
66-69	268430
66-69	268590
66-69	268530
66-69	268760
66-69	269330
66-70	268770
66-70	269030
66-70	118400
66-70	505520
66-70	271670
66-70	268910
66-70	151880
66-70	071770
66-70	271850
66-70	271460
66-71	069930
66-71	471550
66-71	037850
66-71	269130
66-71	272360
66-71	190650
66-71	547070
66-71	268830
66-71	271750
66-71	327220
66-72	01064280
66-72	01064270
66-72	274240
66-72	529790
66-72	274820
66-72	272720
66-72	324670
66-72	273730
66-72	271480
66-72	334770
66-73	269030
66-73	275780
66-73	186220
66-73	222630
66-73	272350
66-73	270920
66-73	070630
66-73	228550
66-73	484640
66-73	099450
66-74	274130
66-74	273550
66-74	273330
66-74	078340
66-74	076950
66-74	274790
66-74	088380
66-74	076430
66-74	273290
66-74	274340
66-75	269330
66-75	271450
66-75	270400
66-75	269750
66-75	329190
66-75	271040
66-75	002060
66-75	272010
66-75	328650
66-75	261310
66-76	271180
66-76	262150
66-76	329420
66-76	327280
66-76	269330
66-76	072180
66-76	329960
66-76	152200
66-76	235910
66-76	436880
66-77	270770
66-77	271490
66-77	044470
66-77	073630
66-77	403850
66-77	405050
66-77	058770
66-77	270580
66-77	431290
66-77	426610
66-78	271070
66-78	273050
66-78	291590
66-78	082870
66-78	273390
66-78	546470
66-78	322370
66-78	442330
66-78	273640
66-78	290750
66-79	270880
66-79	271480
66-79	070610
66-79	327760
66-79	077520
66-79	270230
66-79	077320
66-79	447200
66-79	041230
66-79	022850
66-80	271900
66-80	273700
66-80	271430
66-80	274270
66-80	426370
66-80	272010
66-80	472720
66-80	273190
66-80	269890
66-80	273930
66-81	271550
66-81	271160
66-81	271580
66-81	272940
66-81	269330
66-81	330700
66-81	271750
66-81	274840
66-81	459870
66-81	264040
66-82	271650
66-82	274080
66-82	270770
66-82	262850
66-82	272130
66-82	268540
66-82	270440
66-82	01063900
66-82	271810
66-82	273440
66-83	274220
66-83	272430
66-83	272070
66-83	272110
66-83	270300
66-83	271770
66-83	269890
66-83	270310
66-83	151910
66-83	491350
66-84	271780
66-84	272130
66-84	271470
66-84	270770
66-84	273160
66-84	272220
66-84	272850
66-84	460980
66-84	270010
66-84	273120
66-85	271200
66-85	273070
66-85	271790
66-85	269670
66-85	272420
66-85	271800
66-85	273550
66-85	272200
66-85	269220
66-85	117310
66-86	273280
66-86	074150
66-86	473700
66-86	045880
66-86	330990
66-86	271080
66-86	230760
66-86	270560
66-86	272380
66-86	264050
66-87	272350
66-87	486180
66-87	226250
66-87	405710
66-87	106030
66-87	272590
66-87	502480
66-87	187600
66-87	318860
66-87	01064200
66-88	272410
66-88	273310
66-88	158670
66-88	274670
66-88	270870
66-88	01063850
66-88	263830
66-88	269770
66-88	270910
66-88	272520
66-89	272640
66-89	273090
66-89	406330
66-89	271550
66-89	272730
66-89	427600
66-89	379860
66-89	272940
66-89	271670
66-89	274320
66-90	075170
66-90	274440
66-90	087160
66-90	271710
66-90	476180
66-90	272160
66-90	062260
66-90	265330
66-90	060580
66-90	270880
66-91	271750
66-91	268540
66-91	271280
66-91	273300
66-91	270330
66-91	269690
66-91	218220
66-91	01063860
66-91	033700
66-91	271110
66-92	272320
66-92	111210
66-92	427350
66-92	272830
66-92	272800
66-92	01064220
66-92	271900
66-92	073100
66-92	272660
66-92	273960
66-93	155340
66-93	01001160
66-93	335950
66-93	441190
66-93	154360
66-93	336910
66-93	489890
66-93	01013120
66-93	359300
66-93	349970
66-94	273030
66-94	273640
66-94	274120
66-94	546470
66-94	270850
66-94	189260
66-94	189220
66-94	337710
66-94	132430
66-94	270210
67-1	272150
67-1	152490
67-1	157540
67-1	045380
67-1	272960
67-1	262070
67-1	273340
67-1	264050
67-1	077450
67-1	157530
67-2	271450
67-2	271040
67-2	272430
67-2	272960
67-2	272310
67-2	274200
67-2	01064040
67-2	272010
67-2	273440
67-2	271750
67-3	273280
67-3	272150
67-3	272480
67-3	273810
67-3	273270
67-3	272450
67-3	269960
67-3	271750
67-3	273120
67-3	273600
67-4	273280
67-4	269340
67-4	271500
67-4	273120
67-4	272960
67-4	272480
67-4	269150
67-4	034740
67-4	269450
67-4	268910
67-5	273600
67-5	219160
67-5	265540
67-5	265880
67-5	076980
67-5	408620
67-5	096560
67-5	273150
67-5	393400
67-5	01075270
67-6	334250
67-6	273810
67-6	408930
67-6	409500
67-6	274680
67-6	265350
67-6	271040
67-6	271670
67-6	474780
67-6	272960
67-7	273690
67-7	272150
67-7	272660
67-7	152490
67-7	077450
67-7	272200
67-7	409120
67-7	272940
67-7	269330
67-7	01063180
67-8	014290
67-8	542420
67-8	542340
67-8	154360
67-8	542560
67-8	144470
67-8	274000
67-8	550030
67-8	484360
67-8	246890
67-9	179170
67-9	01021980
67-9	105620
67-9	256780
67-9	117440
67-9	124620
67-9	178260
67-9	286800
67-9	263250
67-9	053430
67-10	271550
67-10	272940
67-10	274840
67-10	272010
67-10	325920
67-10	167530
67-10	273200
67-10	111140
67-10	269710
67-10	272730
67-11	275040
67-11	113520
67-11	01064460
67-11	322770
67-11	163220
67-11	279280
67-11	01070670
67-11	388750
67-11	388590
67-11	275420
67-12	388690
67-12	275510
67-12	387870
67-12	275040
67-12	01064650
67-12	457720
67-12	275020
67-12	388910
67-12	387860
67-12	388590
67-13	275120
67-13	275520
67-13	388780
67-13	134160
67-13	116960
67-13	275150
67-13	133380
67-13	279970
67-13	424100
67-13	389260
67-14	180210
67-14	003130
67-14	029930
67-14	038460
67-14	317580
67-14	004780
67-14	01074100
67-14	085320
67-14	164010
67-14	092300
67-15	300450
67-15	275530
67-15	01064570
67-15	389620
67-15	134300
67-15	387900
67-15	305690
67-15	387850
67-15	300590
67-15	387840
67-16	274940
67-16	147100
67-16	274970
67-16	388540
67-16	275560
67-16	388620
67-16	387870
67-16	388870
67-16	388610
67-16	387930
67-17	130310
67-17	388760
67-17	165040
67-17	275540
67-17	01064590
67-17	147100
67-17	275490
67-17	134750
67-17	100250
67-17	300860
67-18	276620
67-18	388240
67-18	276360
67-18	275540
67-18	274970
67-18	275550
67-18	147100
67-18	276340
67-18	393170
67-18	388130
67-19	276580
67-19	01065460
67-19	393050
67-19	139640
67-19	276640
67-19	169240
67-19	390360
67-19	172470
67-19	388560
67-19	277030
67-20	276990
67-20	01050300
67-20	391440
67-20	01008880
67-20	392970
67-20	01065660
67-20	01009200
67-20	282010
67-20	391200
67-20	461850
67-21	01065480
67-21	277420
67-21	391400
67-21	391350
67-21	390440
67-21	388240
67-21	388670
67-21	391840
67-21	389550
67-21	392500
67-22	01066140
67-22	388830
67-22	393730
67-22	392790
67-22	392070
67-22	394940
67-22	392850
67-22	176840
67-22	01065900
67-22	01065710
67-23	479170
67-23	231160
67-23	132260
67-23	332040
67-23	548970
67-23	087480
67-23	332540
67-23	326800
67-23	111310
67-23	122600
67-24	01066190
67-24	275190
67-24	388710
67-24	389640
67-24	388590
67-24	275580
67-24	277020
67-24	01064570
67-24	437160
67-24	392580
67-25	277990
67-25	393450
67-25	393750
67-25	116010
67-25	392970
67-25	391410
67-25	393360
67-25	392440
67-25	206310
67-25	276300
67-26	277970
67-26	394490
67-26	393840
67-26	394580
67-26	393280
67-26	393540
67-26	01065710
67-26	276360
67-26	019580
67-26	393260
67-27	278800
67-27	068030
67-27	01061380
67-27	163890
67-27	067160
67-27	239600
67-27	100010
67-27	162980
67-27	513270
67-27	278830
67-28	163890
67-28	278800
67-28	038940
67-28	154430
67-28	068030
67-28	134900
67-28	041140
67-28	243690
67-28	038360
67-28	243770
67-29	031840
67-29	01066590
67-29	478790
67-29	279290
67-29	317810
67-29	01050220
67-29	162610
67-29	01007810
67-29	003790
67-29	317650
67-30	163620
67-30	279240
67-30	279720
67-30	300290
67-30	279840
67-30	056610
67-30	113710
67-30	300540
67-30	275160
67-30	01067000
67-31	280790
67-31	280610
67-31	279380
67-31	228450
67-31	167510
67-31	134090
67-31	163420
67-31	279930
67-31	164900
67-31	164640
67-32	01066560
67-32	279990
67-32	280850
67-32	031730
67-32	300610
67-32	162550
67-32	457200
67-32	280080
67-32	279900
67-32	283000
67-33	01066640
67-33	165040
67-33	134750
67-33	279870
67-33	300860
67-33	280690
67-33	117690
67-33	133860
67-33	234550
67-33	100250
67-34	279890
67-34	134200
67-34	057070
67-34	280420
67-34	135650
67-34	164400
67-34	134210
67-34	133470
67-34	163290
67-34	165880
67-35	280750
67-35	058270
67-35	167170
67-35	119940
67-35	229630
67-35	136430
67-35	114900
67-35	303300
67-35	122470
67-35	059720
67-36	266830
67-36	225290
67-36	281830
67-36	301350
67-36	280910
67-36	280610
67-36	280570
67-36	280450
67-36	301300
67-36	302070
67-37	281210
67-37	282000
67-37	355380
67-37	168450
67-37	323310
67-37	243410
67-37	163460
67-37	017940
67-37	280850
67-37	356710
67-38	276870
67-38	282250
67-38	460750
67-38	178390
67-38	175410
67-38	280870
67-38	279200
67-38	281910
67-38	303480
67-38	164910
67-39	01067390
67-39	01044830
67-39	169310
67-39	135440
67-39	280160
67-39	057430
67-39	281330
67-39	301760
67-39	281240
67-39	280740
67-40	326800
67-40	353070
67-40	349920
67-40	318000
67-40	355990
67-40	471650
67-40	169040
67-40	416340
67-40	258640
67-40	352760
67-41	326800
67-41	416340
67-41	260230
67-41	318000
67-41	471650
67-41	01014960
67-41	316120
67-41	395270
67-41	245090
67-41	084510
67-42	281910
67-42	01067700
67-42	281830
67-42	279910
67-42	282520
67-42	302200
67-42	390100
67-42	280450
67-42	281820
67-42	280650
67-43	282290
67-43	281830
67-43	281910
67-43	280870
67-43	280450
67-43	01068000
67-43	279910
67-43	280850
67-43	170580
67-43	225290
67-44	511060
67-44	003130
67-44	511080
67-44	029280
67-44	471650
67-44	018980
67-44	01014960
67-44	488360
67-44	432620
67-44	488400
67-45	282490
67-45	281970
67-45	281260
67-45	280690
67-45	277690
67-45	281400
67-45	282310
67-45	281510
67-45	282870
67-45	281640
67-46	060890
67-46	281620
67-46	172170
67-46	202920
67-46	284000
67-46	434910
67-46	217510
67-46	060250
67-46	282500
67-46	283020
67-47	282150
67-47	282480
67-47	281540
67-47	282730
67-47	281110
67-47	281620
67-47	01067860
67-47	01005420
67-47	281830
67-47	279500
67-48	283030
67-48	062280
67-48	242740
67-48	283050
67-48	01067150
67-48	033670
67-48	511760
67-48	057850
67-48	120900
67-48	116010
67-49	283540
67-49	01067390
67-49	178960
67-49	177830
67-49	284080
67-49	249660
67-49	283790
67-49	236860
67-49	355430
67-49	010720
67-50	122720
67-50	189670
67-50	283600
67-50	116910
67-50	021560
67-50	013450
67-50	272250
67-50	142120
67-50	178590
67-50	179290
67-51	281620
67-51	126510
67-51	115010
67-51	123700
67-51	281630
67-51	283110
67-51	199610
67-51	115320
67-51	283470
67-51	019950
67-52	552230
67-52	284170
67-52	01003070
67-52	126530
67-52	552260
67-52	290730
67-52	538940
67-52	551970
67-52	127690
67-52	049170
67-53	160480
67-53	035160
67-53	284400
67-53	034110
67-53	116010
67-53	291500
67-53	227420
67-53	011940
67-53	243500
67-53	282390
67-54	110450
67-54	284830
67-54	284550
67-54	288180
67-54	262120
67-54	351270
67-54	285430
67-54	326780
67-54	327110
67-54	110440
67-55	284750
67-55	347010
67-55	109160
67-55	017350
67-55	103900
67-55	344320
67-55	067370
67-55	108520
67-55	068490
67-55	345870
67-56	285050
67-56	284940
67-56	286330
67-56	344800
67-56	01077990
67-56	198030
67-56	346910
67-56	480360
67-56	152840
67-56	357260
67-57	285870
67-57	286090
67-57	046320
67-57	285330
67-57	035900
67-57	285960
67-57	344110
67-57	285490
67-57	123300
67-57	402430
67-58	285410
67-58	284850
67-58	021230
67-58	284720
67-58	068050
67-58	080490
67-58	015470
67-58	284750
67-58	254070
67-58	288610
67-59	285630
67-59	01003980
67-59	285640
67-59	286800
67-59	009650
67-59	081360
67-59	091680
67-59	01022210
67-59	082190
67-59	081920
67-60	285600
67-60	284580
67-60	044630
67-60	285470
67-60	285000
67-60	285350
67-60	285380
67-60	081450
67-60	285030
67-60	285330
67-61	286230
67-61	355520
67-61	01062480
67-61	082320
67-61	052210
67-61	082790
67-61	016000
67-61	081430
67-61	067720
67-61	513270
67-62	403580
67-62	317060
67-62	096260
67-62	483010
67-62	367140
67-62	053270
67-62	545820
67-62	545630
67-62	545670
67-62	098920
67-63	003130
67-63	068760
67-63	286390
67-63	287410
67-63	343660
67-63	498440
67-63	412690
67-63	286220
67-63	067800
67-63	286270
67-64	432030
67-64	045680
67-64	01079270
67-64	077380
67-64	029930
67-64	290660
67-64	328040
67-64	288220
67-64	040690
67-64	348710
67-65	01100230
67-65	356380
67-65	147870
67-65	287000
67-65	083470
67-65	188870
67-65	147620
67-65	287220
67-65	361380
67-65	511750
67-66	352380
67-66	316290
67-66	287400
67-66	035990
67-66	287340
67-66	347030
67-66	352510
67-66	092750
67-66	375240
67-66	415950
67-67	287130
67-67	01068730
67-67	01079980
67-67	01070390
67-67	409900
67-67	426020
67-67	472170
67-67	036700
67-67	380280
67-67	01014960
67-68	012950
67-68	326260
67-68	175700
67-68	129510
67-68	393120
67-68	127650
67-68	368030
67-68	200540
67-68	445880
67-68	202420
67-69	316290
67-69	355000
67-69	488420
67-69	352380
67-69	468850
67-69	099380
67-69	320540
67-69	046210
67-69	003130
67-69	046170
67-70	317390
67-70	430470
67-70	287720
67-70	389020
67-70	01068000
67-70	286890
67-70	323560
67-70	285840
67-70	286910
67-70	488420
67-71	287870
67-71	267460
67-71	069320
67-71	108430
67-71	373310
67-71	304340
67-71	300060
67-71	423460
67-71	287920
67-71	498400
67-72	287920
67-72	288050
67-72	069320
67-72	498400
67-72	287870
67-72	133070
67-72	055740
67-72	488440
67-72	031550
67-72	498410
67-73	388050
67-73	300520
67-73	01100040
67-73	305330
67-73	430750
67-73	388170
67-73	374510
67-73	374060
67-73	388810
67-73	057730
67-74	056380
67-74	387900
67-74	224460
67-74	279440
67-74	505800
67-74	056700
67-74	133780
67-74	190700
67-74	416130
67-74	300480
67-75	288030
67-75	374820
67-75	401360
67-75	498920
67-75	499030
67-75	01086610
67-75	488620
67-75	324200
67-75	457040
67-75	070660
67-76	288050
67-76	287870
67-76	288550
67-76	373670
67-76	287920
67-76	069980
67-76	289490
67-76	269140
67-76	289350
67-76	420120
67-77	389520
67-77	069750
67-77	235150
67-77	269270
67-77	288510
67-77	288130
67-77	147120
67-77	288250
67-77	434330
67-77	430720
67-78	288280
67-78	288350
67-78	458020
67-78	071830
67-78	421070
67-78	288150
67-78	389380
67-78	287880
67-78	288140
67-78	376150
67-79	215110
67-79	042510
67-79	214720
67-79	261270
67-79	288330
67-79	01065660
67-79	135880
67-79	072050
67-79	225260
67-79	146750
67-80	288390
67-80	246880
67-80	042390
67-80	041360
67-80	122800
67-80	171030
67-80	261230
67-80	043530
67-80	168700
67-80	092860
67-81	390940
67-81	277000
67-81	391340
67-81	390480
67-81	378100
67-81	392620
67-81	215370
67-81	436610
67-81	529220
67-81	391660
67-82	288730
67-82	01050330
67-82	442460
67-82	070610
67-82	508720
67-82	421290
67-82	375630
67-82	421660
67-82	168600
67-82	374740
67-83	284700
67-83	290890
67-83	290000
67-83	342080
67-83	341980
67-83	289400
67-83	000350
67-83	289350
67-83	527370
67-83	290970
67-84	289550
67-84	343520
67-84	238020
67-84	464130
67-84	289670
67-84	283820
67-84	290050
67-84	290240
67-84	344800
67-84	102770
67-85	289450
67-85	343220
67-85	289990
67-85	342970
67-85	01076480
67-85	290280
67-85	291110
67-85	290810
67-85	133380
67-85	247260
67-86	289230
67-86	289380
67-86	003130
67-86	290360
67-86	343450
67-86	290800
67-86	292050
67-86	290320
67-86	289210
67-86	018720
67-87	290260
67-87	344260
67-87	289190
67-87	289840
67-87	074010
67-87	294420
67-87	343820
67-87	294130
67-87	289130
67-87	289670
67-88	289880
67-88	289230
67-88	344780
67-88	290330
67-88	344120
67-88	290510
67-88	081280
67-88	346780
67-88	112330
67-88	291420
67-89	289900
67-89	289890
67-89	289240
67-89	346390
67-89	003130
67-89	082430
67-89	290280
67-89	289920
67-89	291790
67-89	342260
67-90	289970
67-90	290850
67-90	289590
67-90	289240
67-90	291470
67-90	291930
67-90	290690
67-90	080980
67-90	296780
67-90	292660
67-91	289310
67-91	289320
67-91	289680
67-91	289670
67-91	290280
67-91	072110
67-91	294270
67-91	289130
67-91	003900
67-91	289890
67-92	289410
67-92	290150
67-92	290660
67-92	289440
67-92	285160
67-92	343810
67-92	292160
67-92	289130
67-92	233640
67-92	345540
67-93	290600
67-93	289670
67-93	290300
67-93	290370
67-93	290650
67-93	267500
67-93	080900
67-93	080940
67-93	267450
67-93	089860
67-94	013600
67-94	01002480
67-94	192890
67-94	104420
67-94	013150
67-94	009560
67-94	009660
67-94	006810
67-94	291690
67-94	291490
68-1	013150
68-1	009660
68-1	293470
68-1	192890
68-1	01002480
68-1	013600
68-1	009370
68-1	01003280
68-1	008740
68-1	290800
68-2	289350
68-2	108600
68-2	080620
68-2	005480
68-2	395130
68-2	287890
68-2	290250
68-2	003100
68-2	290820
68-2	347050
68-3	290760
68-3	289670
68-3	290240
68-3	289630
68-3	064660
68-3	292320
68-3	295890
68-3	351190
68-3	290990
68-3	297970
68-4	289460
68-4	343110
68-4	01021980
68-4	289920
68-4	352020
68-4	002890
68-4	291180
68-4	342710
68-4	002790
68-4	343370
68-5	289590
68-5	290740
68-5	292460
68-5	296280
68-5	291470
68-5	290850
68-5	347930
68-5	290540
68-5	350150
68-5	091140
68-6	290650
68-6	01076830
68-6	289540
68-6	016070
68-6	287900
68-6	01006560
68-6	317530
68-6	346460
68-6	081220
68-6	290820
68-7	291640
68-7	295010
68-7	289620
68-7	289270
68-7	293470
68-7	292750
68-7	294990
68-7	290360
68-7	293160
68-7	287900
68-8	290170
68-8	290510
68-8	291090
68-8	289230
68-8	297590
68-8	291420
68-8	295240
68-8	290070
68-8	291930
68-8	293470
68-9	290370
68-9	292920
68-9	347610
68-9	291020
68-9	291940
68-9	290300
68-9	290360
68-9	289800
68-9	290820
68-9	289350
68-10	082130
68-10	291340
68-10	416210
68-10	082110
68-10	01084400
68-10	082380
68-10	291630
68-10	416040
68-10	083210
68-10	01022210
68-11	291600
68-11	290680
68-11	290160
68-11	289500
68-11	290790
68-11	114270
68-11	292160
68-11	346630
68-11	390970
68-11	169390
68-12	291620
68-12	268720
68-12	293780
68-12	345790
68-12	296170
68-12	115580
68-12	291960
68-12	346210
68-12	269440
68-12	269980
68-13	292110
68-13	255880
68-13	01068500
68-13	292810
68-13	01068490
68-13	291100
68-13	291960
68-13	01024960
68-13	289500
68-13	289670
68-14	290360
68-14	003130
68-14	289990
68-14	336380
68-14	290340
68-14	292220
68-14	293380
68-14	294490
68-14	291940
68-14	289890
68-15	290690
68-15	292660
68-15	276360
68-15	290930
68-15	290160
68-15	456580
68-15	290100
68-15	290450
68-15	256780
68-15	292400
68-16	290830
68-16	295930
68-16	295360
68-16	292680
68-16	295160
68-16	260090
68-16	463690
68-16	351980
68-16	524380
68-16	030660
68-17	292450
68-17	291450
68-17	294000
68-17	293470
68-17	346180
68-17	258950
68-17	01069880
68-17	347640
68-17	288180
68-17	294590
68-18	297350
68-18	292460
68-18	292750
68-18	290280
68-18	01064570
68-18	291010
68-18	291600
68-18	433820
68-18	172940
68-18	291760
68-19	292390
68-19	292860
68-19	003130
68-19	292750
68-19	289250
68-19	317500
68-19	262350
68-19	003090
68-19	152740
68-19	291930
68-20	292370
68-20	295050
68-20	347220
68-20	294420
68-20	343820
68-20	352050
68-20	295650
68-20	297150
68-20	292320
68-20	293150
68-21	292640
68-21	292920
68-21	292390
68-21	292100
68-21	289770
68-21	290860
68-21	350820
68-21	291930
68-21	295380
68-21	293790
68-22	029930
68-22	432030
68-22	098420
68-22	290660
68-22	291850
68-22	155450
68-22	134870
68-22	293950
68-22	040690
68-22	035850
68-23	292160
68-23	295080
68-23	290660
68-23	293950
68-23	292460
68-23	295380
68-23	296290
68-23	292530
68-23	290510
68-23	291330
68-24	292210
68-24	291120
68-24	351250
68-24	436860
68-24	291250
68-24	291850
68-24	291330
68-24	002910
68-24	347030
68-24	291230
68-25	330840
68-25	249350
68-25	292790
68-25	295660
68-25	292050
68-25	330800
68-25	327790
68-25	290570
68-25	292360
68-25	115580
68-26	293670
68-26	291690
68-26	290610
68-26	293630
68-26	301450
68-26	290030
68-26	293470
68-26	346230
68-26	290430
68-26	273570
68-27	293470
68-27	293460
68-27	294110
68-27	292970
68-27	349660
68-27	288380
68-27	293610
68-27	035990
68-27	354160
68-27	292160
68-28	290800
68-28	01051670
68-28	290130
68-28	290490
68-28	115150
68-28	115340
68-28	292000
68-28	291750
68-28	291480
68-28	296170
68-29	292810
68-29	291960
68-29	291620
68-29	291050
68-29	299040
68-29	296130
68-29	093750
68-29	294070
68-29	292360
68-29	290730
68-30	293110
68-30	354460
68-30	093410
68-30	290800
68-30	185360
68-30	260100
68-30	299240
68-30	252080
68-30	185300
68-30	297330
68-31	354860
68-31	291550
68-31	017220
68-31	293530
68-31	214030
68-31	317860
68-31	292280
68-31	296870
68-31	348130
68-31	293890
68-32	297180
68-32	292160
68-32	296290
68-32	296780
68-32	262120
68-32	290660
68-32	292460
68-32	294940
68-32	351270
68-32	348710
68-33	294620
68-33	499390
68-33	249350
68-33	289350
68-33	501500
68-33	376230
68-33	490170
68-33	007390
68-33	291890
68-33	293290
68-34	296120
68-34	294880
68-34	347640
68-34	018210
68-34	288180
68-34	098830
68-34	294140
68-34	351190
68-34	258950
68-34	292480
68-35	296120
68-35	294880
68-35	292480
68-35	347640
68-35	192610
68-35	355110
68-35	297180
68-35	295310
68-35	294140
68-35	083630
68-36	292450
68-36	291450
68-36	294590
68-36	294000
68-36	290170
68-36	293470
68-36	296420
68-36	355480
68-36	291740
68-36	346180
68-37	293600
68-37	179580
68-37	083500
68-37	180800
68-37	548250
68-37	280350
68-37	297380
68-37	347890
68-37	317880
68-37	295170
68-38	015190
68-38	322480
68-38	353670
68-38	011800
68-38	194500
68-38	447610
68-38	299180
68-38	511340
68-38	01049630
68-38	482600
68-39	349500
68-39	320540
68-39	150960
68-39	156720
68-39	286220
68-39	159670
68-39	375240
68-39	259810
68-39	416210
68-39	296780
68-40	293310
68-40	330840
68-40	295520
68-40	297130
68-40	255880
68-40	291090
68-40	297590
68-40	293180
68-40	161590
68-40	291820
68-41	296070
68-41	291360
68-41	292440
68-41	292790
68-41	295660
68-41	498990
68-41	290570
68-41	292360
68-41	042590
68-41	293290
68-42	349660
68-42	370120
68-42	290660
68-42	352280
68-42	293960
68-42	043840
68-42	271930
68-42	432030
68-42	157250
68-42	288380
68-43	203010
68-43	206290
68-43	01048390
68-43	193980
68-43	200540
68-43	01048800
68-43	352770
68-43	209610
68-43	01048790
68-43	01069580
68-44	225250
68-44	01016960
68-44	01048790
68-44	180470
68-44	110110
68-44	358020
68-44	513320
68-44	154360
68-44	291510
68-44	01070220
68-45	290660
68-45	292160
68-45	348710
68-45	029930
68-45	432030
68-45	040690
68-45	293950
68-45	346280
68-45	157250
68-45	004070
68-46	348710
68-46	292160
68-46	350840
68-46	296120
68-46	294110
68-46	294140
68-46	290660
68-46	034660
68-46	349660
68-46	296290
68-47	320540
68-47	150960
68-47	349500
68-47	286220
68-47	156720
68-47	296780
68-47	041850
68-47	375240
68-47	159670
68-47	081710
68-48	297180
68-48	416530
68-48	294940
68-48	356050
68-48	351270
68-48	345540
68-48	377900
68-48	262120
68-48	348710
68-48	288380
68-49	352970
68-49	159970
68-49	296780
68-49	297870
68-49	154360
68-49	286390
68-49	297180
68-49	01008330
68-49	01014960
68-49	159680
68-50	349660
68-50	157250
68-50	415840
68-50	288380
68-50	370120
68-50	041850
68-50	292910
68-50	185400
68-50	150960
68-50	293960
68-51	249980
68-51	250450
68-51	354610
68-51	035160
68-51	112190
68-51	247710
68-51	259440
68-51	349570
68-51	328210
68-51	034900
68-52	098830
68-52	043840
68-52	360000
68-52	112380
68-52	040550
68-52	154820
68-52	027370
68-52	362170
68-52	358450
68-52	099620
68-53	291950
68-53	343390
68-53	292570
68-53	290200
68-53	289970
68-53	342790
68-53	345760
68-53	291470
68-53	343950
68-53	296120
68-54	316530
68-54	290660
68-54	375240
68-54	318000
68-54	478950
68-54	352380
68-54	01014960
68-54	084510
68-54	044330
68-54	337060
68-55	366480
68-55	364890
68-55	357400
68-55	366670
68-55	247060
68-55	366010
68-55	061870
68-55	297800
68-55	358220
68-55	358840
68-56	01081390
68-56	367280
68-56	055740
68-56	241350
68-56	01070470
68-56	552590
68-56	037540
68-56	363300
68-56	01080100
68-56	432120
68-57	387440
68-57	322480
68-57	013450
68-57	099450
68-57	033950
68-57	387370
68-57	247710
68-57	161260
68-57	192170
68-57	013150
68-58	297710
68-58	201010
68-58	298450
68-58	126230
68-58	298690
68-58	207280
68-58	144410
68-58	118670
68-58	129030
68-58	123920
68-59	298310
68-59	367200
68-59	330780
68-59	298710
68-59	363830
68-59	01082180
68-59	330240
68-59	01081980
68-59	330200
68-59	152200
68-60	330780
68-60	01082180
68-60	298310
68-60	330240
68-60	329600
68-60	331590
68-60	331000
68-60	332520
68-60	333880
68-60	367200
68-61	367740
68-61	290100
68-61	322480
68-61	264990
68-61	294290
68-61	432670
68-61	432830
68-61	264880
68-61	299150
68-61	299910
68-62	037540
68-62	01002550
68-62	116960
68-62	010580
68-62	085830
68-62	247250
68-62	098930
68-62	194270
68-62	103720
68-62	114920
68-63	037540
68-63	096720
68-63	366140
68-63	116960
68-63	010580
68-63	159670
68-63	189240
68-63	138920
68-63	249110
68-63	113650
68-64	481920
68-64	514180
68-64	026410
68-64	480650
68-64	01091380
68-64	481870
68-64	411820
68-64	451940
68-64	481780
68-64	177160
68-65	295250
68-65	358930
68-65	292520
68-65	294640
68-65	441190
68-65	357980
68-65	152410
68-65	361070
68-65	439690
68-65	296730
68-66	300060
68-66	300570
68-66	300250
68-66	01070680
68-66	322740
68-66	279220
68-66	300030
68-66	304340
68-66	055620
68-66	275190
68-67	194360
68-67	190160
68-67	098020
68-67	019540
68-67	397880
68-67	01002350
68-67	069930
68-67	190630
68-67	133810
68-67	117600
68-68	300550
68-68	301520
68-68	01066560
68-68	164210
68-68	432590
68-68	301220
68-68	387860
68-68	056480
68-68	213280
68-68	300530
68-69	068740
68-69	017360
68-69	324990
68-69	107590
68-69	470400
68-69	055130
68-69	109170
68-69	330040
68-69	478920
68-69	125660
68-70	056860
68-70	322980
68-70	120150
68-70	281620
68-70	135140
68-70	062270
68-70	302980
68-70	123210
68-70	140890
68-70	284000
68-71	165820
68-71	057490
68-71	003130
68-71	01019440
68-71	244410
68-71	082730
68-71	056370
68-71	067990
68-71	349830
68-71	303500
68-72	301180
68-72	302120
68-72	166620
68-72	226050
68-72	301230
68-72	165930
68-72	136130
68-72	302410
68-72	165600
68-72	378390
68-73	135440
68-73	113970
68-73	119050
68-73	057430
68-73	195840
68-73	01067390
68-73	280160
68-73	006590
68-73	214110
68-73	412870
68-74	134990
68-74	302200
68-74	301920
68-74	301230
68-74	165800
68-74	118090
68-74	302120
68-74	301810
68-74	301220
68-74	301350
68-75	301110
68-75	058880
68-75	091960
68-75	135950
68-75	136650
68-75	279900
68-75	280760
68-75	173430
68-75	136490
68-75	165850
68-76	301430
68-76	301870
68-76	01078810
68-76	301640
68-76	350860
68-76	300790
68-76	301260
68-76	303420
68-76	165120
68-76	162580
68-77	302310
68-77	301100
68-77	301390
68-77	301040
68-77	166890
68-77	163480
68-77	300300
68-77	167190
68-77	01078810
68-77	165580
68-78	280610
68-78	389950
68-78	058410
68-78	167090
68-78	301710
68-78	166250
68-78	167420
68-78	164650
68-78	225960
68-78	303300
68-79	235910
68-79	166330
68-79	120890
68-79	268960
68-79	116990
68-79	271180
68-79	167390
68-79	301680
68-79	174090
68-79	281340
68-80	199110
68-80	114550
68-80	120840
68-80	229940
68-80	198740
68-80	01003740
68-80	168560
68-80	171700
68-80	121170
68-80	353000
68-81	058770
68-81	138190
68-81	271490
68-81	270770
68-81	044470
68-81	073630
68-81	01045870
68-81	391560
68-81	301570
68-81	168150
68-82	232720
68-82	202980
68-82	303600
68-82	283790
68-82	303810
68-82	061060
68-82	060910
68-82	204850
68-82	143730
68-82	302060
68-83	200740
68-83	170450
68-83	271780
68-83	246840
68-83	197930
68-83	094230
68-83	168900
68-83	088860
68-83	064730
68-83	01070790
68-84	01012090
68-84	352770
68-84	346210
68-84	01012110
68-84	282300
68-84	283290
68-84	389240
68-84	118670
68-84	289960
68-84	126390
68-85	302550
68-85	222890
68-85	173480
68-85	172960
68-85	142090
68-85	01033220
68-85	272690
68-85	512830
68-85	111250
68-85	174390
68-86	106970
68-86	106570
68-86	01028500
68-86	389040
68-86	106390
68-86	106060
68-86	257930
68-86	272980
68-86	01028240
68-86	106190
68-87	302780
68-87	303090
68-87	174770
68-87	141770
68-87	276340
68-87	303310
68-87	01071060
68-87	01074420
68-87	487060
68-87	303210
68-88	517390
68-88	517210
68-88	062560
68-88	003130
68-88	247010
68-88	290660
68-88	411510
68-88	517280
68-88	162980
68-88	292160
68-89	176020
68-89	303120
68-89	144440
68-89	312890
68-89	283420
68-89	176160
68-89	178240
68-89	176130
68-89	142760
68-89	145430
68-90	173480
68-90	165440
68-90	303800
68-90	142090
68-90	01053480
68-90	057850
68-90	301180
68-90	171900
68-90	303400
68-90	165130
68-91	370360
68-91	322150
68-91	423310
68-91	315060
68-91	392850
68-91	101530
68-91	227010
68-91	383920
68-91	278430
68-91	391270
68-92	322150
68-92	423310
68-92	227010
68-92	465210
68-92	370360
68-92	315060
68-92	101530
68-92	222000
68-92	304120
68-92	434540
68-93	274950
68-93	162370
68-93	304290
68-93	274990
68-93	037550
68-93	243970
68-93	01000880
68-93	304530
68-93	305110
68-93	304570
68-94	304500
68-94	304330
68-94	305640
68-94	304910
68-94	314220
68-94	279220
68-94	162690
68-94	305040
68-94	432160
68-94	456010
69-1	304800
69-1	306290
69-1	308160
69-1	304550
69-1	305670
69-1	304460
69-1	305360
69-1	305730
69-1	304530
69-1	162860
69-2	304870
69-2	306540
69-2	305800
69-2	304540
69-2	305510
69-2	304590
69-2	306110
69-2	437910
69-2	305110
69-2	305940
69-3	304900
69-3	304350
69-3	304910
69-3	275290
69-3	339240
69-3	308270
69-3	163620
69-3	306450
69-3	306210
69-3	305490
69-4	150900
69-4	304740
69-4	162810
69-4	036450
69-4	151020
69-4	003130
69-4	170110
69-4	350120
69-4	336170
69-4	347180
69-5	306470
69-5	306260
69-5	307390
69-5	305860
69-5	305860
69-5	136130
69-5	165160
69-5	308760
69-5	310330
69-5	309880
69-6	306040
69-6	01071710
69-6	311790
69-6	306450
69-6	304350
69-6	305160
69-6	279200
69-6	310200
69-6	301190
69-6	280480
69-7	305520
69-7	305280
69-7	353760
69-7	01076950
69-7	302240
69-7	353780
69-7	347160
69-7	169140
69-7	068650
69-7	057820
69-8	307990
69-8	305730
69-8	275780
69-8	388880
69-8	306490
69-8	304410
69-8	304410
69-8	275280
69-8	306110
69-8	306290
69-9	305800
69-9	306810
69-9	306460
69-9	305700
69-9	305920
69-9	306190
69-9	401650
69-9	305940
69-9	306250
69-9	305780
69-10	305860
69-10	305860
69-10	304340
69-10	388550
69-10	310440
69-10	305640
69-10	304330
69-10	304350
69-10	01072140
69-10	307900
69-11	310440
69-11	01072140
69-11	304580
69-11	279620
69-11	304330
69-11	311280
69-11	300570
69-11	305270
69-11	306510
69-11	306000
69-12	01072140
69-12	306630
69-12	310440
69-12	308700
69-12	306050
69-12	306110
69-12	306090
69-12	306070
69-12	305660
69-12	309800
69-13	306610
69-13	306240
69-13	306070
69-13	310650
69-13	305510
69-13	306800
69-13	305000
69-13	305080
69-13	308570
69-13	309450
69-14	01064990
69-14	328580
69-14	375870
69-14	099450
69-14	280510
69-14	306110
69-14	031680
69-14	166190
69-14	306370
69-14	000100
69-15	305650
69-15	306000
69-15	304710
69-15	308130
69-15	305640
69-15	01071730
69-15	306800
69-15	305050
69-15	306810
69-15	306120
69-16	304530
69-16	307880
69-16	305650
69-16	304710
69-16	309390
69-16	306720
69-16	276150
69-16	306430
69-16	305660
69-16	308830
69-17	305410
69-17	01071930
69-17	305280
69-17	315570
69-17	175860
69-17	301160
69-17	532170
69-17	057200
69-17	079210
69-17	306570
69-18	306120
69-18	311560
69-18	309810
69-18	307360
69-18	389330
69-18	100670
69-18	310080
69-18	311660
69-18	165850
69-18	310170
69-19	308160
69-19	377560
69-19	374470
69-19	307680
69-19	304550
69-19	314530
69-19	308740
69-19	304800
69-19	276720
69-19	305730
69-20	229380
69-20	008100
69-20	329150
69-20	120020
69-20	390630
69-20	270290
69-20	225300
69-20	118010
69-20	308270
69-20	305450
69-21	307110
69-21	309430
69-21	307960
69-21	308580
69-21	305800
69-21	306810
69-21	309010
69-21	305360
69-21	305040
69-21	01071380
69-22	306870
69-22	01004980
69-22	167530
69-22	307560
69-22	01005070
69-22	008990
69-22	010780
69-22	014820
69-22	156500
69-22	007240
69-23	307230
69-23	305570
69-23	276060
69-23	307690
69-23	310240
69-23	307960
69-23	306780
69-23	305650
69-23	306490
69-23	306290
69-24	307700
69-24	01071470
69-24	304410
69-24	304410
69-24	305800
69-24	310360
69-24	305880
69-24	305610
69-24	306960
69-24	01071340
69-25	307550
69-25	307570
69-25	376890
69-25	304540
69-25	311660
69-25	306500
69-25	308270
69-25	307150
69-25	305930
69-25	309070
69-26	308170
69-26	306810
69-26	305800
69-26	313300
69-26	01072140
69-26	01071730
69-26	276740
69-26	305880
69-26	306190
69-26	311660
69-27	01062930
69-27	080070
69-27	157570
69-27	551650
69-27	01019440
69-27	326190
69-27	138300
69-27	060040
69-27	079800
69-27	067420
69-28	307820
69-28	307040
69-28	308810
69-28	01093180
69-28	311920
69-28	311820
69-28	306730
69-28	306110
69-28	306930
69-28	280200
69-29	310440
69-29	310200
69-29	01072140
69-29	305920
69-29	305270
69-29	308110
69-29	311280
69-29	306930
69-29	305710
69-29	308120
69-30	306810
69-30	305880
69-30	308460
69-30	311280
69-30	01071730
69-30	304910
69-30	304410
69-30	304410
69-30	308170
69-30	305640
69-31	277920
69-31	277750
69-31	169120
69-31	305590
69-31	01072140
69-31	308210
69-31	308880
69-31	01072600
69-31	310440
69-31	522780
69-32	308680
69-32	304800
69-32	305240
69-32	314670
69-32	377290
69-32	01072140
69-32	307960
69-32	307290
69-32	305040
69-32	305090
69-33	311180
69-33	312090
69-33	311660
69-33	308270
69-33	311970
69-33	309070
69-33	309410
69-33	310180
69-33	310360
69-33	310200
69-34	307780
69-34	308760
69-34	01044830
69-34	169310
69-34	377240
69-34	307530
69-34	01067390
69-34	306520
69-34	308360
69-34	306260
69-35	304570
69-35	276690
69-35	305650
69-35	305220
69-35	01072320
69-35	310280
69-35	308750
69-35	313110
69-35	304440
69-35	306050
69-36	01071790
69-36	229700
69-36	308910
69-36	434300
69-36	223920
69-36	223730
69-36	522280
69-36	526130
69-36	240130
69-36	388930
69-37	308140
69-37	310330
69-37	281030
69-37	307070
69-37	459800
69-37	172510
69-37	245490
69-37	310200
69-37	306710
69-37	01072140
69-38	394130
69-38	272020
69-38	308380
69-38	216090
69-38	313730
69-38	391470
69-38	074250
69-38	182880
69-38	101700
69-38	377190
69-39	310440
69-39	308060
69-39	305110
69-39	307570
69-39	306230
69-39	294590
69-39	311660
69-39	307550
69-39	312990
69-39	306300
69-40	309730
69-40	311720
69-40	311540
69-40	310860
69-40	308070
69-40	383300
69-40	308690
69-40	310990
69-40	175790
69-40	141720
69-41	308920
69-41	306110
69-41	310320
69-41	310360
69-41	310090
69-41	486180
69-41	275780
69-41	305730
69-41	392150
69-41	310240
69-42	308120
69-42	169030
69-42	306150
69-42	276640
69-42	167530
69-42	171670
69-42	379100
69-42	308230
69-42	213400
69-42	391260
69-43	309870
69-43	308940
69-43	308930
69-43	331510
69-43	187350
69-43	045460
69-43	138490
69-43	170320
69-43	170330
69-43	461030
69-44	170940
69-44	077120
69-44	173130
69-44	313570
69-44	545030
69-44	123100
69-44	010050
69-44	169490
69-44	282370
69-44	313680
69-45	085660
69-45	085530
69-45	129380
69-45	200850
69-45	308160
69-45	084400
69-45	201790
69-45	313570
69-45	313750
69-45	310420
69-46	307880
69-46	308060
69-46	278620
69-46	312830
69-46	304820
69-46	305730
69-46	308620
69-46	304410
69-46	304410
69-46	308540
69-47	309730
69-47	310860
69-47	392640
69-47	311540
69-47	311720
69-47	312010
69-47	312380
69-47	014490
69-47	383300
69-47	210280
69-48	006080
69-48	01045470
69-48	310020
69-48	214630
69-48	117840
69-48	309470
69-48	094280
69-48	394330
69-48	140940
69-48	310200
69-49	489550
69-49	01072490
69-49	182770
69-49	307650
69-49	307600
69-49	488850
69-49	385180
69-49	222540
69-49	239890
69-49	307630
69-50	310440
69-50	308320
69-50	307210
69-50	307900
69-50	308200
69-50	308210
69-50	308130
69-50	01072330
69-50	311120
69-50	311660
69-51	392030
69-51	158670
69-51	310150
69-51	083260
69-51	01021980
69-51	286050
69-51	291690
69-51	094860
69-51	211030
69-51	387270
69-52	282880
69-52	061720
69-52	011880
69-52	310930
69-52	237500
69-52	174280
69-52	01045780
69-52	174560
69-52	499240
69-52	198950
69-53	308990
69-53	207660
69-53	011630
69-53	309180
69-53	173810
69-53	000540
69-53	310010
69-53	387060
69-53	115010
69-53	313040
69-54	170880
69-54	310360
69-54	218260
69-54	516940
69-54	013400
69-54	246340
69-54	123850
69-54	01072150
69-54	393780
69-54	122270
69-55	171770
69-55	309840
69-55	216980
69-55	406750
69-55	391650
69-55	310040
69-55	237100
69-55	139650
69-55	046400
69-55	511730
69-56	328860
69-56	509050
69-56	333420
69-56	333850
69-56	509040
69-56	418280
69-56	328840
69-56	330780
69-56	333120
69-56	332110
69-57	094910
69-57	311290
69-57	174690
69-57	231720
69-57	217980
69-57	332950
69-57	012270
69-57	220050
69-57	246090
69-57	311210
69-58	392600
69-58	312190
69-58	393410
69-58	311310
69-58	306340
69-58	176690
69-58	170680
69-58	463550
69-58	173680
69-58	048420
69-59	230300
69-59	087560
69-59	034170
69-59	107010
69-59	132230
69-59	034280
69-59	309350
69-59	088080
69-59	079490
69-59	326030
69-60	102440
69-60	311520
69-60	309160
69-60	392500
69-60	312790
69-60	102620
69-60	125500
69-60	146120
69-60	309410
69-60	312410
69-61	392550
69-61	332800
69-61	111390
69-61	231900
69-61	311100
69-61	141820
69-61	124850
69-61	272940
69-61	312380
69-61	282830
69-62	169740
69-62	061630
69-62	01072320
69-62	309220
69-62	165930
69-62	311500
69-62	308140
69-62	390800
69-62	308090
69-62	307530
69-63	217790
69-63	392490
69-63	272710
69-63	141400
69-63	393230
69-63	308990
69-63	237800
69-63	407320
69-63	318960
69-63	332980
69-64	381210
69-64	311280
69-64	305860
69-64	305860
69-64	309890
69-64	306000
69-64	01072090
69-64	01072990
69-64	489380
69-64	310950
69-65	179840
69-65	310750
69-65	392780
69-65	140920
69-65	392690
69-65	312990
69-65	173980
69-65	102550
69-65	173670
69-65	382390
69-66	176020
69-66	175110
69-66	303120
69-66	312890
69-66	206580
69-66	488420
69-66	392490
69-66	077450
69-66	312160
69-66	306650
69-67	307530
69-67	01056140
69-67	312250
69-67	218780
69-67	076430
69-67	308070
69-67	143340
69-67	188000
69-67	393030
69-67	470940
69-68	195050
69-68	177180
69-68	176430
69-68	142540
69-68	005750
69-68	310210
69-68	511730
69-68	222590
69-68	115980
69-68	018020
69-69	268270
69-69	308160
69-69	306340
69-69	393230
69-69	308380
69-69	311740
69-69	306650
69-69	308740
69-69	01011970
69-69	306370
69-70	446710
69-70	173960
69-70	01065700
69-70	216780
69-70	122380
69-70	304450
69-70	312090
69-70	041820
69-70	143700
69-70	309720
69-71	311870
69-71	393340
69-71	273220
69-71	291750
69-71	167530
69-71	076490
69-71	309160
69-71	312090
69-71	340850
69-71	307560
69-72	312630
69-72	207340
69-72	393120
69-72	126260
69-72	160020
69-72	177790
69-72	392790
69-72	127650
69-72	075860
69-72	311930
69-73	160480
69-73	283020
69-73	278190
69-73	298450
69-73	201440
69-73	118900
69-73	141400
69-73	393230
69-73	308990
69-73	443670
69-74	312270
69-74	312260
69-74	448770
69-74	01072320
69-74	464710
69-74	383240
69-74	308090
69-74	139470
69-74	070610
69-74	448330
69-75	313170
69-75	144540
69-75	113920
69-75	195050
69-75	114680
69-75	339220
69-75	383930
69-75	005750
69-75	512020
69-75	410860
69-76	312890
69-76	176020
69-76	144440
69-76	255410
69-76	178240
69-76	051030
69-76	250160
69-76	180710
69-76	206580
69-76	303120
69-77	283760
69-77	278440
69-77	548930
69-77	294300
69-77	238820
69-77	292140
69-77	219930
69-77	178720
69-77	393940
69-77	177290
69-78	308700
69-78	305730
69-78	306110
69-78	277850
69-78	161780
69-78	304530
69-78	310240
69-78	306280
69-78	310320
69-78	311970
69-79	393330
69-79	274300
69-79	160480
69-79	308990
69-79	208950
69-79	232920
69-79	115030
69-79	307100
69-79	170880
69-79	392490
69-80	099620
69-80	387220
69-80	213900
69-80	01083560
69-80	501360
69-80	248220
69-80	083950
69-80	387630
69-80	286270
69-80	058010
69-81	465390
69-81	274020
69-81	419120
69-81	394000
69-81	334460
69-81	063550
69-81	134140
69-81	310020
69-81	313020
69-81	089230
69-82	394290
69-82	494520
69-82	312270
69-82	313260
69-82	495120
69-82	307050
69-82	494240
69-82	115810
69-82	120440
69-82	309750
69-83	274300
69-83	393330
69-83	160480
69-83	393450
69-83	307100
69-83	393230
69-83	01045930
69-83	393360
69-83	308990
69-83	302690
69-84	160480
69-84	274300
69-84	308990
69-84	393330
69-84	115030
69-84	393450
69-84	394940
69-84	019950
69-84	316070
69-84	307100
69-85	313570
69-85	178450
69-85	313390
69-85	519010
69-85	01031320
69-85	442430
69-85	313930
69-85	207090
69-85	062290
69-85	172720
69-86	313440
69-86	093910
69-86	293290
69-86	307050
69-86	023820
69-86	024060
69-86	208830
69-86	173480
69-86	170350
69-86	057850
69-87	01072320
69-87	305310
69-87	309390
69-87	309720
69-87	308090
69-87	289010
69-87	307360
69-87	408900
69-87	306180
69-87	307240
69-88	312090
69-88	01051670
69-88	311590
69-88	312760
69-88	313730
69-88	175760
69-88	310360
69-88	082890
69-88	145830
69-88	277970
69-89	394330
69-89	313750
69-89	313380
69-89	394910
69-89	145050
69-89	410340
69-89	394570
69-89	180440
69-89	129380
69-89	188230
69-90	394330
69-90	145050
69-90	313380
69-90	394910
69-90	128540
69-90	436280
69-90	313750
69-90	188230
69-90	210050
69-90	394570
69-91	003130
69-91	084510
69-91	316200
69-91	432620
69-91	471650
69-91	483010
69-91	156970
69-91	482460
69-91	099310
69-91	028090
69-92	170880
69-92	01065700
69-92	076480
69-92	310360
69-92	01051670
69-92	311930
69-92	126360
69-92	121360
69-92	097560
69-92	274000
69-93	314500
69-93	410790
69-93	261370
69-93	432100
69-93	456020
69-93	520050
69-93	322740
69-93	233850
69-93	300110
69-93	498510
69-94	268630
69-94	314300
69-94	244150
69-94	386330
69-94	099860
69-94	056450
69-94	244110
69-94	233980
69-94	056410
69-94	424040
70-1	237710
70-1	272890
70-1	125250
70-1	273110
70-1	433520
70-1	237740
70-1	314800
70-1	100780
70-1	223870
70-1	095710
70-2	060190
70-2	045680
70-2	395290
70-2	161540
70-2	092000
70-2	395190
70-2	138340
70-2	061980
70-2	359060
70-2	316760
70-3	314990
70-3	160040
70-3	488400
70-3	029930
70-3	063830
70-3	353420
70-3	318000
70-3	159460
70-3	110730
70-3	288220
70-4	328140
70-4	01001810
70-4	272220
70-4	099620
70-4	087490
70-4	326260
70-4	328210
70-4	092750
70-4	237730
70-4	105610
70-5	315060
70-5	315070
70-5	239390
70-5	013400
70-5	322050
70-5	012600
70-5	01071130
70-5	239420
70-5	088010
70-5	012310
70-6	018440
70-6	467810
70-6	024800
70-6	017870
70-6	017800
70-6	470640
70-6	098920
70-6	395010
70-6	008070
70-6	469270
70-7	315280
70-7	436810
70-7	316040
70-7	01008320
70-7	319630
70-7	284810
70-7	344430
70-7	224690
70-7	243880
70-7	315450
70-8	315390
70-8	468820
70-8	467920
70-8	395010
70-8	468080
70-8	467830
70-8	043690
70-8	468500
70-8	315310
70-8	467860
70-9	162600
70-9	315500
70-9	315380
70-9	300020
70-9	162410
70-9	080480
70-9	315610
70-9	315480
70-9	032290
70-9	290150
70-10	315660
70-10	081170
70-10	042090
70-10	326490
70-10	315910
70-10	315350
70-10	345740
70-10	271980
70-10	000090
70-10	01034530
70-11	315570
70-11	01099200
70-11	098830
70-11	087470
70-11	292130
70-11	213550
70-11	057530
70-11	192610
70-11	399870
70-11	315770
70-12	099330
70-12	316110
70-12	479160
70-12	258930
70-12	347830
70-12	504580
70-12	346750
70-12	349700
70-12	479400
70-12	349300
70-13	316120
70-13	318000
70-13	288290
70-13	345540
70-13	292160
70-13	488400
70-13	348710
70-13	395270
70-13	395290
70-13	488360
70-14	285950
70-14	316310
70-14	316080
70-14	242730
70-14	292330
70-14	275800
70-14	033770
70-14	087110
70-14	286360
70-14	018750
70-15	023620
70-15	316590
70-15	023760
70-15	216740
70-15	023800
70-15	320540
70-15	342850
70-15	257210
70-15	068250
70-15	001050
70-16	317390
70-16	317450
70-16	435310
70-16	467270
70-16	01010070
70-16	545630
70-16	267330
70-16	487980
70-16	487560
70-16	103710
70-17	366310
70-17	01028390
70-17	220990
70-17	218760
70-17	395020
70-17	316550
70-17	317210
70-17	483100
70-17	098920
70-17	001050
70-18	352360
70-18	353760
70-18	348710
70-18	488360
70-18	488400
70-18	288220
70-18	293460
70-18	361810
70-18	350840
70-18	345540
70-19	348710
70-19	362950
70-19	488400
70-19	355110
70-19	154360
70-19	018210
70-19	344200
70-19	342770
70-19	082230
70-19	292160
70-20	018210
70-20	488400
70-20	362950
70-20	154360
70-20	01081520
70-20	344200
70-20	358220
70-20	017790
70-20	348710
70-20	359770
70-21	343420
70-21	317790
70-21	015790
70-21	108520
70-21	317660
70-21	029840
70-21	103730
70-21	190050
70-21	108460
70-21	154770
70-22	317690
70-22	317500
70-22	346050
70-22	031420
70-22	402500
70-22	214330
70-22	130070
70-22	344380
70-22	543430
70-22	218190
70-23	318020
70-23	455590
70-23	154880
70-23	064760
70-23	01076500
70-23	246830
70-23	482470
70-23	318240
70-23	482450
70-23	100400
70-24	338100
70-24	031290
70-24	000530
70-24	318010
70-24	466810
70-24	098020
70-24	318060
70-24	162520
70-24	374700
70-24	281210
70-25	317920
70-25	01002820
70-25	318030
70-25	314340
70-25	268000
70-25	320460
70-25	388560
70-25	266740
70-25	005060
70-25	389620
70-26	318340
70-26	064870
70-26	01062480
70-26	336400
70-26	236440
70-26	045320
70-26	352380
70-26	258900
70-26	349570
70-26	154200
70-27	318160
70-27	317920
70-27	390940
70-27	236270
70-27	317570
70-27	318060
70-27	318860
70-27	01011970
70-27	317900
70-27	099360
70-28	01014960
70-28	482460
70-28	259440
70-28	01014980
70-28	337110
70-28	482450
70-28	353070
70-28	148280
70-28	01001810
70-28	045320
70-29	003130
70-29	01014960
70-29	259440
70-29	417410
70-29	236440
70-29	337060
70-29	060590
70-29	377950
70-29	055930
70-29	478960
70-30	355250
70-30	357310
70-30	352130
70-30	067770
70-30	319070
70-30	318000
70-30	369540
70-30	416030
70-30	374170
70-30	322320
70-31	467590
70-31	352380
70-31	286350
70-31	273610
70-31	238510
70-31	088520
70-31	035160
70-31	319230
70-31	303120
70-31	008300
70-32	319460
70-32	319300
70-32	034550
70-32	01020870
70-32	100650
70-32	353070
70-32	084510
70-32	077500
70-32	319500
70-32	352380
70-33	478790
70-33	478700
70-33	224280
70-33	01014960
70-33	301800
70-33	410420
70-33	318240
70-33	338140
70-33	249980
70-33	01080860
70-34	319930
70-34	147860
70-34	420820
70-34	375580
70-34	421430
70-34	420600
70-34	422220
70-34	070610
70-34	149970
70-34	421950
70-35	321020
70-35	321010
70-35	320900
70-35	262350
70-35	045680
70-35	319980
70-35	264580
70-35	104220
70-35	135820
70-35	514400
70-36	375580
70-36	320090
70-36	024620
70-36	379210
70-36	070610
70-36	072740
70-36	076820
70-36	098010
70-36	01009920
70-36	383670
70-37	335940
70-37	335990
70-37	155380
70-37	366530
70-37	335980
70-37	081540
70-37	294520
70-37	082320
70-37	488380
70-37	215060
70-38	320460
70-38	423460
70-38	317610
70-38	317920
70-38	000160
70-38	320610
70-38	190080
70-38	338660
70-38	031550
70-38	317760
70-39	320910
70-39	319860
70-39	114990
70-39	214520
70-39	424420
70-39	059960
70-39	01073790
70-39	113820
70-39	138690
70-39	428120
70-40	024460
70-40	322530
70-40	395130
70-40	195790
70-40	004180
70-40	000870
70-40	369080
70-40	321580
70-40	400660
70-40	077720
70-41	483140
70-41	321240
70-41	483180
70-41	546240
70-41	103910
70-41	031960
70-41	032030
70-41	191470
70-41	321410
70-41	547230
70-42	321660
70-42	369040
70-42	321270
70-42	334510
70-42	409160
70-42	392910
70-42	369960
70-42	01029670
70-42	334010
70-42	215820
70-43	319930
70-43	053550
70-43	156920
70-43	438140
70-43	438630
70-43	071210
70-43	136310
70-43	01041460
70-43	240710
70-43	421020
70-44	400830
70-44	456580
70-44	01026890
70-44	524110
70-44	215740
70-44	004590
70-44	400860
70-44	401720
70-44	133950
70-44	456020
70-45	322300
70-45	352970
70-45	322390
70-45	039080
70-45	156120
70-45	400380
70-45	159680
70-45	402840
70-45	400650
70-45	158580
70-46	259440
70-46	395270
70-46	217330
70-46	317830
70-46	322290
70-46	035990
70-46	483010
70-46	318000
70-46	155140
70-46	345540
70-47	259440
70-47	155140
70-47	01014980
70-47	01014960
70-47	035990
70-47	377950
70-47	352380
70-47	375240
70-47	364420
70-47	259430
70-48	322720
70-48	162670
70-48	163040
70-48	322730
70-48	080700
70-48	002240
70-48	163960
70-48	01000730
70-48	039250
70-48	163230
70-49	322850
70-49	323090
70-49	055760
70-49	057090
70-49	164160
70-49	079000
70-49	437910
70-49	322790
70-49	000460
70-49	322740
70-50	322770
70-50	322860
70-50	432410
70-50	279280
70-50	01070670
70-50	373610
70-50	275040
70-50	116270
70-50	01066560
70-50	163220
70-51	031730
70-51	322900
70-51	322770
70-51	322960
70-51	164810
70-51	322980
70-51	116270
70-51	165470
70-51	300700
70-51	323200
70-52	195050
70-52	323030
70-52	005750
70-52	006550
70-52	01050090
70-52	305580
70-52	120100
70-52	061930
70-52	091270
70-52	022950
70-53	323360
70-53	462000
70-53	323560
70-53	301180
70-53	392000
70-53	129120
70-53	120900
70-53	323500
70-53	323350
70-53	226390
70-54	326380
70-54	416060
70-54	323960
70-54	327530
70-54	323970
70-54	416610
70-54	324000
70-54	506160
70-54	183330
70-54	416270
70-55	184770
70-55	323930
70-55	275280
70-55	326940
70-55	328270
70-55	326640
70-55	327720
70-55	330460
70-55	416370
70-55	184590
70-56	329170
70-56	324610
70-56	327790
70-56	330590
70-56	417320
70-56	258830
70-56	324130
70-56	522260
70-56	324640
70-56	151630
70-57	324170
70-57	417740
70-57	416380
70-57	254590
70-57	416660
70-57	327780
70-57	027050
70-57	417350
70-57	327320
70-57	328370
70-58	324370
70-58	328350
70-58	416450
70-58	417870
70-58	327700
70-58	323930
70-58	01074760
70-58	416630
70-58	418220
70-58	499660
70-59	325330
70-59	324550
70-59	01074910
70-59	325560
70-59	330690
70-59	261500
70-59	223600
70-59	332930
70-59	329410
70-59	288400
70-60	215310
70-60	220930
70-60	551650
70-60	169110
70-60	475150
70-60	215750
70-60	377720
70-60	01019440
70-60	059380
70-60	009260
70-61	156620
70-61	324890
70-61	301170
70-61	324870
70-61	325960
70-61	325150
70-61	240490
70-61	328040
70-61	324960
70-61	324820
70-62	323930
70-62	416520
70-62	467140
70-62	326470
70-62	323830
70-62	416630
70-62	416330
70-62	417740
70-62	416240
70-62	326640
70-63	330460
70-63	328830
70-63	325010
70-63	223520
70-63	324410
70-63	261140
70-63	416780
70-63	331640
70-63	044880
70-63	333280
70-64	259950
70-64	325150
70-64	316400
70-64	324270
70-64	260970
70-64	150960
70-64	165410
70-64	157250
70-64	325300
70-64	262200
70-65	324420
70-65	241400
70-65	411820
70-65	242270
70-65	241270
70-65	323840
70-65	027770
70-65	241430
70-65	325790
70-65	242160
70-66	325330
70-66	223820
70-66	223930
70-66	01074910
70-66	325560
70-66	330510
70-66	01074950
70-66	331280
70-66	330600
70-66	418570
70-67	184510
70-67	345650
70-67	196570
70-67	363250
70-67	546250
70-67	193650
70-67	349570
70-67	552350
70-67	346890
70-67	483100
70-68	334380
70-68	333490
70-68	504040
70-68	467610
70-68	331280
70-68	325820
70-68	431790
70-68	333020
70-68	222860
70-68	261930
70-69	01074950
70-69	325950
70-69	326010
70-69	223930
70-69	223820
70-69	264920
70-69	263640
70-69	325330
70-69	182130
70-69	325890
70-70	099620
70-70	478700
70-70	224970
70-70	374170
70-70	533050
70-70	347530
70-70	436810
70-70	317580
70-70	244650
70-70	341370
70-71	522690
70-71	411360
70-71	326170
70-71	268310
70-71	031550
70-71	520030
70-71	302220
70-71	102430
70-71	243350
70-71	326110
70-72	436990
70-72	467180
70-72	326190
70-72	044200
70-72	411360
70-72	466840
70-72	01063900
70-72	032500
70-72	400850
70-72	161590
70-73	326180
70-73	155450
70-73	099620
70-73	132480
70-73	361120
70-73	214780
70-73	217330
70-73	01060350
70-73	132340
70-73	500000
70-74	400100
70-74	326690
70-74	326950
70-74	01075190
70-74	056590
70-74	190170
70-74	330020
70-74	323830
70-74	326660
70-74	258610
70-75	326780
70-75	258950
70-75	326550
70-75	327110
70-75	018210
70-75	326700
70-75	098830
70-75	351270
70-75	416480
70-75	479000
70-76	056590
70-76	326690
70-76	326640
70-76	327920
70-76	190170
70-76	326660
70-76	323830
70-76	01075190
70-76	323930
70-76	326950
70-77	161440
70-77	154940
70-77	01075270
70-77	328450
70-77	264980
70-77	329520
70-77	327040
70-77	259110
70-77	156440
70-77	329640
70-78	018240
70-78	161110
70-78	259610
70-78	018170
70-78	479090
70-78	315980
70-78	330770
70-78	262200
70-78	416030
70-78	260020
70-79	327190
70-79	327860
70-79	259370
70-79	326900
70-79	327970
70-79	259240
70-79	327430
70-79	01075270
70-79	163820
70-79	133270
70-80	329520
70-80	334070
70-80	331300
70-80	259060
70-80	333370
70-80	327900
70-80	262080
70-80	327800
70-80	332210
70-80	330030
70-81	328040
70-81	055780
70-81	243540
70-81	331990
70-81	332330
70-81	260020
70-81	263130
70-81	360450
70-81	327640
70-81	010250
70-82	327850
70-82	416360
70-82	155710
70-82	326660
70-82	498930
70-82	326560
70-82	411600
70-82	326730
70-82	327450
70-82	056590
70-83	327930
70-83	328260
70-83	259040
70-83	471760
70-83	259930
70-83	039740
70-83	224950
70-83	471570
70-83	324150
70-83	329390
70-84	482460
70-84	259810
70-84	327500
70-84	081360
70-84	081920
70-84	043060
70-84	320540
70-84	018350
70-84	156720
70-84	327110
70-85	327880
70-85	259490
70-85	331210
70-85	039980
70-85	224570
70-85	329150
70-85	327430
70-85	327860
70-85	333420
70-85	332250
70-86	327800
70-86	329410
70-86	327860
70-86	259390
70-86	223260
70-86	327430
70-86	259520
70-86	331780
70-86	259170
70-86	222750
70-87	328170
70-87	222720
70-87	223420
70-87	222710
70-87	161800
70-87	222570
70-87	259840
70-87	259830
70-87	329120
70-87	040300
70-88	328400
70-88	331930
70-88	334420
70-88	331620
70-88	331000
70-88	331010
70-88	223750
70-88	261950
70-88	333120
70-88	260420
70-89	259560
70-89	261740
70-89	01062800
70-89	328830
70-89	330050
70-89	327290
70-89	161780
70-89	261850
70-89	330690
70-89	261900
70-90	329150
70-90	329190
70-90	332800
70-90	334830
70-90	329420
70-90	333420
70-90	225300
70-90	261310
70-90	327430
70-90	329730
70-91	329440
70-91	260870
70-91	01004500
70-91	328970
70-91	156500
70-91	280930
70-91	167530
70-91	01004200
70-91	01005070
70-91	263050
70-92	513290
70-92	330260
70-92	427800
70-92	401490
70-92	326780
70-92	376320
70-92	262230
70-92	389110
70-92	380970
70-92	293460
70-93	259330
70-93	331260
70-93	329520
70-93	329410
70-93	330230
70-93	333120
70-93	332660
70-93	330160
70-93	330600
70-93	331210
70-94	330360
70-94	328260
70-94	332660
70-94	332790
70-94	334430
70-94	328400
70-94	259330
70-94	334100
70-94	330230
70-94	333240
71-1	404510
71-1	417870
71-1	512280
71-1	271640
71-1	467270
71-1	404500
71-1	528680
71-1	472070
71-1	453050
71-1	486730
71-2	333550
71-2	330250
71-2	404470
71-2	332520
71-2	328260
71-2	417590
71-2	329730
71-2	334860
71-2	223310
71-2	331470
71-3	330030
71-3	223510
71-3	262280
71-3	332210
71-3	333120
71-3	223600
71-3	263590
71-3	161970
71-3	332660
71-3	261180
71-4	223520
71-4	330460
71-4	331640
71-4	326940
71-4	509050
71-4	259840
71-4	259550
71-4	259830
71-4	260400
71-4	330500
71-5	330430
71-5	328580
71-5	260470
71-5	332030
71-5	334630
71-5	332750
71-5	333980
71-5	506620
71-5	044000
71-5	332730
71-6	328610
71-6	416780
71-6	324410
71-6	330090
71-6	261940
71-6	330460
71-6	425060
71-6	324830
71-6	512100
71-6	326940
71-7	424960
71-7	281170
71-7	382370
71-7	426900
71-7	428470
71-7	426070
71-7	424370
71-7	141300
71-7	424230
71-7	378080
71-8	331350
71-8	330510
71-8	327900
71-8	01062800
71-8	223820
71-8	396330
71-8	261290
71-8	223930
71-8	329540
71-8	329240
71-9	262760
71-9	331530
71-9	263030
71-9	330700
71-9	259390
71-9	332250
71-9	330940
71-9	333420
71-9	334100
71-9	473370
71-10	334830
71-10	334140
71-10	331210
71-10	264980
71-10	331810
71-10	333020
71-10	333440
71-10	332220
71-10	329150
71-10	263880
71-11	01075270
71-11	331460
71-11	327530
71-11	261440
71-11	328640
71-11	01085140
71-11	329380
71-11	331930
71-11	332660
71-11	330580
71-12	329730
71-12	332000
71-12	162230
71-12	331830
71-12	331270
71-12	328990
71-12	260260
71-12	331580
71-12	156930
71-12	330940
71-13	223790
71-13	473870
71-13	223060
71-13	111260
71-13	332140
71-13	333820
71-13	331580
71-13	406710
71-13	264980
71-13	330940
71-14	332240
71-14	333350
71-14	330800
71-14	223750
71-14	262070
71-14	333940
71-14	328400
71-14	333490
71-14	161970
71-14	262590
71-15	331930
71-15	332660
71-15	333790
71-15	111210
71-15	01075270
71-15	330600
71-15	332890
71-15	334420
71-15	327430
71-15	331460
71-16	337060
71-16	417410
71-16	265320
71-16	01097010
71-16	514190
71-16	155140
71-16	157250
71-16	334190
71-16	411820
71-16	417400
71-17	332950
71-17	325440
71-17	333360
71-17	329240
71-17	332800
71-17	332740
71-17	329400
71-17	264220
71-17	333430
71-17	334370
71-18	095680
71-18	105640
71-18	483100
71-18	246270
71-18	434340
71-18	091240
71-18	100960
71-18	041400
71-18	189170
71-18	354320
71-19	162040
71-19	333110
71-19	01063180
71-19	331300
71-19	223810
71-19	333420
71-19	222830
71-19	333980
71-19	329640
71-19	329150
71-20	333020
71-20	264140
71-20	325360
71-20	330790
71-20	333780
71-20	222770
71-20	333490
71-20	330470
71-20	263020
71-20	261930
71-21	333020
71-21	262410
71-21	332260
71-21	264140
71-21	330790
71-21	327800
71-21	333780
71-21	325160
71-21	161730
71-21	325360
71-22	01063180
71-22	331590
71-22	260260
71-22	333850
71-22	331270
71-22	332220
71-22	330940
71-22	334520
71-22	329730
71-22	263700
71-23	329170
71-23	327430
71-23	333250
71-23	332020
71-23	329390
71-23	328400
71-23	334910
71-23	262570
71-23	329150
71-23	222940
71-24	222770
71-24	331300
71-24	331210
71-24	333420
71-24	330790
71-24	262800
71-24	329190
71-24	223040
71-24	329520
71-24	333020
71-25	333780
71-25	334360
71-25	222750
71-25	331490
71-25	333120
71-25	264610
71-25	263950
71-25	333750
71-25	332620
71-25	333020
71-26	332980
71-26	01075270
71-26	333850
71-26	333940
71-26	327800
71-26	332660
71-26	331250
71-26	329410
71-26	409900
71-26	332960
71-27	333850
71-27	333800
71-27	333420
71-27	329150
71-27	509050
71-27	162120
71-27	332250
71-27	333900
71-27	262070
71-27	334290
71-28	333980
71-28	334030
71-28	334050
71-28	332750
71-28	162130
71-28	331670
71-28	329090
71-28	332520
71-28	332660
71-28	335440
71-29	262200
71-29	262120
71-29	354280
71-29	334040
71-29	302520
71-29	260170
71-29	359610
71-29	158580
71-29	326780
71-29	352130
71-30	333390
71-30	437200
71-30	337060
71-30	156400
71-30	417410
71-30	334080
71-30	514190
71-30	312500
71-30	156120
71-30	01097010
71-31	264940
71-31	335030
71-31	529150
71-31	333560
71-31	528400
71-31	162040
71-31	333850
71-31	333940
71-31	160530
71-31	333480
71-32	334160
71-32	01062960
71-32	335200
71-32	331580
71-32	331610
71-32	330050
71-32	331200
71-32	330990
71-32	333910
71-32	334020
71-33	429560
71-33	334340
71-33	330600
71-33	332830
71-33	334430
71-33	222960
71-33	333910
71-33	333020
71-33	333330
71-33	265790
71-34	162040
71-34	335230
71-34	223890
71-34	333980
71-34	330940
71-34	334290
71-34	334820
71-34	333670
71-34	332000
71-34	334510
71-35	334860
71-35	333550
71-35	266240
71-35	410090
71-35	333500
71-35	262880
71-35	332520
71-35	161850
71-35	333130
71-35	328260
71-36	266480
71-36	374470
71-36	264660
71-36	100120
71-36	546330
71-36	091990
71-36	094860
71-36	276870
71-36	252720
71-36	539400
71-37	260260
71-37	408520
71-37	01063180
71-37	334150
71-37	331590
71-37	262850
71-37	329730
71-37	263700
71-37	265220
71-37	333130
71-38	341350
71-38	332750
71-38	330050
71-38	334940
71-38	333850
71-38	260400
71-38	333440
71-38	332390
71-38	332980
71-38	328860
71-39	162260
71-39	227030
71-39	335270
71-39	179820
71-39	227300
71-39	419540
71-39	123870
71-39	144030
71-39	106880
71-39	374380
71-40	335470
71-40	291440
71-40	326440
71-40	514600
71-40	054530
71-40	084630
71-40	160880
71-40	316970
71-40	098560
71-40	023760
71-41	131060
71-41	335710
71-41	130450
71-41	335730
71-41	044920
71-41	377340
71-41	131080
71-41	200190
71-41	245510
71-41	380970
71-42	336580
71-42	01014960
71-42	063300
71-42	003750
71-42	155140
71-42	01014980
71-42	375240
71-42	017450
71-42	064870
71-42	038460
71-43	428900
71-43	380800
71-43	429300
71-43	430320
71-43	426710
71-43	336630
71-43	428240
71-43	108620
71-43	378220
71-43	428250
71-44	342990
71-44	089300
71-44	336780
71-44	067200
71-44	017040
71-44	085080
71-44	068030
71-44	001580
71-44	343090
71-44	343580
71-45	336840
71-45	108690
71-45	337010
71-45	336910
71-45	038940
71-45	108470
71-45	395130
71-45	108510
71-45	108890
71-45	395180
71-46	337110
71-46	482460
71-46	259810
71-46	018350
71-46	044530
71-46	337040
71-46	298220
71-46	067770
71-46	041030
71-46	490110
71-47	316530
71-47	316120
71-47	337090
71-47	437480
71-47	035990
71-47	328140
71-47	049170
71-47	316370
71-47	337060
71-47	337430
71-48	021230
71-48	418830
71-48	109950
71-48	239780
71-48	327760
71-48	354560
71-48	132510
71-48	022850
71-48	048330
71-48	263850
71-49	01014960
71-49	432620
71-49	349570
71-49	352380
71-49	355990
71-49	367140
71-49	355020
71-49	432070
71-49	260230
71-49	046590
71-50	338040
71-50	081170
71-50	01075660
71-50	338050
71-50	01002940
71-50	158120
71-50	158050
71-50	080980
71-50	068310
71-50	156650
71-51	01075670
71-51	338100
71-51	338200
71-51	338400
71-51	338150
71-51	492200
71-51	197470
71-51	01071400
71-51	338070
71-51	338590
71-52	338470
71-52	522370
71-52	338480
71-52	01080330
71-52	401300
71-52	249350
71-52	270300
71-52	01081350
71-52	308060
71-52	360770
71-53	339180
71-53	090230
71-53	374080
71-53	430750
71-53	244090
71-53	339420
71-53	339640
71-53	432210
71-53	340080
71-53	339280
71-54	339200
71-54	498580
71-54	326360
71-54	244110
71-54	327010
71-54	498700
71-54	416380
71-54	094010
71-54	329200
71-54	341280
71-55	511480
71-55	222620
71-55	520750
71-55	328000
71-55	041740
71-55	416320
71-55	452020
71-55	222630
71-55	090380
71-55	043630
71-56	521070
71-56	339320
71-56	089810
71-56	243840
71-56	490170
71-56	089780
71-56	339050
71-56	249350
71-56	416630
71-56	374820
71-57	339700
71-57	329490
71-57	314560
71-57	499970
71-57	376470
71-57	244480
71-57	500110
71-57	093720
71-57	324620
71-57	373670
71-58	530850
71-58	399270
71-58	503110
71-58	529190
71-58	545630
71-58	340590
71-58	435800
71-58	340530
71-58	381440
71-58	530180
71-59	341190
71-59	339740
71-59	381300
71-59	340400
71-59	431010
71-59	105520
71-59	01082460
71-59	382650
71-59	01052870
71-59	339220
71-60	094090
71-60	341330
71-60	418220
71-60	246130
71-60	339220
71-60	499660
71-60	339740
71-60	340800
71-60	094010
71-60	339190
71-61	340680
71-61	095270
71-61	277790
71-61	381020
71-61	256450
71-61	525730
71-61	428390
71-61	431810
71-61	404510
71-61	463420
71-62	340930
71-62	333190
71-62	095670
71-62	096130
71-62	095140
71-62	382080
71-62	526330
71-62	340400
71-62	162070
71-62	246130
71-63	096230
71-63	503110
71-63	246940
71-63	399270
71-63	105030
71-63	106510
71-63	404510
71-63	502050
71-63	246640
71-63	097290
71-64	340400
71-64	162240
71-64	431010
71-64	434260
71-64	339740
71-64	430800
71-64	246130
71-64	367840
71-64	499660
71-64	340140
71-65	416240
71-65	339700
71-65	096610
71-65	431680
71-65	314890
71-65	096430
71-65	224140
71-65	384600
71-65	337450
71-65	399670
71-66	339220
71-66	339740
71-66	341330
71-66	340190
71-66	053220
71-66	324550
71-66	380940
71-66	376150
71-66	431620
71-66	01024480
71-67	527710
71-67	380340
71-67	377970
71-67	340980
71-67	379170
71-67	383430
71-67	341400
71-67	399230
71-67	530380
71-67	162240
71-68	245110
71-68	258600
71-68	339260
71-68	090140
71-68	244080
71-68	491510
71-68	340050
71-68	243970
71-68	094610
71-68	243870
71-69	477680
71-69	183620
71-69	477720
71-69	01096670
71-69	494390
71-69	477150
71-69	477900
71-69	477250
71-69	183700
71-69	065620
71-70	01085640
71-70	246000
71-70	213890
71-70	247690
71-70	01007830
71-70	531520
71-70	489400
71-70	512590
71-70	047820
71-70	360770
71-71	342040
71-71	151540
71-71	100390
71-71	243240
71-71	039480
71-71	038430
71-71	158990
71-71	338650
71-71	151330
71-71	372310
71-72	01076230
71-72	341990
71-72	01076310
71-72	342100
71-72	342410
71-72	342640
71-72	01076560
71-72	350170
71-72	344450
71-72	068650
71-73	342280
71-73	342940
71-73	344030
71-73	343540
71-73	344090
71-73	345730
71-73	342110
71-73	349250
71-73	347740
71-73	342490
71-74	343210
71-74	342570
71-74	000040
71-74	342310
71-74	01076580
71-74	005550
71-74	098670
71-74	344730
71-74	344720
71-74	343050
71-75	343420
71-75	342810
71-75	108520
71-75	108570
71-75	342760
71-75	080490
71-75	029840
71-75	01006780
71-75	343650
71-75	01077990
71-76	342720
71-76	343160
71-76	036520
71-76	080650
71-76	01077900
71-76	349960
71-76	343950
71-76	01077860
71-76	345890
71-76	150550
71-77	346080
71-77	301800
71-77	349920
71-77	353070
71-77	328210
71-77	528200
71-77	003130
71-77	419330
71-77	01079250
71-77	112180
71-78	343870
71-78	343430
71-78	342820
71-78	343890
71-78	342620
71-78	347590
71-78	344200
71-78	01076220
71-78	080500
71-78	346790
71-79	542260
71-79	343940
71-79	344760
71-79	542250
71-79	344630
71-79	344200
71-79	343400
71-79	342860
71-79	344050
71-79	344680
71-80	344700
71-80	345530
71-80	344110
71-80	344070
71-80	346250
71-80	345190
71-80	347480
71-80	291690
71-80	347120
71-80	290330
71-81	344660
71-81	344030
71-81	342940
71-81	345290
71-81	349250
71-81	289740
71-81	343540
71-81	290240
71-81	351630
71-81	345730
71-82	347210
71-82	344570
71-82	343460
71-82	350030
71-82	346780
71-82	01076550
71-82	353440
71-82	344420
71-82	347430
71-82	348740
71-83	003170
71-83	259340
71-83	344700
71-83	344010
71-83	344630
71-83	349220
71-83	346250
71-83	344070
71-83	038320
71-83	347480
71-84	344150
71-84	359420
71-84	345470
71-84	344870
71-84	01069470
71-84	349990
71-84	343900
71-84	01079310
71-84	344410
71-84	161680
71-85	344200
71-85	033850
71-85	350030
71-85	189580
71-85	345540
71-85	343800
71-85	350290
71-85	348710
71-85	345390
71-85	01077300
71-86	348650
71-86	347490
71-86	344430
71-86	344040
71-86	342770
71-86	342950
71-86	359800
71-86	348710
71-86	01076910
71-86	062880
71-87	350230
71-87	344460
71-87	342260
71-87	344260
71-87	355860
71-87	344290
71-87	347800
71-87	01077350
71-87	344250
71-87	342310
71-88	345010
71-88	344210
71-88	343270
71-88	352520
71-88	344310
71-88	348420
71-88	259780
71-88	347620
71-88	344200
71-88	01076580
71-89	346020
71-89	343370
71-89	347650
71-89	344190
71-89	031590
71-89	344430
71-89	355110
71-89	343110
71-89	081650
71-89	348960
71-90	342830
71-90	342340
71-90	344020
71-90	345940
71-90	348060
71-90	348070
71-90	342770
71-90	342950
71-90	285330
71-90	344440
71-91	349690
71-91	489810
71-91	342980
71-91	351460
71-91	348510
71-91	345690
71-91	01012560
71-91	346170
71-91	344280
71-91	01077890
71-92	259050
71-92	290170
71-92	259340
71-92	343860
71-92	344760
71-92	344630
71-92	336050
71-92	344610
71-92	344160
71-92	344000
71-93	344290
71-93	346570
71-93	066860
71-93	345170
71-93	345060
71-93	343090
71-93	347460
71-93	165490
71-93	01001450
71-93	349150
71-94	290000
71-94	000290
71-94	288040
71-94	154720
71-94	349260
71-94	000300
71-94	087550
71-94	343050
71-94	343210
71-94	348230
72-1	343690
72-1	343090
72-1	346390
72-1	01008110
72-1	360870
72-1	342450
72-1	343120
72-1	351980
72-1	343240
72-1	100380
72-2	360870
72-2	351980
72-2	348350
72-2	343820
72-2	347840
72-2	100380
72-2	344890
72-2	023230
72-2	351390
72-2	421240
72-3	361360
72-3	158010
72-3	344630
72-3	343900
72-3	346120
72-3	351660
72-3	349110
72-3	348080
72-3	351930
72-3	348600
72-4	346580
72-4	345630
72-4	344650
72-4	351760
72-4	068150
72-4	358300
72-4	351660
72-4	342310
72-4	01077990
72-4	067610
72-5	344290
72-5	346570
72-5	345620
72-5	346770
72-5	345060
72-5	345170
72-5	349820
72-5	345410
72-5	349150
72-5	347460
72-6	360310
72-6	349790
72-6	347450
72-6	351480
72-6	350630
72-6	349950
72-6	352050
72-6	353120
72-6	057010
72-6	344440
72-7	344810
72-7	346290
72-7	344260
72-7	355430
72-7	350770
72-7	346680
72-7	345690
72-7	347220
72-7	344410
72-7	345720
72-8	259340
72-8	347960
72-8	345820
72-8	345870
72-8	345780
72-8	349780
72-8	135940
72-8	01076460
72-8	342770
72-8	197230
72-9	348680
72-9	346830
72-9	350150
72-9	315900
72-9	289590
72-9	347730
72-9	348820
72-9	351060
72-9	355040
72-9	345760
72-10	355920
72-10	352770
72-10	345610
72-10	347420
72-10	346530
72-10	350140
72-10	195610
72-10	355890
72-10	358180
72-10	346210
72-11	345580
72-11	346470
72-11	348690
72-11	270740
72-11	01077350
72-11	342260
72-11	342770
72-11	426640
72-11	348080
72-11	003130
72-12	348230
72-12	346130
72-12	345470
72-12	348640
72-12	345460
72-12	347150
72-12	350070
72-12	346560
72-12	112330
72-12	342620
72-13	345490
72-13	346150
72-13	345480
72-13	349570
72-13	061510
72-13	346140
72-13	354080
72-13	352380
72-13	361700
72-13	357010
72-14	346230
72-14	347420
72-14	352190
72-14	342250
72-14	353030
72-14	346210
72-14	349870
72-14	347890
72-14	345790
72-14	01076580
72-15	425900
72-15	344260
72-15	355860
72-15	132910
72-15	346580
72-15	357260
72-15	346590
72-15	358660
72-15	01077350
72-15	01079980
72-16	349760
72-16	344350
72-16	348950
72-16	345270
72-16	345670
72-16	347030
72-16	349590
72-16	346630
72-16	345610
72-16	353140
72-17	112330
72-17	363500
72-17	348820
72-17	342790
72-17	348080
72-17	352180
72-17	356290
72-17	347800
72-17	348750
72-17	346050
72-18	290370
72-18	345150
72-18	353770
72-18	347610
72-18	344840
72-18	352360
72-18	348870
72-18	343090
72-18	345890
72-18	342700
72-19	348700
72-19	347520
72-19	346390
72-19	342740
72-19	347530
72-19	344000
72-19	342260
72-19	345550
72-19	344140
72-19	003130
72-20	344060
72-20	346230
72-20	349570
72-20	351910
72-20	352590
72-20	344040
72-20	346440
72-20	345890
72-20	358020
72-20	01062550
72-21	344410
72-21	342140
72-21	348590
72-21	347470
72-21	108570
72-21	348580
72-21	345720
72-21	350880
72-21	344800
72-21	350490
72-22	348440
72-22	344800
72-22	498700
72-22	345840
72-22	259350
72-22	347440
72-22	344130
72-22	348040
72-22	360360
72-22	347100
72-23	348530
72-23	349460
72-23	098640
72-23	352420
72-23	349180
72-23	324390
72-23	250840
72-23	400100
72-23	108520
72-23	401300
72-24	348260
72-24	349290
72-24	347370
72-24	353200
72-24	352110
72-24	344530
72-24	296170
72-24	285560
72-24	343390
72-24	342790
72-25	350250
72-25	016070
72-25	350290
72-25	015920
72-25	01076830
72-25	350380
72-25	015980
72-25	254070
72-25	01006910
72-25	015990
72-26	348070
72-26	347330
72-26	058120
72-26	346760
72-26	064690
72-26	345940
72-26	345890
72-26	342770
72-26	348050
72-26	347640
72-27	357430
72-27	347340
72-27	348120
72-27	347710
72-27	347800
72-27	118480
72-27	360610
72-27	356290
72-27	293450
72-27	01032880
72-28	161680
72-28	161810
72-28	342320
72-28	348080
72-28	347050
72-28	342630
72-28	352910
72-28	344410
72-28	356530
72-28	347600
72-29	348520
72-29	347450
72-29	351460
72-29	342920
72-29	350890
72-29	352050
72-29	347220
72-29	355070
72-29	351780
72-29	343820
72-30	346180
72-30	347640
72-30	348930
72-30	345890
72-30	345940
72-30	343940
72-30	347620
72-30	342770
72-30	348050
72-30	258950
72-31	373410
72-31	346750
72-31	351550
72-31	347830
72-31	356790
72-31	348110
72-31	349300
72-31	349160
72-31	244570
72-31	347840
72-32	353380
72-32	351750
72-32	000900
72-32	350190
72-32	349890
72-32	350450
72-32	344890
72-32	327160
72-32	292490
72-32	511080
72-33	293470
72-33	345540
72-33	288380
72-33	542240
72-33	349660
72-33	348710
72-33	356290
72-33	200290
72-33	352280
72-33	344140
72-34	292450
72-34	348050
72-34	346180
72-34	294000
72-34	345940
72-34	356290
72-34	348930
72-34	347640
72-34	258950
72-34	355480
72-35	352420
72-35	354400
72-35	349910
72-35	351350
72-35	01076220
72-35	344160
72-35	355320
72-35	349760
72-35	351370
72-35	01080100
72-36	292540
72-36	351470
72-36	357420
72-36	353790
72-36	342600
72-36	346900
72-36	552710
72-36	436860
72-36	348740
72-36	032160
72-37	349580
72-37	360850
72-37	357540
72-37	346630
72-37	348590
72-37	113890
72-37	356710
72-37	01076870
72-37	342310
72-37	349880
72-38	351900
72-38	029930
72-38	432030
72-38	288220
72-38	348710
72-38	157930
72-38	488400
72-38	352160
72-38	290660
72-38	346280
72-39	041850
72-39	098830
72-39	349500
72-39	320540
72-39	243300
72-39	415840
72-39	328040
72-39	243540
72-39	332330
72-39	327110
72-40	018260
72-40	019050
72-40	432620
72-40	084510
72-40	044330
72-40	090430
72-40	479080
72-40	352760
72-40	259090
72-40	155450
72-41	349570
72-41	351520
72-41	542260
72-41	352380
72-41	353340
72-41	349810
72-41	018350
72-41	352760
72-41	353070
72-41	356960
72-42	343870
72-42	350920
72-42	016070
72-42	347610
72-42	347800
72-42	363010
72-42	250470
72-42	349610
72-42	342700
72-42	442990
72-43	350560
72-43	345360
72-43	347940
72-43	353680
72-43	032240
72-43	01076460
72-43	352370
72-43	350310
72-43	01078590
72-43	350880
72-44	345720
72-44	353670
72-44	199080
72-44	362980
72-44	347960
72-44	353460
72-44	343310
72-44	367080
72-44	196370
72-44	363630
72-45	355880
72-45	344290
72-45	352840
72-45	358300
72-45	271010
72-45	347020
72-45	349930
72-45	348680
72-45	355860
72-45	350130
72-46	000870
72-46	023760
72-46	349940
72-46	01078640
72-46	023620
72-46	068050
72-46	344280
72-46	354130
72-46	001020
72-46	353690
72-47	359390
72-47	347280
72-47	349470
72-47	350350
72-47	350310
72-47	346730
72-47	296280
72-47	350930
72-47	103870
72-47	347960
72-48	353490
72-48	346610
72-48	348090
72-48	352300
72-48	342710
72-48	293650
72-48	352020
72-48	349140
72-48	343110
72-48	344670
72-49	241740
72-49	353160
72-49	353050
72-49	364290
72-49	358040
72-49	360130
72-49	345970
72-49	363110
72-49	356740
72-49	358510
72-50	348020
72-50	357320
72-50	352140
72-50	351340
72-50	349740
72-50	343050
72-50	349910
72-50	357530
72-50	293810
72-50	173200
72-51	352580
72-51	359240
72-51	359260
72-51	347500
72-51	354380
72-51	312200
72-51	357930
72-51	352590
72-51	345350
72-51	01079980
72-52	353290
72-52	347450
72-52	348520
72-52	358820
72-52	357980
72-52	01076460
72-52	293170
72-52	357540
72-52	353140
72-52	354130
72-53	370120
72-53	096120
72-53	158370
72-53	245670
72-53	018350
72-53	369080
72-53	353540
72-53	348080
72-53	395130
72-53	296740
72-54	353050
72-54	084510
72-54	017580
72-54	271540
72-54	083780
72-54	360480
72-54	035160
72-54	259440
72-54	528200
72-54	358510
72-55	01077400
72-55	346210
72-55	344110
72-55	357960
72-55	352750
72-55	512540
72-55	350380
72-55	347800
72-55	363390
72-55	356710
72-56	415840
72-56	370120
72-56	352960
72-56	288380
72-56	349660
72-56	360720
72-56	352280
72-56	288180
72-56	348080
72-56	352490
72-57	352570
72-57	344260
72-57	342920
72-57	347220
72-57	354320
72-57	293150
72-57	352050
72-57	343820
72-57	345650
72-57	01080400
72-58	355400
72-58	356770
72-58	360950
72-58	352470
72-58	362310
72-58	483090
72-58	347060
72-58	348660
72-58	01013860
72-58	359320
72-59	359860
72-59	347500
72-59	352590
72-59	357830
72-59	358070
72-59	352580
72-59	359260
72-59	359240
72-59	01079980
72-59	354380
72-60	031700
72-60	349230
72-60	347480
72-60	348640
72-60	347840
72-60	343620
72-60	343110
72-60	352020
72-60	350460
72-60	01021980
72-61	351560
72-61	352550
72-61	358410
72-61	007020
72-61	354300
72-61	354960
72-61	344470
72-61	351200
72-61	01080330
72-61	249350
72-62	352340
72-62	355730
72-62	362010
72-62	003810
72-62	349220
72-62	348180
72-62	346300
72-62	345810
72-62	342910
72-62	139710
72-63	353330
72-63	366530
72-63	349430
72-63	243780
72-63	352260
72-63	355970
72-63	361700
72-63	352760
72-63	353070
72-63	082320
72-64	352600
72-64	342940
72-64	293230
72-64	342920
72-64	348220
72-64	01078690
72-64	353840
72-64	360760
72-64	354400
72-64	359390
72-65	019760
72-65	358180
72-65	359620
72-65	357700
72-65	359480
72-65	341730
72-65	354520
72-65	250840
72-65	351400
72-65	357780
72-66	347670
72-66	343870
72-66	352290
72-66	016070
72-66	119720
72-66	348670
72-66	358020
72-66	349430
72-66	350170
72-66	01076830
72-67	354080
72-67	353060
72-67	363330
72-67	357130
72-67	349440
72-67	349570
72-67	351950
72-67	068480
72-67	361500
72-67	365100
72-68	345870
72-68	346940
72-68	347500
72-68	347960
72-68	375570
72-68	349230
72-68	347480
72-68	352640
72-68	350970
72-68	346210
72-69	357000
72-69	353050
72-69	353160
72-69	355450
72-69	354250
72-69	355930
72-69	352530
72-69	356740
72-69	355890
72-69	358510
72-70	415840
72-70	045320
72-70	352280
72-70	017180
72-70	360830
72-70	353760
72-70	366540
72-70	353060
72-70	357930
72-70	087450
72-71	355340
72-71	350520
72-71	348040
72-71	356470
72-71	357370
72-71	348220
72-71	344470
72-71	342940
72-71	343670
72-71	351290
72-72	342980
72-72	347710
72-72	349800
72-72	343900
72-72	357780
72-72	344070
72-72	104420
72-72	358310
72-72	358730
72-72	355700
72-73	349920
72-73	352760
72-73	259440
72-73	353070
72-73	482460
72-73	01079250
72-73	259430
72-73	046590
72-73	488360
72-73	01014960
72-74	110670
72-74	001200
72-74	000620
72-74	360870
72-74	01079870
72-74	352540
72-74	000870
72-74	041460
72-74	01080150
72-74	350160
72-75	01080390
72-75	358630
72-75	355690
72-75	349310
72-75	357780
72-75	345670
72-75	344040
72-75	346230
72-75	350140
72-75	347640
72-76	034110
72-76	132430
72-76	357380
72-76	316900
72-76	132340
72-76	358590
72-76	034320
72-76	034270
72-76	286980
72-76	366560
72-77	347790
72-77	375570
72-77	361840
72-77	355250
72-77	479430
72-77	349990
72-77	347640
72-77	347810
72-77	347540
72-77	061230
72-78	367240
72-78	355560
72-78	348480
72-78	358130
72-78	342980
72-78	346970
72-78	347020
72-78	344280
72-78	362980
72-78	357240
72-79	395600
72-79	017880
72-79	356290
72-79	154360
72-79	416210
72-79	01006820
72-79	353880
72-79	348920
72-79	354160
72-79	293460
72-80	017180
72-80	349630
72-80	099240
72-80	038940
72-80	351050
72-80	352970
72-80	018050
72-80	342290
72-80	233670
72-80	01013860
72-81	359650
72-81	347370
72-81	358190
72-81	173280
72-81	085200
72-81	344530
72-81	344070
72-81	351060
72-81	356290
72-81	003000
72-82	01077400
72-82	357680
72-82	344070
72-82	346910
72-82	345650
72-82	355370
72-82	350140
72-82	351910
72-82	01080380
72-82	01080830
72-83	471650
72-83	432030
72-83	084510
72-83	326800
72-83	316530
72-83	416340
72-83	290660
72-83	432620
72-83	455450
72-83	318000
72-84	344070
72-84	345530
72-84	346250
72-84	347120
72-84	343110
72-84	342710
72-84	358130
72-84	360710
72-84	347480
72-84	01081790
72-85	017580
72-85	156390
72-85	035880
72-85	01077310
72-85	342460
72-85	353070
72-85	295220
72-85	254380
72-85	366720
72-85	352970
72-86	342770
72-86	01077120
72-86	358250
72-86	347500
72-86	356710
72-86	359860
72-86	357760
72-86	342900
72-86	343790
72-86	01079980
72-87	358180
72-87	359620
72-87	359480
72-87	359370
72-87	347240
72-87	01080390
72-87	268890
72-87	345950
72-87	01081980
72-87	01081790
72-88	358530
72-88	156390
72-88	102210
72-88	353050
72-88	352320
72-88	484050
72-88	359360
72-88	358120
72-88	01078230
72-88	018350
72-89	355990
72-89	364420
72-89	349920
72-89	352760
72-89	353070
72-89	366590
72-89	493220
72-89	024560
72-89	01079250
72-89	352380
72-90	236230
72-90	395180
72-90	395130
72-90	395270
72-90	371470
72-90	345460
72-90	395150
72-90	343900
72-90	280460
72-90	458520
72-91	346630
72-91	360430
72-91	352240
72-91	361280
72-91	363090
72-91	344180
72-91	345770
72-91	366490
72-91	342770
72-91	433020
72-92	355250
72-92	362200
72-92	108470
72-92	353030
72-92	338760
72-92	371490
72-92	154610
72-92	367640
72-92	370790
72-92	247450
72-93	351900
72-93	359710
72-93	370320
72-93	350840
72-93	348710
72-93	348080
72-93	01079450
72-93	353420
72-93	353880
72-93	350650
72-94	415840
72-94	370120
72-94	157250
72-94	185400
72-94	159670
72-94	041850
72-94	349660
72-94	150960
72-94	288380
72-94	288180
73-1	355990
73-1	432620
73-1	084510
73-1	064940
73-1	352760
73-1	349920
73-1	004140
73-1	353070
73-1	01079250
73-1	349570
73-2	368330
73-2	355220
73-2	362140
73-2	362140
73-2	363670
73-2	355240
73-2	358220
73-2	097230
73-2	355790
73-2	348630
73-3	360500
73-3	347800
73-3	184630
73-3	344160
73-3	000310
73-3	047700
73-3	035890
73-3	154340
73-3	369540
73-3	01077780
73-4	361350
73-4	348670
73-4	344260
73-4	489810
73-4	01079980
73-4	355860
73-4	361940
73-4	342850
73-4	360570
73-4	201590
73-5	542250
73-5	347520
73-5	347800
73-5	342260
73-5	356290
73-5	01076480
73-5	355870
73-5	348130
73-5	003130
73-5	01079450
73-6	355840
73-6	344610
73-6	344370
73-6	357580
73-6	352410
73-6	361400
73-6	248780
73-6	347800
73-6	358300
73-6	344000
73-7	264500
73-7	363050
73-7	158050
73-7	316920
73-7	353890
73-7	158120
73-7	352970
73-7	004150
73-7	158580
73-7	353530
73-8	355990
73-8	017580
73-8	353070
73-8	349920
73-8	352760
73-8	260230
73-8	348410
73-8	01014980
73-8	352380
73-8	01014960
73-9	352560
73-9	363070
73-9	352050
73-9	451420
73-9	519900
73-9	471690
73-9	259530
73-9	386240
73-9	451500
73-9	260080
73-10	363270
73-10	364470
73-10	365120
73-10	188270
73-10	352320
73-10	273790
73-10	066530
73-10	187420
73-10	360550
73-10	066550
73-11	360000
73-11	348750
73-11	358520
73-11	154820
73-11	347810
73-11	360340
73-11	040550
73-11	347540
73-11	098830
73-11	347640
73-12	120210
73-12	357130
73-12	483090
73-12	344690
73-12	346610
73-12	098320
73-12	233670
73-12	348660
73-12	349570
73-12	346440
73-13	364230
73-13	363190
73-13	364250
73-13	363180
73-13	368910
73-13	401990
73-13	367330
73-13	323830
73-13	400850
73-13	310440
73-14	01082190
73-14	552590
73-14	366580
73-14	369070
73-14	357400
73-14	367280
73-14	369360
73-14	366140
73-14	01080100
73-14	149390
73-15	363040
73-15	361000
73-15	297440
73-15	346210
73-15	353620
73-15	359990
73-15	274220
73-15	477470
73-15	272120
73-15	343670
73-16	01081650
73-16	369250
73-16	363190
73-16	364250
73-16	362670
73-16	361370
73-16	297480
73-16	367330
73-16	310440
73-16	156780
73-17	362950
73-17	367830
73-17	363570
73-17	362250
73-17	363220
73-17	365930
73-17	310360
73-17	486800
73-17	173280
73-17	139720
73-18	352510
73-18	317070
73-18	360560
73-18	358020
73-18	01080860
73-18	245310
73-18	358510
73-18	349570
73-18	352380
73-18	01014960
73-19	353160
73-19	011710
73-19	173430
73-19	365850
73-19	360130
73-19	363110
73-19	01081650
73-19	278490
73-19	351410
73-19	343940
73-20	298230
73-20	365050
73-20	367740
73-20	367910
73-20	360990
73-20	234680
73-20	357410
73-20	116410
73-20	348540
73-20	01002820
73-21	451370
73-21	098830
73-21	375570
73-21	353400
73-21	355250
73-21	360550
73-21	348890
73-21	370120
73-21	361840
73-21	350640
73-22	355640
73-22	334050
73-22	365090
73-22	366070
73-22	01081050
73-22	363470
73-22	359990
73-22	096940
73-22	361050
73-22	01081600
73-23	355710
73-23	084510
73-23	352650
73-23	349920
73-23	352760
73-23	353070
73-23	01062480
73-23	01014960
73-23	01079250
73-23	352380
73-24	370150
73-24	366100
73-24	359180
73-24	365100
73-24	349450
73-24	356280
73-24	324580
73-24	363290
73-24	073640
73-24	358510
73-25	369500
73-25	366490
73-25	370150
73-25	342910
73-25	355110
73-25	238780
73-25	349880
73-25	348710
73-25	362950
73-25	01077300
73-26	220070
73-26	365490
73-26	220130
73-26	360950
73-26	368010
73-26	367740
73-26	357970
73-26	349910
73-26	357980
73-26	351660
73-27	367100
73-27	166550
73-27	180140
73-27	365640
73-27	353050
73-27	367210
73-27	01080860
73-27	495150
73-27	160080
73-27	004290
73-28	358920
73-28	357960
73-28	366220
73-28	366720
73-28	233940
73-28	078930
73-28	234300
73-28	352970
73-28	342770
73-28	01079240
73-29	355120
73-29	368210
73-29	545630
73-29	370320
73-29	367700
73-29	356710
73-29	355110
73-29	01079850
73-29	01082000
73-29	357200
73-30	367990
73-30	357120
73-30	552600
73-30	299090
73-30	362050
73-30	367080
73-30	250650
73-30	360760
73-30	356710
73-30	357900
73-31	367890
73-31	491970
73-31	367880
73-31	281580
73-31	122840
73-31	491000
73-31	01081650
73-31	278740
73-31	283430
73-31	01045390
73-32	367830
73-32	01082140
73-32	362250
73-32	363220
73-32	380760
73-32	365930
73-32	362950
73-32	094290
73-32	364320
73-32	139720
73-33	01082140
73-33	367740
73-33	491370
73-33	366490
73-33	362950
73-33	368720
73-33	158200
73-33	370540
73-33	122770
73-33	368570
73-34	360900
73-34	01080800
73-34	362760
73-34	359060
73-34	367710
73-34	369180
73-34	360540
73-34	368220
73-34	467810
73-34	360870
73-35	367800
73-35	361980
73-35	368470
73-35	354220
73-35	154120
73-35	354610
73-35	343480
73-35	01080860
73-35	350300
73-35	358510
73-36	202480
73-36	322480
73-36	000870
73-36	364370
73-36	01005280
73-36	552350
73-36	01003830
73-36	353670
73-36	546200
73-36	352490
73-37	358490
73-37	360670
73-37	368020
73-37	000800
73-37	451420
73-37	398540
73-37	451540
73-37	451530
73-37	326880
73-37	451670
73-38	369830
73-38	367950
73-38	367910
73-38	360910
73-38	366770
73-38	370660
73-38	353160
73-38	360850
73-38	417410
73-38	317390
73-39	363860
73-39	361560
73-39	370580
73-39	477200
73-39	319330
73-39	370360
73-39	265240
73-39	477470
73-39	366560
73-39	352130
73-40	371560
73-40	031420
73-40	033600
73-40	224280
73-40	243000
73-40	341570
73-40	190160
73-40	246840
73-40	288120
73-40	01001570
73-41	552610
73-41	213080
73-41	100010
73-41	033890
73-41	01026860
73-41	033760
73-41	104960
73-41	087180
73-41	087240
73-41	248150
73-42	01082630
73-42	01082660
73-42	01082640
73-42	01082610
73-42	01082710
73-42	01082620
73-42	371630
73-42	032410
73-42	040000
73-42	01082800
73-43	193070
73-43	110950
73-43	332580
73-43	499260
73-43	529900
73-43	548740
73-43	430840
73-43	01100270
73-43	417060
73-43	341960
73-44	156640
73-44	372790
73-44	113020
73-44	372860
73-44	027510
73-44	372750
73-44	027770
73-44	183900
73-44	552390
73-44	244060
73-45	495460
73-45	020960
73-45	373210
73-45	010620
73-45	021060
73-45	152720
73-45	132680
73-45	132820
73-45	031250
73-45	143810
73-46	373820
73-46	374200
73-46	492000
73-46	384810
73-46	373270
73-46	377930
73-46	376490
73-46	376550
73-46	492470
73-46	373950
73-47	166660
73-47	099680
73-47	133170
73-47	134440
73-47	137000
73-47	163500
73-47	374470
73-47	374080
73-47	136240
73-47	180920
73-48	103850
73-48	080990
73-48	090370
73-48	233920
73-48	373390
73-48	091300
73-48	042380
73-48	000670
73-48	064750
73-48	001170
73-49	376840
73-49	375420
73-49	388020
73-49	242700
73-49	377560
73-49	040100
73-49	304800
73-49	304550
73-49	156120
73-49	457780
73-50	213010
73-50	092510
73-50	116800
73-50	154940
73-50	383850
73-50	379210
73-50	381710
73-50	377240
73-50	376550
73-50	377070
73-51	01074310
73-51	244720
73-51	091690
73-51	436960
73-51	457100
73-51	305200
73-51	308630
73-51	373670
73-51	374420
73-51	01070820
73-52	226400
73-52	456580
73-52	374470
73-52	230170
73-52	452100
73-52	164680
73-52	322810
73-52	222590
73-52	457780
73-52	156120
73-53	456580
73-53	045390
73-53	151840
73-53	01057200
73-53	374470
73-53	230170
73-53	374850
73-53	164160
73-53	039400
73-53	260950
73-54	457040
73-54	275620
73-54	432810
73-54	338220
73-54	374820
73-54	243840
73-54	288030
73-54	090710
73-54	401360
73-54	457210
73-55	226400
73-55	456580
73-55	375420
73-55	374850
73-55	136890
73-55	007280
73-55	374470
73-55	156750
73-55	260950
73-55	156120
73-56	374400
73-56	090590
73-56	375630
73-56	089810
73-56	456100
73-56	455530
73-56	456250
73-56	069410
73-56	100390
73-56	133260
73-57	136200
73-57	314340
73-57	529050
73-57	374910
73-57	389620
73-57	374420
73-57	171330
73-57	268000
73-57	388560
73-57	01026960
73-58	093070
73-58	096370
73-58	093800
73-58	101660
73-58	379210
73-58	088380
73-58	384130
73-58	093200
73-58	379770
73-58	091110
73-59	104680
73-59	104460
73-59	341680
73-59	498990
73-59	383240
73-59	269400
73-59	327950
73-59	416620
73-59	184790
73-59	074390
73-60	375110
73-60	099950
73-60	521910
73-60	376790
73-60	167950
73-60	140750
73-60	031730
73-60	170680
73-60	139010
73-60	376150
73-61	375370
73-61	288030
73-61	432810
73-61	457040
73-61	499660
73-61	458270
73-61	275620
73-61	374820
73-61	435190
73-61	401360
73-62	155610
73-62	374180
73-62	234800
73-62	016120
73-62	216660
73-62	212780
73-62	267030
73-62	257170
73-62	376780
73-62	374730
73-63	344700
73-63	259340
73-63	344610
73-63	344000
73-63	342260
73-63	343110
73-63	200290
73-63	347480
73-63	01012430
73-63	099210
73-64	511750
73-64	375380
73-64	500080
73-64	457880
73-64	328490
73-64	499690
73-64	375180
73-64	269980
73-64	01013350
73-64	466740
73-65	499390
73-65	186630
73-65	383630
73-65	242920
73-65	270330
73-65	502010
73-65	324460
73-65	424200
73-65	424800
73-65	269010
73-66	135920
73-66	136470
73-66	373990
73-66	132860
73-66	056150
73-66	166200
73-66	135180
73-66	134200
73-66	167390
73-66	01043430
73-67	376630
73-67	093370
73-67	092480
73-67	072380
73-67	382200
73-67	01058580
73-67	156870
73-67	382920
73-67	378130
73-67	379660
73-68	376240
73-68	376360
73-68	375110
73-68	458950
73-68	167420
73-68	267920
73-68	395710
73-68	072410
73-68	460760
73-68	306880
73-69	036410
73-69	053900
73-69	067860
73-69	124330
73-69	104900
73-69	270920
73-69	034050
73-69	337400
73-69	381120
73-69	01012830
73-70	376290
73-70	315620
73-70	049350
73-70	001200
73-70	000620
73-70	493940
73-70	373810
73-70	019110
73-70	000870
73-70	027370
73-71	411650
73-71	234290
73-71	395190
73-71	057530
73-71	376620
73-71	296300
73-71	377950
73-71	128550
73-71	514560
73-71	490980
73-72	380650
73-72	324580
73-72	01044400
73-72	072360
73-72	01091810
73-72	192580
73-72	01020320
73-72	467020
73-72	339920
73-72	167690
73-73	122600
73-73	479160
73-73	115300
73-73	123040
73-73	217530
73-73	376620
73-73	309400
73-73	060550
73-73	123850
73-73	336560
73-74	402500
73-74	270340
73-74	400860
73-74	324620
73-74	329490
73-74	132200
73-74	500110
73-74	376470
73-74	01092300
73-74	499970
73-75	462760
73-75	161220
73-75	466710
73-75	181810
73-75	203090
73-75	132200
73-75	452570
73-75	295040
73-75	339770
73-75	01012830
73-76	092510
73-76	214520
73-76	378040
73-76	261090
73-76	377070
73-76	119770
73-76	374200
73-76	136300
73-76	376190
73-76	383390
73-77	376490
73-77	091790
73-77	378010
73-77	378970
73-77	270350
73-77	042550
73-77	379230
73-77	157720
73-77	521710
73-77	157810
73-78	091830
73-78	021060
73-78	101250
73-78	374470
73-78	375890
73-78	329730
73-78	500820
73-78	192530
73-78	235230
73-78	264880
73-79	330480
73-79	101360
73-79	245590
73-79	383240
73-79	426340
73-79	073030
73-79	169210
73-79	383630
73-79	376460
73-79	432330
73-80	01093180
73-80	379510
73-80	137180
73-80	375890
73-80	377480
73-80	01083200
73-80	377570
73-80	118610
73-80	091840
73-80	061880
73-81	482560
73-81	339990
73-81	073690
73-81	074420
73-81	271010
73-81	074350
73-81	417870
73-81	330800
73-81	404510
73-81	308730
73-82	377150
73-82	198860
73-82	377890
73-82	186800
73-82	261660
73-82	152390
73-82	301530
73-82	197160
73-82	157050
73-82	376150
73-83	091260
73-83	099590
73-83	093490
73-83	099950
73-83	100430
73-83	374630
73-83	378240
73-83	101610
73-83	089990
73-83	375050
73-84	482890
73-84	352510
73-84	482840
73-84	379070
73-84	016120
73-84	016290
73-84	449750
73-84	100490
73-84	366560
73-84	01001810
73-85	091840
73-85	136030
73-85	100530
73-85	010150
73-85	101820
73-85	378680
73-85	170620
73-85	331530
73-85	007590
73-85	01045250
73-86	074420
73-86	216340
73-86	467100
73-86	378670
73-86	408970
73-86	405760
73-86	129570
73-86	490540
73-86	331310
73-86	523860
73-87	379150
73-87	179460
73-87	379740
73-87	309450
73-87	331050
73-87	375050
73-87	377080
73-87	118740
73-87	074430
73-87	092450
73-88	378280
73-88	376490
73-88	091790
73-88	042550
73-88	378970
73-88	270350
73-88	379230
73-88	375300
73-88	026080
73-88	106450
73-89	390940
73-89	378870
73-89	271650
73-89	192530
73-89	512370
73-89	067860
73-89	015530
73-89	01082610
73-89	192580
73-89	01012830
73-90	074550
73-90	090720
73-90	391420
73-90	171020
73-90	383240
73-90	376670
73-90	501310
73-90	379120
73-90	379050
73-90	376610
73-91	340140
73-91	324940
73-91	271870
73-91	329550
73-91	340130
73-91	378450
73-91	041830
73-91	185390
73-91	071500
73-91	049810
73-92	379940
73-92	378830
73-92	276570
73-92	383540
73-92	138160
73-92	380830
73-92	382810
73-92	383800
73-92	381150
73-92	380230
73-93	330840
73-93	434860
73-93	460930
73-93	379390
73-93	106420
73-93	461700
73-93	288700
73-93	391600
73-93	082890
73-93	185380
73-94	034010
73-94	175600
73-94	467330
73-94	379380
73-94	375420
73-94	374470
73-94	271650
73-94	378680
73-94	379020
73-94	192530
74-1	378410
74-1	383240
74-1	01058620
74-1	383850
74-1	385230
74-1	093470
74-1	249800
74-1	335100
74-1	379430
74-1	379730
74-2	101630
74-2	383030
74-2	379140
74-2	378720
74-2	023760
74-2	378260
74-2	339250
74-2	379430
74-2	096390
74-2	01075970
74-3	376180
74-3	378870
74-3	375440
74-3	072330
74-3	153680
74-3	088130
74-3	270920
74-3	375890
74-3	501400
74-3	01012830
74-4	093000
74-4	070610
74-4	383240
74-4	383670
74-4	383630
74-4	383850
74-4	383360
74-4	385610
74-4	378330
74-4	379490
74-5	381160
74-5	374170
74-5	035660
74-5	363500
74-5	100750
74-5	380270
74-5	455700
74-5	374700
74-5	382870
74-5	004720
74-6	033790
74-6	034410
74-6	034180
74-6	033610
74-6	034110
74-6	264880
74-6	034200
74-6	033980
74-6	087340
74-6	01012830
74-7	379580
74-7	092480
74-7	093540
74-7	100860
74-7	033360
74-7	033410
74-7	033320
74-7	267690
74-7	091850
74-7	375320
74-8	449730
74-8	293470
74-8	225900
74-8	137450
74-8	180520
74-8	196460
74-8	095180
74-8	514530
74-8	409900
74-8	352380
74-9	086290
74-9	528280
74-9	375300
74-9	146830
74-9	082660
74-9	324510
74-9	288520
74-9	467020
74-9	270330
74-9	235230
74-10	383830
74-10	381280
74-10	384480
74-10	384440
74-10	384430
74-10	384390
74-10	382820
74-10	084050
74-10	262430
74-10	336540
74-11	161630
74-11	102550
74-11	271180
74-11	379400
74-11	120070
74-11	381830
74-11	406800
74-11	103870
74-11	270320
74-11	417700
74-12	128260
74-12	261850
74-12	102740
74-12	102120
74-12	337820
74-12	324650
74-12	075880
74-12	014160
74-12	463230
74-12	01012830
74-13	167900
74-13	031430
74-13	475680
74-13	262170
74-13	267660
74-13	478380
74-13	135120
74-13	477250
74-13	307320
74-13	476780
74-14	380200
74-14	381000
74-14	461880
74-14	336680
74-14	190580
74-14	354160
74-14	381560
74-14	546550
74-14	360160
74-14	381460
74-15	028280
74-15	225900
74-15	102390
74-15	205410
74-15	142270
74-15	381460
74-15	392880
74-15	463310
74-15	076730
74-15	318940
74-16	101820
74-16	381120
74-16	383240
74-16	146830
74-16	379340
74-16	084620
74-16	502560
74-16	087050
74-16	323830
74-16	01060070
74-17	102280
74-17	102450
74-17	355990
74-17	349920
74-17	352760
74-17	353070
74-17	367140
74-17	01079250
74-17	352380
74-17	349570
74-18	332520
74-18	303090
74-18	217740
74-18	381510
74-18	406910
74-18	487060
74-18	380650
74-18	463020
74-18	272830
74-18	274150
74-19	512760
74-19	126660
74-19	513630
74-19	216890
74-19	463360
74-19	381120
74-19	088540
74-19	034110
74-19	272710
74-19	088630
74-20	093490
74-20	376150
74-20	381120
74-20	131970
74-20	131840
74-20	131890
74-20	379020
74-20	094410
74-20	034500
74-20	412000
74-21	245930
74-21	170510
74-21	383870
74-21	212280
74-21	380830
74-21	176880
74-21	379940
74-21	065880
74-21	026630
74-21	380230
74-22	328700
74-22	177090
74-22	01045870
74-22	467090
74-22	092920
74-22	088130
74-22	333420
74-22	041590
74-22	014160
74-22	288350
74-23	264340
74-23	092870
74-23	093120
74-23	092510
74-23	374200
74-23	379730
74-23	383390
74-23	377260
74-23	379420
74-23	157810
74-24	383400
74-24	379730
74-24	217550
74-24	383740
74-24	221430
74-24	379420
74-24	376310
74-24	385110
74-24	384370
74-24	383280
74-25	443040
74-25	095670
74-25	374880
74-25	379810
74-25	379190
74-25	379420
74-25	384190
74-25	120270
74-25	385610
74-25	375320
74-26	374330
74-26	378470
74-26	102960
74-26	376880
74-26	379280
74-26	379080
74-26	373670
74-26	379510
74-26	375260
74-26	379660
74-27	381120
74-27	393730
74-27	384460
74-27	142510
74-27	380190
74-27	378460
74-27	379090
74-27	094100
74-27	090450
74-27	377930
74-28	381820
74-28	01083400
74-28	376590
74-28	375150
74-28	034560
74-28	378700
74-28	382920
74-28	376150
74-28	105540
74-28	380000
74-29	265080
74-29	125070
74-29	380670
74-29	381820
74-29	379400
74-29	095260
74-29	381830
74-29	379660
74-29	379000
74-29	380650
74-30	379100
74-30	389470
74-30	167530
74-30	383740
74-30	101210
74-30	121270
74-30	390510
74-30	382750
74-30	215620
74-30	377930
74-31	383610
74-31	102820
74-31	091260
74-31	095140
74-31	382920
74-31	094350
74-31	378990
74-31	095630
74-31	378930
74-31	383370
74-32	379380
74-32	379020
74-32	380190
74-32	077450
74-32	380680
74-32	377930
74-32	380080
74-32	379770
74-32	090450
74-32	380940
74-33	416340
74-33	483010
74-33	019010
74-33	016100
74-33	482450
74-33	01062480
74-33	353070
74-33	017450
74-33	482460
74-33	01014960
74-34	483010
74-34	480310
74-34	355990
74-34	257600
74-34	367140
74-34	352760
74-34	529440
74-34	256840
74-34	01014980
74-34	01014960
74-35	255240
74-35	370520
74-35	385190
74-35	017610
74-35	084510
74-35	451700
74-35	257940
74-35	259440
74-35	155140
74-35	01014980
74-36	090820
74-36	055240
74-36	01001640
74-36	092400
74-36	003930
74-36	003750
74-36	156170
74-36	031420
74-36	000670
74-36	134870
74-37	084580
74-37	355990
74-37	349920
74-37	01079250
74-37	352760
74-37	482450
74-37	353070
74-37	367140
74-37	482460
74-37	01014960
74-38	355990
74-38	053270
74-38	259440
74-38	353070
74-38	367140
74-38	482450
74-38	352760
74-38	482460
74-38	01079250
74-38	01014960
74-39	313890
74-39	259440
74-39	126560
74-39	126190
74-39	128740
74-39	216260
74-39	035900
74-39	01032950
74-39	021390
74-39	322320
74-40	378840
74-40	379420
74-40	377650
74-40	091990
74-40	378080
74-40	090660
74-40	374570
74-40	386250
74-40	244680
74-40	033130
74-41	092630
74-41	094480
74-41	386280
74-41	375070
74-41	374440
74-41	386230
74-41	378080
74-41	386240
74-41	377310
74-41	089540
74-42	387230
74-42	387440
74-42	387200
74-42	387120
74-42	387350
74-42	387330
74-42	387260
74-42	387390
74-42	387450
74-42	387510
74-43	530960
74-43	387540
74-43	387330
74-43	387230
74-43	387450
74-43	387370
74-43	387250
74-43	387060
74-43	398370
74-43	387630
74-44	387670
74-44	493920
74-44	006400
74-44	200430
74-44	387440
74-44	390070
74-44	01003600
74-44	387460
74-44	393330
74-44	387680
74-45	387670
74-45	387630
74-45	387740
74-45	493920
74-45	298950
74-45	387730
74-45	369630
74-45	009020
74-45	347210
74-45	350850
74-46	387940
74-46	387860
74-46	390140
74-46	388560
74-46	275620
74-46	162740
74-46	388260
74-46	387830
74-46	276030
74-46	387850
74-47	389220
74-47	488390
74-47	112650
74-47	123660
74-47	357390
74-47	035710
74-47	064740
74-47	389130
74-47	389100
74-47	356960
74-48	267450
74-48	389690
74-48	071570
74-48	390950
74-48	007000
74-48	081430
74-48	070730
74-48	079270
74-48	067570
74-48	451700
74-49	112650
74-49	389220
74-49	389130
74-49	389100
74-49	035710
74-49	351820
74-49	356960
74-49	356180
74-49	389940
74-49	388410
74-50	275040
74-50	275630
74-50	099950
74-50	388120
74-50	133580
74-50	322770
74-50	134310
74-50	389380
74-50	387870
74-50	388690
74-51	162690
74-51	387830
74-51	388590
74-51	01065140
74-51	432160
74-51	387970
74-51	387850
74-51	388550
74-51	387840
74-51	133070
74-52	389300
74-52	389540
74-52	388810
74-52	117110
74-52	198200
74-52	275570
74-52	388270
74-52	388670
74-52	198960
74-52	511180
74-53	275200
74-53	163850
74-53	133690
74-53	388070
74-53	389590
74-53	275120
74-53	389510
74-53	276010
74-53	098840
74-53	279590
74-54	388250
74-54	099860
74-54	275600
74-54	388010
74-54	279380
74-54	388820
74-54	134090
74-54	163420
74-54	389830
74-54	167510
74-55	388730
74-55	393170
74-55	388560
74-55	389620
74-55	305790
74-55	388260
74-55	389970
74-55	392560
74-55	01064490
74-55	01083910
74-56	275410
74-56	388660
74-56	322920
74-56	388880
74-56	388670
74-56	389550
74-56	391370
74-56	388810
74-56	388270
74-56	01083720
74-57	389020
74-57	275500
74-57	275430
74-57	01064600
74-57	389490
74-57	163370
74-57	388910
74-57	01064570
74-57	388030
74-57	388590
74-58	134430
74-58	388750
74-58	164660
74-58	275040
74-58	275620
74-58	387930
74-58	390480
74-58	275020
74-58	391270
74-58	388030
74-59	300570
74-59	275430
74-59	388710
74-59	134230
74-59	275190
74-59	166710
74-59	392670
74-59	279620
74-59	387920
74-59	01064570
74-60	275040
74-60	388740
74-60	275620
74-60	01076140
74-60	164380
74-60	277040
74-60	01065140
74-60	435190
74-60	167330
74-60	134110
74-61	389190
74-61	353750
74-61	352350
74-61	109990
74-61	070320
74-61	040550
74-61	003030
74-61	050800
74-61	001280
74-61	129990
74-62	154600
74-62	038940
74-62	038010
74-62	067570
74-62	040320
74-62	389690
74-62	267450
74-62	390960
74-62	507230
74-62	01013860
74-63	389970
74-63	389460
74-63	01065480
74-63	169450
74-63	300570
74-63	387830
74-63	388590
74-63	388900
74-63	133260
74-63	01065140
74-64	389840
74-64	171400
74-64	394330
74-64	389300
74-64	139040
74-64	201560
74-64	309100
74-64	275570
74-64	388670
74-64	122490
74-65	135360
74-65	389620
74-65	388040
74-65	302680
74-65	388200
74-65	387830
74-65	389970
74-65	391140
74-65	176120
74-65	135940
74-66	213900
74-66	387390
74-66	389630
74-66	166190
74-66	058010
74-66	01064990
74-66	01064700
74-66	390160
74-66	01083560
74-66	115010
74-67	369190
74-67	049380
74-67	003770
74-67	390180
74-67	513270
74-67	068490
74-67	356510
74-67	361830
74-67	287900
74-67	050520
74-68	080940
74-68	213910
74-68	067470
74-68	507230
74-68	237290
74-68	036520
74-68	389210
74-68	214040
74-68	390960
74-68	389890
74-69	277410
74-69	433680
74-69	072600
74-69	276980
74-69	275550
74-69	390040
74-69	113940
74-69	391640
74-69	388260
74-69	01065140
74-70	242830
74-70	343090
74-70	242760
74-70	343560
74-70	343530
74-70	350910
74-70	356960
74-70	342700
74-70	287900
74-70	016070
74-71	432620
74-71	084510
74-71	355990
74-71	121800
74-71	352760
74-71	349920
74-71	353070
74-71	017580
74-71	260340
74-71	01079250
74-72	021380
74-72	390880
74-72	021300
74-72	021520
74-72	243010
74-72	031680
74-72	099470
74-72	499210
74-72	000530
74-72	098010
74-73	276980
74-73	277000
74-73	276920
74-73	388260
74-73	391620
74-73	388670
74-73	389550
74-73	391640
74-73	391340
74-73	391660
74-74	352940
74-74	352380
74-74	344920
74-74	067450
74-74	351520
74-74	347610
74-74	482870
74-74	01013460
74-74	01083950
74-74	073170
74-75	301690
74-75	390380
74-75	169470
74-75	281960
74-75	137100
74-75	114750
74-75	101180
74-75	389620
74-75	389970
74-75	392560
74-76	114410
74-76	390550
74-76	278350
74-76	391150
74-76	394850
74-76	138710
74-76	137730
74-76	060480
74-76	168690
74-76	322480
74-77	390580
74-77	393280
74-77	278200
74-77	125460
74-77	393260
74-77	392540
74-77	390930
74-77	277970
74-77	167710
74-77	394580
74-78	391290
74-78	390890
74-78	172490
74-78	393290
74-78	276950
74-78	389910
74-78	394850
74-78	01065700
74-78	275580
74-78	01083690
74-79	394360
74-79	394890
74-79	392140
74-79	173680
74-79	014490
74-79	390870
74-79	392760
74-79	394930
74-79	217580
74-79	142160
74-80	389300
74-80	391360
74-80	309070
74-80	389260
74-80	389910
74-80	389540
74-80	389840
74-80	275570
74-80	099440
74-80	388670
74-81	393900
74-81	218220
74-81	365020
74-81	392920
74-81	505550
74-81	392430
74-81	392840
74-81	01054990
74-81	01013780
74-81	437460
74-82	276980
74-82	460840
74-82	395860
74-82	277000
74-82	391620
74-82	390720
74-82	391640
74-82	391660
74-82	391830
74-82	392180
74-83	000870
74-83	023760
74-83	390800
74-83	392000
74-83	391410
74-83	222590
74-83	395030
74-83	205660
74-83	242820
74-83	126260
74-84	389910
74-84	392240
74-84	390070
74-84	390860
74-84	391190
74-84	387910
74-84	391650
74-84	391450
74-84	178320
74-84	394450
74-85	391490
74-85	165440
74-85	392640
74-85	392060
74-85	389820
74-85	394230
74-85	389930
74-85	276330
74-85	277440
74-85	01065760
74-86	176690
74-86	392600
74-86	141840
74-86	392540
74-86	312190
74-86	393990
74-86	393280
74-86	393410
74-86	463550
74-86	394480
74-87	349810
74-87	081430
74-87	01083950
74-87	289350
74-87	388410
74-87	361820
74-87	393500
74-87	351520
74-87	285780
74-87	389130
74-88	368950
74-88	367110
74-88	220140
74-88	01001900
74-88	366520
74-88	520050
74-88	367490
74-88	393420
74-88	392890
74-88	218220
74-89	388640
74-89	392440
74-89	173780
74-89	392850
74-89	01011950
74-89	141790
74-89	391850
74-89	391650
74-89	267200
74-89	204640
74-90	394010
74-90	391550
74-90	392490
74-90	393120
74-90	115030
74-90	393230
74-90	141400
74-90	393330
74-90	272710
74-90	217790
74-91	393120
74-91	391290
74-91	174090
74-91	392790
74-91	136650
74-91	173510
74-91	169120
74-91	115730
74-91	115450
74-91	01055710
74-92	391290
74-92	393120
74-92	392790
74-92	115380
74-92	391450
74-92	446710
74-92	276950
74-92	141310
74-92	276640
74-92	01065900
74-93	393730
74-93	392730
74-93	277990
74-93	143700
74-93	392110
74-93	393360
74-93	142510
74-93	393330
74-93	238470
74-93	01065900
74-94	437130
74-94	389890
74-94	077720
74-94	514740
74-94	207760
74-94	392290
74-94	321700
74-94	394410
74-94	393510
74-94	389690
75-1	392060
75-1	394010
75-1	278000
75-1	303120
75-1	393230
75-1	394310
75-1	390890
75-1	312890
75-1	277970
75-1	144440
75-2	197760
75-2	393800
75-2	465390
75-2	394310
75-2	063550
75-2	394770
75-2	393330
75-2	274020
75-2	394000
75-2	134140
75-3	394460
75-3	390430
75-3	391420
75-3	394680
75-3	394290
75-3	390800
75-3	392230
75-3	114870
75-3	394130
75-3	388270
75-4	394240
75-4	394020
75-4	394130
75-4	394380
75-4	391530
75-4	391850
75-4	01068340
75-4	391510
75-4	283990
75-4	01065280
75-5	394510
75-5	179980
75-5	278200
75-5	391290
75-5	210220
75-5	01065700
75-5	396650
75-5	397130
75-5	209240
75-5	01047220
75-6	394360
75-6	393580
75-6	393030
75-6	394890
75-6	392540
75-6	390870
75-6	168670
75-6	276010
75-6	394930
75-6	393560
75-7	301680
75-7	275430
75-7	389640
75-7	390140
75-7	388550
75-7	388030
75-7	01070820
75-7	01065900
75-7	01066190
75-7	01064570
75-8	395010
75-8	360540
75-8	053550
75-8	053840
75-8	021410
75-8	467810
75-8	326580
75-8	043690
75-8	017800
75-8	017870
75-9	417410
75-9	327490
75-9	416340
75-9	316530
75-9	395270
75-9	395290
75-9	316120
75-9	425310
75-9	351890
75-9	288290
75-10	01084340
75-10	287000
75-10	395500
75-10	364890
75-10	150100
75-10	150020
75-10	506690
75-10	511670
75-10	01097560
75-10	185360
75-11	410420
75-11	053580
75-11	030460
75-11	152930
75-11	051670
75-11	472610
75-11	244650
75-11	024560
75-11	01011660
75-11	01016110
75-12	415840
75-12	288300
75-12	108870
75-12	395640
75-12	108980
75-12	291450
75-12	395760
75-12	396050
75-12	081860
75-12	098830
75-13	329730
75-13	396000
75-13	395730
75-13	458950
75-13	072410
75-13	306880
75-13	267920
75-13	403430
75-13	395810
75-13	401540
75-14	395710
75-14	235480
75-14	376360
75-14	267920
75-14	235520
75-14	458950
75-14	237070
75-14	167420
75-14	058160
75-14	01031600
75-15	395890
75-15	396310
75-15	397620
75-15	396690
75-15	396720
75-15	396290
75-15	396860
75-15	396160
75-15	490660
75-15	396780
75-16	396410
75-16	044260
75-16	396300
75-16	396580
75-16	396620
75-16	397260
75-16	396920
75-16	119030
75-16	396460
75-16	396070
75-17	060190
75-17	544100
75-17	396570
75-17	396980
75-17	396720
75-17	396850
75-17	395790
75-17	190010
75-17	397170
75-17	396780
75-18	397200
75-18	274400
75-18	386800
75-18	397240
75-18	113310
75-18	397480
75-18	484150
75-18	396710
75-18	396330
75-18	549600
75-19	397140
75-19	396570
75-19	396850
75-19	396150
75-19	477680
75-19	396160
75-19	519710
75-19	396980
75-19	395800
75-19	397260
75-20	397390
75-20	327500
75-20	064810
75-20	157470
75-20	064670
75-20	186920
75-20	017450
75-20	096010
75-20	043170
75-20	01062480
75-21	482460
75-21	417410
75-21	157250
75-21	01039860
75-21	411820
75-21	158070
75-21	337060
75-21	465550
75-21	159460
75-21	320540
75-22	396670
75-22	397470
75-22	396700
75-22	397240
75-22	263450
75-22	449390
75-22	397590
75-22	396330
75-22	396710
75-22	188620
75-23	397240
75-23	396670
75-23	014670
75-23	020490
75-23	396400
75-23	397620
75-23	397350
75-23	397480
75-23	397590
75-23	396330
75-24	239730
75-24	398310
75-24	398500
75-24	160130
75-24	239850
75-24	222630
75-24	323800
75-24	239820
75-24	239660
75-24	275780
75-25	398240
75-25	475830
75-25	476050
75-25	486550
75-25	377900
75-25	351680
75-25	374920
75-25	260020
75-25	514270
75-25	066670
75-26	398250
75-26	398270
75-26	398110
75-26	472860
75-26	132020
75-26	192690
75-26	528670
75-26	398120
75-26	195050
75-26	529930
75-27	398490
75-27	521830
75-27	399210
75-27	398530
75-27	397850
75-27	398360
75-27	528450
75-27	410810
75-27	318350
75-27	01100170
75-28	399200
75-28	399040
75-28	399530
75-28	398790
75-28	399270
75-28	453100
75-28	410770
75-28	034280
75-28	453650
75-28	386670
75-29	512930
75-29	399370
75-29	399420
75-29	399730
75-29	399780
75-29	091070
75-29	399320
75-29	536840
75-29	091410
75-29	399440
75-30	399950
75-30	400850
75-30	400090
75-30	455780
75-30	400020
75-30	400740
75-30	506670
75-30	400860
75-30	402350
75-30	400160
75-31	400600
75-31	423610
75-31	400840
75-31	089490
75-31	402230
75-31	511220
75-31	402500
75-31	326760
75-31	400240
75-31	401630
75-32	400150
75-32	400090
75-32	268530
75-32	400740
75-32	456010
75-32	400830
75-32	400160
75-32	400020
75-32	323830
75-32	400860
75-33	399930
75-33	400630
75-33	400850
75-33	400100
75-33	400740
75-33	400160
75-33	401300
75-33	400020
75-33	400860
75-33	401290
75-34	456470
75-34	400630
75-34	423730
75-34	400430
75-34	520200
75-34	184770
75-34	302640
75-34	328270
75-34	403850
75-34	133560
75-35	401980
75-35	324100
75-35	410940
75-35	400470
75-35	400710
75-35	400950
75-35	406150
75-35	224150
75-35	400480
75-35	401080
75-36	410220
75-36	223350
75-36	409870
75-36	402460
75-36	403560
75-36	402870
75-36	154940
75-36	404380
75-36	403520
75-36	235100
75-37	267690
75-37	402740
75-37	269070
75-37	424380
75-37	401170
75-37	328000
75-37	056970
75-37	305670
75-37	402720
75-37	471830
75-38	223230
75-38	327990
75-38	401350
75-38	457040
75-38	403530
75-38	511610
75-38	338220
75-38	401360
75-38	01098940
75-38	402330
75-39	305680
75-39	269030
75-39	327790
75-39	327890
75-39	401790
75-39	186220
75-39	090530
75-39	300700
75-39	279850
75-39	412740
75-40	327700
75-40	405010
75-40	401650
75-40	402400
75-40	406820
75-40	401430
75-40	402080
75-40	401360
75-40	457030
75-40	416450
75-41	01075670
75-41	400040
75-41	400050
75-41	327550
75-41	401940
75-41	400300
75-41	402960
75-41	401060
75-41	324150
75-41	401450
75-42	157870
75-42	354160
75-42	059470
75-42	499070
75-42	336600
75-42	349660
75-42	352160
75-42	261760
75-42	351900
75-42	064870
75-43	402660
75-43	401900
75-43	402880
75-43	407030
75-43	183820
75-43	405170
75-43	407840
75-43	402470
75-43	182130
75-43	182150
75-44	328750
75-44	402280
75-44	402260
75-44	405470
75-44	403690
75-44	402720
75-44	402470
75-44	407840
75-44	276190
75-44	318190
75-45	404030
75-45	400730
75-45	402270
75-45	401360
75-45	403730
75-45	404440
75-45	407380
75-45	116630
75-45	224280
75-45	01008250
75-46	404870
75-46	409200
75-46	401320
75-46	506880
75-46	023420
75-46	407000
75-46	305880
75-46	260680
75-46	389490
75-46	106450
75-47	401370
75-47	400830
75-47	400850
75-47	404100
75-47	402350
75-47	328920
75-47	402330
75-47	400860
75-47	01085420
75-47	400160
75-48	456990
75-48	223520
75-48	404100
75-48	322800
75-48	402620
75-48	407850
75-48	390590
75-48	402610
75-48	403130
75-48	401340
75-49	402440
75-49	400630
75-49	400850
75-49	400830
75-49	400090
75-49	406800
75-49	402350
75-49	402490
75-49	401370
75-49	01085060
75-50	301330
75-50	405320
75-50	329350
75-50	214570
75-50	425620
75-50	407680
75-50	406600
75-50	408810
75-50	01058080
75-50	389840
75-51	403410
75-51	401900
75-51	402880
75-51	402470
75-51	401520
75-51	405880
75-51	408610
75-51	148060
75-51	407840
75-51	403400
75-52	092520
75-52	403130
75-52	306090
75-52	007950
75-52	546240
75-52	197630
75-52	438520
75-52	114320
75-52	400300
75-52	135630
75-53	276410
75-53	324460
75-53	405700
75-53	403530
75-53	403860
75-53	402330
75-53	400860
75-53	01065140
75-53	400240
75-53	404440
75-54	403550
75-54	290570
75-54	058370
75-54	408300
75-54	403660
75-54	475870
75-54	406710
75-54	136300
75-54	408180
75-54	436810
75-55	403320
75-55	504730
75-55	467100
75-55	339740
75-55	400720
75-55	270300
75-55	338470
75-55	280850
75-55	405760
75-55	404440
75-56	401300
75-56	307360
75-56	323060
75-56	403440
75-56	402910
75-56	400100
75-56	403450
75-56	407670
75-56	400930
75-56	133490
75-57	01085160
75-57	404320
75-57	406800
75-57	080050
75-57	404080
75-57	108620
75-57	532650
75-57	407040
75-57	351820
75-57	105620
75-58	404080
75-58	404540
75-58	408460
75-58	200140
75-58	401310
75-58	447540
75-58	403200
75-58	042910
75-58	408390
75-58	403070
75-59	405010
75-59	402400
75-59	401650
75-59	060640
75-59	457250
75-59	403150
75-59	400240
75-59	408790
75-59	401360
75-59	401040
75-60	403840
75-60	507960
75-60	482650
75-60	004590
75-60	01085310
75-60	401940
75-60	467140
75-60	01071410
75-60	01011790
75-60	080860
75-61	543150
75-61	421670
75-61	421390
75-61	402440
75-61	406560
75-61	400640
75-61	403100
75-61	01085160
75-61	225150
75-61	01071410
75-62	405530
75-62	406090
75-62	408680
75-62	404500
75-62	407980
75-62	426110
75-62	408790
75-62	060250
75-62	01017450
75-62	405320
75-63	408470
75-63	402450
75-63	401900
75-63	407640
75-63	404720
75-63	407600
75-63	410220
75-63	406340
75-63	405960
75-63	216660
75-64	403670
75-64	404190
75-64	410350
75-64	408970
75-64	524200
75-64	409160
75-64	407780
75-64	406110
75-64	407020
75-64	410530
75-65	405710
75-65	406890
75-65	404220
75-65	405500
75-65	406150
75-65	400490
75-65	402610
75-65	405650
75-65	406050
75-65	401540
75-66	01085320
75-66	402880
75-66	404250
75-66	403410
75-66	405990
75-66	410220
75-66	404670
75-66	406750
75-66	493220
75-66	410270
75-67	408680
75-67	405220
75-67	460370
75-67	328700
75-67	01085310
75-67	421390
75-67	214830
75-67	405600
75-67	467100
75-67	467140
75-68	409840
75-68	406560
75-68	407040
75-68	331280
75-68	404100
75-68	408800
75-68	01085160
75-68	178880
75-68	401370
75-68	219590
75-69	403700
75-69	330000
75-69	402710
75-69	408180
75-69	407990
75-69	408840
75-69	406810
75-69	405580
75-69	215990
75-69	409020
75-70	405190
75-70	467330
75-70	461480
75-70	405990
75-70	230700
75-70	427100
75-70	223680
75-70	407300
75-70	302010
75-70	410500
75-71	402110
75-71	409560
75-71	230240
75-71	405060
75-71	379160
75-71	405120
75-71	401410
75-71	402250
75-71	01085140
75-71	229690
75-72	111310
75-72	402740
75-72	405980
75-72	401890
75-72	410350
75-72	231160
75-72	410550
75-72	410520
75-72	402720
75-72	409900
75-73	270950
75-73	316920
75-73	406280
75-73	100290
75-73	352970
75-73	082790
75-73	352380
75-73	082150
75-73	261760
75-73	01014960
75-74	405840
75-74	401770
75-74	403800
75-74	406180
75-74	406810
75-74	214380
75-74	083700
75-74	406340
75-74	089480
75-74	01085130
75-75	01085240
75-75	409580
75-75	01085560
75-75	405240
75-75	263090
75-75	273920
75-75	409220
75-75	110130
75-75	410270
75-75	338590
75-76	406940
75-76	408780
75-76	410190
75-76	407520
75-76	406900
75-76	407960
75-76	230990
75-76	331730
75-76	404120
75-76	407740
75-77	402470
75-77	408200
75-77	408230
75-77	403390
75-77	062790
75-77	406400
75-77	409520
75-77	332190
75-77	405240
75-77	235800
75-78	406520
75-78	406410
75-78	111430
75-78	111210
75-78	407200
75-78	427350
75-78	331930
75-78	407950
75-78	407640
75-78	408380
75-79	403670
75-79	123750
75-79	406810
75-79	408180
75-79	408350
75-79	222790
75-79	402250
75-79	403390
75-79	225550
75-79	079110
75-80	407350
75-80	231570
75-80	407820
75-80	408840
75-80	408240
75-80	250650
75-80	264240
75-80	409440
75-80	474330
75-80	453010
75-81	485950
75-81	487180
75-81	487200
75-81	485390
75-81	484590
75-81	486080
75-81	485580
75-81	485260
75-81	486670
75-81	484330
75-82	324420
75-82	264500
75-82	282560
75-82	337060
75-82	411820
75-82	514050
75-82	261890
75-82	514530
75-82	352970
75-82	262640
75-83	463690
75-83	509630
75-83	282710
75-83	323410
75-83	01093920
75-83	403520
75-83	413630
75-83	410220
75-83	408810
75-83	408110
75-84	407590
75-84	408060
75-84	407500
75-84	407740
75-84	392500
75-84	311520
75-84	060680
75-84	409070
75-84	042580
75-84	01055980
75-85	407340
75-85	407140
75-85	462730
75-85	406140
75-85	406410
75-85	406910
75-85	408650
75-85	541410
75-85	303090
75-85	407200
75-86	407680
75-86	406600
75-86	406860
75-86	404080
75-86	402640
75-86	409430
75-86	406870
75-86	333120
75-86	408350
75-86	333750
75-87	410380
75-87	01085540
75-87	408070
75-87	329730
75-87	408810
75-87	404830
75-87	401880
75-87	403690
75-87	408520
75-87	405380
75-88	410170
75-88	408270
75-88	405880
75-88	401900
75-88	408810
75-88	216660
75-88	409370
75-88	407860
75-88	410220
75-88	408800
75-89	408120
75-89	410300
75-89	406450
75-89	333340
75-89	410230
75-89	407620
75-89	409220
75-89	408040
75-89	126570
75-89	218640
75-90	01085130
75-90	102360
75-90	062660
75-90	428550
75-90	087430
75-90	408230
75-90	482540
75-90	409100
75-90	405220
75-90	244040
75-91	401900
75-91	223810
75-91	407750
75-91	407390
75-91	408470
75-91	332880
75-91	406750
75-91	408270
75-91	407640
75-91	226440
75-92	409540
75-92	408520
75-92	408470
75-92	225900
75-92	408490
75-92	406340
75-92	408810
75-92	407640
75-92	406640
75-92	408270
75-93	408500
75-93	464450
75-93	408330
75-93	222830
75-93	464170
75-93	219140
75-93	177220
75-93	143370
75-93	410330
75-93	326100
75-94	214620
75-94	403110
75-94	409430
75-94	410330
75-94	407640
75-94	407950
75-94	408810
75-94	409460
75-94	408520
75-94	410240
76-1	526880
76-1	409220
76-1	01085300
76-1	513560
76-1	027810
76-1	464670
76-1	184660
76-1	408660
76-1	088580
76-1	103870
76-2	408850
76-2	266030
76-2	156120
76-2	484680
76-2	514530
76-2	076770
76-2	355040
76-2	260230
76-2	380200
76-2	046590
76-3	408890
76-3	408360
76-3	160020
76-3	333490
76-3	406960
76-3	408880
76-3	207340
76-3	408570
76-3	407120
76-3	407520
76-4	407680
76-4	402710
76-4	406600
76-4	222850
76-4	410110
76-4	410330
76-4	410240
76-4	406410
76-4	409900
76-4	01093790
76-5	274030
76-5	154880
76-5	409420
76-5	319320
76-5	337840
76-5	099280
76-5	262480
76-5	337610
76-5	330260
76-5	156160
76-6	410350
76-6	408630
76-6	404030
76-6	410260
76-6	409200
76-6	409320
76-6	100290
76-6	407860
76-6	365850
76-6	301780
76-7	410090
76-7	078250
76-7	408260
76-7	407500
76-7	402470
76-7	403520
76-7	405860
76-7	408810
76-7	334860
76-7	266240
76-8	478370
76-8	478520
76-8	408000
76-8	426650
76-8	489540
76-8	542370
76-8	424660
76-8	004590
76-8	01097870
76-8	303120
76-9	408910
76-9	410420
76-9	407500
76-9	409560
76-9	408060
76-9	410270
76-9	01085130
76-9	406920
76-9	01085160
76-9	409460
76-10	035850
76-10	408910
76-10	004140
76-10	432030
76-10	249980
76-10	409780
76-10	409750
76-10	407860
76-10	100290
76-10	409370
76-11	466090
76-11	180440
76-11	394330
76-11	409910
76-11	313380
76-11	003520
76-11	430090
76-11	310210
76-11	145050
76-11	209690
76-12	408810
76-12	410420
76-12	156680
76-12	407530
76-12	239390
76-12	132530
76-12	409140
76-12	408230
76-12	239420
76-12	482450
76-13	408330
76-13	406940
76-13	408320
76-13	407320
76-13	407640
76-13	410420
76-13	410190
76-13	407860
76-13	407910
76-13	465570
76-14	410940
76-14	410850
76-14	410800
76-14	410870
76-14	410770
76-14	410760
76-14	410810
76-14	022360
76-14	324360
76-14	548380
76-15	411220
76-15	411210
76-15	411170
76-15	037250
76-15	544150
76-15	411190
76-15	411150
76-15	01086280
76-15	01086310
76-15	551520
76-16	01086280
76-16	411150
76-16	411220
76-16	411170
76-16	411210
76-16	411190
76-16	438840
76-16	437820
76-16	01086310
76-16	437900
76-17	058120
76-17	411520
76-17	348070
76-17	455460
76-17	093330
76-17	064690
76-17	346760
76-17	032380
76-17	092160
76-17	092780
76-18	512150
76-18	411750
76-18	503140
76-18	408030
76-18	431730
76-18	509820
76-18	416740
76-18	403130
76-18	426340
76-18	417570
76-19	412050
76-19	411970
76-19	411820
76-19	159460
76-19	370600
76-19	417640
76-19	411640
76-19	356740
76-19	316570
76-19	01008300
76-20	370160
76-20	352280
76-20	150960
76-20	411820
76-20	260020
76-20	352970
76-20	358510
76-20	347030
76-20	01014980
76-20	01014960
76-21	162470
76-21	300960
76-21	164760
76-21	066860
76-21	432560
76-21	412390
76-21	004290
76-21	163890
76-21	198410
76-21	165210
76-22	068220
76-22	202270
76-22	361040
76-22	412860
76-22	224970
76-22	135870
76-22	300930
76-22	317580
76-22	356010
76-22	01007570
76-23	415140
76-23	405010
76-23	413220
76-23	544450
76-23	413190
76-23	414010
76-23	338160
76-23	111210
76-23	060220
76-23	082990
76-24	414080
76-24	210100
76-24	430540
76-24	293640
76-24	161680
76-24	156570
76-24	080720
76-24	031420
76-24	342790
76-24	01068790
76-25	133040
76-25	162850
76-25	412400
76-25	227610
76-25	01086600
76-25	227570
76-25	402610
76-25	236200
76-25	01009400
76-25	108480
76-26	01069000
76-26	223270
76-26	401680
76-26	414410
76-26	490250
76-26	506170
76-26	327700
76-26	110290
76-26	228360
76-26	490280
76-27	415140
76-27	058080
76-27	414380
76-27	402530
76-27	419840
76-27	112620
76-27	294720
76-27	064660
76-27	01032080
76-27	01033310
76-28	307680
76-28	521960
76-28	507220
76-28	414550
76-28	430850
76-28	271020
76-28	227610
76-28	476150
76-28	031290
76-28	328820
76-29	414630
76-29	421070
76-29	001490
76-29	270300
76-29	328700
76-29	086280
76-29	414740
76-29	401680
76-29	458020
76-29	279990
76-30	490170
76-30	414730
76-30	431170
76-30	414160
76-30	447990
76-30	431620
76-30	419800
76-30	400850
76-30	324510
76-30	455490
76-31	414860
76-31	414480
76-31	415180
76-31	414680
76-31	414290
76-31	395730
76-31	098940
76-31	036070
76-31	339920
76-31	401540
76-32	431120
76-32	414680
76-32	513030
76-32	431660
76-32	056440
76-32	414820
76-32	512580
76-32	121860
76-32	295990
76-32	541320
76-33	400040
76-33	268830
76-33	336000
76-33	414340
76-33	400710
76-33	414170
76-33	327220
76-33	031290
76-33	540240
76-33	098020
76-34	407140
76-34	303090
76-34	406910
76-34	487060
76-34	217740
76-34	272830
76-34	174770
76-34	141770
76-34	231440
76-34	332890
76-35	01075190
76-35	416060
76-35	416760
76-35	130320
76-35	416890
76-35	416610
76-35	416380
76-35	323970
76-35	400920
76-35	327120
76-36	087630
76-36	132490
76-36	087590
76-36	416150
76-36	259440
76-36	202480
76-36	059220
76-36	105530
76-36	087420
76-36	249530
76-37	471650
76-37	081860
76-37	415750
76-37	415950
76-37	326550
76-37	416480
76-37	416640
76-37	326780
76-37	416530
76-37	155140
76-38	327700
76-38	418220
76-38	424070
76-38	499080
76-38	416690
76-38	416450
76-38	329810
76-38	329210
76-38	401650
76-38	259800
76-39	416280
76-39	260020
76-39	417410
76-39	356050
76-39	328110
76-39	416530
76-39	416480
76-39	417100
76-39	352280
76-39	351270
76-40	260100
76-40	352380
76-40	031960
76-40	082190
76-40	169880
76-40	192820
76-40	353860
76-40	343670
76-40	416290
76-40	375240
76-41	349330
76-41	451490
76-41	099640
76-41	182880
76-41	479160
76-41	131690
76-41	262470
76-41	416180
76-41	416290
76-41	109430
76-42	416060
76-42	01075190
76-42	326950
76-42	326730
76-42	326860
76-42	326880
76-42	416330
76-42	416450
76-42	416380
76-42	030510
76-43	346970
76-43	292160
76-43	192610
76-43	349660
76-43	292910
76-43	082160
76-43	01019590
76-43	082460
76-43	348710
76-43	353420
76-44	417450
76-44	154360
76-44	417100
76-44	079420
76-44	416930
76-44	417890
76-44	416640
76-44	415980
76-44	415950
76-44	352970
76-45	130730
76-45	417680
76-45	01086960
76-45	416450
76-45	417070
76-45	326860
76-45	377290
76-45	01041970
76-45	326890
76-45	337310
76-46	416430
76-46	417410
76-46	416340
76-46	327490
76-46	040190
76-46	471650
76-46	417400
76-46	482460
76-46	415950
76-46	320540
76-47	352970
76-47	417100
76-47	417410
76-47	155140
76-47	416300
76-47	417450
76-47	417890
76-47	415950
76-47	320580
76-47	416930
76-48	511060
76-48	099320
76-48	156390
76-48	343050
76-48	344960
76-48	471650
76-48	270950
76-48	157460
76-48	323840
76-48	082150
76-49	254830
76-49	512590
76-49	157380
76-49	416820
76-49	326690
76-49	502220
76-49	416520
76-49	383340
76-49	502010
76-49	406560
76-50	417870
76-50	417710
76-50	428070
76-50	161970
76-50	418150
76-50	404510
76-50	355290
76-50	418240
76-50	504040
76-50	418310
76-51	160770
76-51	324420
76-51	417410
76-51	427930
76-51	418810
76-51	411820
76-51	337060
76-51	417890
76-51	525650
76-51	320540
76-52	427930
76-52	418590
76-52	324420
76-52	494340
76-52	418740
76-52	415950
76-52	418810
76-52	337060
76-52	417820
76-52	262640
76-53	417410
76-53	416730
76-53	395270
76-53	417880
76-53	417890
76-53	417820
76-53	377950
76-53	415950
76-53	337060
76-53	416160
76-54	418600
76-54	417620
76-54	262120
76-54	262200
76-54	416030
76-54	294360
76-54	355820
76-54	263370
76-54	356960
76-54	548880
76-55	480310
76-55	004110
76-55	419250
76-55	409220
76-55	349920
76-55	353070
76-55	367140
76-55	361700
76-55	366530
76-55	01079250
76-56	416540
76-56	418390
76-56	254210
76-56	416240
76-56	416270
76-56	327960
76-56	416610
76-56	418100
76-56	418920
76-56	417040
76-57	333400
76-57	334440
76-57	419480
76-57	332860
76-57	092770
76-57	332110
76-57	419110
76-57	364730
76-57	263500
76-57	264740
76-58	361120
76-58	516920
76-58	549060
76-58	292040
76-58	021170
76-58	328210
76-58	087450
76-58	328140
76-58	035160
76-58	316290
76-59	334640
76-59	419170
76-59	225610
76-59	169950
76-59	377030
76-59	126420
76-59	223590
76-59	122430
76-59	123870
76-59	021010
76-60	425060
76-60	161120
76-60	416780
76-60	327220
76-60	415940
76-60	326390
76-60	01074580
76-60	512100
76-60	109830
76-60	327050
76-61	366540
76-61	381070
76-61	366530
76-61	263770
76-61	537920
76-61	354080
76-61	495410
76-61	361700
76-61	367140
76-61	551240
76-62	529150
76-62	513230
76-62	416060
76-62	325980
76-62	418220
76-62	416450
76-62	242960
76-62	01042250
76-62	162120
76-62	404510
76-63	419670
76-63	060180
76-63	201540
76-63	419690
76-63	068410
76-63	061470
76-63	396080
76-63	419660
76-63	419730
76-63	419750
76-64	419840
76-64	460570
76-64	540390
76-64	501810
76-64	523810
76-64	420900
76-64	342470
76-64	287900
76-64	353620
76-64	248510
76-65	016000
76-65	420020
76-65	287900
76-65	003130
76-65	195340
76-65	035860
76-65	001570
76-65	067190
76-65	038420
76-65	055790
76-66	01087400
76-66	121790
76-66	420070
76-66	420500
76-66	258910
76-66	120670
76-66	420230
76-66	420940
76-66	421180
76-66	423980
76-67	420160
76-67	155660
76-67	420540
76-67	432710
76-67	401260
76-67	332940
76-67	420220
76-67	421060
76-67	421080
76-67	260620
76-68	493080
76-68	421090
76-68	422220
76-68	492360
76-68	354040
76-68	491940
76-68	060180
76-68	421430
76-68	491410
76-68	491460
76-69	147410
76-69	148630
76-69	547840
76-69	147880
76-69	516980
76-69	423880
76-69	424030
76-69	088160
76-69	147910
76-69	147430
76-70	423780
76-70	423510
76-70	424280
76-70	424760
76-70	423580
76-70	456470
76-70	423730
76-70	275280
76-70	424100
76-70	426160
76-71	424250
76-71	425580
76-71	425240
76-71	424400
76-71	426320
76-71	424970
76-71	426040
76-71	426220
76-71	425410
76-71	426770
76-72	425770
76-72	423540
76-72	424130
76-72	426470
76-72	423700
76-72	424640
76-72	425750
76-72	426330
76-72	424320
76-72	401580
76-73	427080
76-73	428510
76-73	427370
76-73	426670
76-73	429070
76-73	458640
76-73	426050
76-73	426460
76-73	426620
76-73	425750
76-74	424440
76-74	457320
76-74	429070
76-74	423520
76-74	388890
76-74	328160
76-74	429320
76-74	427000
76-74	426620
76-74	429150
76-75	424760
76-75	425740
76-75	425240
76-75	424820
76-75	430120
76-75	426040
76-75	424970
76-75	425540
76-75	423630
76-75	426770
76-76	424970
76-76	327810
76-76	424530
76-76	149670
76-76	425240
76-76	426530
76-76	416270
76-76	374620
76-76	424370
76-76	425970
76-77	426320
76-77	425860
76-77	424210
76-77	426040
76-77	130460
76-77	426530
76-77	423930
76-77	424220
76-77	425280
76-77	426550
76-78	424950
76-78	424370
76-78	424570
76-78	425180
76-78	429290
76-78	424540
76-78	428970
76-78	402280
76-78	430320
76-78	276190
76-79	064690
76-79	154880
76-79	375660
76-79	016720
76-79	244120
76-79	411480
76-79	490120
76-79	235300
76-79	156010
76-79	156650
76-80	426050
76-80	424700
76-80	424600
76-80	426220
76-80	425690
76-80	424670
76-80	425640
76-80	426670
76-80	429300
76-80	425600
76-81	425090
76-81	424760
76-81	425180
76-81	430120
76-81	425760
76-81	423880
76-81	426310
76-81	425590
76-81	425980
76-81	424720
76-82	424540
76-82	426870
76-82	424290
76-82	425340
76-82	424630
76-82	01087780
76-82	425780
76-82	424370
76-82	426600
76-82	426910
76-83	423580
76-83	427510
76-83	427350
76-83	429100
76-83	425600
76-83	428250
76-83	426510
76-83	427980
76-83	424760
76-83	425950
76-84	426220
76-84	426570
76-84	425690
76-84	427330
76-84	426040
76-84	428270
76-84	425240
76-84	424960
76-84	426530
76-84	424740
76-85	423780
76-85	423510
76-85	424960
76-85	424760
76-85	423730
76-85	427330
76-85	423630
76-85	424100
76-85	426160
76-85	425390
76-86	426050
76-86	424600
76-86	429100
76-86	426070
76-86	425540
76-86	427080
76-86	424760
76-86	426180
76-86	426550
76-86	425950
76-87	425800
76-87	426050
76-87	425860
76-87	427910
76-87	01087710
76-87	423710
76-87	425150
76-87	423700
76-87	427260
76-87	425750
76-88	426320
76-88	425860
76-88	427120
76-88	426710
76-88	425980
76-88	426310
76-88	423880
76-88	426040
76-88	426620
76-88	429070
76-89	426330
76-89	426260
76-89	425770
76-89	426550
76-89	423540
76-89	426120
76-89	423700
76-89	424640
76-89	430090
76-89	425810
76-90	427980
76-90	426320
76-90	429100
76-90	424600
76-90	424850
76-90	425020
76-90	426770
76-90	429150
76-90	427110
76-90	426550
76-91	427050
76-91	426880
76-91	429100
76-91	429150
76-91	424100
76-91	426510
76-91	427980
76-91	423780
76-91	429300
76-91	424760
76-92	01087820
76-92	550040
76-92	425960
76-92	427170
76-92	425500
76-92	426460
76-92	428510
76-92	427260
76-92	428390
76-92	01087800
76-93	426770
76-93	426670
76-93	424280
76-93	426710
76-93	424180
76-93	425250
76-93	425600
76-93	425980
76-93	425860
76-93	427070
76-94	427440
76-94	426920
76-94	426320
76-94	425830
76-94	424220
76-94	426040
76-94	425010
76-94	01087770
76-94	428660
76-94	429070
77-1	157460
77-1	099320
77-1	019010
77-1	270950
77-1	082790
77-1	168440
77-1	427380
77-1	323840
77-1	100290
77-1	01079860
77-2	425430
77-2	428840
77-2	426510
77-2	425010
77-2	424180
77-2	426490
77-2	429300
77-2	429070
77-2	425750
77-2	428610
77-3	531620
77-3	428270
77-3	429100
77-3	429260
77-3	430130
77-3	429980
77-3	427980
77-3	425390
77-3	424760
77-3	429150
77-4	428070
77-4	426040
77-4	425970
77-4	428610
77-4	425140
77-4	425580
77-4	426510
77-4	429070
77-4	424720
77-4	429150
77-5	427410
77-5	425960
77-5	425500
77-5	424420
77-5	01087820
77-5	423520
77-5	426230
77-5	429860
77-5	425150
77-5	426460
77-6	428890
77-6	377300
77-6	368810
77-6	427880
77-6	288380
77-6	428360
77-6	287900
77-6	01017030
77-6	429280
77-6	426640
77-7	477800
77-7	426410
77-7	427030
77-7	425490
77-7	424720
77-7	428620
77-7	428290
77-7	262890
77-7	435380
77-7	429370
77-8	426040
77-8	424940
77-8	427510
77-8	428070
77-8	424510
77-8	426520
77-8	428370
77-8	424090
77-8	427290
77-8	426530
77-9	424960
77-9	427980
77-9	427510
77-9	425690
77-9	426510
77-9	427450
77-9	428370
77-9	430320
77-9	426490
77-9	428610
77-10	427000
77-10	425150
77-10	424960
77-10	427330
77-10	425170
77-10	425010
77-10	428190
77-10	430320
77-10	426210
77-10	426910
77-11	429760
77-11	426290
77-11	425510
77-11	425580
77-11	427980
77-11	425680
77-11	425290
77-11	425430
77-11	427610
77-11	426220
77-12	142350
77-12	319060
77-12	429690
77-12	013230
77-12	099450
77-12	265630
77-12	268540
77-12	030110
77-12	493040
77-12	205970
77-13	428070
77-13	423520
77-13	531620
77-13	428610
77-13	424600
77-13	427370
77-13	427320
77-13	427980
77-13	426620
77-13	429070
77-14	426040
77-14	426320
77-14	424790
77-14	426710
77-14	426670
77-14	427290
77-14	429300
77-14	429070
77-14	425860
77-14	429570
77-15	425710
77-15	425280
77-15	427980
77-15	425040
77-15	428120
77-15	428900
77-15	427110
77-15	428640
77-15	184660
77-15	304160
77-16	429860
77-16	428510
77-16	428070
77-16	426620
77-16	423520
77-16	427640
77-16	428390
77-16	429070
77-16	429320
77-16	428610
77-17	425250
77-17	531620
77-17	425780
77-17	426870
77-17	425980
77-17	427980
77-17	428900
77-17	425280
77-17	426290
77-17	426770
77-18	428820
77-18	368810
77-18	207760
77-18	430140
77-18	427800
77-18	429280
77-18	427930
77-18	429490
77-18	429420
77-18	079790
77-19	427910
77-19	425740
77-19	427510
77-19	424070
77-19	429140
77-19	426620
77-19	428390
77-19	429070
77-19	428260
77-19	429860
77-20	430470
77-20	429330
77-20	425680
77-20	426680
77-20	429460
77-20	425920
77-20	428660
77-20	427260
77-20	429480
77-20	427070
77-21	426740
77-21	423520
77-21	424280
77-21	424600
77-21	426670
77-21	426110
77-21	429070
77-21	425830
77-21	424220
77-21	424910
77-22	328510
77-22	157870
77-22	455510
77-22	499350
77-22	431740
77-22	415840
77-22	437390
77-22	335940
77-22	01011590
77-22	082000
77-23	242990
77-23	430180
77-23	430350
77-23	331020
77-23	424660
77-23	430210
77-23	430330
77-23	429780
77-23	430170
77-23	443670
77-24	429950
77-24	425260
77-24	426400
77-24	427210
77-24	223700
77-24	261130
77-24	430400
77-24	429930
77-24	430110
77-24	264950
77-25	430400
77-25	427210
77-25	425260
77-25	429950
77-25	426400
77-25	223590
77-25	01028280
77-25	429930
77-25	191350
77-25	429670
77-26	424160
77-26	425260
77-26	425930
77-26	426230
77-26	428390
77-26	426310
77-26	424720
77-26	428610
77-26	429150
77-26	01087800
77-27	511230
77-27	023760
77-27	323870
77-27	430550
77-27	338940
77-27	373710
77-27	339030
77-27	036260
77-27	430650
77-27	304560
77-28	324330
77-28	327570
77-28	328340
77-28	259650
77-28	448140
77-28	339480
77-28	161570
77-28	324280
77-28	327380
77-28	323830
77-29	330800
77-29	530980
77-29	262730
77-29	528890
77-29	513030
77-29	431810
77-29	330840
77-29	340680
77-29	328410
77-29	465120
77-30	431620
77-30	430950
77-30	327790
77-30	161360
77-30	431100
77-30	161590
77-30	328810
77-30	340430
77-30	431110
77-30	431680
77-31	105520
77-31	332270
77-31	330800
77-31	431030
77-31	330840
77-31	153690
77-31	339810
77-31	323830
77-31	009820
77-31	036330
77-32	152010
77-32	335120
77-32	431750
77-32	242290
77-32	159930
77-32	159540
77-32	262710
77-32	431870
77-32	328580
77-32	341350
77-33	330250
77-33	431910
77-33	341350
77-33	159540
77-33	335120
77-33	333880
77-33	335020
77-33	325010
77-33	325090
77-33	261510
77-34	002370
77-34	543460
77-34	431970
77-34	184530
77-34	002110
77-34	432390
77-34	132660
77-34	162370
77-34	436830
77-34	432000
77-35	432230
77-35	432910
77-35	433430
77-35	433780
77-35	434960
77-35	434190
77-35	435430
77-35	434590
77-35	433690
77-35	433910
77-36	432620
77-36	084510
77-36	432580
77-36	045320
77-36	084580
77-36	061510
77-36	353070
77-36	044530
77-36	156970
77-36	065450
77-37	433760
77-37	432870
77-37	434570
77-37	433370
77-37	380940
77-37	433710
77-37	433780
77-37	433600
77-37	433020
77-37	377970
77-38	224910
77-38	520750
77-38	374560
77-38	432880
77-38	484640
77-38	433680
77-38	434590
77-38	305670
77-38	435080
77-38	435460
77-39	432710
77-39	432800
77-39	434020
77-39	433640
77-39	432870
77-39	305790
77-39	433600
77-39	321710
77-39	321450
77-39	432670
77-40	432800
77-40	433160
77-40	433190
77-40	432090
77-40	433170
77-40	432320
77-40	432460
77-40	433370
77-40	433680
77-40	433000
77-41	433430
77-41	433760
77-41	432100
77-41	485200
77-41	432380
77-41	433490
77-41	433780
77-41	433680
77-41	435060
77-41	432680
77-42	434180
77-42	435060
77-42	435310
77-42	434830
77-42	434540
77-42	433840
77-42	434430
77-42	433680
77-42	321710
77-42	435180
77-43	433710
77-43	433430
77-43	433560
77-43	432100
77-43	433760
77-43	433780
77-43	434310
77-43	433940
77-43	435080
77-43	434590
77-44	433690
77-44	100810
77-44	207980
77-44	548320
77-44	041740
77-44	268540
77-44	269160
77-44	244100
77-44	265280
77-44	378280
77-45	092500
77-45	235850
77-45	072740
77-45	433910
77-45	043210
77-45	433690
77-45	436280
77-45	545030
77-45	095760
77-45	117290
77-46	432800
77-46	434960
77-46	433170
77-46	433250
77-46	433800
77-46	433860
77-46	433020
77-46	434510
77-46	433960
77-46	381300
77-47	434000
77-47	434180
77-47	433740
77-47	433090
77-47	432810
77-47	434960
77-47	435060
77-47	435430
77-47	433150
77-47	435190
77-48	102140
77-48	091620
77-48	102740
77-48	276700
77-48	072830
77-48	436460
77-48	412000
77-48	094910
77-48	436390
77-48	434060
77-49	138710
77-49	308330
77-49	093770
77-49	374200
77-49	322480
77-49	042420
77-49	060480
77-49	168690
77-49	390550
77-49	116810
77-50	433540
77-50	433790
77-50	432890
77-50	168690
77-50	483140
77-50	032090
77-50	507290
77-50	374200
77-50	436600
77-50	377240
77-51	479160
77-51	379920
77-51	539410
77-51	479110
77-51	479720
77-51	045680
77-51	411780
77-51	258810
77-51	377720
77-51	480420
77-52	435560
77-52	434920
77-52	436290
77-52	432470
77-52	435080
77-52	436200
77-52	435700
77-52	435270
77-52	433020
77-52	436110
77-53	434730
77-53	433430
77-53	432990
77-53	433240
77-53	433030
77-53	434940
77-53	378680
77-53	435120
77-53	489170
77-53	436260
77-54	434860
77-54	433680
77-54	489020
77-54	379390
77-54	524410
77-54	131130
77-54	321710
77-54	433950
77-54	486150
77-54	435560
77-55	436110
77-55	321710
77-55	435290
77-55	436040
77-55	487340
77-55	434600
77-55	435350
77-55	435610
77-55	435200
77-55	435180
77-56	189480
77-56	263450
77-56	308930
77-56	148440
77-56	404120
77-56	190650
77-56	331510
77-56	149160
77-56	461030
77-56	547920
77-57	435230
77-57	433680
77-57	434550
77-57	433130
77-57	436600
77-57	434580
77-57	435030
77-57	276480
77-57	436760
77-57	436700
77-58	434250
77-58	434150
77-58	434540
77-58	434490
77-58	432810
77-58	434960
77-58	436290
77-58	435700
77-58	435920
77-58	435460
77-59	434970
77-59	434810
77-59	434140
77-59	379480
77-59	434430
77-59	435200
77-59	435450
77-59	435630
77-59	436290
77-59	435180
77-60	434620
77-60	381720
77-60	435710
77-60	433950
77-60	102300
77-60	100350
77-60	435400
77-60	436360
77-60	434300
77-60	436600
77-61	434360
77-61	435730
77-61	434150
77-61	434180
77-61	434960
77-61	434490
77-61	435700
77-61	434680
77-61	435930
77-61	432670
77-62	436500
77-62	434100
77-62	548930
77-62	435940
77-62	01033030
77-62	102470
77-62	436400
77-62	01027320
77-62	434600
77-62	350850
77-63	435550
77-63	434370
77-63	435700
77-63	435710
77-63	435730
77-63	380940
77-63	434030
77-63	435920
77-63	436460
77-63	435930
77-64	433760
77-64	487830
77-64	433410
77-64	435470
77-64	01097850
77-64	433820
77-64	436240
77-64	435060
77-64	436660
77-64	486140
77-65	274440
77-65	116890
77-65	465920
77-65	435600
77-65	436460
77-65	179140
77-65	092360
77-65	116370
77-65	383320
77-65	435950
77-66	435970
77-66	401950
77-66	434570
77-66	433820
77-66	436420
77-66	377970
77-66	379170
77-66	380340
77-66	435930
77-66	435190
77-67	003670
77-67	436860
77-67	276810
77-67	367140
77-67	244450
77-67	244310
77-67	244810
77-67	244820
77-67	003860
77-67	355710
77-68	436910
77-68	320670
77-68	452740
77-68	436930
77-68	433760
77-68	512210
77-68	436990
77-68	059610
77-68	414840
77-68	059920
77-69	436970
77-69	524730
77-69	462670
77-69	429100
77-69	390110
77-69	301200
77-69	345030
77-69	389270
77-69	355170
77-69	249350
77-70	437230
77-70	208880
77-70	312840
77-70	174930
77-70	237700
77-70	136030
77-70	437250
77-70	132600
77-70	051050
77-70	066430
77-71	387350
77-71	254610
77-71	250000
77-71	247890
77-71	393620
77-71	152030
77-71	205710
77-71	159820
77-71	387390
77-71	252450
77-72	437630
77-72	437660
77-72	437590
77-72	437570
77-72	438780
77-72	437800
77-72	437820
77-72	437790
77-72	439420
77-72	438090
77-73	438130
77-73	441000
77-73	004990
77-73	197010
77-73	437660
77-73	438150
77-73	229160
77-73	135560
77-73	438680
77-73	440210
77-74	441900
77-74	442460
77-74	441860
77-74	438740
77-74	440070
77-74	439400
77-74	443990
77-74	019430
77-74	439360
77-74	01088990
77-75	438920
77-75	438780
77-75	438710
77-75	134580
77-75	117830
77-75	439450
77-75	442020
77-75	441850
77-75	440120
77-75	437710
77-76	441860
77-76	437780
77-76	440780
77-76	438130
77-76	441000
77-76	440070
77-76	438140
77-76	438730
77-76	440210
77-76	440360
77-77	438520
77-77	234750
77-77	437670
77-77	01042970
77-77	439110
77-77	440970
77-77	01088750
77-77	151050
77-77	438720
77-77	440930
77-78	440070
77-78	441000
77-78	312910
77-78	440780
77-78	144270
77-78	441860
77-78	438140
77-78	441610
77-78	443990
77-78	01089070
77-79	438740
77-79	118910
77-79	196020
77-79	439200
77-79	439290
77-79	440990
77-79	01089070
77-79	165130
77-79	439300
77-79	438370
77-80	01003550
77-80	439450
77-80	438240
77-80	438090
77-80	438740
77-80	440240
77-80	443830
77-80	439820
77-80	439370
77-80	137450
77-81	196000
77-81	137240
77-81	276050
77-81	439640
77-81	275930
77-81	439380
77-81	196560
77-81	235110
77-81	443920
77-81	441570
77-82	439890
77-82	443950
77-82	438700
77-82	440220
77-82	438970
77-82	439390
77-82	439360
77-82	201970
77-82	445910
77-82	01089780
77-83	438770
77-83	439650
77-83	439970
77-83	439160
77-83	437660
77-83	164390
77-83	440210
77-83	440160
77-83	440430
77-83	438680
77-84	114660
77-84	437800
77-84	438200
77-84	441370
77-84	440480
77-84	438840
77-84	440860
77-84	439300
77-84	136210
77-84	01089070
77-85	440180
77-85	136780
77-85	440250
77-85	440320
77-85	440950
77-85	229660
77-85	007990
77-85	441660
77-85	440860
77-85	440400
77-86	111000
77-86	440380
77-86	440350
77-86	121560
77-86	440190
77-86	117830
77-86	437710
77-86	440120
77-86	440600
77-86	01089070
77-87	440940
77-87	440880
77-87	440860
77-87	439300
77-87	439350
77-87	442580
77-87	01089070
77-87	440090
77-87	437830
77-87	437800
77-88	235390
77-88	440510
77-88	01003620
77-88	498760
77-88	498190
77-88	082660
77-88	183230
77-88	339020
77-88	440200
77-88	005300
77-89	440100
77-89	438140
77-89	440240
77-89	441860
77-89	440070
77-89	440210
77-89	441000
77-89	439230
77-89	440570
77-89	442540
77-90	389980
77-90	307190
77-90	438760
77-90	440030
77-90	01008790
77-90	441850
77-90	440120
77-90	166970
77-90	443280
77-90	437800
77-91	440100
77-91	440910
77-91	439480
77-91	441340
77-91	440030
77-91	443300
77-91	442580
77-91	01004590
77-91	441800
77-91	01090600
77-92	01089490
77-92	441730
77-92	438240
77-92	441020
77-92	169660
77-92	441330
77-92	440920
77-92	440240
77-92	439450
77-92	01089320
77-93	120960
77-93	198470
77-93	438240
77-93	442700
77-93	268000
77-93	437820
77-93	439450
77-93	441020
77-93	439960
77-93	441730
77-94	135120
77-94	01042970
77-94	440970
77-94	01088750
77-94	133210
77-94	437770
77-94	438520
77-94	443870
77-94	000510
77-94	437670
78-1	440240
78-1	442310
78-1	443870
78-1	441760
78-1	441010
78-1	440070
78-1	159470
78-1	439060
78-1	441840
78-1	01089070
78-2	198000
78-2	01004900
78-2	009820
78-2	328700
78-2	013050
78-2	126470
78-2	442320
78-2	01005370
78-2	01005300
78-2	324790
78-3	441680
78-3	441000
78-3	442580
78-3	441850
78-3	440940
78-3	443830
78-3	440920
78-3	296050
78-3	440120
78-3	01089070
78-4	01043820
78-4	170230
78-4	439390
78-4	439450
78-4	443180
78-4	440390
78-4	443870
78-4	443190
78-4	01088990
78-4	440000
78-5	167230
78-5	441860
78-5	134890
78-5	439390
78-5	440390
78-5	440990
78-5	440070
78-5	440220
78-5	01088990
78-5	440000
78-6	442200
78-6	442580
78-6	442020
78-6	441000
78-6	441610
78-6	440930
78-6	441420
78-6	443830
78-6	439300
78-6	440120
78-7	010790
78-7	327790
78-7	01090600
78-7	01003070
78-7	122620
78-7	504610
78-7	007050
78-7	441790
78-7	483090
78-7	01005710
78-8	138520
78-8	440240
78-8	020000
78-8	440360
78-8	441000
78-8	441860
78-8	441820
78-8	440080
78-8	440210
78-8	442540
78-9	323370
78-9	140900
78-9	01032950
78-9	173440
78-9	391880
78-9	443200
78-9	01074390
78-9	01074400
78-9	173020
78-9	01074410
78-10	442970
78-10	440050
78-10	203180
78-10	445880
78-10	442680
78-10	419310
78-10	443900
78-10	126300
78-10	120550
78-10	019960
78-11	441530
78-11	117730
78-11	237660
78-11	011900
78-11	441620
78-11	546370
78-11	438670
78-11	352090
78-11	131330
78-11	003350
78-12	343620
78-12	103770
78-12	121290
78-12	443250
78-12	336480
78-12	363620
78-12	492470
78-12	443580
78-12	420130
78-12	037690
78-13	443870
78-13	443820
78-13	175640
78-13	443830
78-13	440920
78-13	440980
78-13	186240
78-13	441660
78-13	440110
78-13	01089320
78-14	509050
78-14	162120
78-14	333800
78-14	364730
78-14	333900
78-14	262070
78-14	333850
78-14	333420
78-14	045200
78-14	157530
78-15	062290
78-15	440110
78-15	438670
78-15	439470
78-15	442730
78-15	438090
78-15	441830
78-15	443900
78-15	440990
78-15	440860
78-16	444590
78-16	127630
78-16	107530
78-16	013810
78-16	252680
78-16	422590
78-16	420700
78-16	035200
78-16	232700
78-16	01006170
78-17	440210
78-17	438770
78-17	440240
78-17	438150
78-17	439090
78-17	440990
78-17	438200
78-17	439080
78-17	443670
78-17	439060
78-18	441630
78-18	442730
78-18	440070
78-18	444530
78-18	439470
78-18	01046490
78-18	444010
78-18	440110
78-18	440860
78-18	013950
78-19	444610
78-19	01009100
78-19	019960
78-19	037130
78-19	171310
78-19	013840
78-19	511670
78-19	546370
78-19	441620
78-19	130690
78-20	443870
78-20	442740
78-20	443920
78-20	01090600
78-20	441010
78-20	441840
78-20	441650
78-20	159470
78-20	445320
78-20	01089070
78-21	443870
78-21	440110
78-21	277970
78-21	439290
78-21	441840
78-21	440810
78-21	445320
78-21	159470
78-21	440230
78-21	01089070
78-22	445880
78-22	180970
78-22	445970
78-22	015190
78-22	068420
78-22	129510
78-22	192490
78-22	045650
78-22	216740
78-22	211670
78-23	446620
78-23	01090660
78-23	448350
78-23	447630
78-23	446190
78-23	446180
78-23	446130
78-23	446120
78-23	446500
78-23	01012500
78-24	447290
78-24	448520
78-24	448250
78-24	446770
78-24	446440
78-24	447090
78-24	133260
78-24	446710
78-24	446200
78-24	447400
78-25	446750
78-25	446470
78-25	446240
78-25	234720
78-25	446110
78-25	117900
78-25	032960
78-25	234440
78-25	447400
78-25	233850
78-26	447620
78-26	450010
78-26	447140
78-26	446720
78-26	447660
78-26	446810
78-26	446800
78-26	451570
78-26	033060
78-26	447020
78-27	447440
78-27	447780
78-27	448410
78-27	447740
78-27	446190
78-27	447060
78-27	447010
78-27	448430
78-27	447170
78-27	01012460
78-28	448890
78-28	033300
78-28	358010
78-28	448520
78-28	447780
78-28	447620
78-28	446750
78-28	446800
78-28	447880
78-28	447020
78-29	057840
78-29	061220
78-29	082890
78-29	248860
78-29	01001810
78-29	087490
78-29	249980
78-29	207770
78-29	316570
78-29	01060070
78-30	343290
78-30	002360
78-30	002320
78-30	447060
78-30	446190
78-30	446130
78-30	446500
78-30	446180
78-30	447650
78-30	446120
78-31	446890
78-31	033340
78-31	446200
78-31	447070
78-31	448580
78-31	448560
78-31	446450
78-31	450410
78-31	451570
78-31	446180
78-32	449070
78-32	447730
78-32	447780
78-32	448280
78-32	446810
78-32	449390
78-32	451570
78-32	446460
78-32	447020
78-32	423460
78-33	449430
78-33	031960
78-33	451160
78-33	449190
78-33	275280
78-33	399950
78-33	450400
78-33	450110
78-33	449030
78-33	449950
78-34	323930
78-34	449920
78-34	450730
78-34	450140
78-34	450920
78-34	449980
78-34	450090
78-34	448950
78-34	450040
78-34	447540
78-35	449390
78-35	386020
78-35	446490
78-35	447700
78-35	448730
78-35	447780
78-35	446720
78-35	450070
78-35	446170
78-35	447020
78-36	451540
78-36	451510
78-36	100350
78-36	451400
78-36	451500
78-36	451670
78-36	451530
78-36	452750
78-36	452090
78-36	452190
78-37	451510
78-37	452600
78-37	452320
78-37	451500
78-37	451810
78-37	452240
78-37	452950
78-37	451480
78-37	451560
78-37	451760
78-38	451580
78-38	451510
78-38	451590
78-38	451500
78-38	452320
78-38	452560
78-38	452240
78-38	451420
78-38	451810
78-38	451950
78-39	500000
78-39	276270
78-39	091640
78-39	451810
78-39	451510
78-39	451570
78-39	451420
78-39	023230
78-39	451590
78-39	452320
78-40	451810
78-40	451510
78-40	100350
78-40	451760
78-40	451900
78-40	452750
78-40	452190
78-40	451540
78-40	451530
78-40	451670
78-41	451590
78-41	451500
78-41	452320
78-41	452240
78-41	451430
78-41	451480
78-41	451760
78-41	451680
78-41	451740
78-41	451560
78-42	452320
78-42	451500
78-42	451570
78-42	451420
78-42	452560
78-42	451430
78-42	451560
78-42	451810
78-42	452030
78-42	451740
78-43	452750
78-43	451500
78-43	451590
78-43	452320
78-43	452560
78-43	451570
78-43	451810
78-43	451420
78-43	451480
78-43	452240
78-44	454470
78-44	451590
78-44	451570
78-44	454530
78-44	452380
78-44	095710
78-44	453130
78-44	452240
78-44	451610
78-44	451760
78-45	452980
78-45	452240
78-45	451480
78-45	451590
78-45	451500
78-45	451540
78-45	451530
78-45	451910
78-45	453150
78-45	452560
78-46	452260
78-46	452110
78-46	451590
78-46	451570
78-46	452100
78-46	452380
78-46	452830
78-46	451620
78-46	451980
78-46	246100
78-47	01091370
78-47	453790
78-47	452380
78-47	454420
78-47	453070
78-47	453530
78-47	453190
78-47	454340
78-47	453770
78-47	451810
78-48	257720
78-48	258100
78-48	257790
78-48	158230
78-48	454990
78-48	01091380
78-48	001030
78-48	049490
78-48	347190
78-48	291610
78-49	453190
78-49	453530
78-49	01091370
78-49	453380
78-49	452800
78-49	451810
78-49	452720
78-49	451760
78-49	454340
78-49	451610
78-50	451810
78-50	451560
78-50	452750
78-50	454530
78-50	01091330
78-50	451480
78-50	451760
78-50	452240
78-50	451610
78-50	454450
78-51	454530
78-51	451800
78-51	452020
78-51	452610
78-51	01091330
78-51	454600
78-51	451720
78-51	454550
78-51	452760
78-51	452600
78-52	453050
78-52	453910
78-52	453980
78-52	454440
78-52	454530
78-52	454560
78-52	454340
78-52	454420
78-52	454540
78-52	451760
78-53	285790
78-53	055850
78-53	098840
78-53	098650
78-53	236600
78-53	236420
78-53	123710
78-53	249980
78-53	184630
78-53	059380
78-54	454530
78-54	453480
78-54	451810
78-54	454600
78-54	452380
78-54	451590
78-54	452830
78-54	451610
78-54	452240
78-54	454820
78-55	157250
78-55	355900
78-55	353420
78-55	082160
78-55	359820
78-55	317140
78-55	347890
78-55	031990
78-55	360550
78-55	155140
78-56	090590
78-56	279400
78-56	089810
78-56	164780
78-56	279680
78-56	275340
78-56	163060
78-56	01066560
78-56	133260
78-56	388750
78-57	455420
78-57	323600
78-57	283120
78-57	283430
78-57	280980
78-57	487020
78-57	01011830
78-57	234050
78-57	279220
78-57	173850
78-58	455650
78-58	062470
78-58	034490
78-58	079860
78-58	259440
78-58	205420
78-58	013450
78-58	013150
78-58	102360
78-58	01090140
78-59	455760
78-59	457540
78-59	457040
78-59	455780
78-59	456260
78-59	455750
78-59	01010000
78-59	458270
78-59	456050
78-59	01091690
78-60	455850
78-60	460460
78-60	456800
78-60	456370
78-60	455790
78-60	459590
78-60	457870
78-60	456190
78-60	457930
78-60	521640
78-61	041440
78-61	055890
78-61	377950
78-61	435440
78-61	098290
78-61	381460
78-61	455880
78-61	056400
78-61	376110
78-61	038140
78-62	457040
78-62	182840
78-62	456570
78-62	455780
78-62	457190
78-62	455810
78-62	01010440
78-62	455750
78-62	224310
78-62	01091690
78-63	457040
78-63	455760
78-63	024670
78-63	024660
78-63	024650
78-63	456260
78-63	455750
78-63	455780
78-63	027990
78-63	457540
78-64	519950
78-64	147920
78-64	036680
78-64	456270
78-64	182840
78-64	455730
78-64	147560
78-64	338960
78-64	456090
78-64	01091660
78-65	456250
78-65	456100
78-65	457260
78-65	01092500
78-65	459640
78-65	457200
78-65	457700
78-65	457220
78-65	01092240
78-65	01092300
78-66	456670
78-66	456230
78-66	456130
78-66	456090
78-66	456080
78-66	457520
78-66	458470
78-66	459620
78-66	182840
78-66	01092300
78-67	457910
78-67	456910
78-67	456330
78-67	520360
78-67	456750
78-67	340030
78-67	152330
78-67	457790
78-67	457600
78-67	01091690
78-68	455830
78-68	455920
78-68	456570
78-68	457040
78-68	456880
78-68	455780
78-68	085550
78-68	520860
78-68	498710
78-68	457010
78-69	457790
78-69	456900
78-69	401090
78-69	456830
78-69	459530
78-69	455980
78-69	458950
78-69	457420
78-69	458150
78-69	457690
78-70	456580
78-70	498610
78-70	484320
78-70	459250
78-70	457400
78-70	456240
78-70	423560
78-70	400710
78-70	458150
78-70	457780
78-71	456540
78-71	01092500
78-71	457200
78-71	456900
78-71	456970
78-71	01092240
78-71	01092000
78-71	455980
78-71	458150
78-71	461070
78-72	456040
78-72	456100
78-72	457060
78-72	375400
78-72	457460
78-72	306490
78-72	456900
78-72	464340
78-72	460040
78-72	389560
78-73	456580
78-73	374470
78-73	457740
78-73	456750
78-73	457400
78-73	460110
78-73	452100
78-73	457230
78-73	459540
78-73	457780
78-74	456330
78-74	457680
78-74	456400
78-74	455940
78-74	457910
78-74	458770
78-74	456910
78-74	456070
78-74	455710
78-74	457400
78-75	01092020
78-75	457230
78-75	457240
78-75	457340
78-75	460550
78-75	459130
78-75	01091920
78-75	456150
78-75	461350
78-75	01092310
78-76	455790
78-76	457760
78-76	458510
78-76	456860
78-76	457740
78-76	456230
78-76	425250
78-76	01091920
78-76	306410
78-76	458000
78-77	388540
78-77	457240
78-77	456080
78-77	424270
78-77	457230
78-77	520810
78-77	432870
78-77	300710
78-77	401630
78-77	01091920
78-78	462330
78-78	01093820
78-78	464620
78-78	456220
78-78	458200
78-78	459430
78-78	462930
78-78	461350
78-78	460810
78-78	01094170
78-79	457720
78-79	457550
78-79	456830
78-79	456250
78-79	456520
78-79	457220
78-79	456950
78-79	01092240
78-79	460040
78-79	455950
78-80	456100
78-80	457260
78-80	456900
78-80	462040
78-80	463110
78-80	01093820
78-80	456320
78-80	462380
78-80	461780
78-80	462160
78-81	457320
78-81	456460
78-81	456350
78-81	457720
78-81	457020
78-81	456050
78-81	456440
78-81	456820
78-81	288150
78-81	456020
78-82	387580
78-82	387540
78-82	458280
78-82	387330
78-82	387500
78-82	387310
78-82	008490
78-82	152410
78-82	152400
78-82	152570
78-83	458210
78-83	457700
78-83	455830
78-83	457100
78-83	424760
78-83	456010
78-83	459490
78-83	424800
78-83	01092310
78-83	01092300
78-84	457490
78-84	457950
78-84	455970
78-84	455830
78-84	458700
78-84	456150
78-84	462760
78-84	456020
78-84	01092300
78-84	01093590
78-85	456100
78-85	458270
78-85	457040
78-85	461120
78-85	499660
78-85	424860
78-85	01092310
78-85	459680
78-85	01093500
78-85	457020
78-86	461000
78-86	522260
78-86	458780
78-86	457430
78-86	523770
78-86	523880
78-86	322930
78-86	01092740
78-86	01072320
78-86	01093530
78-87	456220
78-87	462330
78-87	459430
78-87	459670
78-87	520970
78-87	464340
78-87	457180
78-87	456900
78-87	459030
78-87	01094170
78-88	456220
78-88	459430
78-88	456740
78-88	463430
78-88	456100
78-88	460150
78-88	457400
78-88	463670
78-88	464340
78-88	01093650
78-89	458770
78-89	457680
78-89	455760
78-89	459910
78-89	270300
78-89	433610
78-89	457040
78-89	280850
78-89	288350
78-89	460600
78-90	029840
78-90	463620
78-90	458580
78-90	080490
78-90	457320
78-90	460610
78-90	456580
78-90	459620
78-90	457230
78-90	01093590
78-91	460020
78-91	425930
78-91	456310
78-91	458220
78-91	456990
78-91	458710
78-91	459430
78-91	01092180
78-91	458860
78-91	456940
78-92	459430
78-92	457830
78-92	459530
78-92	456770
78-92	457430
78-92	457910
78-92	465070
78-92	426340
78-92	459740
78-92	458600
78-93	460680
78-93	463680
78-93	404640
78-93	463230
78-93	457340
78-93	458880
78-93	457650
78-93	01092670
78-93	01092310
78-93	01085420
78-94	457370
78-94	459760
78-94	458430
78-94	460700
78-94	460450
78-94	462300
78-94	457090
78-94	276630
78-94	091500
78-94	403760
79-1	456100
79-1	463680
79-1	457720
79-1	456250
79-1	456070
79-1	461120
79-1	457110
79-1	461070
79-1	459630
79-1	461500
79-2	456580
79-2	461700
79-2	460300
79-2	459670
79-2	459690
79-2	466120
79-2	314670
79-2	465070
79-2	01093590
79-2	457780
79-3	460210
79-3	457140
79-3	456690
79-3	463680
79-3	457950
79-3	457660
79-3	456390
79-3	01092670
79-3	459010
79-3	01092310
79-4	460330
79-4	464490
79-4	033900
79-4	462250
79-4	308100
79-4	473100
79-4	465070
79-4	198530
79-4	268050
79-4	034050
79-5	461170
79-5	461910
79-5	460670
79-5	459620
79-5	461250
79-5	457010
79-5	460610
79-5	462490
79-5	465540
79-5	457780
79-6	455790
79-6	456750
79-6	457600
79-6	457930
79-6	456990
79-6	457320
79-6	465070
79-6	456580
79-6	456770
79-6	01091920
79-7	460630
79-7	425660
79-7	465660
79-7	457870
79-7	459590
79-7	455850
79-7	01094310
79-7	466090
79-7	457930
79-7	457940
79-8	459790
79-8	458430
79-8	461040
79-8	459760
79-8	458170
79-8	458010
79-8	457430
79-8	460450
79-8	308940
79-8	457090
79-9	456900
79-9	460240
79-9	463680
79-9	458700
79-9	456950
79-9	461370
79-9	462230
79-9	461350
79-9	463360
79-9	459380
79-10	310860
79-10	309730
79-10	084380
79-10	430460
79-10	023760
79-10	466090
79-10	210280
79-10	463230
79-10	142160
79-10	01094300
79-11	457530
79-11	465770
79-11	461230
79-11	458640
79-11	457120
79-11	459410
79-11	459580
79-11	426460
79-11	464260
79-11	01087800
79-12	460670
79-12	458980
79-12	456580
79-12	457400
79-12	463480
79-12	462220
79-12	460460
79-12	461730
79-12	465540
79-12	01093590
79-13	459640
79-13	457400
79-13	460460
79-13	461020
79-13	457770
79-13	460400
79-13	461840
79-13	463370
79-13	460650
79-13	01093650
79-14	502030
79-14	502250
79-14	460980
79-14	459800
79-14	310400
79-14	524630
79-14	01072630
79-14	01094340
79-14	01093880
79-14	01093590
79-15	459790
79-15	462450
79-15	459760
79-15	463670
79-15	464540
79-15	464090
79-15	458880
79-15	465880
79-15	464250
79-15	465570
79-16	459910
79-16	462040
79-16	456100
79-16	461390
79-16	457770
79-16	461910
79-16	458770
79-16	462810
79-16	461760
79-16	434910
79-17	459380
79-17	01091830
79-17	456100
79-17	462360
79-17	456310
79-17	458150
79-17	461830
79-17	461820
79-17	461710
79-17	01093650
79-18	538910
79-18	349920
79-18	217590
79-18	391030
79-18	250450
79-18	425310
79-18	301800
79-18	353070
79-18	335980
79-18	01014960
79-19	463190
79-19	460470
79-19	459560
79-19	462770
79-19	459760
79-19	461740
79-19	457360
79-19	465300
79-19	457370
79-19	465070
79-20	241540
79-20	241210
79-20	150370
79-20	242000
79-20	391060
79-20	125720
79-20	302240
79-20	061700
79-20	242010
79-20	149730
79-21	463370
79-21	465340
79-21	460370
79-21	456100
79-21	464250
79-21	462380
79-21	462160
79-21	461710
79-21	101400
79-21	464260
79-22	463200
79-22	174040
79-22	499960
79-22	523300
79-22	243500
79-22	062490
79-22	457870
79-22	340100
79-22	079050
79-22	424620
79-23	200740
79-23	462900
79-23	463820
79-23	101250
79-23	199790
79-23	196460
79-23	463640
79-23	01003380
79-23	01051150
79-23	463370
79-24	461250
79-24	463610
79-24	456580
79-24	460130
79-24	463420
79-24	456550
79-24	461260
79-24	461700
79-24	01093590
79-24	465070
79-25	457380
79-25	456130
79-25	464070
79-25	461390
79-25	461900
79-25	456690
79-25	01091830
79-25	461350
79-25	465510
79-25	01093840
79-26	462970
79-26	462160
79-26	456030
79-26	502130
79-26	461710
79-26	525350
79-26	465310
79-26	461820
79-26	463650
79-26	462800
79-27	462370
79-27	463680
79-27	461020
79-27	464540
79-27	461070
79-27	463360
79-27	462810
79-27	01093650
79-27	01092310
79-27	303120
79-28	456130
79-28	461350
79-28	460400
79-28	461160
79-28	457250
79-28	463370
79-28	427070
79-28	461070
79-28	456310
79-28	462160
79-29	464450
79-29	177220
79-29	408500
79-29	464170
79-29	464540
79-29	143370
79-29	142810
79-29	458880
79-29	303230
79-29	01094300
79-30	464150
79-30	408010
79-30	272950
79-30	465090
79-30	126290
79-30	01094470
79-30	463940
79-30	206090
79-30	461620
79-30	393130
79-31	460460
79-31	464270
79-31	463670
79-31	459430
79-31	456860
79-31	458770
79-31	464680
79-31	457910
79-31	465030
79-31	01093650
79-32	456100
79-32	460040
79-32	01093500
79-32	463980
79-32	462370
79-32	463740
79-32	459680
79-32	461500
79-32	01093590
79-32	01092300
79-33	462460
79-33	526590
79-33	463290
79-33	532160
79-33	463910
79-33	463740
79-33	463680
79-33	220460
79-33	01094340
79-33	01093590
79-34	460640
79-34	462460
79-34	458950
79-34	459640
79-34	461700
79-34	532160
79-34	310360
79-34	465960
79-34	463740
79-34	01093590
79-35	464620
79-35	460930
79-35	463080
79-35	463740
79-35	01093590
79-35	464060
79-35	310400
79-35	01093880
79-35	01094820
79-35	01094340
79-36	100290
79-36	390780
79-36	460200
79-36	465390
79-36	099800
79-36	488420
79-36	464780
79-36	465690
79-36	464350
79-36	01094300
79-37	140270
79-37	01051240
79-37	01094310
79-37	460810
79-37	457780
79-37	082890
79-37	01093880
79-37	196850
79-37	460910
79-37	01093590
79-38	464470
79-38	462350
79-38	457340
79-38	462770
79-38	01093500
79-38	463230
79-38	463980
79-38	461350
79-38	462380
79-38	527140
79-39	461080
79-39	463430
79-39	459760
79-39	462300
79-39	463360
79-39	457060
79-39	465070
79-39	462040
79-39	458770
79-39	01094300
79-40	465550
79-40	409400
79-40	314960
79-40	461290
79-40	074080
79-40	093450
79-40	411820
79-40	053270
79-40	185040
79-40	01014960
79-41	463680
79-41	465650
79-41	462110
79-41	463230
79-41	463360
79-41	464780
79-41	01093650
79-41	464540
79-41	277970
79-41	462810
79-42	01094590
79-42	465670
79-42	01093540
79-42	529960
79-42	01094550
79-42	01094620
79-42	324670
79-42	060790
79-42	207090
79-42	01036220
79-43	457430
79-43	465310
79-43	463290
79-43	463740
79-43	465150
79-43	456420
79-43	460250
79-43	459490
79-43	01092310
79-43	01092300
79-44	459760
79-44	464780
79-44	459790
79-44	527710
79-44	463150
79-44	424530
79-44	463230
79-44	465780
79-44	462060
79-44	01094300
79-45	01094610
79-45	01093770
79-45	053520
79-45	461810
79-45	01092060
79-45	464780
79-45	464170
79-45	01094050
79-45	457960
79-45	01093910
79-46	462060
79-46	457340
79-46	459760
79-46	464780
79-46	01094300
79-46	457570
79-46	464540
79-46	01092400
79-46	463150
79-46	527710
79-47	456330
79-47	456070
79-47	456890
79-47	455940
79-47	457910
79-47	457680
79-47	458770
79-47	457400
79-47	456910
79-47	457970
79-48	466000
79-48	530720
79-48	466100
79-48	201470
79-48	457430
79-48	410260
79-48	309450
79-48	524640
79-48	01093920
79-48	01093880
79-49	315060
79-49	457440
79-49	463190
79-49	465210
79-49	462350
79-49	370360
79-49	461070
79-49	461780
79-49	01093590
79-49	465800
79-50	463640
79-50	466090
79-50	458640
79-50	464060
79-50	01092470
79-50	01093880
79-50	270090
79-50	457530
79-50	192890
79-50	269160
79-51	465650
79-51	464170
79-51	061100
79-51	393450
79-51	460160
79-51	465660
79-51	160480
79-51	465570
79-51	274300
79-51	265460
79-52	465570
79-52	464170
79-52	206040
79-52	243500
79-52	197930
79-52	460650
79-52	160480
79-52	465650
79-52	274300
79-52	099450
79-53	293050
79-53	430370
79-53	152030
79-53	463370
79-53	123210
79-53	463990
79-53	464460
79-53	459740
79-53	201030
79-53	465570
79-54	01002160
79-54	117620
79-54	008930
79-54	035810
79-54	016600
79-54	455250
79-54	085750
79-54	103670
79-54	000070
79-54	246810
79-55	162390
79-55	092960
79-55	530440
79-55	01032670
79-55	244110
79-55	116230
79-55	488440
79-55	032240
79-55	373330
79-55	002660
79-56	200290
79-56	484170
79-56	489550
79-56	081810
79-56	521160
79-56	01016950
79-56	058850
79-56	319970
79-56	060330
79-56	257790
79-57	467860
79-57	467880
79-57	468590
79-57	467740
79-57	468280
79-57	367060
79-57	467760
79-57	467830
79-57	467750
79-57	468600
79-58	468590
79-58	467880
79-58	468100
79-58	468280
79-58	467950
79-58	467740
79-58	468370
79-58	468910
79-58	469270
79-58	470640
79-59	467960
79-59	468100
79-59	468590
79-59	468280
79-59	467860
79-59	470540
79-59	468410
79-59	468130
79-59	469130
79-59	468880
79-60	467750
79-60	467860
79-60	468070
79-60	468360
79-60	467830
79-60	468500
79-60	469180
79-60	468280
79-60	468960
79-60	468170
79-61	468590
79-61	468280
79-61	043690
79-61	215180
79-61	468820
79-61	468260
79-61	467850
79-61	468880
79-61	468830
79-61	468600
79-62	468340
79-62	469010
79-62	468910
79-62	469030
79-62	468370
79-62	467880
79-62	469300
79-62	469270
79-62	470640
79-62	470610
79-63	468350
79-63	467860
79-63	468160
79-63	468560
79-63	468880
79-63	468410
79-63	470540
79-63	469130
79-63	468280
79-63	470380
79-64	467880
79-64	360540
79-64	468280
79-64	469390
79-64	470090
79-64	470620
79-64	468960
79-64	468910
79-64	469940
79-64	468830
79-65	468850
79-65	469070
79-65	469010
79-65	469030
79-65	468130
79-65	470620
79-65	469270
79-65	469940
79-65	470610
79-65	470640
79-66	468840
79-66	468540
79-66	468630
79-66	468570
79-66	468970
79-66	468440
79-66	467790
79-66	469900
79-66	468170
79-66	468500
79-67	469490
79-67	469070
79-67	470380
79-67	470620
79-67	468150
79-67	468790
79-67	469910
79-67	469270
79-67	469650
79-67	468410
79-68	022850
79-68	469130
79-68	468330
79-68	246690
79-68	469590
79-68	467810
79-68	468970
79-68	468500
79-68	024560
79-68	468570
79-69	469510
79-69	468150
79-69	367050
79-69	468760
79-69	470280
79-69	469360
79-69	468410
79-69	468940
79-69	469390
79-69	468600
79-70	469900
79-70	324800
79-70	470460
79-70	469940
79-70	470590
79-70	361830
79-70	470810
79-70	470040
79-70	469010
79-70	470100
79-71	468000
79-71	468070
79-71	468500
79-71	470650
79-71	469080
79-71	469770
79-71	468960
79-71	468410
79-71	468280
79-71	469630
79-72	468280
79-72	468150
79-72	469480
79-72	470380
79-72	471090
79-72	470590
79-72	470580
79-72	469770
79-72	470510
79-72	470110
79-73	209020
79-73	209000
79-73	492550
79-73	249800
79-73	251560
79-73	402460
79-73	492470
79-73	491720
79-73	222910
79-73	01009930
79-74	470620
79-74	324800
79-74	469350
79-74	468790
79-74	469910
79-74	469940
79-74	470410
79-74	469040
79-74	043690
79-74	468150
79-75	470590
79-75	324800
79-75	470050
79-75	470700
79-75	470100
79-75	469940
79-75	468800
79-75	470810
79-75	470610
79-75	468310
79-76	471090
79-76	469770
79-76	470620
79-76	470610
79-76	469940
79-76	470040
79-76	468660
79-76	470110
79-76	469300
79-76	469010
79-77	468430
79-77	468820
79-77	468150
79-77	360540
79-77	043690
79-77	470540
79-77	468480
79-77	468410
79-77	469960
79-77	469540
79-78	470050
79-78	471000
79-78	470460
79-78	470700
79-78	470590
79-78	470610
79-78	469960
79-78	469940
79-78	470620
79-78	470110
79-79	324800
79-79	468310
79-79	468100
79-79	469940
79-79	470650
79-79	470590
79-79	468280
79-79	043690
79-79	468150
79-79	470100
79-80	470390
79-80	468630
79-80	468170
79-80	468970
79-80	468440
79-80	470260
79-80	469650
79-80	467980
79-80	468570
79-80	469540
79-81	324800
79-81	361830
79-81	470460
79-81	469940
79-81	470610
79-81	470810
79-81	470590
79-81	469580
79-81	470100
79-81	043690
79-82	470620
79-82	242990
79-82	470610
79-82	468690
79-82	471000
79-82	470590
79-82	469770
79-82	469580
79-82	468940
79-82	470110
79-83	470590
79-83	470620
79-83	469940
79-83	324800
79-83	469900
79-83	468940
79-83	01080800
79-83	361830
79-83	468710
79-83	468280
79-84	326690
79-84	400160
79-84	268530
79-84	416240
79-84	471330
79-84	400150
79-84	410810
79-84	030350
79-84	133070
79-84	400860
79-85	472330
79-85	416140
79-85	330610
79-85	329540
79-85	329460
79-85	471440
79-85	471690
79-85	472610
79-85	473370
79-85	451420
79-86	275310
79-86	326610
79-86	151810
79-86	466780
79-86	400960
79-86	451900
79-86	151780
79-86	326870
79-86	191350
79-86	036700
79-87	400630
79-87	423780
79-87	184770
79-87	323930
79-87	275280
79-87	330020
79-87	416630
79-87	471370
79-87	268760
79-87	401300
79-88	416270
79-88	148890
79-88	424530
79-88	149840
79-88	223280
79-88	110280
79-88	327810
79-88	148060
79-88	149100
79-88	147090
79-89	421070
79-89	395010
79-89	328480
79-89	328700
79-89	416450
79-89	339690
79-89	328160
79-89	404030
79-89	01095650
79-89	472070
79-90	332170
79-90	416750
79-90	395010
79-90	500460
79-90	325510
79-90	345510
79-90	448840
79-90	351980
79-90	472360
79-90	472070
79-91	473200
79-91	042760
79-91	472000
79-91	156640
79-91	491990
79-91	454600
79-91	506890
79-91	453050
79-91	472520
79-91	040140
79-92	500610
79-92	425120
79-92	316230
79-92	472070
79-92	501020
79-92	404260
79-92	259870
79-92	260670
79-92	269760
79-92	01095410
79-93	328720
79-93	181850
79-93	192680
79-93	405120
79-93	416060
79-93	401410
79-93	275670
79-93	471330
79-93	402950
79-93	506160
79-94	425860
79-94	472330
79-94	332860
79-94	425680
79-94	474260
79-94	471750
79-94	472360
79-94	324040
79-94	416320
79-94	147110
80-1	181850
80-1	328720
80-1	192680
80-1	229690
80-1	275670
80-1	405120
80-1	401410
80-1	402950
80-1	506160
80-1	067490
80-2	416230
80-2	471370
80-2	425220
80-2	400090
80-2	400850
80-2	327320
80-2	326640
80-2	416370
80-2	100780
80-2	404080
80-3	262590
80-3	417710
80-3	262070
80-3	223880
80-3	272960
80-3	157530
80-3	157540
80-3	474600
80-3	330800
80-3	01087730
80-4	426790
80-4	331300
80-4	185280
80-4	330610
80-4	330160
80-4	041100
80-4	157210
80-4	156340
80-4	262170
80-4	160460
80-5	072740
80-5	162130
80-5	473350
80-5	043880
80-5	001200
80-5	261130
80-5	418840
80-5	240850
80-5	048360
80-5	472020
80-6	093390
80-6	473510
80-6	378450
80-6	261250
80-6	261930
80-6	260360
80-6	404320
80-6	030580
80-6	330950
80-6	490610
80-7	453100
80-7	030840
80-7	472170
80-7	416750
80-7	395730
80-7	417860
80-7	156100
80-7	256390
80-7	427260
80-7	407860
80-8	473890
80-8	310360
80-8	030840
80-8	333810
80-8	329650
80-8	487350
80-8	094290
80-8	265460
80-8	332060
80-8	261350
80-9	330330
80-9	502060
80-9	402110
80-9	325190
80-9	01072330
80-9	402580
80-9	406300
80-9	328640
80-9	01085140
80-9	519130
80-10	049900
80-10	334160
80-10	426130
80-10	331580
80-10	042460
80-10	01095860
80-10	474880
80-10	417600
80-10	01062960
80-10	01085300
80-11	472470
80-11	278910
80-11	045090
80-11	334120
80-11	419060
80-11	478360
80-11	271750
80-11	327050
80-11	418980
80-11	471690
80-12	473890
80-12	332800
80-12	157540
80-12	331340
80-12	475080
80-12	01028240
80-12	087290
80-12	482510
80-12	222870
80-12	01062970
80-13	358260
80-13	329600
80-13	416740
80-13	418570
80-13	422570
80-13	334250
80-13	331280
80-13	472620
80-13	472170
80-13	359260
80-14	409170
80-14	334520
80-14	325870
80-14	412220
80-14	260260
80-14	331600
80-14	465300
80-14	262850
80-14	262930
80-14	383760
80-15	333080
80-15	041280
80-15	045110
80-15	333780
80-15	335440
80-15	472780
80-15	223410
80-15	472180
80-15	473190
80-15	01063080
80-16	053890
80-16	235040
80-16	163480
80-16	165390
80-16	119250
80-16	162980
80-16	317580
80-16	035700
80-16	099620
80-16	195690
80-17	378220
80-17	300570
80-17	234520
80-17	134960
80-17	413690
80-17	279770
80-17	219590
80-17	433020
80-17	275190
80-17	133840
80-18	475640
80-18	103750
80-18	184650
80-18	103710
80-18	103740
80-18	005430
80-18	247690
80-18	000530
80-18	154400
80-18	01076120
80-19	328890
80-19	330390
80-19	330670
80-19	326940
80-19	330460
80-19	475790
80-19	184590
80-19	158850
80-19	416780
80-19	261740
80-20	476240
80-20	215060
80-20	403920
80-20	030680
80-20	403070
80-20	290710
80-20	106740
80-20	371580
80-20	01080200
80-20	243780
80-21	031530
80-21	475820
80-21	291110
80-21	057910
80-21	234020
80-21	234930
80-21	236200
80-21	035850
80-21	213040
80-21	01058330
80-22	353620
80-22	243050
80-22	350950
80-22	540570
80-22	105890
80-22	243170
80-22	083570
80-22	344000
80-22	067190
80-22	01081680
80-23	393170
80-23	393090
80-23	393140
80-23	278210
80-23	392100
80-23	283110
80-23	275610
80-23	392580
80-23	388590
80-23	388710
80-24	434440
80-24	352520
80-24	289240
80-24	129130
80-24	289930
80-24	113630
80-24	01064490
80-24	290120
80-24	135120
80-24	002190
80-25	477270
80-25	293460
80-25	389110
80-25	368320
80-25	292910
80-25	479850
80-25	476370
80-25	427800
80-25	475740
80-25	401490
80-26	477120
80-26	478360
80-26	478530
80-26	478510
80-26	054930
80-26	476610
80-26	429030
80-26	314720
80-26	477150
80-26	478280
80-27	479110
80-27	389110
80-27	01096930
80-27	284620
80-27	01001810
80-27	01014980
80-27	479720
80-27	01022210
80-27	01014960
80-27	01008300
80-28	039160
80-28	244650
80-28	003770
80-28	353440
80-28	099620
80-28	479080
80-28	003710
80-28	287370
80-28	290070
80-28	354660
80-29	064800
80-29	221050
80-29	547670
80-29	092160
80-29	407920
80-29	083230
80-29	441850
80-29	01068730
80-29	235140
80-29	01039180
80-30	356890
80-30	357950
80-30	168420
80-30	082000
80-30	286860
80-30	059410
80-30	019400
80-30	482030
80-30	136210
80-30	01048800
80-31	159460
80-31	082110
80-31	01084400
80-31	285700
80-31	083210
80-31	01022770
80-31	082670
80-31	01022210
80-31	01008300
80-31	479720
80-32	002910
80-32	318000
80-32	436860
80-32	041030
80-32	01014980
80-32	456680
80-32	479720
80-32	01014960
80-32	01022210
80-32	084510
80-33	428400
80-33	428420
80-33	029990
80-33	313320
80-33	082330
80-33	002140
80-33	237320
80-33	141340
80-33	427800
80-33	058490
80-34	285580
80-34	494090
80-34	482980
80-34	082000
80-34	081750
80-34	287900
80-34	482030
80-34	081400
80-34	482960
80-34	01009010
80-35	173220
80-35	176740
80-35	112440
80-35	366330
80-35	157790
80-35	016810
80-35	507680
80-35	01004530
80-35	507970
80-35	084260
80-36	482450
80-36	233630
80-36	324820
80-36	547670
80-36	416030
80-36	360070
80-36	081260
80-36	478790
80-36	356960
80-36	296710
80-37	257740
80-37	099620
80-37	482450
80-37	286520
80-37	286220
80-37	479080
80-37	478750
80-37	286390
80-37	479720
80-37	01096830
80-38	287370
80-38	455450
80-38	099620
80-38	062160
80-38	482450
80-38	441850
80-38	003830
80-38	083130
80-38	136210
80-38	01001810
80-39	287230
80-39	014580
80-39	287000
80-39	003640
80-39	285920
80-39	287370
80-39	001030
80-39	287640
80-39	299190
80-39	003250
80-40	351820
80-40	463030
80-40	542520
80-40	246520
80-40	532470
80-40	544670
80-40	004120
80-40	105620
80-40	479720
80-40	482450
80-41	320540
80-41	482460
80-41	081360
80-41	353320
80-41	337110
80-41	375240
80-41	01014980
80-41	01014960
80-41	155140
80-41	150960
80-42	455450
80-42	099620
80-42	003880
80-42	547670
80-42	441520
80-42	326160
80-42	082890
80-42	01001810
80-42	445660
80-42	440120
80-43	064870
80-43	532470
80-43	335980
80-43	375240
80-43	254530
80-43	368210
80-43	367700
80-43	482730
80-43	01014980
80-43	479720
80-44	481990
80-44	482080
80-44	382140
80-44	157860
80-44	420580
80-44	221600
80-44	214270
80-44	189550
80-44	01099300
80-44	321640
80-45	235320
80-45	335970
80-45	059340
80-45	226830
80-45	060190
80-45	456680
80-45	356740
80-45	479720
80-45	059380
80-45	01008300
80-46	287450
80-46	128900
80-46	082460
80-46	024560
80-46	064810
80-46	083730
80-46	060300
80-46	363530
80-46	124620
80-46	479720
80-47	481750
80-47	338260
80-47	482220
80-47	140480
80-47	133500
80-47	282970
80-47	122190
80-47	01098970
80-47	422070
80-47	01097560
80-48	01097550
80-48	490170
80-48	482700
80-48	01097530
80-48	01097490
80-48	01058460
80-48	482660
80-48	400830
80-48	511890
80-48	500140
80-49	112160
80-49	156320
80-49	432620
80-49	326800
80-49	157150
80-49	483010
80-49	156970
80-49	096260
80-49	479870
80-49	01014980
80-50	483310
80-50	545720
80-50	452080
80-50	093140
80-50	398260
80-50	096050
80-50	500030
80-50	476610
80-50	522190
80-50	339040
80-51	027750
80-51	483160
80-51	483180
80-51	376190
80-51	099850
80-51	275470
80-51	483320
80-51	276270
80-51	374530
80-51	483430
80-52	257840
80-52	257180
80-52	483920
80-52	538330
80-52	483780
80-52	258110
80-52	509360
80-52	099420
80-52	290640
80-52	029990
80-53	027890
80-53	01010780
80-53	484930
80-53	027730
80-53	01010760
80-53	484160
80-53	484690
80-53	028410
80-53	484760
80-53	432050
80-54	321130
80-54	484150
80-54	027730
80-54	359200
80-54	485000
80-54	241620
80-54	484920
80-54	484190
80-54	432390
80-54	484270
80-55	486630
80-55	024670
80-55	484130
80-55	485430
80-55	484160
80-55	039840
80-55	484920
80-55	486410
80-55	01057710
80-55	432150
80-56	484470
80-56	432350
80-56	484780
80-56	01097680
80-56	053070
80-56	433380
80-56	485880
80-56	484340
80-56	484660
80-56	280850
80-57	484780
80-57	485510
80-57	484860
80-57	486630
80-57	485010
80-57	485170
80-57	485960
80-57	432760
80-57	485380
80-57	433020
80-58	484660
80-58	484320
80-58	432520
80-58	487540
80-58	484590
80-58	433680
80-58	241620
80-58	484530
80-58	484430
80-58	485290
80-59	484780
80-59	327810
80-59	486020
80-59	149160
80-59	149840
80-59	148890
80-59	269440
80-59	149410
80-59	150060
80-59	149520
80-60	488640
80-60	484950
80-60	484780
80-60	484630
80-60	485280
80-60	484380
80-60	540460
80-60	317890
80-60	01097790
80-60	484680
80-61	01097680
80-61	486250
80-61	484470
80-61	432350
80-61	484660
80-61	484130
80-61	484590
80-61	485430
80-61	484340
80-61	521710
80-62	485220
80-62	485150
80-62	485200
80-62	432100
80-62	244480
80-62	485700
80-62	484090
80-62	305860
80-62	243350
80-62	433490
80-63	378590
80-63	297560
80-63	381320
80-63	462340
80-63	434010
80-63	375240
80-63	374180
80-63	485210
80-63	455510
80-63	003130
80-64	484650
80-64	300060
80-64	520030
80-64	310440
80-64	484950
80-64	485310
80-64	485700
80-64	433490
80-64	01097760
80-64	485510
80-65	485900
80-65	484760
80-65	485180
80-65	459680
80-65	434150
80-65	432810
80-65	366370
80-65	484660
80-65	487340
80-65	434430
80-66	484670
80-66	241620
80-66	486630
80-66	484330
80-66	484320
80-66	487540
80-66	484820
80-66	489550
80-66	484150
80-66	131090
80-67	305730
80-67	484590
80-67	434510
80-67	484660
80-67	485390
80-67	485580
80-67	484640
80-67	487930
80-67	487390
80-67	488340
80-68	486190
80-68	487830
80-68	487520
80-68	486170
80-68	434480
80-68	485580
80-68	486730
80-68	487480
80-68	433680
80-68	318710
80-69	486760
80-69	488100
80-69	486640
80-69	484660
80-69	488150
80-69	486650
80-69	435190
80-69	488210
80-69	487860
80-69	488340
80-70	486820
80-70	489340
80-70	489410
80-70	485980
80-70	488100
80-70	486650
80-70	487860
80-70	485790
80-70	312990
80-70	486420
80-71	487710
80-71	487870
80-71	013680
80-71	01064130
80-71	173670
80-71	143300
80-71	312230
80-71	487560
80-71	203770
80-71	204730
80-72	408860
80-72	403670
80-72	389480
80-72	154120
80-72	459730
80-72	405080
80-72	402990
80-72	429250
80-72	094900
80-72	334670
80-73	486730
80-73	487930
80-73	486760
80-73	488150
80-73	487880
80-73	488210
80-73	488340
80-73	484640
80-73	487340
80-73	487030
80-74	098420
80-74	040690
80-74	108820
80-74	415840
80-74	098830
80-74	029930
80-74	488410
80-74	017180
80-74	357870
80-74	003000
80-75	446570
80-75	157860
80-75	288410
80-75	545750
80-75	338450
80-75	122470
80-75	114900
80-75	01098710
80-75	01098580
80-75	01000880
80-76	326670
80-76	064610
80-76	031270
80-76	344640
80-76	032240
80-76	184510
80-76	031310
80-76	349460
80-76	085690
80-76	108520
80-77	548950
80-77	549060
80-77	403580
80-77	035900
80-77	013450
80-77	355420
80-77	121100
80-77	328210
80-77	035160
80-77	352530
80-78	489960
80-78	001030
80-78	489930
80-78	049490
80-78	479720
80-78	489830
80-78	157970
80-78	332540
80-78	489950
80-78	363530
80-79	288380
80-79	288180
80-79	288300
80-79	542240
80-79	542250
80-79	416530
80-79	411640
80-79	098830
80-79	016190
80-79	123430
80-80	01069000
80-80	490250
80-80	490360
80-80	223270
80-80	457250
80-80	327700
80-80	490280
80-80	070210
80-80	305800
80-80	331690
80-81	490150
80-81	130920
80-81	183230
80-81	107060
80-81	183370
80-81	456670
80-81	490190
80-81	01001050
80-81	452050
80-81	498350
80-82	492420
80-82	491110
80-82	492760
80-82	491160
80-82	492010
80-82	491350
80-82	491380
80-82	492190
80-82	491540
80-82	491040
80-83	492050
80-83	218050
80-83	492340
80-83	501860
80-83	491190
80-83	093490
80-83	205450
80-83	076560
80-83	492120
80-83	467340
80-84	259530
80-84	493540
80-84	492490
80-84	492910
80-84	493410
80-84	01029680
80-84	446120
80-84	227740
80-84	01012460
80-84	002710
80-85	492220
80-85	424240
80-85	276540
80-85	425290
80-85	426290
80-85	492490
80-85	427980
80-85	427260
80-85	425630
80-85	01098230
80-86	492420
80-86	492760
80-86	492190
80-86	494820
80-86	492300
80-86	493710
80-86	491350
80-86	491160
80-86	492310
80-86	493050
80-87	491370
80-87	491620
80-87	493940
80-87	492070
80-87	495040
80-87	492870
80-87	492190
80-87	205450
80-87	01098170
80-87	396190
80-88	492320
80-88	491390
80-88	491360
80-88	494310
80-88	493100
80-88	492860
80-88	492000
80-88	492010
80-88	492940
80-88	491160
80-89	492470
80-89	493430
80-89	331120
80-89	492490
80-89	493250
80-89	494980
80-89	263110
80-89	259530
80-89	547820
80-89	01075270
80-90	491850
80-90	491750
80-90	254610
80-90	494570
80-90	491650
80-90	493710
80-90	492940
80-90	492880
80-90	491380
80-90	491080
80-91	022300
80-91	493840
80-91	543500
80-91	331060
80-91	330610
80-91	330100
80-91	01098230
80-91	493430
80-91	447440
80-91	544630
80-92	494140
80-92	276540
80-92	493730
80-92	391450
80-92	495050
80-92	207390
80-92	548310
80-92	495090
80-92	493960
80-92	136240
80-93	495150
80-93	492490
80-93	494770
80-93	493840
80-93	495390
80-93	493670
80-93	552470
80-93	01098230
80-93	475230
80-93	311610
80-94	411780
80-94	411760
80-94	412170
80-94	382710
80-94	411580
80-94	434010
80-94	347030
80-94	150960
80-94	260020
80-94	521510
81-1	495310
81-1	552470
81-1	494470
81-1	494480
81-1	494580
81-1	493780
81-1	494490
81-1	495290
81-1	494200
81-1	328190
81-2	547820
81-2	493270
81-2	495380
81-2	054520
81-2	547180
81-2	494480
81-2	367050
81-2	492470
81-2	492490
81-2	021410
81-3	495390
81-3	210450
81-3	493240
81-3	494960
81-3	145250
81-3	528970
81-3	494480
81-3	495050
81-3	513470
81-3	552470
81-4	246840
81-4	373100
81-4	020700
81-4	020850
81-4	354540
81-4	192890
81-4	135250
81-4	195690
81-4	173610
81-4	061000
81-5	491810
81-5	174070
81-5	390550
81-5	545710
81-5	136330
81-5	050680
81-5	072900
81-5	492280
81-5	039840
81-5	215990
81-6	423400
81-6	549260
81-6	024710
81-6	327570
81-6	328560
81-6	532680
81-6	491650
81-6	496640
81-6	041590
81-6	01000880
81-7	491650
81-7	113090
81-7	532680
81-7	497440
81-7	494820
81-7	496580
81-7	496480
81-7	496510
81-7	496720
81-7	01000880
81-8	240170
81-8	494960
81-8	506130
81-8	497370
81-8	521710
81-8	321620
81-8	401820
81-8	508240
81-8	506790
81-8	310360
81-9	437710
81-9	427750
81-9	425490
81-9	425240
81-9	429920
81-9	424370
81-9	425590
81-9	105650
81-9	429900
81-9	429370
81-10	491350
81-10	431660
81-10	070210
81-10	521910
81-10	525710
81-10	401820
81-10	497130
81-10	492190
81-10	093490
81-10	054800
81-11	498510
81-11	012380
81-11	498800
81-11	498540
81-11	498320
81-11	498600
81-11	479980
81-11	511760
81-11	498520
81-11	499100
81-12	498550
81-12	498630
81-12	500070
81-12	520340
81-12	498980
81-12	499520
81-12	498540
81-12	326380
81-12	498400
81-12	373860
81-13	499530
81-13	500080
81-13	328490
81-13	490400
81-13	511750
81-13	500700
81-13	01092020
81-13	457880
81-13	433280
81-13	01100230
81-14	499540
81-14	071060
81-14	01092380
81-14	375220
81-14	500620
81-14	503150
81-14	402460
81-14	223350
81-14	306200
81-14	549500
81-15	500680
81-15	499990
81-15	500550
81-15	498540
81-15	523190
81-15	327530
81-15	499520
81-15	326950
81-15	500150
81-15	330160
81-16	522370
81-16	433740
81-16	270300
81-16	504730
81-16	498990
81-16	338470
81-16	500460
81-16	294620
81-16	100780
81-16	249350
81-17	498960
81-17	502650
81-17	524310
81-17	500040
81-17	502120
81-17	498980
81-17	498950
81-17	500550
81-17	498560
81-17	378220
81-18	501350
81-18	501320
81-18	521700
81-18	498980
81-18	500710
81-18	498560
81-18	503120
81-18	503110
81-18	327700
81-18	416450
81-19	500070
81-19	502640
81-19	498580
81-19	498980
81-19	501990
81-19	459620
81-19	500060
81-19	499520
81-19	502890
81-19	460610
81-20	502630
81-20	417680
81-20	500650
81-20	502050
81-20	377290
81-20	500680
81-20	503110
81-20	500010
81-20	503120
81-20	314670
81-21	499980
81-21	500650
81-21	523500
81-21	500680
81-21	499530
81-21	503040
81-21	460250
81-21	330190
81-21	501420
81-21	426040
81-22	498530
81-22	325130
81-22	223190
81-22	314640
81-22	374470
81-22	452100
81-22	500600
81-22	330090
81-22	053550
81-22	377560
81-23	501310
81-23	033480
81-23	022570
81-23	500620
81-23	524320
81-23	025290
81-23	026150
81-23	426940
81-23	258830
81-23	224370
81-24	511080
81-24	324420
81-24	501630
81-24	456730
81-24	500120
81-24	500230
81-24	514140
81-24	499250
81-24	500420
81-24	384270
81-25	502060
81-25	325190
81-25	330330
81-25	502080
81-25	501320
81-25	406300
81-25	524730
81-25	380180
81-25	01085140
81-25	102000
81-26	418220
81-26	502370
81-26	502070
81-26	499960
81-26	501890
81-26	503150
81-26	500710
81-26	502120
81-26	500550
81-26	327700
81-27	498530
81-27	498610
81-27	501320
81-27	522080
81-27	498980
81-27	501730
81-27	535560
81-27	499790
81-27	399970
81-27	499660
81-28	502770
81-28	502650
81-28	501500
81-28	499390
81-28	501320
81-28	498990
81-28	398640
81-28	522690
81-28	290890
81-28	105700
81-29	01098760
81-29	502580
81-29	502050
81-29	503020
81-29	502730
81-29	503110
81-29	500680
81-29	501330
81-29	407740
81-29	503120
81-30	01098760
81-30	502050
81-30	503110
81-30	502000
81-30	503120
81-30	01100360
81-30	503140
81-30	408060
81-30	501300
81-30	404510
81-31	527170
81-31	502480
81-31	501770
81-31	504440
81-31	500520
81-31	502110
81-31	522810
81-31	489400
81-31	499660
81-31	527140
81-32	538860
81-32	501380
81-32	502120
81-32	483140
81-32	499510
81-32	502610
81-32	032540
81-32	542080
81-32	501970
81-32	448230
81-33	498960
81-33	502580
81-33	499530
81-33	500700
81-33	498560
81-33	498530
81-33	502000
81-33	503280
81-33	501420
81-33	503140
81-34	526230
81-34	500070
81-34	502630
81-34	502050
81-34	499990
81-34	502120
81-34	503090
81-34	527610
81-34	503320
81-34	333310
81-35	450310
81-35	548740
81-35	479740
81-35	356730
81-35	110730
81-35	433110
81-35	500230
81-35	231950
81-35	242710
81-35	01081820
81-36	504610
81-36	324970
81-36	020780
81-36	269030
81-36	01003070
81-36	122620
81-36	154480
81-36	482530
81-36	009220
81-36	059230
81-37	504650
81-37	159820
81-37	504800
81-37	151350
81-37	453130
81-37	429360
81-37	023620
81-37	504660
81-37	452420
81-37	452510
81-38	543390
81-38	505230
81-38	505290
81-38	379390
81-38	330840
81-38	482730
81-38	01098930
81-38	508770
81-38	338150
81-38	249530
81-39	506050
81-39	156020
81-39	547240
81-39	061870
81-39	01013610
81-39	130660
81-39	432390
81-39	419060
81-39	505470
81-39	130900
81-40	056690
81-40	056950
81-40	008400
81-40	087650
81-40	121110
81-40	007800
81-40	120190
81-40	087160
81-40	058350
81-40	396560
81-41	130660
81-41	162130
81-41	334250
81-41	330910
81-41	229690
81-41	061870
81-41	01013610
81-41	077120
81-41	419060
81-41	057470
81-42	324040
81-42	538570
81-42	370820
81-42	216150
81-42	026490
81-42	025570
81-42	01055320
81-42	107060
81-42	01083650
81-42	161460
81-43	256200
81-43	223520
81-43	326940
81-43	416780
81-43	416700
81-43	001130
81-43	256270
81-43	328880
81-43	100290
81-43	050670
81-44	417040
81-44	508130
81-44	086520
81-44	505660
81-44	161710
81-44	543590
81-44	332150
81-44	01041130
81-44	190650
81-44	325470
81-45	331210
81-45	506170
81-45	262800
81-45	229690
81-45	260250
81-45	374480
81-45	332780
81-45	224880
81-45	327860
81-45	416450
81-46	316120
81-46	475830
81-46	316530
81-46	355250
81-46	361560
81-46	092640
81-46	417410
81-46	316130
81-46	476290
81-46	395270
81-47	237900
81-47	329640
81-47	334250
81-47	330910
81-47	331570
81-47	455480
81-47	061870
81-47	419060
81-47	260770
81-47	113130
81-48	330050
81-48	334250
81-48	130660
81-48	229690
81-48	332830
81-48	340840
81-48	506690
81-48	505900
81-48	230930
81-48	050670
81-49	332780
81-49	235730
81-49	331210
81-49	448660
81-49	229690
81-49	416370
81-49	154270
81-49	448210
81-49	262800
81-49	453010
81-50	548380
81-50	109070
81-50	483170
81-50	328050
81-50	506600
81-50	505660
81-50	152040
81-50	452360
81-50	507240
81-50	417300
81-51	330540
81-51	417470
81-51	087660
81-51	396330
81-51	225430
81-51	331640
81-51	034230
81-51	033930
81-51	104220
81-51	01062800
81-52	331500
81-52	334030
81-52	417600
81-52	396250
81-52	332150
81-52	265330
81-52	045460
81-52	263280
81-52	163990
81-52	050670
81-53	221440
81-53	509110
81-53	532670
81-53	242990
81-53	505660
81-53	496480
81-53	509450
81-53	507730
81-53	334140
81-53	506020
81-54	417040
81-54	505660
81-54	01009950
81-54	229690
81-54	418300
81-54	01009720
81-54	506150
81-54	156590
81-54	031550
81-54	455530
81-55	447440
81-55	324610
81-55	034970
81-55	329550
81-55	416580
81-55	333110
81-55	260400
81-55	324510
81-55	432000
81-55	548380
81-56	162040
81-56	157120
81-56	021870
81-56	152040
81-56	259830
81-56	222830
81-56	077450
81-56	505560
81-56	154680
81-56	548380
81-57	334820
81-57	417320
81-57	507460
81-57	506050
81-57	261610
81-57	418770
81-57	505660
81-57	334050
81-57	507930
81-57	507420
81-58	153120
81-58	509330
81-58	416340
81-58	432620
81-58	286610
81-58	004140
81-58	375240
81-58	323840
81-58	100290
81-58	082150
81-59	330530
81-59	332650
81-59	521780
81-59	335060
81-59	332810
81-59	419060
81-59	261740
81-59	453010
81-59	080460
81-59	506120
81-60	509620
81-60	398500
81-60	547700
81-60	324660
81-60	507690
81-60	076290
81-60	159200
81-60	323800
81-60	507190
81-60	256390
81-61	505540
81-61	417600
81-61	229690
81-61	225640
81-61	330050
81-61	325940
81-61	332680
81-61	330990
81-61	061870
81-61	086800
81-62	153120
81-62	432620
81-62	416340
81-62	084510
81-62	004140
81-62	355710
81-62	349920
81-62	353070
81-62	100290
81-62	01079250
81-63	332650
81-63	332800
81-63	216150
81-63	335120
81-63	135830
81-63	087290
81-63	506080
81-63	087490
81-63	086870
81-63	034360
81-64	333670
81-64	188890
81-64	216150
81-64	418990
81-64	330850
81-64	539550
81-64	033760
81-64	01055320
81-64	261610
81-64	135830
81-65	506820
81-65	506690
81-65	330540
81-65	042410
81-65	529790
81-65	506620
81-65	334250
81-65	507350
81-65	022730
81-65	330270
81-66	507030
81-66	506120
81-66	418770
81-66	333360
81-66	368690
81-66	330670
81-66	257760
81-66	506620
81-66	507440
81-66	507940
81-67	225640
81-67	261740
81-67	331640
81-67	331170
81-67	100290
81-67	265330
81-67	033760
81-67	135830
81-67	163990
81-67	086870
81-68	532670
81-68	261610
81-68	01055310
81-68	332110
81-68	216150
81-68	332780
81-68	333020
81-68	419000
81-68	01055320
81-68	087180
81-69	506070
81-69	508250
81-69	419400
81-69	334510
81-69	507740
81-69	507690
81-69	505860
81-69	084740
81-69	507850
81-69	147110
81-70	332860
81-70	416920
81-70	335080
81-70	330910
81-70	334110
81-70	328750
81-70	01082970
81-70	416860
81-70	325190
81-70	416380
81-71	332750
81-71	330050
81-71	419000
81-71	332250
81-71	332660
81-71	332150
81-71	088740
81-71	229690
81-71	505470
81-71	225640
81-72	418610
81-72	320640
81-72	320430
81-72	332660
81-72	419000
81-72	320710
81-72	185570
81-72	331570
81-72	229690
81-72	050670
81-73	418990
81-73	329240
81-73	332780
81-73	334070
81-73	325940
81-73	061870
81-73	325280
81-73	447740
81-73	188890
81-73	157530
81-74	361700
81-74	338560
81-74	511010
81-74	243570
81-74	384520
81-74	063830
81-74	029930
81-74	192890
81-74	003750
81-74	041030
81-75	417010
81-75	418040
81-75	324660
81-75	508750
81-75	329120
81-75	507190
81-75	331560
81-75	333880
81-75	332800
81-75	330780
81-76	451890
81-76	415900
81-76	511180
81-76	373200
81-76	415830
81-76	423410
81-76	196480
81-76	276850
81-76	546240
81-76	084380
81-77	262450
81-77	473310
81-77	187350
81-77	331510
81-77	200640
81-77	045460
81-77	547150
81-77	188870
81-77	036700
81-77	451810
81-78	544450
81-78	418830
81-78	507110
81-78	501810
81-78	141100
81-78	508280
81-78	547470
81-78	01101760
81-78	551530
81-78	01032080
81-79	512110
81-79	01040950
81-79	532190
81-79	522930
81-79	01040980
81-79	485960
81-79	411990
81-79	160820
81-79	404210
81-79	080000
81-80	525490
81-80	509380
81-80	512760
81-80	324550
81-80	512870
81-80	512980
81-80	513230
81-80	511890
81-80	407400
81-80	407860
81-81	512930
81-81	405750
81-81	512860
81-81	490840
81-81	512170
81-81	512190
81-81	512870
81-81	512980
81-81	511640
81-81	511870
81-82	512820
81-82	511850
81-82	404510
81-82	513160
81-82	502480
81-82	512290
81-82	511680
81-82	360540
81-82	512380
81-82	402330
81-83	512680
81-83	513030
81-83	511680
81-83	511970
81-83	511790
81-83	502480
81-83	534280
81-83	511850
81-83	545630
81-83	402360
81-84	513560
81-84	01099680
81-84	513520
81-84	526880
81-84	535990
81-84	513450
81-84	513330
81-84	250790
81-84	304160
81-84	01099620
81-85	513680
81-85	326680
81-85	131910
81-85	025880
81-85	467090
81-85	515080
81-85	112850
81-85	513880
81-85	01030260
81-85	033510
81-86	513730
81-86	079530
81-86	084880
81-86	123580
81-86	069770
81-86	484490
81-86	01033310
81-86	241630
81-86	316570
81-86	131850
81-87	158370
81-87	028290
81-87	028340
81-87	514500
81-87	514320
81-87	358510
81-87	514830
81-87	295020
81-87	267450
81-87	01037920
81-88	514880
81-88	515010
81-88	318000
81-88	307460
81-88	514560
81-88	324490
81-88	482890
81-88	347260
81-88	191170
81-88	190580
81-89	514880
81-89	514700
81-89	019020
81-89	352130
81-89	514550
81-89	514580
81-89	354280
81-89	254420
81-89	515570
81-89	330260
81-90	515070
81-90	514620
81-90	514830
81-90	514320
81-90	514500
81-90	514390
81-90	514180
81-90	514190
81-90	513990
81-90	291590
81-91	514740
81-91	157310
81-91	158440
81-91	105510
81-91	514320
81-91	539310
81-91	084490
81-91	514190
81-91	511160
81-91	260500
81-92	514260
81-92	017380
81-92	488380
81-92	488370
81-92	514500
81-92	132490
81-92	096260
81-92	514670
81-92	068050
81-92	01097830
81-93	514220
81-93	514830
81-93	488360
81-93	514390
81-93	514500
81-93	514320
81-93	514190
81-93	514270
81-93	156150
81-93	514180
81-94	401490
81-94	256840
81-94	117930
81-94	257040
81-94	126230
81-94	257520
81-94	386500
81-94	400220
81-94	118960
81-94	449750
82-1	513840
82-1	376770
82-1	158050
82-1	514210
82-1	262480
82-1	514140
82-1	514980
82-1	401490
82-1	514550
82-1	514300
82-2	489040
82-2	514940
82-2	177050
82-2	514320
82-2	108170
82-2	489620
82-2	488550
82-2	488710
82-2	437480
82-2	328210
82-3	514500
82-3	515780
82-3	515810
82-3	515820
82-3	515200
82-3	259440
82-3	161110
82-3	514320
82-3	515000
82-3	01062480
82-4	514970
82-4	515070
82-4	514500
82-4	514880
82-4	514670
82-4	254530
82-4	485570
82-4	513990
82-4	514090
82-4	049170
82-5	327500
82-5	514260
82-5	155450
82-5	514500
82-5	482460
82-5	514830
82-5	415920
82-5	01084400
82-5	514190
82-5	416040
82-6	515200
82-6	156810
82-6	316330
82-6	320540
82-6	327500
82-6	156720
82-6	259810
82-6	515000
82-6	514050
82-6	514530
82-7	514830
82-7	514500
82-7	237440
82-7	516250
82-7	352380
82-7	381560
82-7	489060
82-7	514530
82-7	171140
82-7	070960
82-8	516470
82-8	467740
82-8	467770
82-8	467870
82-8	467880
82-8	043690
82-8	469910
82-8	468080
82-8	021360
82-8	037510
82-9	468350
82-9	470430
82-9	470260
82-9	470380
82-9	470680
82-9	468880
82-9	470110
82-9	468410
82-9	470090
82-9	469130
82-10	468120
82-10	468630
82-10	359060
82-10	01080800
82-10	468170
82-10	361830
82-10	467790
82-10	468970
82-10	360900
82-10	468570
82-11	469910
82-11	470180
82-11	01080800
82-11	470710
82-11	470260
82-11	470590
82-11	469420
82-11	470070
82-11	470650
82-11	469180
82-12	417050
82-12	031250
82-12	416120
82-12	415880
82-12	415790
82-12	041850
82-12	262070
82-12	156340
82-12	467940
82-12	336710
82-13	054520
82-13	053660
82-13	053580
82-13	053770
82-13	053630
82-13	054700
82-13	316370
82-13	405800
82-13	019050
82-13	037510
82-14	091840
82-14	315530
82-14	029090
82-14	003160
82-14	386500
82-14	036870
82-14	156580
82-14	091190
82-14	393470
82-14	513910
82-15	153120
82-15	098920
82-15	516940
82-15	395010
82-15	516970
82-15	467810
82-15	353070
82-15	157770
82-15	065450
82-15	01079250
82-16	043910
82-16	518310
82-16	157910
82-16	272380
82-16	254620
82-16	043240
82-16	325190
82-16	157080
82-16	517970
82-16	074870
82-17	518270
82-17	518730
82-17	517990
82-17	517780
82-17	406320
82-17	517950
82-17	518700
82-17	518200
82-17	517960
82-17	517840
82-18	288580
82-18	518960
82-18	406300
82-18	245470
82-18	059020
82-18	138130
82-18	517980
82-18	102000
82-18	380180
82-18	216050
82-19	518930
82-19	519240
82-19	519350
82-19	457200
82-19	519040
82-19	099950
82-19	164810
82-19	422290
82-19	508790
82-19	441220
82-20	433930
82-20	339610
82-20	100960
82-20	518690
82-20	425270
82-20	519030
82-20	455870
82-20	518580
82-20	519000
82-20	518520
82-21	310400
82-21	309450
82-21	332220
82-21	306960
82-21	518500
82-21	519360
82-21	519630
82-21	332570
82-21	310880
82-21	01071470
82-22	192610
82-22	315570
82-22	327330
82-22	223200
82-22	334300
82-22	076590
82-22	470790
82-22	493290
82-22	090510
82-22	100150
82-23	027890
82-23	026980
82-23	397830
82-23	543510
82-23	027120
82-23	027070
82-23	521110
82-23	521440
82-23	027020
82-23	230930
82-24	483320
82-24	520860
82-24	398490
82-24	452240
82-24	01100110
82-24	484380
82-24	521830
82-24	520050
82-24	521170
82-24	520030
82-25	522420
82-25	520860
82-25	520190
82-25	033670
82-25	520610
82-25	506260
82-25	432770
82-25	521010
82-25	090020
82-25	397850
82-26	521150
82-26	432820
82-26	498890
82-26	552570
82-26	452170
82-26	521620
82-26	433720
82-26	484970
82-26	341670
82-26	378970
82-27	398290
82-27	457320
82-27	521280
82-27	328160
82-27	374770
82-27	432830
82-27	521780
82-27	275650
82-27	288150
82-27	520040
82-28	521320
82-28	01100150
82-28	522000
82-28	522280
82-28	451970
82-28	530030
82-28	114190
82-28	01004300
82-28	306050
82-28	433300
82-29	521980
82-29	147630
82-29	329850
82-29	521590
82-29	376020
82-29	520690
82-29	522980
82-29	521820
82-29	524410
82-29	275720
82-30	521620
82-30	521400
82-30	521710
82-30	521150
82-30	522970
82-30	336250
82-30	521170
82-30	396110
82-30	495820
82-30	336830
82-31	525700
82-31	521140
82-31	399310
82-31	171770
82-31	297290
82-31	485180
82-31	492480
82-31	520570
82-31	242850
82-31	520040
82-32	522670
82-32	520660
82-32	523610
82-32	271020
82-32	244160
82-32	101250
82-32	307680
82-32	093280
82-32	521960
82-32	520780
82-33	520860
82-33	522280
82-33	521830
82-33	308780
82-33	520430
82-33	374250
82-33	239890
82-33	240130
82-33	432770
82-33	375940
82-34	072910
82-34	376170
82-34	244540
82-34	521360
82-34	471650
82-34	416250
82-34	415840
82-34	526120
82-34	416480
82-34	428890
82-35	01088190
82-35	376790
82-35	398580
82-35	167600
82-35	522370
82-35	521050
82-35	433610
82-35	485550
82-35	280850
82-35	376150
82-36	522690
82-36	522810
82-36	398190
82-36	433740
82-36	522370
82-36	507430
82-36	544570
82-36	523650
82-36	455530
82-36	360770
82-37	522630
82-37	522570
82-37	023160
82-37	540800
82-37	023080
82-37	459080
82-37	024620
82-37	378010
82-37	091790
82-37	375580
82-38	522370
82-38	522590
82-38	398570
82-38	524620
82-38	507320
82-38	376230
82-38	282820
82-38	280580
82-38	433090
82-38	091760
82-39	522600
82-39	522790
82-39	398190
82-39	433740
82-39	522370
82-39	507430
82-39	523650
82-39	485470
82-39	505720
82-39	376340
82-40	524150
82-40	522700
82-40	525300
82-40	523750
82-40	526550
82-40	523160
82-40	521780
82-40	524220
82-40	521730
82-40	380910
82-41	398730
82-41	523150
82-41	526430
82-41	522470
82-41	520660
82-41	318530
82-41	337350
82-41	376360
82-41	499290
82-41	090670
82-42	521380
82-42	523170
82-42	524260
82-42	521710
82-42	521040
82-42	377630
82-42	525300
82-42	520780
82-42	376360
82-42	080860
82-43	522690
82-43	525870
82-43	521070
82-43	523650
82-43	522810
82-43	525230
82-43	374740
82-43	522790
82-43	416630
82-43	522270
82-44	522000
82-44	521170
82-44	520020
82-44	520570
82-44	521820
82-44	397860
82-44	548380
82-44	099730
82-44	423980
82-44	022730
82-45	525230
82-45	525900
82-45	526860
82-45	417940
82-45	526380
82-45	525260
82-45	523590
82-45	520650
82-45	522140
82-45	094910
82-46	524450
82-46	522040
82-46	521620
82-46	277400
82-46	088780
82-46	376710
82-46	277680
82-46	308540
82-46	379440
82-46	398920
82-47	484780
82-47	524110
82-47	525980
82-47	523540
82-47	398500
82-47	398000
82-47	432360
82-47	275280
82-47	522150
82-47	375000
82-48	244480
82-48	522000
82-48	526530
82-48	523430
82-48	523590
82-48	525110
82-48	521950
82-48	524620
82-48	433600
82-48	522380
82-49	522020
82-49	535270
82-49	522660
82-49	524480
82-49	521910
82-49	522570
82-49	523540
82-49	524500
82-49	373700
82-49	376150
82-50	374190
82-50	084390
82-50	01087250
82-50	095300
82-50	383300
82-50	432060
82-50	451510
82-50	161900
82-50	507290
82-50	157810
82-51	524070
82-51	522690
82-51	522920
82-51	399300
82-51	522420
82-51	398800
82-51	525220
82-51	398940
82-51	375630
82-51	434140
82-52	522420
82-52	525980
82-52	523150
82-52	432770
82-52	432890
82-52	523170
82-52	524260
82-52	375630
82-52	521710
82-52	398460
82-53	01100490
82-53	526710
82-53	523590
82-53	527450
82-53	527150
82-53	524500
82-53	434800
82-53	375050
82-53	094010
82-53	379460
82-54	523710
82-54	524090
82-54	527460
82-54	526380
82-54	526550
82-54	525840
82-54	527180
82-54	524470
82-54	525860
82-54	434600
82-55	526600
82-55	522690
82-55	525900
82-55	525190
82-55	524450
82-55	525230
82-55	525050
82-55	522280
82-55	330950
82-55	378310
82-56	524410
82-56	379390
82-56	525970
82-56	486150
82-56	526660
82-56	521800
82-56	525700
82-56	508770
82-56	250500
82-56	060680
82-57	525230
82-57	522690
82-57	524090
82-57	526600
82-57	522140
82-57	521070
82-57	525900
82-57	434140
82-57	380310
82-57	378220
82-58	523670
82-58	100930
82-58	521370
82-58	521560
82-58	276870
82-58	451510
82-58	523060
82-58	521580
82-58	386250
82-58	521910
82-59	524770
82-59	523170
82-59	521910
82-59	521710
82-59	522420
82-59	522970
82-59	322670
82-59	399130
82-59	336350
82-59	508240
82-60	453100
82-60	522080
82-60	523240
82-60	521780
82-60	386670
82-60	332650
82-60	175500
82-60	256390
82-60	374480
82-60	434730
82-61	522420
82-61	523780
82-61	522280
82-61	526700
82-61	524850
82-61	524770
82-61	526520
82-61	525270
82-61	522660
82-61	267080
82-62	018510
82-62	524460
82-62	276290
82-62	524440
82-62	379600
82-62	523360
82-62	521560
82-62	521910
82-62	523300
82-62	524840
82-63	525870
82-63	526200
82-63	527650
82-63	525700
82-63	01100580
82-63	418220
82-63	521140
82-63	416450
82-63	523170
82-63	01015680
82-64	416320
82-64	522570
82-64	522270
82-64	526380
82-64	525160
82-64	521730
82-64	378280
82-64	521380
82-64	522150
82-64	098010
82-65	523170
82-65	535270
82-65	090950
82-65	374380
82-65	374850
82-65	275780
82-65	525320
82-65	275940
82-65	162520
82-65	197770
82-66	416340
82-66	527110
82-66	418590
82-66	427930
82-66	526120
82-66	411820
82-66	337060
82-66	245670
82-66	320540
82-66	320580
82-67	521590
82-67	526080
82-67	137120
82-67	099730
82-67	289020
82-67	525990
82-67	525900
82-67	520680
82-67	374250
82-67	434750
82-68	524200
82-68	523170
82-68	525750
82-68	525980
82-68	525270
82-68	520190
82-68	427980
82-68	453910
82-68	318710
82-68	486140
82-69	535270
82-69	521590
82-69	526660
82-69	522690
82-69	053070
82-69	523600
82-69	398800
82-69	377450
82-69	522920
82-69	486310
82-70	523590
82-70	521150
82-70	520570
82-70	521720
82-70	535270
82-70	522690
82-70	521800
82-70	526550
82-70	526540
82-70	375900
82-71	526530
82-71	525730
82-71	527150
82-71	521800
82-71	520880
82-71	526430
82-71	523590
82-71	526720
82-71	278280
82-71	486730
82-72	524090
82-72	524290
82-72	526920
82-72	525970
82-72	486730
82-72	526380
82-72	520800
82-72	524470
82-72	524410
82-72	525860
82-73	526140
82-73	525870
82-73	01100430
82-73	527540
82-73	527710
82-73	525240
82-73	522560
82-73	379170
82-73	01100260
82-73	377970
82-74	155560
82-74	159320
82-74	155130
82-74	258720
82-74	258850
82-74	528170
82-74	259580
82-74	353070
82-74	100290
82-74	335920
82-75	327490
82-75	157150
82-75	090430
82-75	018170
82-75	258850
82-75	112250
82-75	156790
82-75	157770
82-75	259580
82-75	258720
82-76	528430
82-76	095380
82-76	174790
82-76	264210
82-76	528530
82-76	528330
82-76	528480
82-76	243780
82-76	140190
82-76	061170
82-77	528890
82-77	528820
82-77	530980
82-77	530180
82-77	529230
82-77	529900
82-77	529190
82-77	529310
82-77	528410
82-77	531440
82-78	033600
82-78	221760
82-78	086530
82-78	035160
82-78	086680
82-78	041480
82-78	034280
82-78	034900
82-78	034500
82-78	437390
82-79	528400
82-79	088070
82-79	529150
82-79	021060
82-79	034110
82-79	034270
82-79	034320
82-79	160480
82-79	529370
82-79	01062550
82-80	531180
82-80	529550
82-80	528450
82-80	528460
82-80	336200
82-80	488640
82-80	488460
82-80	529060
82-80	01097790
82-80	01100210
82-81	528930
82-81	529090
82-81	529680
82-81	528530
82-81	528440
82-81	530810
82-81	528820
82-81	530930
82-81	528370
82-81	529020
82-82	528930
82-82	530070
82-82	529680
82-82	529110
82-82	528510
82-82	528410
82-82	528530
82-82	530810
82-82	528820
82-82	528370
82-83	415840
82-83	018980
82-83	511060
82-83	511080
82-83	416340
82-83	019000
82-83	471650
82-83	019010
82-83	529440
82-83	068210
82-84	043170
82-84	396050
82-84	082000
82-84	351530
82-84	416340
82-84	019000
82-84	019010
82-84	348920
82-84	029280
82-84	488360
82-85	528780
82-85	529110
82-85	529680
82-85	381750
82-85	528610
82-85	528530
82-85	530810
82-85	528820
82-85	529870
82-85	094670
82-86	529010
82-86	530070
82-86	528680
82-86	529220
82-86	528440
82-86	529920
82-86	531440
82-86	528500
82-86	529900
82-86	01040270
82-87	528990
82-87	531620
82-87	529120
82-87	336630
82-87	381750
82-87	529950
82-87	530810
82-87	529900
82-87	528410
82-87	529020
82-88	449580
82-88	528240
82-88	364030
82-88	105690
82-88	345970
82-88	105480
82-88	345960
82-88	301940
82-88	245320
82-88	130690
82-89	531240
82-89	529230
82-89	533720
82-89	529180
82-89	530810
82-89	528410
82-89	529900
82-89	528370
82-89	551520
82-89	533140
82-90	528990
82-90	529010
82-90	529090
82-90	529680
82-90	528510
82-90	381750
82-90	528440
82-90	529320
82-90	530810
82-90	528410
82-91	529110
82-91	528510
82-91	531440
82-91	529900
82-91	528410
82-91	530980
82-91	530810
82-91	528650
82-91	528820
82-91	528500
82-92	529360
82-92	529120
82-92	528440
82-92	528530
82-92	528410
82-92	310400
82-92	529020
82-92	529900
82-92	01072610
82-92	535860
82-93	115880
82-93	530960
82-93	512270
82-93	005700
82-93	347020
82-93	119060
82-93	014350
82-93	041460
82-93	01003830
82-93	043580
82-94	530980
82-94	528370
82-94	528890
82-94	529630
82-94	529230
82-94	530180
82-94	529680
82-94	324280
82-94	529190
82-94	531440
83-1	534290
83-1	537630
83-1	530050
83-1	530830
83-1	535400
83-1	531160
83-1	528890
83-1	529940
83-1	529690
83-1	551520
83-2	323840
83-2	156780
83-2	535670
83-2	067460
83-2	530680
83-2	533240
83-2	081750
83-2	287850
83-2	347640
83-2	068210
83-3	534900
83-3	530980
83-3	529900
83-3	528890
83-3	381750
83-3	530180
83-3	529190
83-3	528510
83-3	530850
83-3	531440
83-4	531620
83-4	531440
83-4	381750
83-4	528890
83-4	528680
83-4	530980
83-4	411270
83-4	529900
83-4	533140
83-4	534280
83-5	381750
83-5	378870
83-5	530310
83-5	529320
83-5	529310
83-5	529020
83-5	528440
83-5	528410
83-5	237240
83-5	384370
83-6	528500
83-6	530980
83-6	531620
83-6	529900
83-6	534280
83-6	533140
83-6	531440
83-6	528510
83-6	381750
83-6	528650
83-7	529230
83-7	532220
83-7	528510
83-7	528890
83-7	531440
83-7	528440
83-7	528370
83-7	530980
83-7	528500
83-7	533140
83-8	532640
83-8	529010
83-8	529680
83-8	529220
83-8	381750
83-8	528440
83-8	528410
83-8	533810
83-8	529020
83-8	542510
83-9	529090
83-9	529010
83-9	529680
83-9	381750
83-9	528440
83-9	533810
83-9	530100
83-9	530930
83-9	529020
83-9	528370
83-10	529090
83-10	529010
83-10	529680
83-10	381750
83-10	528440
83-10	533810
83-10	530100
83-10	530930
83-10	529020
83-10	528370
83-11	530100
83-11	533810
83-11	532180
83-11	530810
83-11	529010
83-11	528820
83-11	528440
83-11	529020
83-11	528370
83-11	528410
83-12	535750
83-12	532380
83-12	532660
83-12	529620
83-12	534640
83-12	532300
83-12	535270
83-12	531470
83-12	535400
83-12	01064210
83-13	529230
83-13	533260
83-13	528510
83-13	528440
83-13	530980
83-13	528370
83-13	529020
83-13	528820
83-13	529900
83-13	533810
83-14	530170
83-14	381750
83-14	533510
83-14	528440
83-14	529020
83-14	528410
83-14	277390
83-14	277750
83-14	533810
83-14	277920
83-15	535490
83-15	324960
83-15	416340
83-15	533630
83-15	531330
83-15	019000
83-15	019010
83-15	532780
83-15	323840
83-15	529530
83-16	532640
83-16	534090
83-16	533450
83-16	532230
83-16	532860
83-16	310400
83-16	531490
83-16	537040
83-16	532250
83-16	533130
83-17	531620
83-17	530890
83-17	528990
83-17	528820
83-17	529020
83-17	381750
83-17	528590
83-17	529220
83-17	528410
83-17	528370
83-18	01064210
83-18	531970
83-18	532230
83-18	532200
83-18	533060
83-18	534740
83-18	532910
83-18	530380
83-18	530910
83-18	532860
83-19	534270
83-19	530980
83-19	530810
83-19	381750
83-19	528890
83-19	529900
83-19	531440
83-19	512530
83-19	534280
83-19	511970
83-20	532130
83-20	534230
83-20	531900
83-20	532800
83-20	530380
83-20	530910
83-20	533180
83-20	532910
83-20	532860
83-20	532680
83-21	529110
83-21	529680
83-21	381750
83-21	531440
83-21	528890
83-21	530810
83-21	530980
83-21	528820
83-21	529900
83-21	533140
83-22	529230
83-22	529110
83-22	529680
83-22	531010
83-22	528890
83-22	530810
83-22	528410
83-22	528370
83-22	528820
83-22	528830
83-23	529680
83-23	534900
83-23	381750
83-23	531440
83-23	528440
83-23	528890
83-23	502250
83-23	533140
83-23	528820
83-23	529900
83-24	529220
83-24	532820
83-24	381750
83-24	532160
83-24	528500
83-24	528410
83-24	310400
83-24	528370
83-24	529900
83-24	529020
83-25	533630
83-25	019010
83-25	027770
83-25	511060
83-25	396050
83-25	324420
83-25	323840
83-25	036050
83-25	395600
83-25	528350
83-26	531620
83-26	534900
83-26	381750
83-26	528510
83-26	530310
83-26	378870
83-26	528410
83-26	528820
83-26	529900
83-26	094670
83-27	533480
83-27	536010
83-27	535070
83-27	530010
83-27	536340
83-27	531390
83-27	531650
83-27	533130
83-27	533180
83-27	532910
83-28	529010
83-28	529220
83-28	528440
83-28	528510
83-28	528680
83-28	535270
83-28	528410
83-28	529900
83-28	529020
83-28	529540
83-29	531620
83-29	530170
83-29	381750
83-29	531440
83-29	530310
83-29	528530
83-29	528500
83-29	529900
83-29	528370
83-29	529020
83-30	529680
83-30	381750
83-30	528510
83-30	528440
83-30	535840
83-30	528410
83-30	533810
83-30	529020
83-30	489540
83-30	533140
83-31	536310
83-31	416340
83-31	488360
83-31	529640
83-31	511060
83-31	327490
83-31	043170
83-31	081060
83-31	099380
83-31	099310
83-32	537090
83-32	536840
83-32	535800
83-32	537560
83-32	535810
83-32	536230
83-32	143970
83-32	534380
83-32	537690
83-32	536710
83-33	536940
83-33	532430
83-33	533480
83-33	535640
83-33	535350
83-33	534840
83-33	537340
83-33	533130
83-33	532860
83-33	534380
83-34	542970
83-34	112250
83-34	386370
83-34	348710
83-34	417410
83-34	324240
83-34	316120
83-34	292160
83-34	514680
83-34	216260
83-35	018080
83-35	387270
83-35	350030
83-35	478670
83-35	000540
83-35	017940
83-35	345240
83-35	099470
83-35	099450
83-35	290610
83-36	302740
83-36	538130
83-36	178190
83-36	538280
83-36	131750
83-36	549180
83-36	142830
83-36	171340
83-36	123870
83-36	040540
83-37	513390
83-37	331020
83-37	520550
83-37	333950
83-37	025560
83-37	418080
83-37	507090
83-37	062620
83-37	455530
83-37	01097870
83-38	538650
83-38	105380
83-38	501320
83-38	551970
83-38	552010
83-38	034230
83-38	037050
83-38	293100
83-38	034660
83-38	295720
83-39	035160
83-39	538940
83-39	034320
83-39	538930
83-39	286350
83-39	538720
83-39	259440
83-39	061640
83-39	035190
83-39	01014960
83-40	077450
83-40	416850
83-40	395300
83-40	538730
83-40	017730
83-40	099310
83-40	538630
83-40	253950
83-40	026860
83-40	213650
83-41	538940
83-41	488320
83-41	282410
83-41	395290
83-41	538630
83-41	395270
83-41	316120
83-41	035160
83-41	355000
83-41	01014960
83-42	245710
83-42	539560
83-42	341080
83-42	328640
83-42	379350
83-42	245470
83-42	435470
83-42	277560
83-42	245610
83-42	347010
83-43	365120
83-43	077450
83-43	448390
83-43	01046660
83-43	132430
83-43	003800
83-43	245240
83-43	01006400
83-43	026860
83-43	01001810
83-44	157250
83-44	417410
83-44	042480
83-44	416850
83-44	337060
83-44	538630
83-44	155140
83-44	320540
83-44	01014980
83-44	01014960
83-45	488420
83-45	514180
83-45	077450
83-45	035160
83-45	075210
83-45	026860
83-45	034680
83-45	355000
83-45	352380
83-45	01014960
83-46	036270
83-46	540050
83-46	069580
83-46	070230
83-46	069490
83-46	065290
83-46	069970
83-46	540040
83-46	253870
83-46	070090
83-47	540990
83-47	400510
83-47	268860
83-47	005300
83-47	540530
83-47	069770
83-47	540400
83-47	185880
83-47	279950
83-47	460570
83-48	069770
83-48	498550
83-48	540570
83-48	432110
83-48	411780
83-48	016920
83-48	546370
83-48	175800
83-48	005300
83-48	268860
83-49	490170
83-49	420400
83-49	420330
83-49	027410
83-49	142090
83-49	248460
83-49	027400
83-49	028450
83-49	027680
83-49	478680
83-50	123590
83-50	029530
83-50	176610
83-50	511470
83-50	029200
83-50	419700
83-50	489040
83-50	439520
83-50	288350
83-50	320130
83-51	427260
83-51	483040
83-51	427390
83-51	425490
83-51	084490
83-51	049550
83-51	437430
83-51	473090
83-51	483030
83-51	437420
83-52	542850
83-52	046210
83-52	046170
83-52	417410
83-52	327490
83-52	262350
83-52	337060
83-52	334190
83-52	320540
83-52	351890
83-53	461200
83-53	108800
83-53	023940
83-53	125590
83-53	068020
83-53	282420
83-53	378290
83-53	216010
83-53	218160
83-53	350270
83-54	543070
83-54	543090
83-54	224630
83-54	224880
83-54	542960
83-54	543120
83-54	216140
83-54	520170
83-54	505140
83-54	543160
83-55	142020
83-55	282580
83-55	366490
83-55	134770
83-55	173170
83-55	543220
83-55	133490
83-55	173310
83-55	139710
83-55	282840
83-56	484250
83-56	547080
83-56	049970
83-56	543800
83-56	544070
83-56	479940
83-56	432430
83-56	493250
83-56	507720
83-56	506000
83-57	224150
83-57	543850
83-57	477120
83-57	506200
83-57	478360
83-57	342040
83-57	002540
83-57	539360
83-57	477150
83-57	507240
83-58	543920
83-58	332620
83-58	045760
83-58	544630
83-58	329130
83-58	027770
83-58	028880
83-58	431990
83-58	370000
83-58	259390
83-59	374510
83-59	378870
83-59	055630
83-59	420440
83-59	376210
83-59	380910
83-59	376610
83-59	432700
83-59	098010
83-59	380260
83-60	331290
83-60	329150
83-60	543920
83-60	150660
83-60	027770
83-60	329420
83-60	329550
83-60	328860
83-60	506830
83-60	509050
83-61	328020
83-61	447440
83-61	417130
83-61	328510
83-61	331240
83-61	027770
83-61	333400
83-61	334900
83-61	154250
83-61	259390
83-62	084510
83-62	019050
83-62	018980
83-62	019000
83-62	019010
83-62	395290
83-62	415840
83-62	316120
83-62	479160
83-62	288290
83-63	042010
83-63	332100
83-63	447440
83-63	245720
83-63	532770
83-63	332210
83-63	333120
83-63	331000
83-63	331280
83-63	370000
83-64	115570
83-64	115590
83-64	145000
83-64	115890
83-64	115720
83-64	116100
83-64	115880
83-64	115790
83-64	545030
83-64	525540
83-65	411760
83-65	379920
83-65	379270
83-65	400220
83-65	375240
83-65	354490
83-65	455510
83-65	378740
83-65	455600
83-65	384270
83-66	330040
83-66	447440
83-66	333420
83-66	510210
83-66	418560
83-66	332250
83-66	364730
83-66	333850
83-66	263030
83-66	333400
83-67	386510
83-67	009610
83-67	386530
83-67	200130
83-67	551780
83-67	199790
83-67	387280
83-67	009510
83-67	013450
83-67	393370
83-68	255990
83-68	322680
83-68	295390
83-68	351150
83-68	255730
83-68	042820
83-68	485470
83-68	300730
83-68	434340
83-68	344650
83-69	530380
83-69	483310
83-69	186510
83-69	494820
83-69	402470
83-69	483410
83-69	493220
83-69	374470
83-69	276870
83-69	01099620
83-70	545750
83-70	545560
83-70	254610
83-70	063920
83-70	001200
83-70	417160
83-70	491610
83-70	004210
83-70	01012490
83-70	438020
83-71	546050
83-71	545870
83-71	546020
83-71	403580
83-71	545820
83-71	505360
83-71	317060
83-71	367140
83-71	053270
83-71	545630
83-72	489890
83-72	545730
83-72	546010
83-72	453610
83-72	321550
83-72	545820
83-72	505360
83-72	246320
83-72	317060
83-72	545630
83-73	256190
83-73	540440
83-73	419680
83-73	256160
83-73	255900
83-73	256020
83-73	255660
83-73	255750
83-73	01061940
83-73	255890
83-74	138280
83-74	144240
83-74	079800
83-74	079740
83-74	096540
83-74	141030
83-74	079520
83-74	546650
83-74	067420
83-74	546480
83-75	018080
83-75	254160
83-75	243460
83-75	289920
83-75	243450
83-75	373460
83-75	058690
83-75	243410
83-75	373410
83-75	221350
83-76	547390
83-76	547410
83-76	327150
83-76	547010
83-76	128910
83-76	401560
83-76	126530
83-76	100390
83-76	547340
83-76	106090
83-77	084560
83-77	511180
83-77	548360
83-77	196480
83-77	084380
83-77	456370
83-77	548350
83-77	268430
83-77	423410
83-77	374190
83-78	548880
83-78	363700
83-78	259780
83-78	548960
83-78	328250
83-78	347620
83-78	326700
83-78	01001600
83-78	081450
83-78	01081260
83-79	044550
83-79	387440
83-79	549160
83-79	017940
83-79	257200
83-79	046280
83-79	387540
83-79	094500
83-79	291690
83-79	549200
83-80	451420
83-80	397840
83-80	184550
83-80	543460
83-80	184530
83-80	002370
83-80	456240
83-80	002110
83-80	002220
83-80	519970
83-81	290570
83-81	347970
83-81	125880
83-81	447560
83-81	521420
83-81	109980
83-81	344400
83-81	432000
83-81	351560
83-81	351150
83-82	549220
83-82	403560
83-82	448090
83-82	500000
83-82	447560
83-82	070570
83-82	549610
83-82	259330
83-82	550050
83-82	01029670
83-83	549430
83-83	270540
83-83	492470
83-83	364730
83-83	027390
83-83	500000
83-83	447560
83-83	351980
83-83	353460
83-83	244060
83-84	549370
83-84	461610
83-84	549210
83-84	549660
83-84	549270
83-84	550090
83-84	549580
83-84	549500
83-84	549640
83-84	549600
83-85	549430
83-85	405950
83-85	448090
83-85	446620
83-85	01090850
83-85	110850
83-85	447560
83-85	182650
83-85	549810
83-85	446170
83-86	295570
83-86	243210
83-86	330830
83-86	003800
83-86	198860
83-86	361110
83-86	478790
83-86	288160
83-86	067890
83-86	01001810
83-87	549500
83-87	549430
83-87	549370
83-87	500000
83-87	402460
83-87	550140
83-87	272200
83-87	182650
83-87	244060
83-87	550610
83-88	523770
83-88	527040
83-88	329170
83-88	273360
83-88	550030
83-88	352410
83-88	461610
83-88	353900
83-88	549670
83-88	242030
83-89	359810
83-89	152150
83-89	550630
83-89	492710
83-89	397110
83-89	461610
83-89	241360
83-89	395800
83-89	072210
83-89	551090
83-90	461610
83-90	552040
83-90	492730
83-90	341660
83-90	483560
83-90	492710
83-90	190130
83-90	447640
83-90	447560
83-90	202810
83-91	073410
83-91	461610
83-91	549370
83-91	520080
83-91	550610
83-91	532580
83-91	057160
83-91	550740
83-91	549430
83-91	549500
83-92	027790
83-92	028090
83-92	268480
83-92	027860
83-92	017730
83-92	355430
83-92	112250
83-92	155380
83-92	017610
83-92	548270
83-93	545330
83-93	217330
83-93	174310
83-93	252320
83-93	099900
83-93	164750
83-93	279850
83-93	008300
83-93	459730
83-93	021390
83-94	451700
83-94	243510
83-94	552350
83-94	003800
83-94	244540
83-94	345710
83-94	007080
83-94	337930
83-94	347540
83-94	01000450
84-1	003340
84-1	420530
84-1	020750
84-1	529240
84-1	498340
84-1	017200
84-1	031540
84-1	156670
84-1	099360
84-1	059420
84-2	165800
84-2	168750
84-2	171270
84-2	172940
84-2	177220
84-2	137470
84-2	175310
84-2	179430
84-2	173280
84-2	01035780
84-3	442630
84-3	440160
84-3	389910
84-3	389870
84-3	440210
84-3	440120
84-3	440070
84-3	438680
84-3	440270
84-3	01089070
84-4	238120
84-4	237550
84-4	01058000
84-4	123750
84-4	058270
84-4	237090
84-4	058330
84-4	234820
84-4	055900
84-4	238640
