1-2	000070
1-2	097980
1-2	001230
1-2	030110
1-2	341960
1-2	000040
1-2	000050
1-2	001120
1-2	527370
1-2	003130
1-3	437570
1-3	000070
1-3	097980
1-3	001230
1-3	030110
1-3	000040
1-3	001120
1-3	527370
1-3	004810
1-3	003130
1-4	097980
1-4	001080
1-4	019220
1-4	001230
1-4	001120
1-4	038140
1-4	037540
1-4	527370
1-4	01002370
1-4	003130
1-5	437570
1-5	097980
1-5	019220
1-5	001120
1-5	001230
1-5	004810
1-5	108400
1-5	527370
1-5	341960
1-5	003130
1-6	000100
1-6	000070
1-6	001230
1-6	341960
1-6	032250
1-6	032260
1-6	152800
1-6	001120
1-6	527370
1-6	003130
1-7	000070
1-7	000100
1-7	032290
1-7	003070
1-7	032260
1-7	152800
1-7	032250
1-7	341960
1-7	035460
1-7	527370
1-8	000100
1-8	000070
1-8	341960
1-8	002690
1-8	032250
1-8	003070
1-8	152800
1-8	032290
1-8	031420
1-8	035460
1-9	287830
1-9	342060
1-9	343320
1-9	341960
1-9	436790
1-9	317510
1-9	342430
1-9	342260
1-9	342170
1-9	527370
1-10	152650
1-10	152640
1-10	002660
1-10	002670
1-10	000070
1-10	000100
1-10	000080
1-10	032250
1-10	032290
1-10	001280
1-11	001230
1-11	002690
1-11	341960
1-11	437570
1-11	030110
1-11	000100
1-11	000070
1-11	004290
1-11	527370
1-11	003130
1-12	001230
1-12	247060
1-12	222540
1-12	341960
1-12	032260
1-12	030110
1-12	000100
1-12	004810
1-12	527370
1-12	003130
1-13	341960
1-13	000100
1-13	247060
1-13	032250
1-13	030110
1-13	001230
1-13	000090
1-13	001120
1-13	003130
1-13	527370
1-14	000100
1-14	247060
1-14	341960
1-14	032250
1-14	001230
1-14	030110
1-14	000090
1-14	001120
1-14	003130
1-14	527370
1-15	247060
1-15	000100
1-15	341960
1-15	000070
1-15	001230
1-15	030110
1-15	000200
1-15	000090
1-15	003130
1-15	527370
1-16	247060
1-16	000100
1-16	341960
1-16	001230
1-16	000070
1-16	030110
1-16	000090
1-16	001120
1-16	003130
1-16	527370
1-17	001220
1-17	437570
1-17	247060
1-17	001230
1-17	004910
1-17	341960
1-17	359340
1-17	112000
1-17	003130
1-17	527370
1-18	437570
1-18	000070
1-18	001230
1-18	247060
1-18	078890
1-18	359340
1-18	527370
1-18	003130
1-18	003090
1-18	067000
1-19	001060
1-19	001310
1-19	341960
1-19	000200
1-19	000100
1-19	000070
1-19	032250
1-19	066920
1-19	004290
1-19	527370
1-20	001060
1-20	001310
1-20	000200
1-20	000100
1-20	341960
1-20	065130
1-20	01002490
1-20	035460
1-20	436790
1-20	527370
1-21	001060
1-21	000200
1-21	001310
1-21	000070
1-21	000100
1-21	152800
1-21	032250
1-21	341960
1-21	085680
1-21	527370
1-22	001060
1-22	001310
1-22	000200
1-22	341960
1-22	152800
1-22	032250
1-22	031620
1-22	065130
1-22	035460
1-22	01006510
1-23	002010
1-23	015450
1-23	185780
1-23	084160
1-23	069540
1-23	439470
1-23	003090
1-23	482780
1-23	029030
1-23	395050
1-24	004640
1-24	016700
1-24	016620
1-24	016640
1-24	455700
1-24	055890
1-24	016600
1-24	01002400
1-24	067190
1-24	056370
1-25	069220
1-25	004440
1-25	004820
1-25	084160
1-25	001230
1-25	065130
1-25	274940
1-25	003090
1-25	098700
1-25	003610
1-26	001340
1-26	086700
1-26	000200
1-26	001310
1-26	105190
1-26	002690
1-26	104460
1-26	030160
1-26	104900
1-26	01068820
1-27	028970
1-27	085190
1-27	084210
1-27	104550
1-27	104440
1-27	037180
1-27	001230
1-27	527370
1-27	01000450
1-27	003130
1-28	341940
1-28	000010
1-28	003460
1-28	287830
1-28	112000
1-28	032340
1-28	035740
1-28	017110
1-28	527370
1-28	01011870
1-29	341940
1-29	287830
1-29	080370
1-29	002790
1-29	000670
1-29	108460
1-29	040700
1-29	338860
1-29	162640
1-29	527370
1-30	000070
1-30	287830
1-30	001230
1-30	000100
1-30	032250
1-30	000200
1-30	341960
1-30	01002400
1-30	527370
1-30	003130
1-31	001340
1-31	002690
1-31	103990
1-31	030160
1-31	266590
1-31	000160
1-31	341960
1-31	001230
1-31	003130
1-31	527370
1-32	001230
1-32	000070
1-32	001400
1-32	001310
1-32	000100
1-32	066920
1-32	341960
1-32	003130
1-32	527370
1-32	01001330
1-33	035460
1-33	000100
1-33	032250
1-33	152770
1-33	064630
1-33	000090
1-33	080350
1-33	01002490
1-33	527370
1-33	003130
1-34	000470
1-34	482780
1-34	01007560
1-34	489800
1-34	446150
1-34	152770
1-34	489810
1-34	017370
1-34	000200
1-34	01000140
1-35	152650
1-35	152640
1-35	000070
1-35	002660
1-35	000100
1-35	000080
1-35	032290
1-35	032250
1-35	031380
1-35	031420
1-36	287830
1-36	004440
1-36	000100
1-36	028970
1-36	266610
1-36	031600
1-36	005590
1-36	000070
1-36	527370
1-36	01013780
1-37	000090
1-37	247060
1-37	032260
1-37	004810
1-37	004930
1-37	037540
1-37	01011970
1-37	01002740
1-37	527370
1-37	003130
1-38	002690
1-38	342170
1-38	341960
1-38	002710
1-38	152800
1-38	242710
1-38	109690
1-38	001230
1-38	003130
1-38	527370
1-39	001230
1-39	247060
1-39	341960
1-39	103810
1-39	030110
1-39	289210
1-39	004930
1-39	004810
1-39	527370
1-39	003130
1-40	341960
1-40	247060
1-40	084160
1-40	000200
1-40	342260
1-40	040700
1-40	184660
1-40	030110
1-40	003130
1-40	527370
1-41	033510
1-41	222540
1-41	342170
1-41	341960
1-41	001230
1-41	034440
1-41	030110
1-41	437570
1-41	527370
1-41	003130
1-42	084160
1-42	242710
1-42	084170
1-42	002690
1-42	152770
1-42	193850
1-42	000200
1-42	103810
1-42	117670
1-42	01000880
1-43	001220
1-43	222540
1-43	000370
1-43	341970
1-43	196930
1-43	351180
1-43	349690
1-43	289280
1-43	527370
1-43	482780
1-44	002660
1-44	000070
1-44	000080
1-44	000100
1-44	341960
1-44	003030
1-44	032250
1-44	032260
1-44	002760
1-44	031420
1-45	152650
1-45	002670
1-45	000070
1-45	000080
1-45	01001070
1-45	032250
1-45	032290
1-45	002780
1-45	001600
1-45	527370
1-46	01000820
1-46	152770
1-46	152700
1-46	055550
1-46	000200
1-46	002690
1-46	038290
1-46	000100
1-46	193310
1-46	103740
1-47	002670
1-47	01001070
1-47	000070
1-47	116260
1-47	098690
1-47	01008490
1-47	112790
1-47	195900
1-47	527370
1-47	000670
1-48	151270
1-48	084160
1-48	151260
1-48	032240
1-48	085690
1-48	084170
1-48	004320
1-48	019400
1-48	004380
1-48	108520
1-49	032240
1-49	222540
1-49	002660
1-49	031270
1-49	116230
1-49	004270
1-49	341960
1-49	108520
1-49	01000880
1-49	527370
1-50	002690
1-50	004290
1-50	152800
1-50	341960
1-50	001230
1-50	000200
1-50	000100
1-50	342630
1-50	01001360
1-50	527370
1-51	004290
1-51	000070
1-51	152800
1-51	341960
1-51	001230
1-51	341970
1-51	085680
1-51	066920
1-51	527370
1-51	003130
1-52	001310
1-52	242710
1-52	084160
1-52	341960
1-52	065130
1-52	151270
1-52	001230
1-52	108400
1-52	017060
1-52	003130
1-53	222540
1-53	342170
1-53	001230
1-53	036290
1-53	341960
1-53	000160
1-53	004440
1-53	108400
1-53	527370
1-53	098700
1-54	000200
1-54	152770
1-54	000100
1-54	032250
1-54	001400
1-54	103740
1-54	001120
1-54	193310
1-54	01011870
1-54	527370
1-55	01001070
1-55	000070
1-55	116260
1-55	001230
1-55	031240
1-55	003520
1-55	01000610
1-55	000670
1-55	527370
1-55	003130
1-56	242710
1-56	002690
1-56	341960
1-56	000200
1-56	000160
1-56	084160
1-56	000100
1-56	151270
1-56	103800
1-56	342170
1-57	01001070
1-57	000710
1-57	229120
1-57	000970
1-57	244400
1-57	003090
1-57	244060
1-57	016980
1-57	003130
1-57	527370
1-58	01000820
1-58	084160
1-58	132630
1-58	152770
1-58	020580
1-58	055550
1-58	01000110
1-58	437750
1-58	000200
1-58	193850
1-59	032220
1-59	01001070
1-59	002670
1-59	001220
1-59	222540
1-59	000370
1-59	078860
1-59	116230
1-59	527370
1-59	489810
1-60	031260
1-60	103670
1-60	233630
1-60	233610
1-60	001600
1-60	032290
1-60	152760
1-60	078900
1-60	000070
1-60	01012600
1-61	000010
1-61	080230
1-61	032340
1-61	001600
1-61	117310
1-61	436790
1-61	038130
1-61	242710
1-61	527370
1-61	003130
1-62	055540
1-62	064560
1-62	000070
1-62	000140
1-62	000100
1-62	001280
1-62	098650
1-62	032290
1-62	001410
1-62	099470
1-63	003140
1-63	041440
1-63	108400
1-63	242710
1-63	287830
1-63	341960
1-63	001230
1-63	162600
1-63	527370
1-63	003130
1-64	000010
1-64	031260
1-64	103670
1-64	001600
1-64	152760
1-64	436790
1-64	080230
1-64	000070
1-64	162810
1-64	527370
1-65	004490
1-65	342430
1-65	080450
1-65	016660
1-65	080350
1-65	152770
1-65	069580
1-65	019400
1-65	347530
1-65	01076220
1-66	004490
1-66	035460
1-66	017040
1-66	001280
1-66	343530
1-66	152770
1-66	080350
1-66	069580
1-66	016070
1-66	01001450
1-67	001230
1-67	004290
1-67	004440
1-67	065130
1-67	242710
1-67	346570
1-67	168500
1-67	527370
1-67	003130
1-67	01044850
1-68	004440
1-68	279650
1-68	300920
1-68	017110
1-68	000100
1-68	280050
1-68	341960
1-68	003130
1-68	001230
1-68	527370
1-69	037810
1-69	150880
1-69	527370
1-69	151270
1-69	242710
1-69	322320
1-69	351790
1-69	035750
1-69	488870
1-69	189680
1-70	037810
1-70	150880
1-70	373260
1-70	527370
1-70	355250
1-70	296660
1-70	103740
1-70	103750
1-70	035750
1-70	189680
1-71	152800
1-71	031600
1-71	040620
1-71	035460
1-71	031620
1-71	117180
1-71	040660
1-71	104940
1-71	01002490
1-71	527370
1-72	004260
1-72	001080
1-72	032290
1-72	000050
1-72	000040
1-72	099470
1-72	038140
1-72	055780
1-72	527370
1-72	003130
1-73	001600
1-73	341960
1-73	002690
1-73	003070
1-73	000100
1-73	003020
1-73	001120
1-73	163220
1-73	000040
1-73	195010
1-74	031620
1-74	317510
1-74	035460
1-74	004490
1-74	342440
1-74	342430
1-74	342260
1-74	080350
1-74	346350
1-74	164670
1-75	001230
1-75	222540
1-75	341960
1-75	034430
1-75	034440
1-75	342170
1-75	242710
1-75	000090
1-75	527370
1-75	003130
1-76	001230
1-76	097980
1-76	247060
1-76	341960
1-76	103740
1-76	342170
1-76	003130
1-76	030110
1-76	004810
1-76	527370
1-77	222540
1-77	001230
1-77	341960
1-77	034430
1-77	034440
1-77	342170
1-77	030110
1-77	000160
1-77	003130
1-77	527370
1-78	000090
1-78	001230
1-78	084170
1-78	242710
1-78	228270
1-78	080500
1-78	022420
1-78	081750
1-78	000160
1-78	527370
1-79	103830
1-79	343320
1-79	003070
1-79	003020
1-79	031620
1-79	098380
1-79	342780
1-79	152800
1-79	341960
1-79	317510
1-80	013350
1-80	032250
1-80	184600
1-80	338860
1-80	032260
1-80	000100
1-80	455240
1-80	341960
1-80	01000770
1-80	01005160
1-81	000710
1-81	108400
1-81	032240
1-81	242710
1-81	000100
1-81	108460
1-81	003090
1-81	069300
1-81	222330
1-81	527370
1-82	022420
1-82	066090
1-82	066930
1-82	290970
1-82	035900
1-82	287830
1-82	304330
1-82	222540
1-82	035680
1-82	527370
1-83	020630
1-83	111570
1-83	222590
1-83	152030
1-83	423740
1-83	105240
1-83	033980
1-83	033900
1-83	104900
1-83	222540
1-84	003000
1-84	017180
1-84	002990
1-84	395130
1-84	001150
1-84	084170
1-84	032240
1-84	017030
1-84	099210
1-84	017380
1-85	255510
1-85	036130
1-85	036120
1-85	194110
1-85	036280
1-85	001230
1-85	032310
1-85	247110
1-85	105390
1-85	146610
1-86	000100
1-86	031420
1-86	032250
1-86	001280
1-86	011260
1-86	279040
1-86	002760
1-86	000070
1-86	162310
1-86	001600
1-87	269560
1-87	268630
1-87	032240
1-87	395050
1-87	004820
1-87	005060
1-87	035750
1-87	01083950
1-87	01000220
1-87	01000140
1-88	000420
1-88	242720
1-88	084160
1-88	000160
1-88	002290
1-88	032240
1-88	342790
1-88	342760
1-88	343390
1-88	108520
1-89	069300
1-89	038110
1-89	055780
1-89	008920
1-89	016660
1-89	004440
1-89	004320
1-89	031540
1-89	527370
1-89	001230
1-90	302700
1-90	227440
1-90	004260
1-90	418420
1-90	297560
1-90	264590
1-90	530860
1-90	016890
1-90	496230
1-90	103000
1-91	030110
1-91	028970
1-91	247060
1-91	035590
1-91	437570
1-91	002710
1-91	410740
1-91	001230
1-91	527370
1-91	362140
1-92	001960
1-92	053420
1-92	475300
1-92	01012370
1-92	524750
1-92	525370
1-92	002080
1-92	032830
1-92	029790
1-92	01013710
1-93	031600
1-93	225000
1-93	085530
1-93	155520
1-93	410740
1-93	085550
1-93	085650
1-93	002710
1-93	527370
1-93	016700
1-94	016960
1-94	212770
1-94	035460
1-94	247060
1-94	016930
1-94	152800
1-94	016980
1-94	003130
1-94	527370
1-94	341960
2-1	473620
2-1	473160
2-1	474140
2-1	524680
2-1	01100440
2-1	01013710
2-1	01094940
2-1	01049920
2-1	001960
2-1	383050
2-2	053420
2-2	099050
2-2	017760
2-2	01012370
2-2	032870
2-2	017770
2-2	002080
2-2	054180
2-2	054090
2-2	054160
2-3	475300
2-3	030110
2-3	030140
2-3	003470
2-3	001960
2-3	002080
2-3	362140
2-3	372550
2-3	535230
2-3	016570
2-4	001980
2-4	001950
2-4	437570
2-4	162310
2-4	355250
2-4	035370
2-4	104440
2-4	217480
2-4	527370
2-4	01080370
2-5	016890
2-5	433260
2-5	299880
2-5	528660
2-5	427790
2-5	115130
2-5	385290
2-5	253630
2-5	021070
2-5	483400
2-6	000080
2-6	342600
2-6	436860
2-6	103840
2-6	342100
2-6	348190
2-6	080340
2-6	527370
2-6	01021690
2-6	01018530
2-7	047930
2-7	395340
2-7	395240
2-7	479210
2-7	369700
2-7	244820
2-7	244810
2-7	037290
2-7	244450
2-7	218960
2-8	163120
2-8	162640
2-8	099470
2-8	287830
2-8	064630
2-8	079220
2-8	032290
2-8	432030
2-8	000100
2-8	032260
2-9	003070
2-9	003020
2-9	003030
2-9	000080
2-9	342060
2-9	152800
2-9	002760
2-9	01076240
2-9	035460
2-9	029820
2-10	000010
2-10	436790
2-10	041440
2-10	112000
2-10	001600
2-10	032340
2-10	080230
2-10	038140
2-10	035750
2-10	003130
2-11	000010
2-11	001600
2-11	436790
2-11	005970
2-11	004810
2-11	080230
2-11	01013780
2-11	035750
2-11	01011870
2-11	527370
2-12	152650
2-12	000080
2-12	152680
2-12	004300
2-12	000070
2-12	032250
2-12	004490
2-12	032290
2-12	031420
2-12	163180
2-13	152640
2-13	152650
2-13	002660
2-13	000070
2-13	000100
2-13	000080
2-13	032250
2-13	032290
2-13	031420
2-13	003070
2-14	053260
2-14	244650
2-14	528150
2-14	338000
2-14	246510
2-14	226830
2-14	478500
2-14	097690
2-14	338010
2-14	350330
2-26	224330
2-26	471650
2-26	242710
2-26	030040
2-26	095780
2-26	436790
2-26	267450
2-26	021210
2-26	003130
2-26	527370
2-27	030040
2-27	242710
2-27	000200
2-27	436790
2-27	036140
2-27	255510
2-27	323730
2-27	108730
2-27	003130
2-27	527370
2-28	104440
2-28	247060
2-28	346230
2-28	008500
2-28	006430
2-28	001770
2-28	224640
2-28	527370
2-28	212780
2-28	057470
2-29	343000
2-29	165390
2-29	289930
2-29	224640
2-29	288290
2-29	527370
2-29	349070
2-29	291970
2-29	292540
2-29	01001470
2-30	002980
2-30	037510
2-30	174130
2-30	242710
2-30	004070
2-30	132070
2-30	268000
2-30	527370
2-30	01011970
2-30	01002740
2-31	002980
2-31	037510
2-31	004910
2-31	154490
2-31	317560
2-31	001590
2-31	146750
2-31	130190
2-31	527370
2-31	01011970
2-32	01002450
2-32	154720
2-32	029930
2-32	058030
2-32	259600
2-32	056330
2-32	070530
2-32	036520
2-32	335950
2-32	527370
2-33	01013700
2-33	343680
2-33	344630
2-33	258570
2-33	018210
2-33	344680
2-33	344610
2-33	056330
2-33	344200
2-33	344210
2-42	016910
2-42	284430
2-42	035370
2-42	193210
2-42	162310
2-42	108400
2-42	193270
2-42	064630
2-42	000090
2-42	527370
2-43	001600
2-43	341960
2-43	242710
2-43	103850
2-43	103830
2-43	001230
2-43	003610
2-43	01036470
2-43	527370
2-43	003130
2-44	000100
2-44	109690
2-44	342490
2-44	000520
2-44	064630
2-44	108400
2-44	099470
2-44	343000
2-44	098090
2-44	003130
2-45	035460
2-45	342260
2-45	004490
2-45	342430
2-45	031620
2-45	084160
2-45	152770
2-45	224280
2-45	035610
2-45	000270
2-46	035460
2-46	342260
2-46	031620
2-46	004490
2-46	131830
2-46	017040
2-46	342430
2-46	224280
2-46	000270
2-46	527370
2-47	069300
2-47	146590
2-47	080350
2-47	289210
2-47	243880
2-47	001600
2-47	031420
2-47	103850
2-47	056410
2-47	292540
2-48	112000
2-48	000360
2-48	348050
2-48	417110
2-48	349010
2-48	289500
2-48	354660
2-48	156680
2-48	051770
2-48	357800
2-60	000200
2-60	016930
2-60	035370
2-60	016980
2-60	067120
2-60	104440
2-60	288220
2-60	224640
2-60	001230
2-60	527370
2-61	002670
2-61	152650
2-61	000070
2-61	098630
2-61	000100
2-61	239600
2-61	032290
2-61	032250
2-61	001280
2-61	527370
2-62	475300
2-62	030110
2-62	247060
2-62	000130
2-62	437570
2-62	01000460
2-62	016940
2-62	112010
2-62	01000090
2-62	109740
2-63	290890
2-63	069300
2-63	003090
2-63	342600
2-63	000160
2-63	066020
2-63	242710
2-63	289980
2-63	342870
2-63	289270
2-64	036100
2-64	003070
2-64	079130
2-64	341960
2-64	001600
2-64	243880
2-64	135830
2-64	342100
2-64	001230
2-64	103830
2-65	152740
2-65	224290
2-65	242710
2-65	436790
2-65	117030
2-65	224330
2-65	01013150
2-65	267450
2-65	040410
2-65	080860
2-66	017010
2-66	01068790
2-66	035840
2-66	066060
2-66	069580
2-66	004320
2-66	348740
2-66	347530
2-66	01001450
2-66	01076220
2-67	065130
2-67	000200
2-67	031420
2-67	152800
2-67	162640
2-67	000100
2-67	341960
2-67	322720
2-67	000070
2-67	527370
2-68	032260
2-68	112910
2-68	004820
2-68	342600
2-68	032250
2-68	162640
2-68	000100
2-68	342170
2-68	341960
2-68	527370
2-69	001220
2-69	222540
2-69	004260
2-69	000040
2-69	001120
2-69	004290
2-69	000050
2-69	193530
2-69	038140
2-69	527370
2-70	040620
2-70	109810
2-70	152800
2-70	035460
2-70	040660
2-70	213280
2-70	169180
2-70	01002490
2-70	527370
2-70	003130
2-71	224330
2-71	031600
2-71	040620
2-71	085680
2-71	152800
2-71	035460
2-71	032250
2-71	527370
2-71	01002490
2-71	01024430
2-72	287830
2-72	032260
2-72	341960
2-72	152800
2-72	001230
2-72	342170
2-72	254530
2-72	243880
2-72	527370
2-72	003130
2-73	000070
2-73	002690
2-73	000100
2-73	032250
2-73	032260
2-73	003030
2-73	003020
2-73	080300
2-73	342060
2-73	080350
2-74	032240
2-74	084160
2-74	414320
2-74	084170
2-74	000170
2-74	242690
2-74	108400
2-74	017110
2-74	108520
2-74	017030
2-82	004260
2-82	016560
2-82	066870
2-82	004290
2-82	001400
2-82	066920
2-82	017060
2-82	109310
2-82	055780
2-82	01029210
2-83	426230
2-83	199400
2-83	202130
2-83	398570
2-83	196990
2-83	474670
2-83	001230
2-83	248280
2-83	121050
2-83	01014950
2-84	327450
2-84	039440
2-84	031350
2-84	326980
2-84	001150
2-84	108970
2-84	032240
2-84	084160
2-84	084170
2-84	017030
2-85	031270
2-85	032240
2-85	184510
2-85	151310
2-85	323970
2-85	110070
2-85	112260
2-85	003090
2-85	108520
2-85	527370
2-86	002660
2-86	001220
2-86	000020
2-86	000070
2-86	000100
2-86	032250
2-86	085110
2-86	055790
2-86	001590
2-86	527370
2-87	152640
2-87	152650
2-87	002660
2-87	132640
2-87	004300
2-87	032260
2-87	032250
2-87	032290
2-87	004490
2-87	000070
2-88	152640
2-88	002660
2-88	152680
2-88	000070
2-88	000100
2-88	004300
2-88	152760
2-88	004490
2-88	032290
2-88	322720
2-89	065900
2-89	152660
2-89	323750
2-89	084170
2-89	151270
2-89	446920
2-89	447250
2-89	002290
2-89	229030
2-89	151260
2-94	001960
2-94	030110
2-94	030140
2-94	003470
2-94	002710
2-94	002080
2-94	001230
2-94	028970
2-94	112010
2-94	527370
3-16	154330
3-16	154310
3-16	344680
3-16	017810
3-16	336030
3-16	342090
3-16	185720
3-16	242710
3-16	031550
3-16	055740
3-17	000070
3-17	002660
3-17	000080
3-17	152640
3-17	152650
3-17	000020
3-17	000140
3-17	000100
3-17	055540
3-17	032250
3-18	032830
3-18	154420
3-18	233540
3-18	038460
3-18	108480
3-18	016980
3-18	016930
3-18	388410
3-18	065130
3-18	527370
3-19	111980
3-19	016960
3-19	038060
3-19	000160
3-19	151270
3-19	342080
3-19	242710
3-19	108400
3-19	362140
3-19	362140
3-20	021770
3-20	212460
3-20	002100
3-20	084170
3-20	084160
3-20	002340
3-20	193850
3-20	117030
3-20	482780
3-20	103810
3-21	000030
3-21	242720
3-21	336030
3-21	031550
3-21	079080
3-21	000160
3-21	150870
3-21	036240
3-21	352690
3-21	01013360
3-22	185720
3-22	038110
3-22	081750
3-22	242710
3-22	162430
3-22	293810
3-22	212790
3-22	291980
3-22	031550
3-22	133930
3-23	002690
3-23	003020
3-23	003070
3-23	342060
3-23	342430
3-23	342170
3-23	341960
3-23	343320
3-23	001600
3-23	527370
3-24	032830
3-24	155340
3-24	017810
3-24	035880
3-24	356960
3-24	103760
3-24	332420
3-24	055740
3-24	031550
3-24	242710
3-25	185720
3-25	081750
3-25	348960
3-25	346900
3-25	003720
3-25	01005160
3-25	242710
3-25	000160
3-25	012510
3-25	353760
3-33	284430
3-33	035370
3-33	108400
3-33	031540
3-33	109370
3-33	109310
3-33	017060
3-33	038130
3-33	466650
3-33	098700
3-34	154330
3-34	000300
3-34	032830
3-34	154310
3-34	103770
3-34	031360
3-34	242720
3-34	323730
3-34	242710
3-34	000160
3-35	247060
3-35	033530
3-35	004810
3-35	005160
3-35	104440
3-35	004930
3-35	004410
3-35	268720
3-35	097980
3-35	527370
3-36	154330
3-36	001160
3-36	103720
3-36	133950
3-36	01011830
3-36	103760
3-36	233700
3-36	279480
3-36	348050
3-36	01002370
3-37	029790
3-37	154330
3-37	116880
3-37	154420
3-37	002070
3-37	279100
3-37	395830
3-37	103760
3-37	233620
3-37	01002370
3-38	446120
3-38	080460
3-38	017110
3-38	446190
3-38	004380
3-38	233620
3-38	103770
3-38	279100
3-38	466650
3-38	527370
3-39	004810
3-39	004930
3-39	037670
3-39	005020
3-39	004410
3-39	056330
3-39	270030
3-39	007950
3-39	355160
3-39	01002740
3-40	154330
3-40	001160
3-40	233710
3-40	103720
3-40	415730
3-40	01011830
3-40	056330
3-40	103760
3-40	133070
3-40	133950
3-41	152640
3-41	002660
3-41	152650
3-41	000080
3-41	233620
3-41	000070
3-41	000100
3-41	003030
3-41	032250
3-41	031420
3-42	437970
3-42	437950
3-42	233660
3-42	002060
3-42	020580
3-42	437900
3-42	084170
3-42	437820
3-42	446270
3-42	000200
3-43	002070
3-43	341510
3-43	029790
3-43	132890
3-43	004320
3-43	133570
3-43	016690
3-43	224890
3-43	279670
3-43	233620
3-44	437580
3-44	032830
3-44	029790
3-44	002000
3-44	154330
3-44	154420
3-44	279100
3-44	103770
3-44	233620
3-44	527370
3-45	395050
3-45	256750
3-45	006120
3-45	021020
3-45	234670
3-45	003250
3-45	021060
3-45	037640
3-45	117110
3-45	134660
3-46	037530
3-46	056330
3-46	000400
3-46	004370
3-46	017790
3-46	279480
3-46	01002370
3-46	344680
3-46	103760
3-46	056090
3-47	017120
3-47	268600
3-47	084620
3-47	268720
3-47	214880
3-47	336930
3-47	131800
3-47	006520
3-47	389940
3-47	01002370
3-48	154330
3-48	103770
3-48	031360
3-48	108480
3-48	336030
3-48	290890
3-48	437390
3-48	103760
3-48	338860
3-48	527370
3-49	254810
3-49	037050
3-49	017150
3-49	294140
3-49	214880
3-49	007570
3-49	155540
3-49	065580
3-49	294810
3-49	01002370
3-50	154330
3-50	154310
3-50	103720
3-50	233780
3-50	133070
3-50	233730
3-50	242710
3-50	01011830
3-50	162710
3-50	004320
3-51	154330
3-51	004200
3-51	103760
3-51	332420
3-51	055740
3-51	031550
3-51	356960
3-51	353190
3-51	351930
3-51	01002370
3-52	000080
3-52	152650
3-52	000020
3-52	152640
3-52	003030
3-52	003070
3-52	003020
3-52	000100
3-52	000070
3-52	001600
3-53	001160
3-53	103720
3-53	055600
3-53	259600
3-53	056330
3-53	279480
3-53	103760
3-53	133950
3-53	133040
3-53	336030
3-54	036100
3-54	317510
3-54	341960
3-54	001230
3-54	135830
3-54	342100
3-54	103830
3-54	039250
3-54	484900
3-54	527370
3-55	093600
3-55	244180
3-55	290550
3-55	089930
3-55	108940
3-55	108810
3-55	409420
3-55	319320
3-55	01024960
3-55	01006800
3-56	004290
3-56	066860
3-56	001460
3-56	004260
3-56	039250
3-56	466650
3-56	345050
3-56	342320
3-56	152800
3-56	527370
3-57	002690
3-57	003070
3-57	003020
3-57	341960
3-57	152800
3-57	317510
3-57	287830
3-57	342170
3-57	343320
3-57	031620
3-58	193230
3-58	004290
3-58	070970
3-58	001460
3-58	003080
3-58	289110
3-58	455250
3-58	071150
3-58	017060
3-58	527370
3-65	084160
3-65	423430
3-65	003090
3-65	084170
3-65	151270
3-65	032240
3-65	085690
3-65	108460
3-65	004320
3-65	108520
3-66	000710
3-66	152670
3-66	154330
3-66	108420
3-66	031330
3-66	031360
3-66	290890
3-66	108480
3-66	242720
3-66	103770
3-67	000710
3-67	242710
3-67	003090
3-67	065310
3-67	290890
3-67	108400
3-67	092610
3-67	000160
3-67	01013090
3-67	527370
3-68	000710
3-68	154310
3-68	258550
3-68	002700
3-68	108420
3-68	111980
3-68	031360
3-68	242710
3-68	242720
3-68	000160
3-69	084160
3-69	242710
3-69	032240
3-69	031540
3-69	003090
3-69	108460
3-69	103820
3-69	108400
3-69	164920
3-69	527370
3-70	000150
3-70	002670
3-70	152650
3-70	004270
3-70	031440
3-70	000070
3-70	001410
3-70	031240
3-70	000080
3-70	001280
3-71	511080
3-71	069220
3-71	000710
3-71	000900
3-71	344890
3-71	084160
3-71	001230
3-71	003610
3-71	003090
3-71	000970
3-72	152670
3-72	000710
3-72	108420
3-72	031360
3-72	032860
3-72	000420
3-72	031330
3-72	242690
3-72	242720
3-72	290890
3-73	152640
3-73	002660
3-73	000070
3-73	152650
3-73	000100
3-73	032260
3-73	000080
3-73	032250
3-73	032290
3-73	031420
3-74	132630
3-74	002690
3-74	000100
3-74	247690
3-74	000200
3-74	055550
3-74	152770
3-74	103810
3-74	085680
3-74	104460
3-75	000710
3-75	466670
3-75	108480
3-75	001230
3-75	162370
3-75	132890
3-75	162550
3-75	290890
3-75	243030
3-75	279100
3-76	000070
3-76	152640
3-76	152650
3-76	002660
3-76	000100
3-76	000080
3-76	000020
3-76	032250
3-76	032290
3-76	031420
3-77	099460
3-77	099500
3-77	099440
3-77	000530
3-77	099450
3-77	344570
3-77	343840
3-77	099470
3-77	342970
3-77	118580
3-78	098640
3-78	258680
3-78	029910
3-78	031330
3-78	031270
3-78	000970
3-78	098760
3-78	108460
3-78	103730
3-78	108520
3-79	410740
3-79	000710
3-79	242710
3-79	065310
3-79	031540
3-79	185720
3-79	290890
3-79	000160
3-79	164920
3-79	343160
3-80	000710
3-80	152670
3-80	511080
3-80	000900
3-80	031360
3-80	258680
3-80	344890
3-80	000170
3-80	000970
3-80	01004530
3-81	000710
3-81	242710
3-81	242720
3-81	000920
3-81	01001160
3-81	000970
3-81	000160
3-81	162430
3-81	108460
3-81	084210
3-82	032240
3-82	029800
3-82	000470
3-82	222540
3-82	184510
3-82	000370
3-82	151310
3-82	489800
3-82	290970
3-82	527370
3-83	084160
3-83	032240
3-83	274940
3-83	109370
3-83	108460
3-83	000970
3-83	108520
3-83	289270
3-83	017110
3-83	098700
3-84	032220
3-84	002670
3-84	000060
3-84	116260
3-84	112780
3-84	001220
3-84	194070
3-84	098700
3-84	527370
3-84	01000140
3-85	032850
3-85	242710
3-85	108420
3-85	055720
3-85	242690
3-85	343050
3-85	032240
3-85	108460
3-85	084160
3-85	004380
3-86	084160
3-86	003720
3-86	001230
3-86	103830
3-86	103850
3-86	092610
3-86	341990
3-86	166880
3-86	342100
3-86	01021980
3-87	066920
3-87	066840
3-87	058030
3-87	040620
3-87	212490
3-87	194070
3-87	163020
3-87	133940
3-87	031780
3-87	108960
3-88	066920
3-88	066840
3-88	065130
3-88	001270
3-88	001230
3-88	004440
3-88	165510
3-88	344970
3-88	004290
3-88	347270
3-89	01001070
3-89	084160
3-89	001230
3-89	341990
3-89	103830
3-89	342100
3-89	092610
3-89	003610
3-89	01021980
3-89	527370
3-90	066920
3-90	065130
3-90	004440
3-90	080330
3-90	165510
3-90	085680
3-90	344970
3-90	039250
3-90	01036470
3-90	527370
4-1	022420
4-1	004260
4-1	020930
4-1	037830
4-1	002810
4-1	099870
4-1	001310
4-1	001620
4-1	279040
4-1	527370
4-2	039260
4-2	037730
4-2	490180
4-2	341970
4-2	199910
4-2	490210
4-2	259440
4-2	099490
4-2	527370
4-2	000090
4-3	017150
4-3	055780
4-3	01002370
4-3	038130
4-3	348050
4-3	155370
4-3	082130
4-3	064690
4-3	527370
4-3	003130
4-4	268940
4-4	097980
4-4	222540
4-4	104550
4-4	034950
4-4	000270
4-4	087570
4-4	527370
4-4	01004600
4-4	01063570
4-5	098700
4-5	016960
4-5	084160
4-5	001230
4-5	032250
4-5	000200
4-5	103810
4-5	114460
4-5	003090
4-5	193920
4-6	016960
4-6	084160
4-6	151270
4-6	003720
4-6	01013120
4-6	071610
4-6	242710
4-6	000160
4-6	083020
4-6	108460
4-7	004440
4-7	015590
4-7	015580
4-7	015480
4-7	085680
4-7	015530
4-7	015570
4-7	000200
4-7	01036470
4-7	527370
4-8	085750
4-8	085670
4-8	085680
4-8	080680
4-8	066920
4-8	001120
4-8	004290
4-8	078890
4-8	040660
4-8	081270
4-9	016920
4-9	032240
4-9	031270
4-9	108400
4-9	000370
4-9	067070
4-9	108460
4-9	151310
4-9	103730
4-9	527370
4-10	029470
4-10	000090
4-10	113240
4-10	113110
4-10	327620
4-10	410740
4-10	113120
4-10	066740
4-10	402630
4-10	527370
4-11	339260
4-11	423740
4-11	423840
4-11	035460
4-11	022070
4-11	350220
4-11	491510
4-11	056040
4-11	284520
4-11	01002400
4-12	034440
4-12	035460
4-12	133960
4-12	491510
4-12	342980
4-12	056040
4-12	423700
4-12	423540
4-12	351220
4-12	01002400
4-13	212450
4-13	038060
4-13	006380
4-13	038110
4-13	038140
4-13	038130
4-13	420730
4-13	039100
4-13	000200
4-13	527370
4-14	079130
4-14	343000
4-14	038140
4-14	344980
4-14	162310
4-14	038060
4-14	000200
4-14	420120
4-14	038110
4-14	527370
4-15	032240
4-15	084160
4-15	001230
4-15	242710
4-15	151270
4-15	152770
4-15	015860
4-15	341990
4-15	342100
4-15	317530
4-16	084160
4-16	152770
4-16	342870
4-16	000200
4-16	341960
4-16	341990
4-16	291990
4-16	291740
4-16	01000460
4-16	003090
4-17	116470
4-17	019240
4-17	240450
4-17	017790
4-17	004930
4-17	181890
4-17	071690
4-17	01002740
4-17	01054250
4-17	01063900
4-18	004350
4-18	019400
4-18	116410
4-18	193370
4-18	041200
4-18	116400
4-18	087250
4-18	195590
4-18	084160
4-18	432470
4-19	001950
4-19	003480
4-19	342570
4-19	342310
4-19	289290
4-19	341560
4-19	342560
4-19	342840
4-19	004810
4-19	527370
4-20	003480
4-20	001950
4-20	342570
4-20	342310
4-20	030110
4-20	342560
4-20	004810
4-20	116650
4-20	035370
4-20	527370
4-21	019270
4-21	000090
4-21	260110
4-21	345760
4-21	032260
4-21	244020
4-21	344510
4-21	084160
4-21	342790
4-21	527370
4-22	342790
4-22	084160
4-22	162430
4-22	000090
4-22	113760
4-22	410740
4-22	162310
4-22	000200
4-22	108520
4-22	527370
4-23	032830
4-23	002000
4-23	002170
4-23	000300
4-23	000170
4-23	004380
4-23	242690
4-23	108480
4-23	279100
4-23	527370
4-24	032830
4-24	002170
4-24	002000
4-24	000300
4-24	000170
4-24	242690
4-24	108480
4-24	466650
4-24	279100
4-24	527370
4-25	000200
4-25	152770
4-25	132630
4-25	032260
4-25	032250
4-25	000100
4-25	103740
4-25	103800
4-25	224330
4-25	01000500
4-26	000200
4-26	152770
4-26	000320
4-26	032260
4-26	019580
4-26	032250
4-26	103800
4-26	002690
4-26	224330
4-26	001120
4-27	031280
4-27	002060
4-27	420170
4-27	420310
4-27	108420
4-27	084160
4-27	084170
4-27	242690
4-27	032240
4-27	037770
4-28	002060
4-28	152660
4-28	084170
4-28	224450
4-28	155350
4-28	032240
4-28	155210
4-28	040990
4-28	438160
4-28	055550
4-29	000100
4-29	000250
4-29	342310
4-29	084160
4-29	084170
4-29	065220
4-29	342490
4-29	151790
4-29	001620
4-29	289500
4-30	343210
4-30	000250
4-30	000100
4-30	342310
4-30	01069480
4-30	064630
4-30	342490
4-30	001600
4-30	289500
4-30	034440
4-31	335720
4-31	195450
4-31	034490
4-31	001980
4-31	055960
4-31	037050
4-31	034440
4-31	034430
4-31	113550
4-31	527370
4-32	335720
4-32	034490
4-32	055960
4-32	001980
4-32	034430
4-32	034440
4-32	058490
4-32	033600
4-32	113550
4-32	185720
4-33	000090
4-33	000340
4-33	029210
4-33	113110
4-33	242710
4-33	103820
4-33	154490
4-33	113010
4-33	147790
4-33	527370
4-34	000090
4-34	342120
4-34	000340
4-34	029210
4-34	342620
4-34	242710
4-34	113110
4-34	103820
4-34	267450
4-34	527370
4-35	000090
4-35	343390
4-35	342790
4-35	032260
4-35	037830
4-35	055780
4-35	031540
4-35	527370
4-35	092150
4-35	003130
4-36	004490
4-36	028970
4-36	000520
4-36	000380
4-36	152800
4-36	032320
4-36	035460
4-36	213110
4-36	168080
4-36	527370
4-37	004490
4-37	000520
4-37	032320
4-37	035460
4-37	112800
4-37	185040
4-37	000490
4-37	168080
4-37	317560
4-37	034440
4-38	084260
4-38	084210
4-38	000200
4-38	343480
4-38	289270
4-38	066070
4-38	038440
4-38	065470
4-38	01013360
4-38	527370
4-39	029820
4-39	084210
4-39	000200
4-39	029840
4-39	038440
4-39	036270
4-39	038230
4-39	036390
4-39	01013360
4-39	527370
4-40	000300
4-40	020580
4-40	032240
4-40	002170
4-40	109240
4-40	342310
4-40	098640
4-40	341960
4-40	343470
4-40	527370
4-41	000300
4-41	002170
4-41	343320
4-41	342310
4-41	342060
4-41	341960
4-41	342120
4-41	343470
4-41	01076220
4-41	527370
4-42	019260
4-42	065130
4-42	146610
4-42	233760
4-42	003610
4-42	001230
4-42	000190
4-42	01002400
4-42	01008700
4-42	527370
4-43	005230
4-43	004330
4-43	005160
4-43	070250
4-43	006130
4-43	076370
4-43	069740
4-43	307560
4-43	069840
4-43	159080
4-44	000270
4-44	185760
4-44	113110
4-44	372040
4-44	104550
4-44	084250
4-44	243480
4-44	253220
4-44	253160
4-44	336850
4-45	266670
4-45	162420
4-45	369220
4-45	279100
4-45	360090
4-45	361330
4-45	241300
4-45	267160
4-45	163770
4-45	01081600
4-46	029010
4-46	028950
4-46	089180
4-46	028970
4-46	002760
4-46	045130
4-46	032340
4-46	01006630
4-46	01000450
4-46	01001420
4-47	116470
4-47	075580
4-47	072300
4-47	240450
4-47	004590
4-47	194270
4-47	075250
4-47	074530
4-47	017790
4-47	182150
4-48	077450
4-48	004350
4-48	247100
4-48	116410
4-48	212600
4-48	193680
4-48	070240
4-48	084160
4-48	116400
4-48	01020270
4-49	004350
4-49	195390
4-49	084160
4-49	01020270
4-49	116410
4-49	163640
4-49	077450
4-49	247100
4-49	212600
4-49	070240
4-50	004810
4-50	152850
4-50	346820
4-50	358350
4-50	275610
4-50	301490
4-50	016690
4-50	390000
4-50	391960
4-50	527370
4-51	350040
4-51	342600
4-51	004850
4-51	342520
4-51	344360
4-51	151370
4-51	004810
4-51	233980
4-51	527370
4-51	097980
4-52	350040
4-52	105390
4-52	342600
4-52	344360
4-52	359510
4-52	327010
4-52	005440
4-52	233980
4-52	004810
4-52	527370
4-53	000070
4-53	085110
4-53	031420
4-53	162310
4-53	000100
4-53	032260
4-53	032250
4-53	279040
4-53	002760
4-53	068160
4-54	085110
4-54	162310
4-54	032260
4-54	289210
4-54	000100
4-54	032250
4-54	001810
4-54	317560
4-54	279040
4-54	279300
4-55	032290
4-55	031420
4-55	085110
4-55	000100
4-55	032260
4-55	162310
4-55	032250
4-55	002760
4-55	279040
4-55	279300
4-56	001060
4-56	032250
4-56	247960
4-56	104440
4-56	104460
4-56	005330
4-56	268940
4-56	000540
4-56	001310
4-56	527370
4-57	343150
4-57	032250
4-57	164560
4-57	268940
4-57	156190
4-57	104460
4-57	279040
4-57	005330
4-57	003130
4-57	527370
4-58	343150
4-58	032250
4-58	104460
4-58	268940
4-58	035880
4-58	001310
4-58	254530
4-58	01002740
4-58	003130
4-58	527370
4-59	111980
4-59	116470
4-59	078440
4-59	268430
4-59	193360
4-59	425950
4-59	466810
4-59	194270
4-59	01086650
4-59	084210
4-60	070490
4-60	116400
4-60	193360
4-60	004350
4-60	212600
4-60	116410
4-60	069310
4-60	070240
4-60	247100
4-60	084160
4-61	116400
4-61	193360
4-61	004350
4-61	069310
4-61	116410
4-61	212600
4-61	070240
4-61	247100
4-61	072720
4-61	084160
4-62	132630
4-62	184480
4-62	002660
4-62	193900
4-62	184970
4-62	001120
4-62	152730
4-62	032260
4-62	000100
4-62	080860
4-63	016960
4-63	031780
4-63	184970
4-63	185040
4-63	184890
4-63	162310
4-63	103870
4-63	248270
4-63	084580
4-63	185720
4-64	002000
4-64	000170
4-64	038110
4-64	300030
4-64	103770
4-64	420380
4-64	155520
4-64	000300
4-64	133070
4-64	527370
4-65	056620
4-65	185760
4-65	213470
4-65	056130
4-65	104550
4-65	113110
4-65	056550
4-65	016660
4-65	032340
4-65	104940
4-66	067070
4-66	000090
4-66	326480
4-66	038460
4-66	103770
4-66	038110
4-66	155520
4-66	000370
4-66	008920
4-66	527370
4-67	000100
4-67	003720
4-67	065190
4-67	103830
4-67	032040
4-67	032260
4-67	089150
4-67	064570
4-67	089100
4-67	01002400
4-68	287830
4-68	001600
4-68	015570
4-68	000100
4-68	001810
4-68	103830
4-68	284520
4-68	001230
4-68	01002400
4-68	01011870
4-69	363490
4-69	288220
4-69	029930
4-69	152770
4-69	151990
4-69	215870
4-69	163400
4-69	056040
4-69	000200
4-69	01066610
4-70	155960
4-70	154410
4-70	040240
4-70	132030
4-70	152770
4-70	038310
4-70	311150
4-70	037910
4-70	000730
4-70	284520
4-71	000070
4-71	002690
4-71	080300
4-71	000100
4-71	032260
4-71	032250
4-71	031420
4-71	003030
4-71	341960
4-71	01002400
4-72	002660
4-72	000070
4-72	152640
4-72	152650
4-72	000140
4-72	132640
4-72	374700
4-72	000100
4-72	032250
4-72	032290
4-73	184600
4-73	000090
4-73	01013700
4-73	055780
4-73	031540
4-73	003810
4-73	038130
4-73	038140
4-73	155520
4-73	217480
4-74	016960
4-74	289490
4-74	242720
4-74	000710
4-74	055740
4-74	185720
4-74	242710
4-74	000160
4-74	01001160
4-74	182340
4-75	100080
4-75	038560
4-75	162310
4-75	085310
4-75	000090
4-75	224640
4-75	155370
4-75	263810
4-75	189680
4-75	064690
4-76	162430
4-76	279340
4-76	300060
4-76	004320
4-76	163030
4-76	163820
4-76	279190
4-76	113590
4-76	224810
4-76	133500
4-77	266760
4-77	194090
4-77	001620
4-77	289590
4-77	362270
4-77	000090
4-77	037540
4-77	099470
4-77	000040
4-77	01014030
4-78	016920
4-78	038460
4-78	000370
4-78	038560
4-78	157410
4-78	084250
4-78	410740
4-78	430610
4-78	430620
4-78	527370
4-79	116230
4-79	032240
4-79	351780
4-79	491520
4-79	086010
4-79	222540
4-79	511370
4-79	489800
4-79	527370
4-79	01012200
4-80	099450
4-80	099470
4-80	279940
4-80	162310
4-80	099620
4-80	000100
4-80	103850
4-80	001620
4-80	037540
4-80	032340
4-81	193920
4-81	193900
4-81	006930
4-81	163120
4-81	162640
4-81	001800
4-81	016920
4-81	003080
4-81	274910
4-81	01061380
4-82	067190
4-82	067070
4-82	016700
4-82	004640
4-82	003810
4-82	103840
4-82	038110
4-82	040660
4-82	067350
4-82	527370
4-83	420030
4-83	162310
4-83	000070
4-83	035350
4-83	085110
4-83	193210
4-83	000100
4-83	099970
4-83	032600
4-83	067520
5-1	001280
5-1	000100
5-1	001600
5-1	080300
5-1	342170
5-1	035460
5-1	067660
5-1	003520
5-1	004440
5-1	527370
5-2	342170
5-2	341960
5-2	342630
5-2	326090
5-2	343580
5-2	342320
5-2	289500
5-2	317510
5-2	016680
5-2	527370
5-3	032260
5-3	000100
5-3	000200
5-3	002690
5-3	341960
5-3	266590
5-3	103740
5-3	085680
5-3	266610
5-3	342060
5-4	004270
5-4	000100
5-4	103740
5-4	103750
5-4	031400
5-4	032040
5-4	341960
5-4	032260
5-4	342060
5-4	064570
5-5	000100
5-5	031540
5-5	146590
5-5	003720
5-5	146580
5-5	000710
5-5	151270
5-5	036140
5-5	129990
5-5	069300
5-6	099430
5-6	373120
5-6	032260
5-6	371580
5-6	133570
5-6	212950
5-6	031780
5-6	059940
5-6	061390
5-6	004370
5-7	000070
5-7	004440
5-7	001230
5-7	000100
5-7	165510
5-7	267450
5-7	001600
5-7	164670
5-7	527370
5-7	01013780
5-8	002980
5-8	162640
5-8	162340
5-8	032290
5-8	551980
5-8	317540
5-8	066940
5-8	065200
5-8	01000450
5-8	01001360
5-9	000100
5-9	162640
5-9	085680
5-9	031420
5-9	000070
5-9	154130
5-9	103710
5-9	032260
5-9	224390
5-9	006930
5-10	021770
5-10	084160
5-10	084170
5-10	195170
5-10	057360
5-10	152770
5-10	019280
5-10	116930
5-10	000200
5-10	01000140
5-11	000110
5-11	016960
5-11	213770
5-11	181780
5-11	01002200
5-11	244410
5-11	036290
5-11	084580
5-11	031780
5-11	098700
5-12	000110
5-12	016960
5-12	213770
5-12	103870
5-12	244410
5-12	181780
5-12	084580
5-12	185720
5-12	031780
5-12	098700
5-13	000200
5-13	342260
5-13	152770
5-13	035460
5-13	103810
5-13	067360
5-13	338700
5-13	184660
5-13	345940
5-13	064570
5-14	000200
5-14	152770
5-14	342260
5-14	103810
5-14	184660
5-14	035460
5-14	067360
5-14	345940
5-14	033940
5-14	064570
5-15	065890
5-15	022420
5-15	066090
5-15	035740
5-15	065130
5-15	003610
5-15	004820
5-15	067420
5-15	01074100
5-15	527370
5-16	065890
5-16	001450
5-16	065130
5-16	066090
5-16	015580
5-16	287830
5-16	067620
5-16	004820
5-16	017110
5-16	527370
5-17	004820
5-17	343580
5-17	035460
5-17	342170
5-17	065130
5-17	482870
5-17	212490
5-17	527370
5-17	01078610
5-17	01002400
5-18	342170
5-18	035460
5-18	216590
5-18	001310
5-18	065130
5-18	01002400
5-18	343580
5-18	343660
5-18	212490
5-18	527370
5-19	002980
5-19	037510
5-19	342090
5-19	091340
5-19	084580
5-19	242710
5-19	289490
5-19	157410
5-19	253950
5-19	527370
5-20	212900
5-20	242710
5-20	091340
5-20	001310
5-20	133070
5-20	162430
5-20	253950
5-20	244820
5-20	000160
5-20	527370
5-21	032820
5-21	084170
5-21	084160
5-21	032240
5-21	156040
5-21	259240
5-21	327120
5-21	161220
5-21	108400
5-21	017030
5-22	327120
5-22	084170
5-22	038500
5-22	155350
5-22	032240
5-22	228150
5-22	038310
5-22	228720
5-22	066080
5-22	116460
5-23	032240
5-23	004750
5-23	195340
5-23	430540
5-23	342600
5-23	323860
5-23	342090
5-23	527370
5-23	01001330
5-23	003130
5-24	195340
5-24	113220
5-24	001310
5-24	342600
5-24	342090
5-24	301100
5-24	000160
5-24	527370
5-24	01001330
5-24	003130
5-25	001450
5-25	001460
5-25	065130
5-25	162640
5-25	162340
5-25	345050
5-25	108400
5-25	344940
5-25	041440
5-25	341960
5-26	001450
5-26	001460
5-26	065130
5-26	162640
5-26	003140
5-26	345050
5-26	322720
5-26	344940
5-26	041440
5-26	01034530
5-27	000060
5-27	109240
5-27	116230
5-27	146950
5-27	148120
5-27	146810
5-27	017370
5-27	016920
5-27	005480
5-27	035750
5-28	000060
5-28	109240
5-28	116230
5-28	151310
5-28	007440
5-28	189560
5-28	000370
5-28	005480
5-28	01000220
5-28	222540
5-29	036100
5-29	001600
5-29	214580
5-29	001310
5-29	079130
5-29	216400
5-29	035740
5-29	065130
5-29	103830
5-29	003610
5-30	342170
5-30	002690
5-30	341960
5-30	342730
5-30	065370
5-30	015590
5-30	002410
5-30	389140
5-30	166920
5-30	01036470
5-31	065890
5-31	066090
5-31	065130
5-31	066940
5-31	146590
5-31	067150
5-31	001600
5-31	001310
5-31	003610
5-31	01074100
5-32	065890
5-32	065130
5-32	066090
5-32	022420
5-32	015590
5-32	287830
5-32	436790
5-32	171660
5-32	01036470
5-32	01006510
5-33	031240
5-33	001600
5-33	001280
5-33	000100
5-33	001220
5-33	065200
5-33	032290
5-33	342170
5-33	031420
5-33	000070
5-34	001600
5-34	003030
5-34	001280
5-34	000100
5-34	001220
5-34	032290
5-34	224280
5-34	000250
5-34	01011870
5-34	031420
5-35	000100
5-35	344980
5-35	242710
5-35	342600
5-35	003720
5-35	066020
5-35	036140
5-35	000710
5-35	289980
5-35	527370
5-36	004370
5-36	247110
5-36	247150
5-36	117090
5-36	069300
5-36	146610
5-36	061170
5-36	146590
5-36	193390
5-36	105390
5-37	342170
5-37	341960
5-37	482870
5-37	152800
5-37	342260
5-37	006300
5-37	067540
5-37	216590
5-37	395140
5-37	067450
5-38	003020
5-38	003070
5-38	000100
5-38	342060
5-38	001600
5-38	342170
5-38	002760
5-38	067190
5-38	346480
5-38	01002490
5-39	003020
5-39	003070
5-39	067190
5-39	001600
5-39	342060
5-39	342170
5-39	002760
5-39	000100
5-39	346480
5-39	080350
5-40	032220
5-40	471210
5-40	146810
5-40	318250
5-40	000370
5-40	151310
5-40	489800
5-40	222540
5-40	01000150
5-40	527370
5-41	471210
5-41	032220
5-41	318250
5-41	146810
5-41	151310
5-41	000370
5-41	342600
5-41	222540
5-41	130320
5-41	527370
5-42	001220
5-42	000100
5-42	001280
5-42	001600
5-42	031420
5-42	067290
5-42	035460
5-42	032320
5-42	212490
5-42	038230
5-43	002980
5-43	000200
5-43	017200
5-43	109810
5-43	323730
5-43	242710
5-43	01096900
5-43	01011970
5-43	527370
5-43	003130
5-44	065130
5-44	015590
5-44	015580
5-44	342150
5-44	151270
5-44	342320
5-44	342630
5-44	165510
5-44	021510
5-44	164670
5-45	113510
5-45	000200
5-45	079070
5-45	103800
5-45	032260
5-45	224330
5-45	013350
5-45	064570
5-45	032250
5-45	000100
5-46	001320
5-46	036090
5-46	036100
5-46	001390
5-46	001310
5-46	001270
5-46	222140
5-46	01013290
5-46	065130
5-46	01074100
5-47	066960
5-47	342490
5-47	000380
5-47	026630
5-47	548240
5-47	003880
5-47	031600
5-47	163770
5-47	185720
5-47	342910
5-48	342490
5-48	003880
5-48	000380
5-48	031600
5-48	032340
5-48	163770
5-48	132700
5-48	343630
5-48	185720
5-48	342910
5-49	066960
5-49	387870
5-49	342490
5-49	318460
5-49	388020
5-49	000380
5-49	031600
5-49	003880
5-49	185720
5-49	163770
5-50	056410
5-50	029790
5-50	001960
5-50	437570
5-50	004320
5-50	233620
5-50	056450
5-50	056120
5-50	056940
5-50	527370
5-51	056410
5-51	029790
5-51	055740
5-51	001960
5-51	103760
5-51	437570
5-51	056450
5-51	233620
5-51	056940
5-51	527370
5-52	029790
5-52	001960
5-52	437570
5-52	056120
5-52	056450
5-52	056040
5-52	415990
5-52	233620
5-52	056940
5-52	527370
5-53	035740
5-53	341990
5-53	150850
5-53	214580
5-53	242710
5-53	135830
5-53	001310
5-53	003610
5-53	01074100
5-53	527370
5-54	150850
5-54	001440
5-54	287830
5-54	001270
5-54	341960
5-54	001310
5-54	222140
5-54	003610
5-54	065130
5-54	018940
5-55	01000500
5-55	287830
5-55	341960
5-55	000200
5-55	01036470
5-55	212770
5-55	065130
5-55	166920
5-55	01001360
5-55	527370
5-56	001060
5-56	104460
5-56	343150
5-56	032250
5-56	005330
5-56	156190
5-56	035880
5-56	000540
5-56	035750
5-56	527370
5-57	343150
5-57	342550
5-57	104460
5-57	152800
5-57	156190
5-57	032250
5-57	112110
5-57	035750
5-57	003130
5-57	527370
5-58	343150
5-58	342550
5-58	104460
5-58	152800
5-58	032250
5-58	156190
5-58	035880
5-58	001310
5-58	035750
5-58	527370
5-59	085110
5-59	002660
5-59	035460
5-59	224260
5-59	032250
5-59	152640
5-59	162310
5-59	221350
5-59	099450
5-59	000070
5-60	085110
5-60	01008250
5-60	162310
5-60	099450
5-60	221350
5-60	035460
5-60	152640
5-60	000070
5-60	032250
5-60	01000450
5-61	031390
5-61	032250
5-61	099620
5-61	194600
5-61	002670
5-61	162310
5-61	198860
5-61	117600
5-61	085110
5-61	152650
5-62	032260
5-62	000200
5-62	224330
5-62	146610
5-62	001470
5-62	001230
5-62	003610
5-62	035830
5-62	267450
5-62	064570
5-63	242710
5-63	342100
5-63	341990
5-63	108520
5-63	342960
5-63	287830
5-63	151270
5-63	070390
5-63	351050
5-63	527370
5-64	035350
5-64	004280
5-64	004260
5-64	035360
5-64	035370
5-64	162310
5-64	091340
5-64	279040
5-64	527370
5-64	01013860
5-65	001370
5-65	001320
5-65	001310
5-65	001390
5-65	001450
5-65	108400
5-65	030160
5-65	287850
5-65	341960
5-65	345050
5-66	001410
5-66	109240
5-66	247140
5-66	038680
5-66	163390
5-66	000060
5-66	001530
5-66	133610
5-66	247780
5-66	020830
5-67	000100
5-67	287830
5-67	436790
5-67	031600
5-67	067360
5-67	016700
5-67	067120
5-67	001810
5-67	341960
5-67	103830
5-68	000100
5-68	032260
5-68	152800
5-68	032290
5-68	035460
5-68	342060
5-68	341960
5-68	224330
5-68	284660
5-68	482860
5-69	001230
5-69	065130
5-69	001310
5-69	029880
5-69	109310
5-69	006270
5-69	000200
5-69	01077360
5-69	527370
5-69	01001330
5-70	482860
5-70	117610
5-70	000200
5-70	152770
5-70	482820
5-70	489800
5-70	349690
5-70	01034530
5-70	527370
5-70	003130
5-71	015540
5-71	151270
5-71	032240
5-71	005480
5-71	084160
5-71	151260
5-71	084170
5-71	003090
5-71	056150
5-71	080620
5-72	154310
5-72	000130
5-72	031550
5-72	000710
5-72	323860
5-72	133070
5-72	242710
5-72	338750
5-72	242890
5-72	01061380
5-73	129990
5-73	247110
5-73	001630
5-73	343480
5-73	344980
5-73	036120
5-73	004370
5-73	066020
5-73	036130
5-73	070090
5-74	002700
5-74	032840
5-74	336030
5-74	154340
5-74	242720
5-74	242710
5-74	003720
5-74	000160
5-74	067490
5-74	065470
5-75	000070
5-75	085010
5-75	000100
5-75	184610
5-75	031420
5-75	239600
5-75	221350
5-75	032260
5-75	032250
5-75	001590
5-76	004320
5-76	233730
5-76	162390
5-76	164400
5-76	233620
5-76	233700
5-76	164560
5-76	001720
5-76	527370
5-76	01002370
5-77	037510
5-77	037530
5-77	284440
5-77	099430
5-77	156580
5-77	253990
5-77	017830
5-77	164550
5-77	304750
5-77	131800
5-78	146590
5-78	242710
5-78	108400
5-78	036140
5-78	069300
5-78	003720
5-78	342600
5-78	000710
5-78	003090
5-78	289980
5-79	255510
5-79	342600
5-79	031780
5-79	466710
5-79	004370
5-79	031560
5-79	254530
5-79	341990
5-79	268490
5-79	01011970
5-80	152770
5-80	152700
5-80	152660
5-80	103810
5-80	114120
5-80	039070
5-80	000200
5-80	104940
5-80	003120
5-80	039990
5-81	002980
5-81	152800
5-81	212770
5-81	162360
5-81	322270
5-81	341960
5-81	314800
5-81	305380
5-81	242710
5-81	003130
5-82	342600
5-82	001600
5-82	036190
5-82	342170
5-82	342100
5-82	146590
5-82	341990
5-82	214580
5-82	292540
5-82	001310
5-83	001310
5-83	001390
5-83	002130
5-83	003610
5-83	341960
5-83	065130
5-83	003520
5-83	165390
5-83	166880
5-83	527370
5-84	281530
5-84	090080
5-84	169030
5-84	034440
5-84	034430
5-84	216820
5-84	342100
5-84	165530
5-84	165890
5-84	152850
5-85	066920
5-85	000100
5-85	084160
5-85	070530
5-85	242710
5-85	335950
5-85	032260
5-85	070460
5-85	182750
5-85	006930
5-86	078850
5-86	001310
5-86	000100
5-86	287830
5-86	342600
5-86	067360
5-86	150900
5-86	436790
5-86	079220
5-86	527370
6-1	004280
6-1	004260
6-1	284430
6-1	193210
6-1	035370
6-1	162310
6-1	193270
6-1	031540
6-1	038130
6-1	098700
6-2	154330
6-2	000300
6-2	032830
6-2	154310
6-2	103770
6-2	031360
6-2	242720
6-2	323730
6-2	242710
6-2	000160
6-3	466680
6-3	446120
6-3	242720
6-3	103770
6-3	466650
6-3	000160
6-3	103760
6-3	233620
6-3	437390
6-3	527370
6-4	004280
6-4	035350
6-4	001980
6-4	035370
6-4	233540
6-4	001950
6-4	193210
6-4	189680
6-4	162310
6-4	01002040
6-5	154330
6-5	029790
6-5	032830
6-5	002070
6-5	154420
6-5	279100
6-5	103760
6-5	395830
6-5	233620
6-5	01002370
6-6	193230
6-6	003140
6-6	004290
6-6	003080
6-6	017060
6-6	455250
6-6	071150
6-6	289110
6-6	527370
6-6	515680
6-7	154330
6-7	001160
6-7	233710
6-7	103720
6-7	415730
6-7	01011830
6-7	056330
6-7	103760
6-7	133070
6-7	133950
6-8	391770
6-8	268600
6-8	268720
6-8	084620
6-8	214880
6-8	268940
6-8	007860
6-8	268700
6-8	01004600
6-8	01063570
6-9	152640
6-9	002660
6-9	152650
6-9	000080
6-9	000070
6-9	000100
6-9	031240
6-9	003030
6-9	032250
6-9	031420
6-10	002070
6-10	341510
6-10	029790
6-10	132890
6-10	004320
6-10	133570
6-10	016690
6-10	224890
6-10	279670
6-10	233620
6-11	004280
6-11	004260
6-11	035370
6-11	284430
6-11	017060
6-11	193210
6-11	162310
6-11	108400
6-11	193270
6-11	055780
6-12	395050
6-12	256750
6-12	006120
6-12	021020
6-12	234670
6-12	003250
6-12	021060
6-12	037640
6-12	117110
6-12	134660
6-13	037530
6-13	056330
6-13	000400
6-13	004370
6-13	017790
6-13	279480
6-13	01002370
6-13	344680
6-13	103760
6-13	056090
6-14	099050
6-14	112000
6-14	037810
6-14	111980
6-14	001950
6-14	000130
6-14	001600
6-14	003080
6-14	297180
6-14	357800
6-15	017120
6-15	268600
6-15	084620
6-15	268720
6-15	214880
6-15	336930
6-15	131800
6-15	006520
6-15	389940
6-15	01002370
6-16	000170
6-16	000300
6-16	002700
6-16	032860
6-16	000420
6-16	152670
6-16	108420
6-16	031360
6-16	242720
6-16	000160
6-17	154330
6-17	103770
6-17	031360
6-17	108480
6-17	336030
6-17	290890
6-17	437390
6-17	103760
6-17	338860
6-17	527370
6-18	001420
6-18	004290
6-18	036220
6-18	290150
6-18	003080
6-18	152800
6-18	072340
6-18	271980
6-18	070460
6-18	527370
6-19	000080
6-19	152650
6-19	000020
6-19	152640
6-19	003030
6-19	003070
6-19	003020
6-19	000100
6-19	000070
6-19	001600
6-20	000080
6-20	098630
6-20	000020
6-20	078870
6-20	152650
6-20	000070
6-20	000100
6-20	317500
6-20	031320
6-20	002760
6-21	152710
6-21	373100
6-21	103690
6-21	088820
6-21	004490
6-21	152680
6-21	000100
6-21	032250
6-21	099470
6-21	001590
6-22	004290
6-22	066860
6-22	001460
6-22	004260
6-22	039250
6-22	466650
6-22	345050
6-22	342320
6-22	152800
6-22	527370
6-23	116240
6-23	032250
6-23	032260
6-23	000100
6-23	455440
6-23	001600
6-23	031420
6-23	032290
6-23	066940
6-23	274910
6-24	021260
6-24	017150
6-24	268720
6-24	278900
6-24	016980
6-24	016930
6-24	005620
6-24	351820
6-24	268940
6-24	01002370
6-33	069220
6-33	069300
6-33	036250
6-33	004850
6-33	342600
6-33	341990
6-33	267060
6-33	342100
6-33	082130
6-33	242710
6-34	108460
6-34	016920
6-34	108400
6-34	000160
6-34	242710
6-34	036290
6-34	133070
6-34	289980
6-34	003090
6-34	342960
6-35	001280
6-35	001600
6-35	003070
6-35	000070
6-35	342170
6-35	035460
6-35	004440
6-35	01001070
6-35	003520
6-35	527370
6-36	242710
6-36	000160
6-36	069300
6-36	057580
6-36	152990
6-36	342600
6-36	003090
6-36	016690
6-36	342870
6-36	527370
6-37	000100
6-37	065310
6-37	003090
6-37	290890
6-37	351890
6-37	103830
6-37	108460
6-37	000970
6-37	098700
6-37	527370
6-38	000070
6-38	035810
6-38	000200
6-38	154650
6-38	064570
6-38	035860
6-38	003090
6-38	342960
6-38	058750
6-38	527370
6-39	000110
6-39	067180
6-39	067070
6-39	016960
6-39	021840
6-39	084160
6-39	036290
6-39	036140
6-39	003090
6-39	098700
6-40	004370
6-40	388170
6-40	036130
6-40	342600
6-40	185710
6-40	146610
6-40	290680
6-40	217480
6-40	109690
6-40	01000190
6-41	001220
6-41	108130
6-41	016930
6-41	036140
6-41	003090
6-41	016980
6-41	066020
6-41	098700
6-41	342960
6-41	527370
6-42	162310
6-42	193210
6-42	000100
6-42	002760
6-42	103850
6-42	287830
6-42	067120
6-42	001230
6-42	098700
6-42	103830
6-43	004260
6-43	016560
6-43	001460
6-43	004290
6-43	000200
6-43	066920
6-43	036140
6-43	070460
6-43	017060
6-43	527370
6-44	085690
6-44	036140
6-44	108400
6-44	098760
6-44	016920
6-44	000160
6-44	069300
6-44	003090
6-44	108460
6-44	01013090
6-45	032240
6-45	342090
6-45	001230
6-45	342600
6-45	108400
6-45	323860
6-45	000710
6-45	108460
6-45	003090
6-45	527370
6-46	000200
6-46	032260
6-46	004640
6-46	260350
6-46	000070
6-46	016700
6-46	242710
6-46	098660
6-46	01002400
6-46	527370
6-47	242710
6-47	065310
6-47	000160
6-47	290890
6-47	004320
6-47	181710
6-47	108460
6-47	343160
6-47	01013090
6-47	067490
6-48	279040
6-48	035460
6-48	000100
6-48	002760
6-48	080300
6-48	103850
6-48	363490
6-48	103830
6-48	078970
6-48	061130
6-49	036140
6-49	066020
6-49	103870
6-49	108400
6-49	291590
6-49	016920
6-49	036290
6-49	108460
6-49	003090
6-49	527370
6-50	290890
6-50	084160
6-50	035560
6-50	01013090
6-50	242710
6-50	004320
6-50	036290
6-50	000160
6-50	066020
6-50	181710
6-51	002760
6-51	035460
6-51	069580
6-51	020620
6-51	066920
6-51	029840
6-51	071610
6-51	066160
6-51	065390
6-51	527370
6-52	069300
6-52	000160
6-52	108460
6-52	003090
6-52	000710
6-52	242710
6-52	108400
6-52	289980
6-52	289490
6-52	01001160
6-53	065180
6-53	031400
6-53	148900
6-53	212790
6-53	291000
6-53	234840
6-53	214250
6-53	01014030
6-53	056000
6-53	01054250
6-54	001390
6-54	004440
6-54	000100
6-54	000070
6-54	001310
6-54	300270
6-54	165510
6-54	056360
6-54	01074100
6-54	080690
6-55	289110
6-55	224610
6-55	214510
6-55	185720
6-55	213180
6-55	038650
6-55	036130
6-55	287810
6-55	292720
6-55	002330
6-56	099470
6-56	099440
6-56	035830
6-56	099620
6-56	548240
6-56	289930
6-56	044670
6-56	344200
6-56	359570
6-56	081860
7-1	004280
7-1	004260
7-1	284430
7-1	162310
7-1	035370
7-1	193210
7-1	031540
7-1	017060
7-1	038130
7-1	098700
7-2	154330
7-2	036180
7-2	268420
7-2	242720
7-2	103770
7-2	466660
7-2	466650
7-2	103760
7-2	000160
7-2	233620
7-3	154330
7-3	000300
7-3	032830
7-3	154310
7-3	103770
7-3	031360
7-3	242720
7-3	323730
7-3	242710
7-3	000160
7-4	466680
7-4	242720
7-4	466650
7-4	103770
7-4	017240
7-4	103760
7-4	000160
7-4	279100
7-4	233620
7-4	527370
7-5	111980
7-5	055570
7-5	000370
7-5	268430
7-5	004290
7-5	103770
7-5	01000050
7-5	031610
7-5	001100
7-5	001090
7-6	032830
7-6	080460
7-6	154420
7-6	017200
7-6	029790
7-6	242720
7-6	279100
7-6	466650
7-6	000160
7-6	108400
7-7	017200
7-7	002170
7-7	032830
7-7	446540
7-7	343050
7-7	242690
7-7	032240
7-7	242710
7-7	108400
7-7	004380
7-8	221360
7-8	080890
7-8	055580
7-8	233610
7-8	221350
7-8	274910
7-8	193220
7-8	162310
7-8	239600
7-8	001600
7-9	154330
7-9	004200
7-9	055740
7-9	548240
7-9	356960
7-9	332420
7-9	000160
7-9	242710
7-9	353190
7-9	527370
7-10	154330
7-10	001160
7-10	415730
7-10	233710
7-10	103720
7-10	103760
7-10	056330
7-10	01011830
7-10	055600
7-10	133950
7-11	335850
7-11	504580
7-11	154330
7-11	154400
7-11	01011960
7-11	103720
7-11	300030
7-11	01011830
7-11	342090
7-11	133950
7-12	002070
7-12	029790
7-12	117670
7-12	004850
7-12	279640
7-12	016690
7-12	133940
7-12	233700
7-12	004320
7-12	395830
7-13	193570
7-13	111980
7-13	019290
7-13	268430
7-13	086720
7-13	031610
7-13	019350
7-13	304330
7-13	103770
7-13	01000050
7-14	021060
7-14	243490
7-14	038150
7-14	020640
7-14	546970
7-14	354660
7-14	221350
7-14	099620
7-14	352770
7-14	159310
7-15	001160
7-15	154330
7-15	000530
7-15	103720
7-15	233710
7-15	01011830
7-15	103760
7-15	055600
7-15	056330
7-15	133950
7-16	017120
7-16	268600
7-16	084620
7-16	268720
7-16	214880
7-16	336930
7-16	131800
7-16	006520
7-16	389940
7-16	01002370
7-17	415730
7-17	154330
7-17	001160
7-17	233710
7-17	103720
7-17	001130
7-17	01011830
7-17	055600
7-17	103760
7-17	133950
7-18	154330
7-18	336030
7-18	161060
7-18	466680
7-18	103770
7-18	017200
7-18	108480
7-18	279120
7-18	103760
7-18	527370
7-19	004810
7-19	247060
7-19	005160
7-19	004930
7-19	033530
7-19	104440
7-19	004410
7-19	097980
7-19	268720
7-19	527370
7-20	000080
7-20	152650
7-20	152640
7-20	003030
7-20	002660
7-20	003070
7-20	032250
7-20	000100
7-20	000070
7-20	001600
7-21	036100
7-21	001270
7-21	036110
7-21	222140
7-21	341960
7-21	000160
7-21	103760
7-21	522480
7-21	001230
7-21	527370
7-22	152710
7-22	373100
7-22	103690
7-22	088820
7-22	004490
7-22	152680
7-22	000100
7-22	032250
7-22	099470
7-22	001590
7-23	004290
7-23	066860
7-23	001460
7-23	004260
7-23	039250
7-23	466650
7-23	345050
7-23	342320
7-23	152800
7-23	527370
7-24	099100
7-24	154330
7-24	154310
7-24	103720
7-24	233730
7-24	258550
7-24	133070
7-24	01011830
7-24	279220
7-24	162710
7-25	056330
7-25	001160
7-25	103720
7-25	415730
7-25	103760
7-25	055600
7-25	001130
7-25	103770
7-25	133950
7-25	338190
7-26	053520
7-26	021380
7-26	053420
7-26	017820
7-26	021400
7-26	053590
7-26	021290
7-26	021300
7-26	021340
7-26	099450
7-27	053520
7-27	053420
7-27	017820
7-27	021400
7-27	021380
7-27	053590
7-27	021290
7-27	021300
7-27	021340
7-27	099450
7-28	032220
7-28	000060
7-28	112780
7-28	002670
7-28	319620
7-28	116260
7-28	112790
7-28	112820
7-28	527370
7-28	01000140
7-29	021450
7-29	021430
7-29	053420
7-29	021380
7-29	017760
7-29	053440
7-29	154320
7-29	021250
7-29	053570
7-29	021260
7-30	154330
7-30	268420
7-30	112760
7-30	182340
7-30	108480
7-30	342090
7-30	103770
7-30	151330
7-30	108400
7-30	233620
7-31	112000
7-31	344680
7-31	351800
7-31	430600
7-31	349010
7-31	348050
7-31	346900
7-31	362140
7-31	362140
7-31	527370
7-32	155410
7-32	126250
7-32	154740
7-32	258800
7-32	053550
7-32	491120
7-32	004550
7-32	033010
7-32	004700
7-32	222540
7-33	065910
7-33	031450
7-33	031670
7-33	279220
7-33	242710
7-33	242720
7-33	447270
7-33	162710
7-33	066060
7-33	000160
7-49	003090
7-49	423430
7-49	084160
7-49	151270
7-49	084170
7-49	032240
7-49	004320
7-49	108460
7-49	004380
7-49	098700
7-50	000710
7-50	242710
7-50	343160
7-50	291980
7-50	342090
7-50	065310
7-50	290890
7-50	150870
7-50	296280
7-50	056940
7-51	003740
7-51	258680
7-51	000910
7-51	000900
7-51	029910
7-51	032240
7-51	108460
7-51	000970
7-51	289270
7-51	108520
7-52	032240
7-52	258680
7-52	004270
7-52	108460
7-52	242890
7-52	155080
7-52	108400
7-52	000970
7-52	108520
7-52	527370
7-53	066920
7-53	184510
7-53	084160
7-53	344410
7-53	020620
7-53	194500
7-53	084170
7-53	151270
7-53	113590
7-53	029280
7-54	084160
7-54	242710
7-54	032240
7-54	031540
7-54	003090
7-54	108460
7-54	103820
7-54	108400
7-54	164920
7-54	527370
7-55	065310
7-55	000160
7-55	084170
7-55	032240
7-55	108520
7-55	161680
7-55	108400
7-55	103730
7-55	342760
7-55	342790
7-56	193480
7-56	193780
7-56	066920
7-56	163020
7-56	194700
7-56	058130
7-56	035460
7-56	193790
7-56	162640
7-56	080480
7-57	084160
7-57	290890
7-57	242710
7-57	083020
7-57	071610
7-57	108460
7-57	164920
7-57	000970
7-57	01013120
7-57	01013090
7-58	152670
7-58	032860
7-58	108420
7-58	290890
7-58	031360
7-58	242710
7-58	242720
7-58	455780
7-58	000160
7-58	108460
7-59	152670
7-59	498140
7-59	258680
7-59	290890
7-59	008920
7-59	344160
7-59	161140
7-59	344960
7-59	345680
7-59	242710
7-60	258680
7-60	108460
7-60	001230
7-60	004440
7-60	032240
7-60	041210
7-60	323860
7-60	213270
7-60	018940
7-60	108520
7-61	084160
7-61	084170
7-61	151720
7-61	439910
7-61	482780
7-61	151270
7-61	196930
7-61	247100
7-61	113590
7-61	01002820
7-62	279480
7-62	335890
7-62	279690
7-62	154360
7-62	056330
7-62	031610
7-62	217480
7-62	258930
7-62	163810
7-62	163270
7-63	152670
7-63	000710
7-63	242690
7-63	108420
7-63	133950
7-63	290890
7-63	242710
7-63	162430
7-63	103820
7-63	108460
7-64	410740
7-64	000710
7-64	242710
7-64	065310
7-64	031540
7-64	185720
7-64	290890
7-64	000160
7-64	164920
7-64	343160
7-65	323770
7-65	003100
7-65	000910
7-65	000900
7-65	003740
7-65	032240
7-65	108460
7-65	084160
7-65	084170
7-65	108520
7-66	000710
7-66	152670
7-66	511080
7-66	000900
7-66	031360
7-66	258680
7-66	344890
7-66	000170
7-66	000970
7-66	01004530
7-67	000710
7-67	242710
7-67	003090
7-67	065310
7-67	290890
7-67	108400
7-67	092610
7-67	000160
7-67	01013090
7-67	527370
7-68	000100
7-68	003020
7-68	003070
7-68	341960
7-68	035460
7-68	000070
7-68	152800
7-68	032250
7-68	029820
7-68	001600
7-69	084160
7-69	066020
7-69	103830
7-69	001230
7-69	342600
7-69	341990
7-69	01001070
7-69	092610
7-69	342100
7-69	527370
7-70	099460
7-70	099450
7-70	099500
7-70	099440
7-70	152650
7-70	000100
7-70	000070
7-70	221350
7-70	432030
7-70	032250
7-71	066920
7-71	066840
7-71	065130
7-71	001270
7-71	001230
7-71	004440
7-71	165510
7-71	344970
7-71	004290
7-71	347270
7-72	000910
7-72	000900
7-72	003740
7-72	323770
7-72	032240
7-72	190240
7-72	084160
7-72	108460
7-72	289270
7-72	108520
7-73	084170
7-73	084160
7-73	032240
7-73	108460
7-73	000920
7-73	151260
7-73	003100
7-73	108520
7-73	085690
7-73	289270
7-74	017160
7-74	000440
7-74	000530
7-74	335890
7-74	154360
7-74	031490
7-74	117600
7-74	017950
7-74	031530
7-74	274910
7-75	031490
7-75	184480
7-75	000440
7-75	017160
7-75	000530
7-75	002190
7-75	335890
7-75	373230
7-75	031530
7-75	274910
7-76	002670
7-76	006240
7-76	117830
7-76	099620
7-76	035460
7-76	032250
7-76	027010
7-76	003520
7-76	241170
7-76	221350
7-77	001160
7-77	031490
7-77	154360
7-77	016750
7-77	335890
7-77	154400
7-77	133950
7-77	344200
7-77	258930
7-77	189680
7-78	016960
7-78	000370
7-78	146810
7-78	227700
7-78	151310
7-78	489800
7-78	080500
7-78	284700
7-78	222540
7-78	527370
7-79	000100
7-79	032260
7-79	032250
7-79	065180
7-79	000090
7-79	004440
7-79	342790
7-79	343390
7-79	164920
7-79	01001830
7-80	458750
7-80	134990
7-80	424890
7-80	003810
7-80	344200
7-80	344010
7-80	081860
7-80	164950
7-80	01001470
7-80	01002370
7-81	000910
7-81	000900
7-81	003740
7-81	084160
7-81	084170
7-81	108460
7-81	032240
7-81	345360
7-81	289270
7-81	108520
8-1	000010
8-1	080230
8-1	112000
8-1	001600
8-1	436790
8-1	041440
8-1	038140
8-1	527370
8-1	035750
8-1	01013780
8-2	152650
8-2	152640
8-2	000070
8-2	002660
8-2	000100
8-2	000080
8-2	032290
8-2	032250
8-2	031380
8-2	031420
8-3	000100
8-3	103670
8-3	032290
8-3	078900
8-3	000070
8-3	003070
8-3	001600
8-3	080230
8-3	067190
8-3	080480
8-4	103670
8-4	000070
8-4	032290
8-4	078900
8-4	003070
8-4	152800
8-4	080230
8-4	001600
8-4	436790
8-4	527370
8-5	000100
8-5	032290
8-5	001600
8-5	000070
8-5	032250
8-5	038140
8-5	000040
8-5	01074100
8-5	527370
8-5	003130
8-6	000100
8-6	032260
8-6	032290
8-6	032250
8-6	001600
8-6	000070
8-6	038140
8-6	067190
8-6	01074100
8-6	527370
8-7	152650
8-7	000140
8-7	000070
8-7	032250
8-7	103670
8-7	032290
8-7	064560
8-7	152760
8-7	078900
8-7	001600
8-8	000010
8-8	031260
8-8	103670
8-8	287830
8-8	078900
8-8	001600
8-8	436790
8-8	078920
8-8	080230
8-8	080480
8-9	152650
8-9	031240
8-9	000070
8-9	103670
8-9	032290
8-9	032250
8-9	064560
8-9	078900
8-9	152760
8-9	001600
8-10	000010
8-10	003460
8-10	103670
8-10	001600
8-10	038140
8-10	078900
8-10	436790
8-10	080230
8-10	01074100
8-10	035750
8-11	031260
8-11	000010
8-11	103670
8-11	032290
8-11	064560
8-11	078900
8-11	001600
8-11	152760
8-11	103700
8-11	080230
8-12	000010
8-12	003460
8-12	341940
8-12	000100
8-12	287830
8-12	001600
8-12	016920
8-12	035740
8-12	01011870
8-12	003130
8-13	152640
8-13	002660
8-13	152650
8-13	031240
8-13	000100
8-13	000070
8-13	000140
8-13	032250
8-13	032290
8-13	031380
8-14	000100
8-14	031240
8-14	032260
8-14	000140
8-14	287830
8-14	032290
8-14	078900
8-14	080230
8-14	000070
8-14	016700
8-15	000100
8-15	317560
8-15	080230
8-15	032290
8-15	287830
8-15	003070
8-15	000070
8-15	289130
8-15	152800
8-15	078900
8-16	000100
8-16	001280
8-16	032290
8-16	000070
8-16	000050
8-16	000040
8-16	001600
8-16	004780
8-16	066940
8-16	162310
8-17	000100
8-17	001280
8-17	032260
8-17	032290
8-17	004780
8-17	004440
8-17	001600
8-17	066940
8-17	162810
8-17	01074100
8-18	152640
8-18	002660
8-18	031240
8-18	000100
8-18	152650
8-18	132640
8-18	000140
8-18	032260
8-18	032290
8-18	000070
8-19	000100
8-19	000010
8-19	031240
8-19	287830
8-19	080230
8-19	032290
8-19	317560
8-19	078900
8-19	016700
8-19	01011870
8-20	002660
8-20	152640
8-20	031240
8-20	152650
8-20	000100
8-20	116240
8-20	000070
8-20	103670
8-20	032290
8-20	152740
8-21	003460
8-21	031240
8-21	080210
8-21	000010
8-21	000100
8-21	287830
8-21	001600
8-21	032290
8-21	004780
8-21	066940
8-22	031240
8-22	000100
8-22	031260
8-22	152640
8-22	002660
8-22	103670
8-22	287830
8-22	032290
8-22	064560
8-22	080230
8-23	152640
8-23	002660
8-23	152650
8-23	031240
8-23	132640
8-23	000100
8-23	000140
8-23	000070
8-23	152760
8-23	032290
8-24	000010
8-24	000100
8-24	287830
8-24	032290
8-24	080230
8-24	001600
8-24	016700
8-24	035740
8-24	01011870
8-24	003130
8-25	152640
8-25	002660
8-25	152650
8-25	116240
8-25	031240
8-25	000100
8-25	000070
8-25	032250
8-25	032290
8-25	152760
8-26	003460
8-26	000010
8-26	080210
8-26	000100
8-26	032290
8-26	287830
8-26	004780
8-26	001600
8-26	01074100
8-26	003130
8-27	000100
8-27	031240
8-27	003460
8-27	032290
8-27	000010
8-27	287830
8-27	103670
8-27	065150
8-27	080230
8-27	001600
8-28	000100
8-28	031240
8-28	000140
8-28	032260
8-28	032290
8-28	103670
8-28	000070
8-28	287830
8-28	001600
8-28	016700
8-29	031260
8-29	103670
8-29	078900
8-29	436790
8-29	287830
8-29	080230
8-29	064560
8-29	032290
8-29	080480
8-29	000070
8-30	031240
8-30	000100
8-30	032290
8-30	000070
8-30	103670
8-30	287830
8-30	000670
8-30	065150
8-30	001600
8-30	098840
8-31	003460
8-31	004780
8-31	000100
8-31	001600
8-31	033620
8-31	064560
8-31	032290
8-31	038130
8-31	038140
8-31	01074100
8-32	031260
8-32	103670
8-32	031240
8-32	152640
8-32	000100
8-32	002660
8-32	152650
8-32	152760
8-32	064560
8-32	032290
16-1	01000230
16-1	152790
16-1	000880
16-1	01000170
16-1	003260
16-1	003280
16-1	029860
16-1	000730
16-1	000470
16-1	01000250
16-2	043890
16-2	342040
16-2	042070
16-2	100390
16-2	042700
16-2	262710
16-2	041270
16-2	045040
16-2	045170
16-2	040150
16-3	070250
16-3	287870
16-3	069500
16-3	069980
16-3	071240
16-3	070890
16-3	069270
16-3	071080
16-3	069320
16-3	069450
16-4	269070
16-4	471890
16-4	328000
16-4	416580
16-4	039950
16-4	472460
16-4	471830
16-4	471860
16-4	471900
16-4	472760
16-5	388420
16-5	041210
16-5	389040
16-5	389160
16-5	388370
16-5	388000
16-5	388390
16-5	389220
16-5	389650
16-5	259890
16-6	124350
16-6	123500
16-6	124430
16-6	065550
16-6	221530
16-6	221680
16-6	108460
16-6	279070
16-6	01013360
16-6	253830
16-7	135880
16-7	114260
16-7	136530
16-7	122660
16-7	225260
16-7	137770
16-7	140830
16-7	01035100
16-7	169750
16-7	01035680
16-8	071370
16-8	072260
16-8	069610
16-8	070070
16-8	488710
16-8	070630
16-8	071500
16-8	071350
16-8	069680
16-8	069920
16-9	440140
16-9	441670
16-9	440080
16-9	442600
16-9	440120
16-9	441680
16-9	440650
16-9	437790
16-9	438250
16-9	439080
16-10	352640
16-10	352470
16-10	355110
16-10	293580
16-10	353490
16-10	348090
16-10	068650
16-10	351920
16-10	068340
16-10	352300
16-11	345510
16-11	346190
16-11	347500
16-11	348890
16-11	351420
16-11	451380
16-11	395020
16-11	359250
16-11	347890
16-11	01079340
16-12	175040
16-12	167050
16-12	176810
16-12	168710
16-12	167130
16-12	283430
16-12	114540
16-12	166660
16-12	012560
16-12	01046830
16-13	245240
16-13	120830
16-13	059500
16-13	122050
16-13	01032000
16-13	118310
16-13	123190
16-13	109780
16-13	123580
16-13	01004600
16-14	138880
16-14	060530
16-14	101830
16-14	060980
16-14	167830
16-14	137030
16-14	136050
16-14	138920
16-14	062290
16-14	136360
16-15	198250
16-15	200610
16-15	060530
16-15	197150
16-15	200590
16-15	201750
16-15	204410
16-15	205500
16-15	208240
16-15	204260
16-16	022360
16-16	161130
16-16	437930
16-16	241510
16-16	234340
16-16	113580
16-16	003390
16-16	256750
16-16	033540
16-16	222630
16-17	355250
16-17	354260
16-17	352660
16-17	356060
16-17	363100
16-17	293370
16-17	356520
16-17	358440
16-17	01080370
16-17	357000
16-18	342770
16-18	064590
16-18	01076910
16-18	342950
16-18	343010
16-18	343000
16-18	343020
16-18	347410
16-18	350440
16-18	348410
16-19	524580
16-19	522220
16-19	525700
16-19	525500
16-19	523590
16-19	01100320
16-19	521690
16-19	524210
16-19	462760
16-19	523110
16-20	170900
16-20	167390
16-20	175080
16-20	390970
16-20	389620
16-20	01046210
16-20	168560
16-20	132950
16-20	138970
16-20	101240
16-21	055680
16-21	033910
16-21	033570
16-21	004620
16-21	033990
16-21	033680
16-21	005120
16-21	189760
16-21	01002830
16-21	033590
16-22	433450
16-22	151610
16-22	432430
16-22	419890
16-22	432710
16-22	01005150
16-22	433280
16-22	374150
16-22	089920
16-22	01026890
16-23	139610
16-23	133280
16-23	138220
16-23	004860
16-23	163530
16-23	005260
16-23	01002960
16-23	163520
16-23	137900
16-23	133160
16-24	343930
16-24	080970
16-24	344370
16-24	081270
16-24	344500
16-24	080810
16-24	015490
16-24	033050
16-24	015690
16-24	344470
16-25	498610
16-25	069610
16-25	374470
16-25	446230
16-25	070630
16-25	070640
16-25	071350
16-25	069230
16-25	069660
16-25	069680
16-26	082350
16-26	002110
16-26	373450
16-26	373400
16-26	373530
16-26	146890
16-26	374860
16-26	099480
16-26	373140
16-26	375990
16-27	498910
16-27	500460
16-27	01098450
16-27	066340
16-27	049560
16-27	499080
16-27	498920
16-27	529560
16-27	521140
16-27	327700
16-28	306410
16-28	389490
16-28	305880
16-28	165550
16-28	235050
16-28	304820
16-28	100220
16-28	091060
16-28	388910
16-28	118600
16-29	308220
16-29	308680
16-29	01072250
16-29	390030
16-29	307960
16-29	307810
16-29	169910
16-29	01071390
16-29	390440
16-29	305080
16-30	521110
16-30	521260
16-30	523600
16-30	398300
16-30	520020
16-30	519930
16-30	520340
16-30	521440
16-30	521470
16-30	522010
16-31	130330
16-31	130460
16-31	130040
16-31	130120
16-31	130090
16-31	129980
16-31	130490
16-31	130160
16-31	130350
16-31	130210
16-32	276160
16-32	300620
16-32	301630
16-32	395120
16-32	171240
16-32	300960
16-32	057970
16-32	168500
16-32	01044850
16-32	01070630
16-33	389320
16-33	301240
16-33	276030
16-33	389420
16-33	388050
16-33	280230
16-33	390360
16-33	165570
16-33	388810
16-33	01083910
16-34	080400
16-34	540040
16-34	284540
16-34	342960
16-34	284860
16-34	080560
16-34	289980
16-34	080650
16-34	080660
16-34	01018530
16-35	106860
16-35	105940
16-35	01028150
16-35	104590
16-35	104650
16-35	106070
16-35	249600
16-35	104560
16-35	106090
16-35	247610
16-36	135350
16-36	166280
16-36	141730
16-36	166680
16-36	133460
16-36	136830
16-36	133450
16-36	134030
16-36	134490
16-36	133860
16-37	262070
16-37	157530
16-37	157940
16-37	158460
16-37	324910
16-37	158630
16-37	047490
16-37	158320
16-37	473490
16-37	039500
16-38	166270
16-38	082200
16-38	294550
16-38	301930
16-38	168010
16-38	300930
16-38	168360
16-38	01001750
16-38	083270
16-38	01022000
16-39	469390
16-39	324800
16-39	469900
16-39	468790
16-39	468800
16-39	469940
16-39	470270
16-39	468940
16-39	468150
16-39	468730
16-40	485240
16-40	484380
16-40	484630
16-40	521590
16-40	484390
16-40	484560
16-40	485280
16-40	354070
16-40	256200
16-40	01097780
16-41	038110
16-41	163350
16-41	162830
16-41	165410
16-41	164130
16-41	067810
16-41	301170
16-41	038140
16-41	552560
16-41	01013700
16-42	004730
16-42	021270
16-42	017760
16-42	053420
16-42	01002650
16-42	005860
16-42	021250
16-42	035480
16-42	01098350
16-42	090190
16-43	005250
16-43	005820
16-43	006430
16-43	007800
16-43	006720
16-43	005760
16-43	117670
16-43	233940
16-43	004630
16-43	01002820
16-44	113810
16-44	005290
16-44	006040
16-44	005240
16-44	006140
16-44	01002720
16-44	008090
16-44	005830
16-44	005140
16-44	195450
16-45	007190
16-45	004330
16-45	005650
16-45	005290
16-45	005240
16-45	007070
16-45	119140
16-45	006920
16-45	01002560
16-45	008660
16-46	011610
16-46	011640
16-46	124360
16-46	138980
16-46	013360
16-46	391480
16-46	01051240
16-46	060470
16-46	012070
16-46	011240
16-47	053930
16-47	395010
16-47	053550
16-47	053740
16-47	469580
16-47	468210
16-47	468940
16-47	468050
16-47	468470
16-47	043690
16-48	067680
16-48	017510
16-48	067050
16-48	067150
16-48	388370
16-48	336780
16-48	342700
16-48	01083880
16-48	067340
16-48	067170
16-49	070730
16-49	070870
16-49	069800
16-49	071760
16-49	072590
16-49	070460
16-49	156540
16-49	01013390
16-49	279700
16-49	070390
16-50	130420
16-50	071540
16-50	130470
16-50	01020220
16-50	130430
16-50	130400
16-50	214130
16-50	519950
16-50	104730
16-50	107170
16-51	084590
16-51	506640
16-51	084730
16-51	084520
16-51	161120
16-51	024270
16-51	222630
16-51	322550
16-51	084400
16-51	316740
16-52	137900
16-52	215360
16-52	101410
16-52	059460
16-52	225820
16-52	000450
16-52	301880
16-52	281230
16-52	009180
16-52	169440
16-53	123430
16-53	415840
16-53	288220
16-53	128900
16-53	019040
16-53	118410
16-53	117360
16-53	121780
16-53	288180
16-53	337630
16-54	125870
16-54	120490
16-54	091840
16-54	119530
16-54	119620
16-54	126910
16-54	119280
16-54	118400
16-54	01033310
16-54	121670
16-55	155280
16-55	155110
16-55	156130
16-55	163340
16-55	154900
16-55	155170
16-55	152850
16-55	155930
16-55	154800
16-55	01007430
16-56	169290
16-56	172040
16-56	301770
16-56	137590
16-56	281010
16-56	174750
16-56	114670
16-56	377200
16-56	010770
16-56	282620
16-57	213790
16-57	337160
16-57	002970
16-57	214440
16-57	01054670
16-57	010690
16-57	023170
16-57	161090
16-57	215250
16-57	01000200
16-58	245930
16-58	245130
16-58	341520
16-58	155790
16-58	154600
16-58	244740
16-58	243770
16-58	258940
16-58	163890
16-58	245140
16-59	245090
16-59	089740
16-59	514020
16-59	108630
16-59	243920
16-59	244180
16-59	01007720
16-59	089930
16-59	245230
16-59	290970
16-60	164400
16-60	279170
16-60	280430
16-60	162430
16-60	279180
16-60	165880
16-60	168810
16-60	279220
16-60	280310
16-60	162390
16-61	307990
16-61	304600
16-61	476990
16-61	307880
16-61	306090
16-61	305820
16-61	304410
16-61	304410
16-61	304620
16-61	101410
16-62	310710
16-62	277730
16-62	277020
16-62	311920
16-62	01072390
16-62	310340
16-62	304750
16-62	01072610
16-62	01093590
16-62	489170
16-63	081800
16-63	064720
16-63	395160
16-63	326700
16-63	081860
16-63	154880
16-63	327110
16-63	258950
16-63	479000
16-63	316330
16-64	349860
16-64	076690
16-64	351600
16-64	353610
16-64	351650
16-64	070320
16-64	076550
16-64	360510
16-64	351050
16-64	072570
16-65	387760
16-65	233540
16-65	037730
16-65	326480
16-65	284430
16-65	162640
16-65	130600
16-65	01008270
16-65	080540
16-65	01001360
16-66	405760
16-66	404030
16-66	404830
16-66	403320
16-66	408970
16-66	401530
16-66	409200
16-66	01085190
16-66	404440
16-66	407640
16-67	440120
16-67	441680
16-67	441660
16-67	444520
16-67	441970
16-67	441590
16-67	442590
16-67	441670
16-67	440540
16-67	441630
16-68	440100
16-68	437780
16-68	440130
16-68	440860
16-68	440070
16-68	439330
16-68	443830
16-68	438640
16-68	443300
16-68	442580
16-69	030370
16-69	030470
16-69	030280
16-69	030420
16-69	212520
16-69	030480
16-69	324020
16-69	098730
16-69	087690
16-69	244230
16-70	001150
16-70	347940
16-70	003120
16-70	017030
16-70	345360
16-70	289270
16-70	446640
16-70	108570
16-70	032240
16-70	108520
16-71	000500
16-71	129990
16-71	003550
16-71	213910
16-71	036490
16-71	112910
16-71	067830
16-71	069300
16-71	01018530
16-71	146610
16-72	058930
16-72	115840
16-72	057960
16-72	058440
16-72	061850
16-72	323890
16-72	168890
16-72	059600
16-72	281350
16-72	268890
16-73	326460
16-73	326650
16-73	326550
16-73	326540
16-73	327160
16-73	326700
16-73	315680
16-73	327100
16-73	258950
16-73	326780
16-74	447090
16-74	448470
16-74	446940
16-74	446710
16-74	448250
16-74	005920
16-74	447290
16-74	447110
16-74	113910
16-74	005980
16-75	503130
16-75	503630
16-75	273150
16-75	270460
16-75	272020
16-75	272150
16-75	274800
16-75	273540
16-75	273070
16-75	333230
16-76	000010
16-76	001600
16-76	436790
16-76	080230
16-76	041440
16-76	038140
16-76	035750
16-76	01011870
16-76	01013780
16-76	003130
16-77	064660
16-77	064650
16-77	029900
16-77	049620
16-77	285190
16-77	082650
16-77	090460
16-77	356530
16-77	118380
16-77	01013860
16-78	197450
16-78	194600
16-78	202610
16-78	203290
16-78	194980
16-78	061460
16-78	198750
16-78	202460
16-78	01045470
16-78	01049310
16-79	440050
16-79	440030
16-79	440080
16-79	01090230
16-79	439320
16-79	440870
16-79	439310
16-79	442570
16-79	441360
16-79	01089600
16-80	281910
16-80	280220
16-80	281710
16-80	281740
16-80	282290
16-80	165650
16-80	174450
16-80	169320
16-80	283710
16-80	169680
16-81	346430
16-81	552630
16-81	345570
16-81	01077600
16-81	347240
16-81	346530
16-81	345950
16-81	342390
16-81	01077360
16-81	345610
16-82	342220
16-82	132650
16-82	342260
16-82	342270
16-82	342450
16-82	342440
16-82	342430
16-82	342330
16-82	342590
16-82	01076240
16-83	526260
16-83	525150
16-83	523820
16-83	431460
16-83	525170
16-83	526970
16-83	525880
16-83	524350
16-83	523310
16-83	525730
16-84	015470
16-84	000470
16-84	085700
16-84	035550
16-84	021230
16-84	029850
16-84	015450
16-84	015540
16-84	01006640
16-84	015690
16-85	032970
16-85	033310
16-85	032980
16-85	032880
16-85	314200
16-85	491610
16-85	131880
16-85	491420
16-85	032900
16-85	105590
16-86	261730
16-86	042420
16-86	262220
16-86	041180
16-86	045460
16-86	243750
16-86	043470
16-86	041260
16-86	039840
16-86	471880
16-87	260990
16-87	244000
16-87	043840
16-87	086890
16-87	109820
16-87	326990
16-87	542250
16-87	155600
16-87	337090
16-87	297850
16-88	053630
16-88	054030
16-88	026710
16-88	054190
16-88	053420
16-88	004310
16-88	017780
16-88	053470
16-88	017770
16-88	017760
16-89	073310
16-89	071450
16-89	328360
16-89	073590
16-89	076130
16-89	078130
16-89	073370
16-89	078530
16-89	076120
16-89	01020460
16-90	327170
16-90	270010
16-90	109670
16-90	01029270
16-90	134460
16-90	109660
16-90	099450
16-90	000490
16-90	164910
16-90	117600
16-91	006840
16-91	181900
16-91	181910
16-91	181950
16-91	181790
16-91	498760
16-91	182210
16-91	182200
16-91	182530
16-91	498770
16-92	199430
16-92	200160
16-92	197760
16-92	197420
16-92	202220
16-92	200140
16-92	198260
16-92	197810
16-92	197440
16-92	193850
16-93	328030
16-93	144980
16-93	01004290
16-93	007760
16-93	269160
16-93	254540
16-93	01075230
16-93	01009400
16-93	269800
16-93	002560
16-94	360930
16-94	358260
16-94	359870
16-94	364920
16-94	363370
16-94	365790
16-94	471600
16-94	030350
16-94	030400
16-94	030310
17-1	254620
17-1	157080
17-1	471520
17-1	471670
17-1	471510
17-1	157480
17-1	261180
17-1	471840
17-1	472230
17-1	261850
17-2	473510
17-2	472830
17-2	473320
17-2	01096040
17-2	471680
17-2	473800
17-2	471750
17-2	472190
17-2	01095860
17-2	474880
17-3	473700
17-3	473710
17-3	474440
17-3	474420
17-3	472880
17-3	472440
17-3	472760
17-3	474430
17-3	473570
17-3	472460
17-4	490700
17-4	490660
17-4	490250
17-4	491280
17-4	491520
17-4	490600
17-4	551520
17-4	512630
17-4	533110
17-4	01098200
17-5	038160
17-5	154790
17-5	326640
17-5	038430
17-5	326450
17-5	415900
17-5	415830
17-5	037680
17-5	258610
17-5	471250
17-6	037730
17-6	161090
17-6	039540
17-6	326480
17-6	000090
17-6	069220
17-6	003060
17-6	268400
17-6	337040
17-6	000340
17-7	080450
17-7	080350
17-7	081370
17-7	343320
17-7	000080
17-7	081150
17-7	080300
17-7	284460
17-7	078970
17-7	01021980
17-8	214040
17-8	001770
17-8	163990
17-8	528180
17-8	275010
17-8	033760
17-8	505430
17-8	214410
17-8	294470
17-8	505450
17-9	319610
17-9	033010
17-9	319600
17-9	319620
17-9	161130
17-9	004550
17-9	161170
17-9	001200
17-9	323870
17-9	399920
17-10	437790
17-10	438240
17-10	438790
17-10	437660
17-10	437910
17-10	233780
17-10	438250
17-10	233820
17-10	439080
17-10	002060
17-11	479010
17-11	016770
17-11	054260
17-11	478690
17-11	053870
17-11	007530
17-11	478670
17-11	000390
17-11	336830
17-11	337080
17-12	000730
17-12	152790
17-12	032960
17-12	053550
17-12	053840
17-12	021360
17-12	316010
17-12	109780
17-12	021230
17-12	01000250
17-13	531840
17-13	531490
17-13	530100
17-13	01100880
17-13	548580
17-13	533810
17-13	535220
17-13	528570
17-13	532600
17-13	532520
17-14	286820
17-14	287060
17-14	069080
17-14	284880
17-14	287630
17-14	079780
17-14	287270
17-14	285840
17-14	286240
17-14	286480
17-15	000290
17-15	000370
17-15	000350
17-15	031270
17-15	000170
17-15	323830
17-15	098640
17-15	108420
17-15	400160
17-15	103730
17-16	268950
17-16	476310
17-16	476280
17-16	477080
17-16	269030
17-16	475650
17-16	501170
17-16	476430
17-16	477810
17-16	271280
17-17	021250
17-17	053580
17-17	053930
17-17	017770
17-17	053790
17-17	053420
17-17	451380
17-17	021270
17-17	451370
17-17	154320
17-18	123080
17-18	200620
17-18	059930
17-18	236940
17-18	045000
17-18	196770
17-18	196190
17-18	281660
17-18	01051070
17-18	200730
17-19	371910
17-19	048730
17-19	156180
17-19	332390
17-19	045200
17-19	01015370
17-19	043250
17-19	048920
17-19	477010
17-19	047000
17-20	158220
17-20	261350
17-20	332060
17-20	042450
17-20	046670
17-20	039870
17-20	260660
17-20	044870
17-20	155480
17-20	260260
17-21	181300
17-21	181290
17-21	181560
17-21	084830
17-21	181440
17-21	01047020
17-21	034530
17-21	037540
17-21	01083490
17-21	033650
17-22	358150
17-22	345710
17-22	359520
17-22	343850
17-22	107210
17-22	365370
17-22	084520
17-22	362900
17-22	01081720
17-22	01081460
17-23	525970
17-23	522180
17-23	381450
17-23	526880
17-23	524600
17-23	523790
17-23	524890
17-23	453890
17-23	524880
17-23	525400
17-24	071120
17-24	430970
17-24	075450
17-24	073190
17-24	069700
17-24	078320
17-24	074880
17-24	075350
17-24	072830
17-24	074040
17-25	034750
17-25	034760
17-25	035090
17-25	552620
17-25	034890
17-25	034790
17-25	395820
17-25	107150
17-25	106930
17-25	259470
17-26	157030
17-26	197310
17-26	201670
17-26	197830
17-26	058710
17-26	199770
17-26	440360
17-26	198740
17-26	195800
17-26	195850
17-27	239580
17-27	239600
17-27	239590
17-27	004400
17-27	161100
17-27	221350
17-27	221360
17-27	234320
17-27	004410
17-27	058560
17-28	467870
17-28	468280
17-28	468110
17-28	468590
17-28	468100
17-28	468420
17-28	468170
17-28	468950
17-28	468130
17-28	468930
17-29	051660
17-29	046610
17-29	049280
17-29	049750
17-29	048410
17-29	049640
17-29	049860
17-29	046920
17-29	048320
17-29	264690
17-30	003080
17-30	035410
17-30	066860
17-30	016980
17-30	003070
17-30	030110
17-30	004290
17-30	002760
17-30	016930
17-30	031610
17-31	441630
17-31	441670
17-31	441680
17-31	437780
17-31	440080
17-31	444520
17-31	439330
17-31	440100
17-31	139120
17-31	440660
17-32	478930
17-32	479080
17-32	478750
17-32	081540
17-32	478720
17-32	478950
17-32	478940
17-32	082000
17-32	01096830
17-32	01096840
17-33	346950
17-33	345810
17-33	290680
17-33	01030420
17-33	352340
17-33	113880
17-33	113730
17-33	349850
17-33	006430
17-33	193850
17-34	499500
17-34	498250
17-34	327980
17-34	498530
17-34	325130
17-34	499490
17-34	341530
17-34	500980
17-34	161120
17-34	500600
17-35	037350
17-35	037300
17-35	01013540
17-35	037230
17-35	241790
17-35	239300
17-35	417140
17-35	130920
17-35	01047970
17-35	01013500
17-36	081240
17-36	046000
17-36	245550
17-36	081330
17-36	081250
17-36	101420
17-36	080980
17-36	081170
17-36	046590
17-36	254820
17-37	077170
17-37	077720
17-37	189560
17-37	352710
17-37	072430
17-37	020990
17-37	157160
17-37	352940
17-37	477550
17-37	354550
17-38	113330
17-38	113150
17-38	113010
17-38	338990
17-38	113250
17-38	112810
17-38	113110
17-38	113320
17-38	482500
17-38	387940
17-39	331460
17-39	416420
17-39	261440
17-39	155230
17-39	155870
17-39	01039370
17-39	042520
17-39	212930
17-39	259970
17-39	041720
17-40	154540
17-40	154870
17-40	336820
17-40	154830
17-40	038440
17-40	373120
17-40	336780
17-40	068740
17-40	032320
17-40	01034560
17-41	165350
17-41	163120
17-41	455250
17-41	162640
17-41	163960
17-41	162410
17-41	345050
17-41	080480
17-41	162670
17-41	003820
17-42	193260
17-42	193880
17-42	193250
17-42	193900
17-42	193460
17-42	193910
17-42	193210
17-42	193240
17-42	01042800
17-42	032290
17-43	196300
17-43	195740
17-43	195630
17-43	194760
17-43	040300
17-43	193850
17-43	019610
17-43	019280
17-43	247340
17-43	01058000
17-44	196490
17-44	198380
17-44	040880
17-44	006850
17-44	203050
17-44	197310
17-44	195380
17-44	195440
17-44	195850
17-44	008390
17-45	236820
17-45	236380
17-45	01032420
17-45	01070850
17-45	01059020
17-45	271470
17-45	238070
17-45	063780
17-45	267010
17-45	01085390
17-46	256950
17-46	257310
17-46	257120
17-46	061550
17-46	155930
17-46	257060
17-46	257250
17-46	079140
17-46	257070
17-46	256810
17-47	205450
17-47	311460
17-47	277930
17-47	01098030
17-47	282860
17-47	174830
17-47	491240
17-47	312100
17-47	494630
17-47	491370
17-48	205450
17-48	277930
17-48	491380
17-48	311460
17-48	282860
17-48	174830
17-48	491340
17-48	493990
17-48	312100
17-48	494630
17-49	345890
17-49	343870
17-49	344930
17-49	344920
17-49	345910
17-49	347610
17-49	343530
17-49	342700
17-49	068340
17-49	344450
17-50	387640
17-50	387140
17-50	387150
17-50	530960
17-50	387670
17-50	170410
17-50	387120
17-50	395030
17-50	387060
17-50	387530
17-51	401960
17-51	402940
17-51	403210
17-51	223420
17-51	328170
17-51	260280
17-51	225370
17-51	136280
17-51	155920
17-51	164180
17-52	460710
17-52	456470
17-52	458710
17-52	456290
17-52	462580
17-52	458700
17-52	458540
17-52	460080
17-52	456110
17-52	460040
17-53	207930
17-53	197390
17-53	296170
17-53	198550
17-53	350490
17-53	01004550
17-53	204250
17-53	199980
17-53	195510
17-53	350160
17-54	033750
17-54	247560
17-54	01061080
17-54	248020
17-54	247420
17-54	248590
17-54	247530
17-54	250620
17-54	250470
17-54	248560
17-55	257400
17-55	257110
17-55	257380
17-55	01079500
17-55	045650
17-55	257030
17-55	386420
17-55	256880
17-55	01062190
17-55	067610
17-56	506030
17-56	506050
17-56	505660
17-56	505750
17-56	506590
17-56	506090
17-56	506120
17-56	507060
17-56	505730
17-56	505870
17-57	01065150
17-57	120310
17-57	280710
17-57	01044400
17-57	120030
17-57	101140
17-57	120080
17-57	138130
17-57	119840
17-57	119120
17-58	271650
17-58	406710
17-58	405000
17-58	406340
17-58	404030
17-58	405740
17-58	01063920
17-58	401530
17-58	401040
17-58	288680
17-59	420690
17-59	420810
17-59	420100
17-59	421030
17-59	421860
17-59	422920
17-59	420750
17-59	421640
17-59	420420
17-59	421630
17-60	469320
17-60	469150
17-60	469330
17-60	468790
17-60	469940
17-60	469540
17-60	469760
17-60	469140
17-60	468680
17-60	043690
17-61	391180
17-61	282940
17-61	140470
17-61	171730
17-61	281640
17-61	130970
17-61	174180
17-61	173430
17-61	011710
17-61	140550
17-62	034960
17-62	521950
17-62	329300
17-62	224950
17-62	543690
17-62	009150
17-62	232480
17-62	230920
17-62	230900
17-62	009690
17-63	053580
17-63	053470
17-63	000270
17-63	000390
17-63	01008100
17-63	017820
17-63	021250
17-63	053420
17-63	098920
17-63	000480
17-64	054990
17-64	01015850
17-64	053770
17-64	053660
17-64	054700
17-64	054190
17-64	018120
17-64	054270
17-64	468930
17-64	018140
17-65	324950
17-65	060170
17-65	060780
17-65	323900
17-65	324360
17-65	170390
17-65	326410
17-65	161120
17-65	328800
17-65	061990
17-66	01019140
17-66	067390
17-66	068090
17-66	067460
17-66	067220
17-66	068230
17-66	067120
17-66	098140
17-66	067810
17-66	067060
17-67	018890
17-67	065490
17-67	081430
17-67	080780
17-67	073890
17-67	335990
17-67	071260
17-67	071570
17-67	081330
17-67	071610
17-68	108170
17-68	108240
17-68	108150
17-68	108180
17-68	438490
17-68	108140
17-68	438790
17-68	108160
17-68	108200
17-68	438200
17-69	118450
17-69	119320
17-69	119370
17-69	119360
17-69	118480
17-69	118310
17-69	257180
17-69	123650
17-69	117300
17-69	117310
17-70	173470
17-70	137910
17-70	215460
17-70	059160
17-70	168730
17-70	141850
17-70	120870
17-70	281070
17-70	01049810
17-70	199620
17-71	171130
17-71	139240
17-71	137530
17-71	139600
17-71	01035570
17-71	114910
17-71	201660
17-71	136830
17-71	138630
17-71	216190
17-72	194990
17-72	194980
17-72	205710
17-72	194940
17-72	194960
17-72	200960
17-72	01003500
17-72	194600
17-72	009170
17-72	199610
17-73	201390
17-73	199420
17-73	202370
17-73	196350
17-73	200060
17-73	208250
17-73	207930
17-73	199600
17-73	207620
17-73	200470
17-74	213060
17-74	067040
17-74	213220
17-74	213100
17-74	213870
17-74	300470
17-74	212850
17-74	213180
17-74	004440
17-74	213680
17-75	215080
17-75	216910
17-75	215560
17-75	216130
17-75	213610
17-75	212840
17-75	217140
17-75	086760
17-75	059210
17-75	216450
17-76	216890
17-76	379470
17-76	058400
17-76	216250
17-76	216040
17-76	216090
17-76	216230
17-76	120160
17-76	216550
17-76	062650
17-77	218760
17-77	219070
17-77	218190
17-77	360480
17-77	345770
17-77	360710
17-77	344210
17-77	362310
17-77	296520
17-77	215870
17-78	230200
17-78	231090
17-78	125050
17-78	229900
17-78	231280
17-78	228750
17-78	172500
17-78	172610
17-78	134380
17-78	134040
17-79	309040
17-79	309860
17-79	308960
17-79	307730
17-79	309030
17-79	307710
17-79	312420
17-79	170830
17-79	305270
17-79	307410
17-80	341930
17-80	341880
17-80	341890
17-80	450010
17-80	320290
17-80	341850
17-80	341810
17-80	341750
17-80	341920
17-80	341710
17-81	343930
17-81	344370
17-81	344500
17-81	080810
17-81	342140
17-81	185770
17-81	344470
17-81	358310
17-81	355480
17-81	489810
17-82	055360
17-82	468340
17-82	055260
17-82	469070
17-82	367710
17-82	360900
17-82	363150
17-82	316370
17-82	245240
17-82	003420
17-83	441680
17-83	441610
17-83	440120
17-83	443840
17-83	442580
17-83	442990
17-83	441660
17-83	440840
17-83	441630
17-83	440980
17-84	455940
17-84	458230
17-84	457770
17-84	456180
17-84	458770
17-84	457400
17-84	457260
17-84	456910
17-84	457800
17-84	460460
17-85	531730
17-85	530230
17-85	536270
17-85	529830
17-85	529820
17-85	536310
17-85	529530
17-85	535710
17-85	531370
17-85	532020
17-86	061590
17-86	063020
17-86	061460
17-86	060100
17-86	063390
17-86	216840
17-86	063320
17-86	122970
17-86	172890
17-86	124200
17-87	152900
17-87	152970
17-87	146940
17-87	152940
17-87	153570
17-87	153030
17-87	015840
17-87	153510
17-87	153150
17-87	01037870
17-88	132940
17-88	193690
17-88	212750
17-88	055970
17-88	193700
17-88	196290
17-88	000270
17-88	116440
17-88	193410
17-88	099450
17-89	243220
17-89	01057710
17-89	01010440
17-89	243080
17-89	168170
17-89	021930
17-89	243140
17-89	042110
17-89	505490
17-89	373900
17-90	053840
17-90	021360
17-90	395010
17-90	053550
17-90	053930
17-90	336710
17-90	043690
17-90	154320
17-90	038070
17-90	037510
17-91	154530
17-91	003590
17-91	066940
17-91	037720
17-91	003600
17-91	067150
17-91	067260
17-91	01024240
17-91	066890
17-91	01001360
17-92	017360
17-92	435040
17-92	513310
17-92	068670
17-92	01081190
17-92	352300
17-92	068740
17-92	519840
17-92	01007920
17-92	068570
17-93	113870
17-93	01076870
17-93	113950
17-93	113730
17-93	114230
17-93	113890
17-93	01030420
17-93	133490
17-93	114090
17-93	116930
17-94	116780
17-94	247860
17-94	105360
17-94	104520
17-94	005230
17-94	248540
17-94	060610
17-94	105180
17-94	105610
17-94	01101190
18-1	136370
18-1	164770
18-1	133990
18-1	134230
18-1	117900
18-1	116810
18-1	136200
18-1	134420
18-1	134590
18-1	057240
18-2	326690
18-2	154890
18-2	258700
18-2	326660
18-2	258890
18-2	154680
18-2	258690
18-2	323830
18-2	471340
18-2	471300
18-3	01071060
18-3	174770
18-3	176560
18-3	01046280
18-3	01045930
18-3	175060
18-3	178130
18-3	141770
18-3	175770
18-3	01005600
18-4	181980
18-4	230950
18-4	182990
18-4	027120
18-4	182620
18-4	181760
18-4	548410
18-4	181720
18-4	146760
18-4	181660
18-5	188620
18-5	188870
18-5	188610
18-5	473450
18-5	188810
18-5	451810
18-5	188890
18-5	036790
18-5	188380
18-5	01047830
18-6	098650
18-6	233630
18-6	000020
18-6	233650
18-6	055560
18-6	233610
18-6	000140
18-6	103700
18-6	000040
18-6	01012600
18-7	319860
18-7	01073790
18-7	319880
18-7	320910
18-7	319850
18-7	01074010
18-7	325620
18-7	490580
18-7	202060
18-7	008190
18-8	393670
18-8	389330
18-8	388970
18-8	393590
18-8	389910
18-8	276990
18-8	391200
18-8	393370
18-8	389030
18-8	391440
18-9	396050
18-9	530190
18-9	258670
18-9	506860
18-9	017630
18-9	046000
18-9	529440
18-9	295920
18-9	260350
18-9	059420
18-10	529340
18-10	529620
18-10	533650
18-10	532430
18-10	532570
18-10	531110
18-10	532290
18-10	532670
18-10	01064210
18-10	530560
18-11	484070
18-11	349660
18-11	345890
18-11	347870
18-11	017580
18-11	081860
18-11	542250
18-11	352300
18-11	345420
18-11	347670
18-12	469030
18-12	090310
18-12	468880
18-12	467960
18-12	468560
18-12	018200
18-12	468420
18-12	468010
18-12	468490
18-12	469130
18-13	005820
18-13	019310
18-13	194470
18-13	194910
18-13	019450
18-13	194180
18-13	195180
18-13	019400
18-13	195590
18-13	01049630
18-14	347360
18-14	360940
18-14	349760
18-14	348230
18-14	352240
18-14	110060
18-14	349580
18-14	347660
18-14	345610
18-14	353140
18-15	011640
18-15	014130
18-15	124960
18-15	127330
18-15	011240
18-15	013670
18-15	303050
18-15	012070
18-15	012120
18-15	014830
18-16	132140
18-16	475720
18-16	087330
18-16	528520
18-16	034320
18-16	034180
18-16	086940
18-16	087490
18-16	304980
18-16	087840
18-17	383070
18-17	126360
18-17	116440
18-17	119210
18-17	120080
18-17	303050
18-17	01012240
18-17	179680
18-17	01005750
18-17	217200
18-18	331930
18-18	328400
18-18	334130
18-18	418570
18-18	531440
18-18	334290
18-18	333850
18-18	332080
18-18	324950
18-18	222870
18-19	164780
18-19	376190
18-19	163250
18-19	279240
18-19	388720
18-19	170580
18-19	275640
18-19	167050
18-19	163100
18-19	133250
18-20	224380
18-20	224350
18-20	162990
18-20	056150
18-20	279340
18-20	002060
18-20	164250
18-20	163030
18-20	004320
18-20	132860
18-21	001950
18-21	098670
18-21	000040
18-21	078890
18-21	342570
18-21	030110
18-21	348130
18-21	000430
18-21	342310
18-21	000130
18-22	281070
18-22	137910
18-22	008720
18-22	059160
18-22	120870
18-22	009890
18-22	168730
18-22	01049810
18-22	199620
18-22	009200
18-23	033280
18-23	446500
18-23	033180
18-23	447410
18-23	01012500
18-23	446960
18-23	033420
18-23	032940
18-23	446270
18-23	314200
18-24	119620
18-24	119280
18-24	119740
18-24	119260
18-24	119460
18-24	121850
18-24	119660
18-24	118500
18-24	116760
18-24	154720
18-25	216840
18-25	200620
18-25	201630
18-25	200650
18-25	201430
18-25	203290
18-25	245930
18-25	122970
18-25	046260
18-25	171910
18-26	01068090
18-26	283210
18-26	283000
18-26	283670
18-26	165330
18-26	175890
18-26	175880
18-26	168980
18-26	176250
18-26	173520
18-27	081720
18-27	037700
18-27	156400
18-27	344630
18-27	01038240
18-27	490110
18-27	156650
18-27	01038230
18-27	067480
18-27	259050
18-28	000150
18-28	003030
18-28	000080
18-28	103690
18-28	152650
18-28	003070
18-28	000020
18-28	152640
18-28	031240
18-28	003020
18-29	029810
18-29	004510
18-29	274990
18-29	055700
18-29	184480
18-29	113520
18-29	002050
18-29	279140
18-29	224300
18-29	01066560
18-30	006600
18-30	006760
18-30	007890
18-30	005690
18-30	194070
18-30	007620
18-30	005740
18-30	163520
18-30	006390
18-30	007440
18-31	017870
18-31	006120
18-31	395010
18-31	006400
18-31	005840
18-31	315140
18-31	053600
18-31	008220
18-31	005600
18-31	189560
18-32	008790
18-32	439000
18-32	005870
18-32	007220
18-32	007810
18-32	01004660
18-32	234570
18-32	057850
18-32	009080
18-32	01003180
18-33	007390
18-33	010350
18-33	198670
18-33	008940
18-33	139590
18-33	010420
18-33	007100
18-33	007050
18-33	01003700
18-33	01003180
18-34	005760
18-34	006430
18-34	006770
18-34	01002410
18-34	008500
18-34	01003150
18-34	117990
18-34	01003090
18-34	01002780
18-34	004320
18-35	026690
18-35	021930
18-35	055940
18-35	004600
18-35	446410
18-35	057240
18-35	446610
18-35	162300
18-35	152840
18-35	114040
18-36	037690
18-36	002860
18-36	154360
18-36	055600
18-36	133950
18-36	103770
18-36	004410
18-36	000400
18-36	242740
18-36	103760
18-37	217330
18-37	045320
18-37	436860
18-37	01014830
18-37	243780
18-37	353070
18-37	002920
18-37	158030
18-37	019050
18-37	336470
18-38	065510
18-38	065530
18-38	065490
18-38	335950
18-38	528200
18-38	335940
18-38	130680
18-38	065540
18-38	335990
18-38	036520
18-39	075250
18-39	074530
18-39	072170
18-39	072850
18-39	075750
18-39	075290
18-39	075610
18-39	071020
18-39	069320
18-39	076490
18-40	018910
18-40	412460
18-40	081460
18-40	104890
18-40	412640
18-40	017260
18-40	412690
18-40	413000
18-40	080470
18-40	018870
18-41	01022210
18-41	084510
18-41	090430
18-41	082830
18-41	045320
18-41	019150
18-41	294330
18-41	156970
18-41	018980
18-41	01014960
18-42	151380
18-42	388020
18-42	224550
18-42	163770
18-42	162860
18-42	162530
18-42	133750
18-42	162590
18-42	132840
18-42	164090
18-43	223700
18-43	271800
18-43	225840
18-43	262700
18-43	045460
18-43	122750
18-43	089710
18-43	114920
18-43	158180
18-43	043470
18-44	163890
18-44	165220
18-44	040270
18-44	163340
18-44	155020
18-44	154600
18-44	154430
18-44	165210
18-44	166310
18-44	245130
18-45	300790
18-45	164350
18-45	174150
18-45	166890
18-45	171660
18-45	301630
18-45	067630
18-45	168500
18-45	070400
18-45	01044850
18-46	324000
18-46	109330
18-46	183510
18-46	110070
18-46	244110
18-46	323960
18-46	511320
18-46	267740
18-46	181660
18-46	227800
18-47	056970
18-47	194840
18-47	118230
18-47	196450
18-47	196600
18-47	196040
18-47	195780
18-47	039950
18-47	195980
18-47	194600
18-48	212430
18-48	004260
18-48	227460
18-48	080280
18-48	227440
18-48	066960
18-48	181640
18-48	067250
18-48	066840
18-48	066920
18-49	234160
18-49	213350
18-49	234480
18-49	267690
18-49	280100
18-49	269070
18-49	118230
18-49	056970
18-49	186330
18-49	457000
18-50	460840
18-50	276980
18-50	277180
18-50	281660
18-50	309450
18-50	01046270
18-50	276920
18-50	426910
18-50	216730
18-50	236940
18-51	279040
18-51	455240
18-51	274930
18-51	279060
18-51	162310
18-51	001660
18-51	002760
18-51	162290
18-51	162400
18-51	01008250
18-52	170010
18-52	172360
18-52	281290
18-52	170830
18-52	282300
18-52	162700
18-52	164870
18-52	167270
18-52	279210
18-52	01012090
18-53	292050
18-53	468410
18-53	043590
18-53	468350
18-53	290830
18-53	351640
18-53	054190
18-53	295250
18-53	298300
18-53	290330
18-54	344370
18-54	01011530
18-54	342660
18-54	345220
18-54	343490
18-54	476050
18-54	080950
18-54	067590
18-54	342130
18-54	133120
18-55	287970
18-55	018330
18-55	345730
18-55	344610
18-55	018340
18-55	344010
18-55	152120
18-55	344000
18-55	018350
18-55	327640
18-56	344260
18-56	235840
18-56	345690
18-56	345110
18-56	234910
18-56	358110
18-56	347400
18-56	353270
18-56	355890
18-56	01080400
18-57	347290
18-57	349550
18-57	247760
18-57	200200
18-57	355850
18-57	355370
18-57	349870
18-57	348180
18-57	262530
18-57	268700
18-58	347300
18-58	349010
18-58	350110
18-58	018040
18-58	346900
18-58	361810
18-58	351150
18-58	360530
18-58	150890
18-58	552710
18-59	349430
18-59	519840
18-59	350700
18-59	01001640
18-59	280460
18-59	484060
18-59	01080850
18-59	243880
18-59	01081220
18-59	484070
18-60	378790
18-60	376040
18-60	381540
18-60	170330
18-60	524280
18-60	377490
18-60	461040
18-60	489060
18-60	216330
18-60	377520
18-61	426290
18-61	404110
18-61	403980
18-61	459810
18-61	403440
18-61	403420
18-61	405960
18-61	407520
18-61	404770
18-61	402830
18-62	333780
18-62	159030
18-62	159720
18-62	255010
18-62	01061810
18-62	047470
18-62	255110
18-62	263950
18-62	265210
18-62	048620
18-63	415990
18-63	416530
18-63	416020
18-63	416280
18-63	327100
18-63	415980
18-63	326780
18-63	417820
18-63	416190
18-63	415840
18-64	022120
18-64	438670
18-64	439000
18-64	443330
18-64	440020
18-64	01088780
18-64	441560
18-64	441900
18-64	442850
18-64	01088990
18-65	441650
18-65	443820
18-65	442290
18-65	441610
18-65	01090290
18-65	441950
18-65	442820
18-65	441980
18-65	01088990
18-65	441400
18-66	479120
18-66	480320
18-66	478810
18-66	479290
18-66	055020
18-66	026410
18-66	481510
18-66	481300
18-66	480650
18-66	480630
18-67	244370
18-67	373740
18-67	432270
18-67	433280
18-67	505810
18-67	147490
18-67	01037270
18-67	181910
18-67	373370
18-67	374110
18-68	007900
18-68	130940
18-68	130890
18-68	130480
18-68	131160
18-68	148570
18-68	186170
18-68	130920
18-68	041940
18-68	130320
18-69	202720
18-69	376250
18-69	091530
18-69	089960
18-69	235360
18-69	01004270
18-69	136020
18-69	022930
18-69	059190
18-69	236040
18-70	130130
18-70	270270
18-70	327580
18-70	01034740
18-70	224530
18-70	224650
18-70	266660
18-70	166150
18-70	130150
18-70	395830
18-71	224120
18-71	224130
18-71	003150
18-71	108390
18-71	224100
18-71	108420
18-71	258740
18-71	032240
18-71	193850
18-71	01000510
18-72	054260
18-72	054510
18-72	016770
18-72	483110
18-72	01009560
18-72	336830
18-72	000650
18-72	243800
18-72	244230
18-72	243790
18-73	326900
18-73	335570
18-73	261440
18-73	155870
18-73	259970
18-73	01047340
18-73	212930
18-73	471420
18-73	259000
18-73	259240
18-74	343890
18-74	289510
18-74	345870
18-74	161680
18-74	028060
18-74	362930
18-74	084170
18-74	108520
18-74	108530
18-74	084160
18-75	376250
18-75	091530
18-75	459370
18-75	375400
18-75	270580
18-75	136020
18-75	378230
18-75	375370
18-75	379880
18-75	235360
18-76	416850
18-76	416530
18-76	415990
18-76	416280
18-76	415980
18-76	416510
18-76	417820
18-76	416200
18-76	416470
18-76	416800
18-77	475980
18-77	476480
18-77	476390
18-77	477560
18-77	476430
18-77	475890
18-77	475760
18-77	330020
18-77	414890
18-77	476750
18-78	499940
18-78	131560
18-78	072300
18-78	500200
18-78	499000
18-78	091530
18-78	529460
18-78	270580
18-78	389930
18-78	339660
18-79	035850
18-79	046580
18-79	416510
18-79	415840
18-79	506420
18-79	009580
18-79	029930
18-79	045680
18-79	357880
18-79	506310
18-80	004430
18-80	108450
18-80	005480
18-80	108600
18-80	016660
18-80	032240
18-80	003150
18-80	323860
18-80	289270
18-80	108520
18-81	005520
18-81	004890
18-81	466660
18-81	067210
18-81	004420
18-81	006150
18-81	038110
18-81	01002440
18-81	344620
18-81	01002330
18-82	397850
18-82	398430
18-82	398560
18-82	398800
18-82	01084900
18-82	398540
18-82	397920
18-82	398320
18-82	398340
18-82	398570
18-83	053930
18-83	054310
18-83	053760
18-83	053860
18-83	053660
18-83	053740
18-83	053600
18-83	053450
18-83	322480
18-83	000620
18-84	060750
18-84	123690
18-84	118140
18-84	060830
18-84	217170
18-84	173080
18-84	055940
18-84	055820
18-84	059910
18-84	203050
18-85	063990
18-85	062690
18-85	062130
18-85	061500
18-85	180070
18-85	062200
18-85	210400
18-85	062330
18-85	063380
18-85	063280
18-86	108320
18-86	108220
18-86	108290
18-86	108200
18-86	073360
18-86	022840
18-86	022350
18-86	023210
18-86	01020460
18-86	023890
18-87	163420
18-87	119970
18-87	117240
18-87	167510
18-87	133600
18-87	117700
18-87	133330
18-87	118060
18-87	388250
18-87	117220
18-88	166660
18-88	165200
18-88	118010
18-88	113940
18-88	116410
18-88	124110
18-88	118830
18-88	117670
18-88	117210
18-88	117230
18-89	225460
18-89	301330
18-89	389840
18-89	166580
18-89	120040
18-89	100860
18-89	376720
18-89	007400
18-89	167240
18-89	01058080
18-90	119220
18-90	324000
18-90	223180
18-90	117930
18-90	122550
18-90	005300
18-90	122930
18-90	511320
18-90	323970
18-90	01002930
18-91	126860
18-91	127730
18-91	127440
18-91	126670
18-91	172610
18-91	014860
18-91	063990
18-91	129080
18-91	063380
18-91	170300
18-92	130330
18-92	130640
18-92	214130
18-92	036260
18-92	130160
18-92	130350
18-92	129980
18-92	130570
18-92	130210
18-92	092110
18-93	165360
18-93	164330
18-93	134730
18-93	134770
18-93	169820
18-93	134450
18-93	133020
18-93	171230
18-93	134740
18-93	133890
18-94	147330
18-94	146640
18-94	146690
18-94	146700
18-94	400600
18-94	01029300
18-94	069480
18-94	146710
18-94	471630
18-94	258650
19-1	518060
19-1	086090
19-1	108290
19-1	213300
19-1	040120
19-1	518030
19-1	518140
19-1	155550
19-1	099070
19-1	01037580
19-2	260680
19-2	157110
19-2	156760
19-2	038390
19-2	157530
19-2	040980
19-2	044910
19-2	041760
19-2	158630
19-2	01039150
19-3	101190
19-3	276330
19-3	177170
19-3	167760
19-3	171310
19-3	175540
19-3	100880
19-3	121310
19-3	118630
19-3	216630
19-4	136010
19-4	235470
19-4	197580
19-4	007400
19-4	119180
19-4	196940
19-4	058280
19-4	007560
19-4	194600
19-4	195980
19-5	008290
19-5	213130
19-5	006090
19-5	212520
19-5	034060
19-5	055680
19-5	034300
19-5	033580
19-5	033840
19-5	033690
19-6	031790
19-6	154620
19-6	244180
19-6	236300
19-6	091340
19-6	108690
19-6	245130
19-6	084280
19-6	395670
19-6	068380
19-7	254220
19-7	156390
19-7	156400
19-7	154390
19-7	155070
19-7	029910
19-7	155370
19-7	189880
19-7	339440
19-7	01038230
19-8	306760
19-8	305700
19-8	306460
19-8	307980
19-8	304750
19-8	305710
19-8	305790
19-8	307090
19-8	305800
19-8	304590
19-9	342760
19-9	016070
19-9	345700
19-9	345870
19-9	347960
19-9	01076830
19-9	161680
19-9	346690
19-9	01078590
19-9	343300
19-10	386150
19-10	01083360
19-10	383000
19-10	035990
19-10	063090
19-10	399560
19-10	308770
19-10	395320
19-10	377130
19-10	353860
19-11	01094980
19-11	468200
19-11	468000
19-11	468210
19-11	01095020
19-11	467790
19-11	468470
19-11	469170
19-11	468050
19-11	468950
19-12	473520
19-12	472720
19-12	157940
19-12	471800
19-12	473480
19-12	474640
19-12	158630
19-12	046610
19-12	471900
19-12	473490
19-13	156120
19-13	336930
19-13	017790
19-13	005420
19-13	212920
19-13	416480
19-13	260340
19-13	415730
19-13	134660
19-13	259600
19-14	388310
19-14	304610
19-14	185490
19-14	185460
19-14	021120
19-14	109070
19-14	511520
19-14	152190
19-14	016250
19-14	548320
19-15	023740
19-15	026790
19-15	027090
19-15	01010850
19-15	027210
19-15	194390
19-15	026620
19-15	01010550
19-15	01010600
19-15	031280
19-16	338670
19-16	031670
19-16	031450
19-16	065910
19-16	066110
19-16	065930
19-16	151270
19-16	066050
19-16	151260
19-16	194180
19-17	039640
19-17	328430
19-17	043940
19-17	260630
19-17	244830
19-17	472170
19-17	431040
19-17	045070
19-17	043600
19-17	044180
19-18	081710
19-18	156730
19-18	042590
19-18	038280
19-18	082010
19-18	081740
19-18	345760
19-18	081850
19-18	163350
19-18	037570
19-19	092660
19-19	106250
19-19	132350
19-19	010140
19-19	185020
19-19	105660
19-19	549120
19-19	243160
19-19	434230
19-19	086800
19-20	124420
19-20	124330
19-20	171710
19-20	125510
19-20	01033740
19-20	173880
19-20	173890
19-20	125670
19-20	125630
19-20	061990
19-21	124420
19-21	171710
19-21	175360
19-21	173880
19-21	124330
19-21	143240
19-21	006570
19-21	173890
19-21	125510
19-21	125630
19-22	194500
19-22	195370
19-22	458050
19-22	197150
19-22	184510
19-22	402590
19-22	137170
19-22	198510
19-22	108390
19-22	499550
19-23	009820
19-23	01063770
19-23	271170
19-23	258980
19-23	272350
19-23	268820
19-23	271850
19-23	270920
19-23	269820
19-23	009120
19-24	355610
19-24	355240
19-24	361630
19-24	356290
19-24	040550
19-24	348600
19-24	357310
19-24	353890
19-24	347540
19-24	01079720
19-25	243630
19-25	089260
19-25	387280
19-25	387320
19-25	018080
19-25	099450
19-25	387270
19-25	196590
19-25	099500
19-25	031680
19-26	403440
19-26	406800
19-26	401570
19-26	407450
19-26	407290
19-26	404970
19-26	402160
19-26	402380
19-26	401970
19-26	406840
19-27	01094050
19-27	457230
19-27	524960
19-27	456000
19-27	459540
19-27	082290
19-27	458240
19-27	032340
19-27	01065670
19-27	081860
19-28	511390
19-28	511690
19-28	511240
19-28	511410
19-28	511860
19-28	511200
19-28	511310
19-28	511670
19-28	511790
19-28	511330
19-29	114500
19-29	197420
19-29	197760
19-29	042010
19-29	202000
19-29	202220
19-29	198260
19-29	008220
19-29	197810
19-29	193850
19-30	189450
19-30	505300
19-30	490730
19-30	317120
19-30	330060
19-30	189380
19-30	330410
19-30	488950
19-30	434840
19-30	508680
19-31	374300
19-31	243110
19-31	373670
19-31	373400
19-31	433490
19-31	01100070
19-31	432120
19-31	100390
19-31	088920
19-31	432100
19-32	057710
19-32	056740
19-32	060090
19-32	060940
19-32	056500
19-32	214240
19-32	058690
19-32	056970
19-32	318230
19-32	01012610
19-33	164440
19-33	165290
19-33	167480
19-33	163100
19-33	164790
19-33	136570
19-33	301300
19-33	224470
19-33	167180
19-33	171030
19-34	374040
19-34	375290
19-34	375070
19-34	373300
19-34	233840
19-34	376000
19-34	380050
19-34	376400
19-34	099920
19-34	090380
19-35	456670
19-35	456500
19-35	457520
19-35	455910
19-35	458770
19-35	456400
19-35	455800
19-35	412630
19-35	388220
19-35	457980
19-36	023360
19-36	025990
19-36	022470
19-36	01009680
19-36	022390
19-36	022230
19-36	023820
19-36	01009930
19-36	01009960
19-36	01009850
19-37	219860
19-37	144500
19-37	051070
19-37	265550
19-37	128110
19-37	052830
19-37	048110
19-37	046870
19-37	049180
19-37	200200
19-38	038550
19-38	019250
19-38	019270
19-38	038060
19-38	410740
19-38	511080
19-38	039540
19-38	065170
19-38	342620
19-38	01013750
19-39	107000
19-39	106610
19-39	157210
19-39	106730
19-39	336920
19-39	483040
19-39	285900
19-39	327690
19-39	105040
19-39	482850
19-40	134710
19-40	116510
19-40	141460
19-40	138920
19-40	166170
19-40	140420
19-40	137450
19-40	01031540
19-40	134030
19-40	306040
19-41	143260
19-41	139720
19-41	393730
19-41	141310
19-41	173280
19-41	171220
19-41	174640
19-41	138630
19-41	127330
19-41	146360
19-42	389420
19-42	135410
19-42	323000
19-42	306400
19-42	164590
19-42	166140
19-42	280360
19-42	280930
19-42	168790
19-42	041950
19-43	306580
19-43	166780
19-43	134960
19-43	166080
19-43	457890
19-43	214160
19-43	079320
19-43	01043010
19-43	164390
19-43	281510
19-44	188700
19-44	310430
19-44	188680
19-44	302570
19-44	188770
19-44	188650
19-44	272510
19-44	188570
19-44	189280
19-44	079750
19-45	178540
19-45	140550
19-45	173430
19-45	138870
19-45	229330
19-45	178080
19-45	011710
19-45	167690
19-45	208350
19-45	01059670
19-46	273100
19-46	362240
19-46	269960
19-46	269030
19-46	272120
19-46	268740
19-46	268540
19-46	269640
19-46	269730
19-46	086880
19-47	173430
19-47	181390
19-47	175150
19-47	163740
19-47	281400
19-47	176370
19-47	391350
19-47	171730
19-47	172350
19-47	167690
19-48	01022210
19-48	288300
19-48	396050
19-48	395640
19-48	016150
19-48	083210
19-48	347630
19-48	015730
19-48	395760
19-48	018980
19-49	397760
19-49	397750
19-49	397790
19-49	397770
19-49	356720
19-49	519870
19-49	519850
19-49	343440
19-49	349050
19-49	018050
19-50	419610
19-50	419770
19-50	248440
19-50	419660
19-50	419620
19-50	419830
19-50	044840
19-50	419650
19-50	419590
19-50	295660
19-51	433280
19-51	432120
19-51	361380
19-51	147800
19-51	149390
19-51	432300
19-51	507030
19-51	130800
19-51	147490
19-51	432290
19-52	448110
19-52	448490
19-52	446750
19-52	448480
19-52	448460
19-52	447060
19-52	446190
19-52	446710
19-52	447400
19-52	01090910
19-53	469900
19-53	468630
19-53	468220
19-53	127050
19-53	468210
19-53	468570
19-53	468540
19-53	468470
19-53	468730
19-53	469630
19-54	332140
19-54	474070
19-54	263560
19-54	474660
19-54	047520
19-54	473870
19-54	472820
19-54	472130
19-54	158870
19-54	471880
19-55	346420
19-55	348710
19-55	032110
19-55	484060
19-55	288220
19-55	345910
19-55	350440
19-55	345540
19-55	150890
19-55	01012060
19-56	031420
19-56	031380
19-56	079030
19-56	079270
19-56	078970
19-56	289210
19-56	031440
19-56	029820
19-56	079130
19-56	080350
19-57	056940
19-57	090690
19-57	094180
19-57	314170
19-57	057820
19-57	090150
19-57	089310
19-57	100180
19-57	314180
19-57	01031670
19-58	167670
19-58	303420
19-58	354900
19-58	164670
19-58	166160
19-58	350860
19-58	201570
19-58	346570
19-58	168500
19-58	01044850
19-59	493650
19-59	493690
19-59	491280
19-59	491450
19-59	493910
19-59	491290
19-59	204380
19-59	493500
19-59	494220
19-59	312100
19-60	493690
19-60	491110
19-60	491450
19-60	491860
19-60	491640
19-60	491290
19-60	491160
19-60	494190
19-60	491520
19-60	029530
19-61	390880
19-61	133660
19-61	000530
19-61	163710
19-61	137740
19-61	133210
19-61	164680
19-61	117110
19-61	137290
19-61	032030
19-62	290000
19-62	289570
19-62	289440
19-62	289290
19-62	290430
19-62	068010
19-62	291560
19-62	289310
19-62	289560
19-62	098890
19-63	393790
19-63	175070
19-63	168260
19-63	141810
19-63	175700
19-63	007620
19-63	270470
19-63	170730
19-63	033940
19-63	008220
19-64	179160
19-64	168410
19-64	435670
19-64	323430
19-64	311970
19-64	175640
19-64	174440
19-64	142420
19-64	132980
19-64	01035290
19-65	175550
19-65	301410
19-65	281570
19-65	279720
19-65	167170
19-65	163650
19-65	280730
19-65	167830
19-65	170510
19-65	136490
19-66	324920
19-66	523210
19-66	524150
19-66	434510
19-66	486320
19-66	522110
19-66	461210
19-66	459470
19-66	427080
19-66	522460
19-67	195020
19-67	202660
19-67	200050
19-67	196790
19-67	205770
19-67	194650
19-67	200030
19-67	200790
19-67	205760
19-67	01051230
19-68	023360
19-68	022880
19-68	356870
19-68	025060
19-68	01009680
19-68	023910
19-68	024860
19-68	022390
19-68	01009930
19-68	01009850
19-69	158290
19-69	045350
19-69	044750
19-69	050600
19-69	044440
19-69	200790
19-69	046910
19-69	158470
19-69	044610
19-69	01015510
19-70	119110
19-70	134040
19-70	135140
19-70	167380
19-70	057730
19-70	243190
19-70	165570
19-70	100540
19-70	119040
19-70	136250
19-71	166840
19-71	134910
19-71	280210
19-71	165720
19-71	164280
19-71	134990
19-71	279740
19-71	138090
19-71	136230
19-71	137010
19-72	166840
19-72	134910
19-72	119060
19-72	006770
19-72	196700
19-72	164280
19-72	194960
19-72	279740
19-72	195990
19-72	01049150
19-73	158290
19-73	138100
19-73	216000
19-73	200790
19-73	200050
19-73	200800
19-73	009830
19-73	198810
19-73	01063920
19-73	01008870
19-74	194630
19-74	231080
19-74	194600
19-74	203360
19-74	195570
19-74	263550
19-74	01049100
19-74	194780
19-74	172820
19-74	184700
19-75	352760
19-75	352870
19-75	349920
19-75	353070
19-75	355990
19-75	264410
19-75	363280
19-75	01079250
19-75	349570
19-75	528200
19-76	390940
19-76	101850
19-76	277000
19-76	390480
19-76	171230
19-76	391340
19-76	277010
19-76	138100
19-76	390720
19-76	200050
19-77	434790
19-77	432810
19-77	435310
19-77	434430
19-77	435190
19-77	275620
19-77	101330
19-77	226430
19-77	301770
19-77	301780
19-78	000300
19-78	000420
19-78	103720
19-78	000170
19-78	243110
19-78	000450
19-78	055740
19-78	233780
19-78	279220
19-78	133260
19-79	525690
19-79	399420
19-79	463190
19-79	523770
19-79	525340
19-79	527740
19-79	526930
19-79	528000
19-79	459560
19-79	524600
19-80	040520
19-80	037770
19-80	155960
19-80	039070
19-80	154440
19-80	243070
19-80	038300
19-80	258910
19-80	327800
19-80	154680
19-81	301570
19-81	169840
19-81	168150
19-81	163250
19-81	058770
19-81	138190
19-81	173550
19-81	170130
19-81	301940
19-81	01002550
19-82	173510
19-82	177490
19-82	174750
19-82	171950
19-82	170130
19-82	175630
19-82	382290
19-82	178130
19-82	169120
19-82	283140
19-83	484830
19-83	485560
19-83	486000
19-83	432820
19-83	484770
19-83	484970
19-83	484550
19-83	488520
19-83	484590
19-83	486110
19-84	135200
19-84	388790
19-84	164390
19-84	389450
19-84	165890
19-84	134200
19-84	305600
19-84	100190
19-84	163930
19-84	279890
19-85	021230
19-85	016210
19-85	015630
19-85	315230
19-85	538570
19-85	155000
19-85	131880
19-85	015930
19-85	036650
19-85	065740
19-86	287740
19-86	287100
19-86	286770
19-86	287320
19-86	318480
19-86	336190
19-86	380430
19-86	286580
19-86	365810
19-86	435360
19-87	355420
19-87	322480
19-87	294290
19-87	356900
19-87	000620
19-87	440570
19-87	001200
19-87	222590
19-87	000870
19-87	01004790
19-88	065280
19-88	455820
19-88	374120
19-88	031600
19-88	057230
19-88	244330
19-88	353980
19-88	456730
19-88	065260
19-88	349290
19-89	461930
19-89	464110
19-89	461540
19-89	463260
19-89	437190
19-89	064630
19-89	334590
19-89	465760
19-89	460510
19-89	461640
19-90	330000
19-90	040160
19-90	331210
19-90	042420
19-90	039070
19-90	038700
19-90	044790
19-90	048380
19-90	243750
19-90	01015370
19-91	531840
19-91	530100
19-91	533510
19-91	532120
19-91	535220
19-91	535860
19-91	533810
19-91	532770
19-91	529300
19-91	533650
19-92	165800
19-92	134990
19-92	100430
19-92	375640
19-92	388750
19-92	389380
19-92	134430
19-92	169130
19-92	164300
19-92	164910
19-93	344270
19-93	345120
19-93	345620
19-93	347700
19-93	344290
19-93	344090
19-93	343320
19-93	342270
19-93	165310
19-93	350140
19-94	352280
19-94	363770
19-94	353380
19-94	357570
19-94	353980
19-94	349770
19-94	352970
19-94	455470
19-94	292960
19-94	350190
20-1	111280
20-1	301120
20-1	111770
20-1	111040
20-1	111290
20-1	111560
20-1	111610
20-1	111690
20-1	111760
20-1	134740
20-2	021900
20-2	022540
20-2	021950
20-2	024240
20-2	022200
20-2	023790
20-2	021990
20-2	021870
20-2	01009790
20-2	023820
20-3	347450
20-3	349950
20-3	347440
20-3	021950
20-3	342920
20-3	347400
20-3	345650
20-3	344130
20-3	343820
20-3	344800
20-4	085690
20-4	240410
20-4	000160
20-4	020600
20-4	01000470
20-4	001110
20-4	020610
20-4	018650
20-4	01006520
20-4	289190
20-5	002460
20-5	484140
20-5	002550
20-5	432180
20-5	484210
20-5	151610
20-5	089490
20-5	540150
20-5	221410
20-5	191510
20-6	008600
20-6	005830
20-6	004690
20-6	007550
20-6	007620
20-6	01003800
20-6	006890
20-6	005960
20-6	008820
20-6	007890
20-7	018830
20-7	084440
20-7	084220
20-7	395660
20-7	003180
20-7	033540
20-7	032950
20-7	085890
20-7	395620
20-7	085830
20-8	061130
20-8	020150
20-8	082280
20-8	01009010
20-8	245820
20-8	286850
20-8	094470
20-8	159070
20-8	082250
20-8	124620
20-9	022110
20-9	021980
20-9	022470
20-9	021990
20-9	026700
20-9	022460
20-9	446190
20-9	022960
20-9	446180
20-9	446120
20-10	027800
20-10	026920
20-10	01011010
20-10	01010960
20-10	01010880
20-10	027820
20-10	027130
20-10	026770
20-10	027210
20-10	194390
20-11	028500
20-11	028490
20-11	195200
20-11	027500
20-11	01010900
20-11	027750
20-11	027210
20-11	023020
20-11	194390
20-11	01010600
20-12	033120
20-12	099270
20-12	01012450
20-12	099250
20-12	029940
20-12	067670
20-12	099210
20-12	099280
20-12	023170
20-12	099260
20-13	044900
20-13	043010
20-13	046570
20-13	045280
20-13	262780
20-13	157340
20-13	159240
20-13	264250
20-13	158410
20-13	044980
20-14	093620
20-14	060100
20-14	094230
20-14	060960
20-14	060610
20-14	216420
20-14	172060
20-14	170370
20-14	063320
20-14	058210
20-15	072610
20-15	360090
20-15	150980
20-15	067850
20-15	389680
20-15	151020
20-15	071130
20-15	171660
20-15	354060
20-15	01078610
20-16	284720
20-16	287900
20-16	081220
20-16	289540
20-16	015750
20-16	080490
20-16	01006540
20-16	342810
20-16	003940
20-16	029840
20-17	080780
20-17	335890
20-17	081250
20-17	156820
20-17	326490
20-17	081330
20-17	258680
20-17	080460
20-17	258930
20-17	345760
20-18	415840
20-18	082670
20-18	082720
20-18	083210
20-18	083370
20-18	395600
20-18	01022210
20-18	047320
20-18	01008380
20-18	01008400
20-19	031260
20-19	103670
20-19	233630
20-19	003030
20-19	000080
20-19	078900
20-19	031240
20-19	000100
20-19	001600
20-19	233650
20-20	433760
20-20	01005980
20-20	432730
20-20	172420
20-20	103920
20-20	032130
20-20	432710
20-20	432120
20-20	191510
20-20	373670
20-21	120680
20-21	119620
20-21	123640
20-21	118550
20-21	119390
20-21	123400
20-21	119740
20-21	120520
20-21	373100
20-21	348720
20-22	123520
20-22	121950
20-22	120810
20-22	125940
20-22	127220
20-22	121750
20-22	120660
20-22	118330
20-22	122230
20-22	119740
20-23	119780
20-23	123710
20-23	126390
20-23	128610
20-23	124930
20-23	174400
20-23	123700
20-23	142430
20-23	01005600
20-23	01032820
20-24	127490
20-24	126200
20-24	129020
20-24	142530
20-24	115690
20-24	128200
20-24	01004470
20-24	219030
20-24	120840
20-24	121400
20-25	144010
20-25	169950
20-25	216460
20-25	140850
20-25	145180
20-25	138810
20-25	138790
20-25	135570
20-25	391440
20-25	135880
20-26	148260
20-26	01003590
20-26	148520
20-26	157900
20-26	148090
20-26	147200
20-26	150940
20-26	036600
20-26	418510
20-26	147690
20-27	164680
20-27	169300
20-27	281380
20-27	165760
20-27	164020
20-27	168450
20-27	01042970
20-27	137460
20-27	000530
20-27	01043780
20-28	164930
20-28	306290
20-28	163710
20-28	134460
20-28	166380
20-28	164910
20-28	171220
20-28	017940
20-28	01035290
20-28	000530
20-29	308060
20-29	168120
20-29	167600
20-29	169130
20-29	390770
20-29	281190
20-29	172170
20-29	170470
20-29	139880
20-29	138890
20-30	182870
20-30	182950
20-30	182220
20-30	181910
20-30	432390
20-30	182420
20-30	01065010
20-30	182210
20-30	212730
20-30	181710
20-31	183850
20-31	183230
20-31	182240
20-31	182230
20-31	181850
20-31	182990
20-31	183280
20-31	181960
20-31	181700
20-31	269000
20-32	193680
20-32	193980
20-32	193660
20-32	193630
20-32	004670
20-32	004660
20-32	194760
20-32	193600
20-32	193850
20-32	01048800
20-33	204710
20-33	552580
20-33	207060
20-33	208350
20-33	203690
20-33	203760
20-33	01052820
20-33	204700
20-33	061740
20-33	01051860
20-34	206980
20-34	013420
20-34	01053190
20-34	013050
20-34	203350
20-34	019690
20-34	199240
20-34	207180
20-34	209000
20-34	211000
20-35	205260
20-35	126870
20-35	175050
20-35	208910
20-35	204990
20-35	207930
20-35	204760
20-35	199980
20-35	01049310
20-35	01004790
20-36	238680
20-36	237820
20-36	061540
20-36	239150
20-36	236490
20-36	216680
20-36	061060
20-36	238800
20-36	127650
20-36	061810
20-37	242690
20-37	108480
20-37	031360
20-37	108420
20-37	152670
20-37	000300
20-37	002700
20-37	242710
20-37	000170
20-37	279160
20-38	257770
20-38	257720
20-38	257310
20-38	256940
20-38	256800
20-38	386660
20-38	257640
20-38	257480
20-38	257780
20-38	386420
20-39	260370
20-39	327200
20-39	012480
20-39	326800
20-39	214780
20-39	259440
20-39	037730
20-39	098850
20-39	105250
20-39	260380
20-40	317500
20-40	289910
20-40	289210
20-40	289250
20-40	289690
20-40	289220
20-40	152740
20-40	103840
20-40	224390
20-40	317510
20-41	482460
20-41	292490
20-41	292780
20-41	293210
20-41	293930
20-41	064810
20-41	349510
20-41	290480
20-41	350450
20-41	511080
20-42	296400
20-42	291800
20-42	296390
20-42	297290
20-42	359060
20-42	298300
20-42	296380
20-42	290910
20-42	347500
20-42	322480
20-43	308680
20-43	307100
20-43	171130
20-43	139240
20-43	305570
20-43	305080
20-43	307230
20-43	305620
20-43	307960
20-43	01071390
20-44	314170
20-44	293390
20-44	243620
20-44	090820
20-44	233930
20-44	098180
20-44	01073060
20-44	314180
20-44	344360
20-44	01000450
20-45	321590
20-45	01074040
20-45	321710
20-45	321450
20-45	434300
20-45	434090
20-45	434630
20-45	01074020
20-45	01088210
20-45	01026960
20-46	01075190
20-46	326690
20-46	258700
20-46	326560
20-46	01041460
20-46	326670
20-46	327780
20-46	326660
20-46	326730
20-46	327850
20-47	399670
20-47	01076020
20-47	334460
20-47	341210
20-47	436170
20-47	278420
20-47	431840
20-47	341430
20-47	063550
20-47	419120
20-48	348810
20-48	348550
20-48	291430
20-48	347580
20-48	345700
20-48	347260
20-48	031950
20-48	350380
20-48	01077860
20-48	354800
20-49	397170
20-49	397000
20-49	395920
20-49	396270
20-49	396460
20-49	396240
20-49	396010
20-49	396720
20-49	395930
20-49	395730
20-50	404530
20-50	168700
20-50	116810
20-50	408190
20-50	137990
20-50	403100
20-50	405400
20-50	136650
20-50	01058370
20-50	404390
20-51	416020
20-51	416650
20-51	072910
20-51	416250
20-51	416530
20-51	417460
20-51	418660
20-51	416080
20-51	344760
20-51	416210
20-52	443810
20-52	444520
20-52	440120
20-52	441680
20-52	442590
20-52	441660
20-52	441640
20-52	439330
20-52	444050
20-52	441630
20-53	436170
20-53	465390
20-53	303730
20-53	063550
20-53	463990
20-53	341210
20-53	334460
20-53	278420
20-53	01076020
20-53	139030
20-54	468150
20-54	043690
20-54	468790
20-54	468430
20-54	468500
20-54	469940
20-54	468930
20-54	467920
20-54	469390
20-54	468480
20-55	468140
20-55	468290
20-55	468270
20-55	01095170
20-55	469710
20-55	468560
20-55	468650
20-55	468250
20-55	468410
20-55	468590
20-56	468700
20-56	468170
20-56	01094980
20-56	468450
20-56	468100
20-56	469370
20-56	468970
20-56	468680
20-56	468280
20-56	468590
20-57	472600
20-57	472100
20-57	473660
20-57	471790
20-57	472970
20-57	474080
20-57	472760
20-57	471700
20-57	472450
20-57	472820
20-58	032130
20-58	488950
20-58	489170
20-58	277730
20-58	433680
20-58	434290
20-58	486570
20-58	277260
20-58	435170
20-58	01027210
20-59	501460
20-59	500720
20-59	500460
20-59	338520
20-59	523950
20-59	344230
20-59	499500
20-59	498150
20-59	500630
20-59	527120
20-60	338520
20-60	500720
20-60	500730
20-60	501460
20-60	457230
20-60	401630
20-60	460370
20-60	292400
20-60	459950
20-60	288510
20-61	001090
20-61	001100
20-61	002010
20-61	01000050
20-61	066890
20-61	186140
20-61	01000480
20-61	000900
20-61	000920
20-61	01013090
20-62	038770
20-62	338040
20-62	040660
20-62	038110
20-62	067760
20-62	01075660
20-62	040650
20-62	410750
20-62	068400
20-62	068310
20-63	371970
20-63	086890
20-63	094320
20-63	095990
20-63	249320
20-63	090080
20-63	033680
20-63	034050
20-63	033940
20-63	104900
20-64	097490
20-64	052450
20-64	094140
20-64	103830
20-64	01007010
20-64	332020
20-64	096110
20-64	097750
20-64	01026190
20-64	003160
20-65	056090
20-65	234120
20-65	161160
20-65	116870
20-65	057220
20-65	057570
20-65	086880
20-65	01002550
20-65	133680
20-65	058350
20-66	250400
20-66	251090
20-66	252370
20-66	253130
20-66	253090
20-66	253380
20-66	247600
20-66	248680
20-66	248430
20-66	248120
20-67	260780
20-67	329940
20-67	329730
20-67	417840
20-67	327890
20-67	041670
20-67	472110
20-67	261550
20-67	260260
20-67	262980
20-68	090540
20-68	038840
20-68	040410
20-68	090130
20-68	01013860
20-68	091340
20-68	233670
20-68	109690
20-68	080910
20-68	01013950
20-69	321280
20-69	242220
20-69	321330
20-69	071890
20-69	152040
20-69	01007060
20-69	152360
20-69	152570
20-69	164910
20-69	152020
20-70	326390
20-70	324100
20-70	326640
20-70	01074580
20-70	327210
20-70	327050
20-70	327220
20-70	326880
20-70	539170
20-70	01028550
20-71	328610
20-71	087150
20-71	326940
20-71	475870
20-71	330020
20-71	088620
20-71	476920
20-71	523340
20-71	327720
20-71	331940
20-72	491340
20-72	491540
20-72	271770
20-72	492630
20-72	491380
20-72	491040
20-72	086140
20-72	288670
20-72	467340
20-72	491570
20-73	493710
20-73	495150
20-73	493700
20-73	493690
20-73	494180
20-73	206600
20-73	034730
20-73	492670
20-73	494770
20-73	491380
20-74	01098230
20-74	494090
20-74	494770
20-74	492460
20-74	495150
20-74	493410
20-74	492000
20-74	493250
20-74	493290
20-74	494140
20-75	004750
20-75	004490
20-75	455700
20-75	005170
20-75	004300
20-75	152680
20-75	016640
20-75	006380
20-75	184540
20-75	01003410
20-76	005290
20-76	116940
20-76	01003750
20-76	01003460
20-76	005340
20-76	01003490
20-76	005650
20-76	01003860
20-76	01002870
20-76	008500
20-77	099150
20-77	032990
20-77	247820
20-77	247930
20-77	341570
20-77	015780
20-77	033040
20-77	247890
20-77	249510
20-77	033540
20-78	482450
20-78	064940
20-78	260970
20-78	158030
20-78	520490
20-78	242890
20-78	01062390
20-78	044380
20-78	01014940
20-78	01014960
20-79	050160
20-79	049720
20-79	017850
20-79	031870
20-79	046360
20-79	189560
20-79	044490
20-79	230860
20-79	01078450
20-79	001050
20-80	270950
20-80	168440
20-80	516950
20-80	059320
20-80	346270
20-80	108570
20-80	01079320
20-80	245820
20-80	242830
20-80	01079860
20-81	067500
20-81	233930
20-81	328250
20-81	156010
20-81	064720
20-81	018040
20-81	067580
20-81	016750
20-81	513290
20-81	344210
20-82	073560
20-82	503110
20-82	074230
20-82	072400
20-82	075350
20-82	075110
20-82	076680
20-82	076330
20-82	077000
20-82	077620
20-83	081850
20-83	244240
20-83	260110
20-83	081740
20-83	136400
20-83	316500
20-83	000890
20-83	352970
20-83	01000050
20-83	161110
20-84	146900
20-84	147150
20-84	147850
20-84	147800
20-84	147570
20-84	147280
20-84	146840
20-84	146890
20-84	146870
20-84	157020
20-85	099870
20-85	100080
20-85	01026750
20-85	222650
20-85	112120
20-85	344720
20-85	152770
20-85	371760
20-85	327200
20-85	292400
20-86	104260
20-86	104240
20-86	104230
20-86	104200
20-86	104270
20-86	104190
20-86	104170
20-86	245940
20-86	219050
20-86	104250
20-87	116600
20-87	116700
20-87	117570
20-87	118500
20-87	118400
20-87	118350
20-87	120580
20-87	119260
20-87	120450
20-87	119310
20-88	391290
20-88	225890
20-88	134230
20-88	139180
20-88	139120
20-88	136370
20-88	122290
20-88	059870
20-88	01065700
20-88	122770
20-89	162540
20-89	164090
20-89	133010
20-89	132710
20-89	165760
20-89	162790
20-89	304600
20-89	099540
20-89	304620
20-89	01042970
20-90	326610
20-90	034080
20-90	105660
20-90	153220
20-90	248780
20-90	153750
20-90	247610
20-90	248660
20-90	251330
20-90	01037960
20-91	398090
20-91	520470
20-91	324020
20-91	017850
20-91	224150
20-91	189560
20-91	154180
20-91	124330
20-91	154220
20-91	154230
20-92	161180
20-92	161690
20-92	01091030
20-92	161790
20-92	055940
20-92	161170
20-92	323870
20-92	161130
20-92	006400
20-92	019450
20-93	281210
20-93	168450
20-93	307880
20-93	164680
20-93	276620
20-93	01037960
20-93	01058330
20-93	236120
20-93	390780
20-93	137630
20-94	170160
20-94	168360
20-94	350700
20-94	300960
20-94	280600
20-94	018940
20-94	301870
20-94	168010
20-94	170110
20-94	168740
21-1	009000
21-1	142910
21-1	176260
21-1	323490
21-1	278000
21-1	303190
21-1	007970
21-1	136030
21-1	177070
21-1	01005950
21-2	184910
21-2	185090
21-2	168420
21-2	377040
21-2	137480
21-2	117800
21-2	01027060
21-2	137470
21-2	059370
21-2	141240
21-3	188950
21-3	189080
21-3	188900
21-3	127950
21-3	318840
21-3	413530
21-3	188920
21-3	188960
21-3	189270
21-3	189280
21-4	192790
21-4	192760
21-4	192870
21-4	192780
21-4	192750
21-4	192810
21-4	193110
21-4	192920
21-4	198430
21-4	499010
21-5	194190
21-5	117190
21-5	192750
21-5	195490
21-5	198980
21-5	195230
21-5	203210
21-5	247090
21-5	247260
21-5	01051670
21-6	104190
21-6	104200
21-6	104230
21-6	104170
21-6	104260
21-6	104240
21-6	386730
21-6	067200
21-6	245940
21-6	104270
21-7	275100
21-7	163720
21-7	388290
21-7	388990
21-7	389550
21-7	165750
21-7	420410
21-7	275570
21-7	388110
21-7	113630
21-8	079190
21-8	162810
21-8	279300
21-8	079350
21-8	345550
21-8	01066470
21-8	016700
21-8	243880
21-8	01008320
21-8	01002400
21-9	167080
21-9	280580
21-9	175720
21-9	164780
21-9	163200
21-9	170290
21-9	163100
21-9	136380
21-9	091760
21-9	280090
21-10	01071320
21-10	01071340
21-10	304410
21-10	304410
21-10	01071310
21-10	322770
21-10	163220
21-10	306220
21-10	01071220
21-10	089720
21-11	116000
21-11	115950
21-11	115930
21-11	115920
21-11	102350
21-11	525540
21-11	115620
21-11	115790
21-11	115680
21-11	545030
21-12	267920
21-12	267910
21-12	098080
21-12	395710
21-12	476220
21-12	069020
21-12	528780
21-12	213660
21-12	135550
21-12	376360
21-13	01071320
21-13	01071340
21-13	01064460
21-13	400360
21-13	456070
21-13	326790
21-13	401780
21-13	403800
21-13	401820
21-13	403740
21-14	416020
21-14	415990
21-14	416030
21-14	416300
21-14	416850
21-14	245320
21-14	415980
21-14	092150
21-14	416650
21-14	416210
21-15	420160
21-15	420220
21-15	420610
21-15	421090
21-15	420650
21-15	421060
21-15	420820
21-15	421230
21-15	420480
21-15	422000
21-16	432000
21-16	432200
21-16	079700
21-16	151610
21-16	432080
21-16	109070
21-16	432460
21-16	276850
21-16	433170
21-16	259470
21-17	01007110
21-17	501500
21-17	489600
21-17	434040
21-17	523740
21-17	489090
21-17	502770
21-17	219590
21-17	01097800
21-17	501300
21-18	519920
21-18	498250
21-18	006890
21-18	117630
21-18	548320
21-18	498150
21-18	136160
21-18	499490
21-18	388310
21-18	498300
21-19	507980
21-19	508730
21-19	507020
21-19	507780
21-19	508200
21-19	507160
21-19	507710
21-19	507010
21-19	507850
21-19	506040
21-20	517770
21-20	517760
21-20	254070
21-20	154530
21-20	01006770
21-20	336820
21-20	154540
21-20	015480
21-20	015990
21-20	015770
21-21	019050
21-21	002520
21-21	100300
21-21	254360
21-21	155650
21-21	002920
21-21	375230
21-21	290660
21-21	352380
21-21	352260
21-22	010690
21-22	006080
21-22	012880
21-22	008210
21-22	008820
21-22	008600
21-22	011070
21-22	006920
21-22	01003800
21-22	014880
21-23	013610
21-23	087600
21-23	177860
21-23	499790
21-23	121100
21-23	107170
21-23	503630
21-23	012730
21-23	502140
21-23	01001050
21-24	148330
21-24	069740
21-24	071100
21-24	484560
21-24	069820
21-24	147500
21-24	147430
21-24	147290
21-24	326860
21-24	01020030
21-25	323730
21-25	003740
21-25	258680
21-25	080820
21-25	000900
21-25	000910
21-25	080780
21-25	081060
21-25	081260
21-25	000920
21-26	131450
21-26	224420
21-26	131620
21-26	183880
21-26	131670
21-26	131470
21-26	109450
21-26	130700
21-26	130660
21-26	130520
21-27	133450
21-27	134030
21-27	133460
21-27	163900
21-27	279510
21-27	275130
21-27	134960
21-27	137760
21-27	165790
21-27	132860
21-28	178370
21-28	103230
21-28	283700
21-28	140880
21-28	014290
21-28	144470
21-28	034530
21-28	128170
21-28	313070
21-28	274000
21-29	181810
21-29	181880
21-29	416500
21-29	182770
21-29	181940
21-29	165830
21-29	183700
21-29	183980
21-29	182430
21-29	182200
21-30	177860
21-30	168410
21-30	166130
21-30	137370
21-30	173280
21-30	175640
21-30	142470
21-30	165800
21-30	174440
21-30	143060
21-31	512030
21-31	425400
21-31	246960
21-31	302220
21-31	246990
21-31	379300
21-31	424060
21-31	425710
21-31	268730
21-31	425030
21-32	275040
21-32	389930
21-32	276620
21-32	164020
21-32	276610
21-32	275100
21-32	466810
21-32	392100
21-32	389400
21-32	388280
21-33	318650
21-33	318390
21-33	360580
21-33	499820
21-33	318240
21-33	514740
21-33	499950
21-33	318920
21-33	305070
21-33	345950
21-34	092920
21-34	382160
21-34	381410
21-34	383600
21-34	380090
21-34	384490
21-34	383060
21-34	383050
21-34	01069210
21-34	097290
21-35	01085310
21-35	288510
21-35	404140
21-35	402600
21-35	409560
21-35	405220
21-35	403870
21-35	500720
21-35	401790
21-35	400710
21-36	341140
21-36	288980
21-36	01069210
21-36	408930
21-36	334250
21-36	409500
21-36	474780
21-36	465090
21-36	463090
21-36	267160
21-37	01036010
21-37	135310
21-37	137950
21-37	169340
21-37	389490
21-37	139130
21-37	137600
21-37	139590
21-37	140380
21-37	136130
21-38	345730
21-38	349420
21-38	344030
21-38	347740
21-38	355850
21-38	358330
21-38	347290
21-38	342280
21-38	353120
21-38	01078680
21-39	484300
21-39	321130
21-39	485760
21-39	484970
21-39	484220
21-39	484160
21-39	486590
21-39	484230
21-39	485990
21-39	484630
21-40	038040
21-40	040190
21-40	038270
21-40	039110
21-40	038130
21-40	031480
21-40	080840
21-40	038140
21-40	154860
21-40	039100
21-41	037940
21-41	038050
21-41	154700
21-41	039020
21-41	258860
21-41	326510
21-41	400240
21-41	154630
21-41	471360
21-41	039290
21-42	046140
21-42	046150
21-42	159330
21-42	045620
21-42	045610
21-42	044980
21-42	047870
21-42	045280
21-42	048400
21-42	158300
21-43	168530
21-43	134930
21-43	167350
21-43	166400
21-43	306130
21-43	01065200
21-43	195990
21-43	168410
21-43	118620
21-43	01031670
21-44	176160
21-44	170230
21-44	165930
21-44	175920
21-44	116800
21-44	168670
21-44	138450
21-44	139590
21-44	142760
21-44	177000
21-45	403530
21-45	402330
21-45	403860
21-45	161560
21-45	267790
21-45	040850
21-45	404750
21-45	406730
21-45	195990
21-45	225100
21-46	269180
21-46	324200
21-46	288030
21-46	269000
21-46	269890
21-46	070660
21-46	466920
21-46	269580
21-46	270310
21-46	499140
21-47	163930
21-47	01064600
21-47	163370
21-47	275530
21-47	01043360
21-47	100320
21-47	133840
21-47	01064570
21-47	116830
21-47	01002740
21-48	068220
21-48	542930
21-48	089100
21-48	172020
21-48	035860
21-48	173330
21-48	004490
21-48	279300
21-48	01066920
21-48	01070630
21-49	491760
21-49	033080
21-49	373190
21-49	267490
21-49	492550
21-49	01012440
21-49	446270
21-49	033420
21-49	491770
21-49	098010
21-50	081020
21-50	345460
21-50	082230
21-50	083150
21-50	084530
21-50	082650
21-50	080780
21-50	285190
21-50	284750
21-50	082620
21-51	329140
21-51	330440
21-51	330720
21-51	329930
21-51	329130
21-51	334230
21-51	324860
21-51	329250
21-51	331450
21-51	100380
21-52	371620
21-52	371690
21-52	371710
21-52	372110
21-52	372120
21-52	371830
21-52	371680
21-52	479060
21-52	273480
21-52	01082800
21-53	439330
21-53	437780
21-53	440070
21-53	441590
21-53	438680
21-53	440100
21-53	437790
21-53	439830
21-53	441630
21-53	01088890
21-54	000460
21-54	116400
21-54	233800
21-54	132860
21-54	01000130
21-54	163170
21-54	233660
21-54	133490
21-54	475640
21-54	437950
21-55	001460
21-55	01000560
21-55	001450
21-55	080330
21-55	065130
21-55	065370
21-55	01036470
21-55	067620
21-55	01006510
21-55	349600
21-56	113610
21-56	004390
21-56	004920
21-56	006030
21-56	132710
21-56	133010
21-56	005080
21-56	01002720
21-56	01002350
21-56	01003360
21-57	005330
21-57	01002990
21-57	007510
21-57	006290
21-57	006100
21-57	193330
21-57	117920
21-57	006350
21-57	195170
21-57	194400
21-58	036120
21-58	036130
21-58	247110
21-58	065420
21-58	188360
21-58	185720
21-58	001110
21-58	255510
21-58	188350
21-58	01076880
21-59	039180
21-59	155040
21-59	259310
21-59	149520
21-59	039000
21-59	155030
21-59	038380
21-59	336020
21-59	038410
21-59	039010
21-60	081250
21-60	348640
21-60	081330
21-60	082190
21-60	347480
21-60	349570
21-60	100370
21-60	080340
21-60	352380
21-60	082590
21-61	109650
21-61	109590
21-61	000270
21-61	109620
21-61	109730
21-61	131800
21-61	109680
21-61	000280
21-61	116440
21-61	109710
21-62	357850
21-62	118440
21-62	119200
21-62	122050
21-62	119620
21-62	118550
21-62	119660
21-62	120680
21-62	120830
21-62	119260
21-63	147490
21-63	147560
21-63	147830
21-63	147820
21-63	147920
21-63	148070
21-63	147380
21-63	148730
21-63	056120
21-63	147640
21-64	163200
21-64	162560
21-64	279150
21-64	026730
21-64	162720
21-64	300260
21-64	098720
21-64	037540
21-64	116440
21-64	270470
21-65	193890
21-65	162640
21-65	193790
21-65	006930
21-65	162350
21-65	162340
21-65	193460
21-65	193910
21-65	080480
21-65	032290
21-66	193840
21-66	194060
21-66	056070
21-66	01031390
21-66	056030
21-66	004860
21-66	005260
21-66	133280
21-66	01002960
21-66	210010
21-67	113810
21-67	195450
21-67	006040
21-67	057310
21-67	134380
21-67	01008520
21-67	194300
21-67	196280
21-67	164550
21-67	202210
21-68	212650
21-68	085150
21-68	212560
21-68	212590
21-68	300270
21-68	212690
21-68	213680
21-68	213060
21-68	347610
21-68	342730
21-69	213400
21-69	235270
21-69	235030
21-69	006420
21-69	019610
21-69	235590
21-69	234990
21-69	236490
21-69	01058100
21-69	01058000
21-70	284470
21-70	284640
21-70	01001350
21-70	284800
21-70	284680
21-70	284490
21-70	01068440
21-70	284720
21-70	284700
21-70	284750
21-71	287420
21-71	286400
21-71	292430
21-71	286010
21-71	286920
21-71	286810
21-71	286590
21-71	285270
21-71	397430
21-71	008490
21-72	289770
21-72	289420
21-72	343780
21-72	289190
21-72	292280
21-72	290550
21-72	289400
21-72	01076880
21-72	343340
21-72	104760
21-73	133160
21-73	163530
21-73	305020
21-73	133280
21-73	163190
21-73	304640
21-73	069820
21-73	387980
21-73	099750
21-73	01020030
21-74	304530
21-74	304800
21-74	304460
21-74	304860
21-74	306430
21-74	304810
21-74	308020
21-74	163590
21-74	322810
21-74	305660
21-75	306460
21-75	307740
21-75	389320
21-75	304860
21-75	322980
21-75	276200
21-75	276030
21-75	165570
21-75	100540
21-75	235120
21-76	417160
21-76	053500
21-76	154370
21-76	053470
21-76	054180
21-76	053420
21-76	467740
21-76	033010
21-76	000620
21-76	000870
21-77	224260
21-77	031320
21-77	152710
21-77	032260
21-77	001170
21-77	243000
21-77	032250
21-77	01000100
21-77	032290
21-77	109660
21-78	162670
21-78	035510
21-78	066890
21-78	066880
21-78	233540
21-78	066940
21-78	162640
21-78	267440
21-78	035570
21-78	080540
21-79	087090
21-79	162940
21-79	087240
21-79	118400
21-79	117570
21-79	315700
21-79	042580
21-79	087690
21-79	090540
21-79	040410
21-80	098730
21-80	086810
21-80	190160
21-80	086770
21-80	098770
21-80	037760
21-80	268530
21-80	033510
21-80	020590
21-80	184580
21-81	163710
21-81	134460
21-81	132720
21-81	01042880
21-81	164800
21-81	133410
21-81	133890
21-81	132980
21-81	138200
21-81	01035290
21-82	134700
21-82	168100
21-82	168280
21-82	172570
21-82	145770
21-82	165130
21-82	137240
21-82	136130
21-82	167810
21-82	134450
21-83	135870
21-83	224970
21-83	317580
21-83	471640
21-83	079190
21-83	001810
21-83	039350
21-83	336850
21-83	032260
21-83	01007570
21-84	200550
21-84	01051100
21-84	198560
21-84	176890
21-84	177650
21-84	280460
21-84	176460
21-84	513850
21-84	174150
21-84	01046370
21-85	372070
21-85	371610
21-85	01082660
21-85	01082630
21-85	01082610
21-85	371630
21-85	371780
21-85	371680
21-85	371690
21-85	372120
21-86	400830
21-86	400850
21-86	401280
21-86	01064600
21-86	108460
21-86	402390
21-86	163370
21-86	400740
21-86	400860
21-86	103730
21-87	424670
21-87	424550
21-87	423570
21-87	424600
21-87	184860
21-87	221390
21-87	457200
21-87	426670
21-87	001780
21-87	033730
21-88	459720
21-88	457520
21-88	455950
21-88	456830
21-88	456070
21-88	456400
21-88	457980
21-88	460040
21-88	523030
21-88	459660
21-89	196950
21-89	204220
21-89	198290
21-89	205540
21-89	207660
21-89	199770
21-89	059580
21-89	200460
21-89	196090
21-89	207930
21-90	298990
21-90	025300
21-90	277900
21-90	176910
21-90	358020
21-90	024520
21-90	034320
21-90	026280
21-90	010860
21-90	368610
21-91	397750
21-91	519850
21-91	214350
21-91	546970
21-91	247930
21-91	004390
21-91	216950
21-91	214250
21-91	317740
21-91	015850
21-92	003620
21-92	003750
21-92	154810
21-92	003720
21-92	003670
21-92	003860
21-92	214580
21-92	002910
21-92	287830
21-92	01001670
21-93	003670
21-93	154810
21-93	003860
21-93	003620
21-93	244810
21-93	003750
21-93	436860
21-93	003720
21-93	150900
21-93	01008320
21-94	003680
21-94	003790
21-94	318000
21-94	01011940
21-94	080770
21-94	100370
21-94	067120
21-94	003720
21-94	003620
21-94	01022000
22-1	008620
22-1	006180
22-1	006820
22-1	006740
22-1	011220
22-1	008970
22-1	01004520
22-1	006080
22-1	01003010
22-1	008820
22-2	005310
22-2	007120
22-2	012060
22-2	007300
22-2	195610
22-2	007350
22-2	01003540
22-2	008290
22-2	116900
22-2	005490
22-3	175920
22-3	126130
22-3	012710
22-3	006330
22-3	007970
22-3	009320
22-3	010110
22-3	009760
22-3	010190
22-3	010790
22-4	015650
22-4	016130
22-4	015890
22-4	015940
22-4	015720
22-4	015990
22-4	015820
22-4	01006770
22-4	015930
22-4	254070
22-5	289020
22-5	289090
22-5	190010
22-5	262450
22-5	065050
22-5	016320
22-5	548710
22-5	355920
22-5	359370
22-5	331090
22-6	017030
22-6	001150
22-6	017180
22-6	165510
22-6	002170
22-6	345250
22-6	108400
22-6	164670
22-6	032240
22-6	130260
22-7	021280
22-7	021320
22-7	021250
22-7	053630
22-7	154320
22-7	336710
22-7	054260
22-7	053470
22-7	017770
22-7	037510
22-8	135090
22-8	225090
22-8	280400
22-8	118750
22-8	031820
22-8	119290
22-8	031830
22-8	031940
22-8	234850
22-8	166830
22-9	030270
22-9	030370
22-9	054260
22-9	030340
22-9	030210
22-9	030580
22-9	030990
22-9	030190
22-9	033940
22-9	030180
22-10	033360
22-10	033410
22-10	033270
22-10	01012570
22-10	033320
22-10	033350
22-10	033460
22-10	033370
22-10	342040
22-10	448760
22-11	039150
22-11	038430
22-11	416780
22-11	039480
22-11	039530
22-11	259550
22-11	417800
22-11	040670
22-11	038160
22-11	471460
22-12	045650
22-12	091160
22-12	067060
22-12	387800
22-12	488420
22-12	003360
22-12	099800
22-12	007500
22-12	068130
22-12	098320
22-13	061840
22-13	062250
22-13	063150
22-13	058550
22-13	143260
22-13	061100
22-13	237610
22-13	203990
22-13	127330
22-13	177520
22-14	090180
22-14	376200
22-14	099860
22-14	01092430
22-14	056460
22-14	227660
22-14	099810
22-14	100930
22-14	101040
22-14	244200
22-15	110910
22-15	328850
22-15	109940
22-15	111030
22-15	110200
22-15	111510
22-15	111010
22-15	110850
22-15	110100
22-15	01029680
22-16	111310
22-16	110410
22-16	330780
22-16	111130
22-16	110180
22-16	110840
22-16	325560
22-16	331030
22-16	111520
22-16	111330
22-17	117240
22-17	133330
22-17	163700
22-17	134250
22-17	118060
22-17	057250
22-17	117610
22-17	118070
22-17	117210
22-17	116460
22-18	119460
22-18	117590
22-18	120450
22-18	116710
22-18	116690
22-18	118400
22-18	01031680
22-18	116750
22-18	117570
22-18	116760
22-19	119640
22-19	135750
22-19	119650
22-19	165980
22-19	200290
22-19	035810
22-19	374660
22-19	155300
22-19	01049640
22-19	01010560
22-20	196910
22-20	167510
22-20	136190
22-20	058380
22-20	135710
22-20	141480
22-20	164640
22-20	133330
22-20	162900
22-20	134170
22-21	149270
22-21	148100
22-21	147970
22-21	147670
22-21	148720
22-21	147560
22-21	147260
22-21	149280
22-21	147490
22-21	01036750
22-22	175920
22-22	179460
22-22	126130
22-22	062490
22-22	172950
22-22	177830
22-22	171920
22-22	127680
22-22	283420
22-22	102720
22-23	019370
22-23	195020
22-23	118100
22-23	199230
22-23	194270
22-23	197690
22-23	196280
22-23	01003200
22-23	008110
22-23	197260
22-24	227970
22-24	113540
22-24	227590
22-24	113730
22-24	227830
22-24	229500
22-24	229400
22-24	227690
22-24	113890
22-24	133490
22-25	228450
22-25	229170
22-25	229410
22-25	114340
22-25	007350
22-25	135710
22-25	227950
22-25	134090
22-25	228310
22-25	007300
22-26	199480
22-26	062490
22-26	175920
22-26	268270
22-26	061750
22-26	062040
22-26	059110
22-26	061150
22-26	062800
22-26	238230
22-27	328510
22-27	328450
22-27	223290
22-27	327940
22-27	329710
22-27	329690
22-27	223320
22-27	029210
22-27	330570
22-27	01041670
22-28	328730
22-28	514190
22-28	354280
22-28	068310
22-28	264500
22-28	01005450
22-28	037820
22-28	158580
22-28	040660
22-28	260490
22-29	337310
22-29	109140
22-29	053930
22-29	337520
22-29	337400
22-29	01007910
22-29	337810
22-29	017680
22-29	109170
22-29	017360
22-30	361750
22-30	205660
22-30	360510
22-30	294170
22-30	035900
22-30	395030
22-30	068460
22-30	296470
22-30	353020
22-30	352530
22-31	171780
22-31	033360
22-31	448330
22-31	170270
22-31	01012530
22-31	168130
22-31	033460
22-31	236790
22-31	033370
22-31	139470
22-32	463290
22-32	458700
22-32	463670
22-32	460350
22-32	458710
22-32	461860
22-32	01093520
22-32	463360
22-32	01092000
22-32	01093650
22-33	490790
22-33	546760
22-33	490880
22-33	546650
22-33	490730
22-33	408920
22-33	503030
22-33	490870
22-33	503190
22-33	514920
22-34	503830
22-34	503030
22-34	552670
22-34	490790
22-34	502910
22-34	503190
22-34	503240
22-34	503970
22-34	490890
22-34	504480
22-35	509390
22-35	525580
22-35	510090
22-35	529640
22-35	526120
22-35	524080
22-35	535010
22-35	509720
22-35	408440
22-35	510270
22-36	005820
22-36	004960
22-36	006400
22-36	133700
22-36	005640
22-36	135700
22-36	004600
22-36	032960
22-36	005930
22-36	01003050
22-37	332690
22-37	020420
22-37	273020
22-37	014290
22-37	223250
22-37	209740
22-37	338360
22-37	326870
22-37	128170
22-37	034620
22-38	01012020
22-38	166690
22-38	016000
22-38	031950
22-38	01006820
22-38	016100
22-38	335920
22-38	058070
22-38	058080
22-38	060150
22-39	157090
22-39	038650
22-39	042720
22-39	264900
22-39	158570
22-39	044310
22-39	040710
22-39	01040270
22-39	039320
22-39	01062800
22-40	350660
22-40	172010
22-40	170210
22-40	171240
22-40	068220
22-40	280280
22-40	300620
22-40	276160
22-40	280460
22-40	167550
22-41	086980
22-41	087270
22-41	039780
22-41	020850
22-41	039770
22-41	086990
22-41	087230
22-41	268450
22-41	259190
22-41	034090
22-42	152790
22-42	322480
22-42	193650
22-42	000830
22-42	053840
22-42	000620
22-42	053550
22-42	021360
22-42	395030
22-42	031870
22-43	174760
22-43	171350
22-43	176190
22-43	391320
22-43	270470
22-43	115130
22-43	175060
22-43	275210
22-43	122260
22-43	167690
22-44	098650
22-44	233630
22-44	000020
22-44	233650
22-44	055560
22-44	233610
22-44	000140
22-44	000040
22-44	103700
22-44	01012600
22-45	225130
22-45	166350
22-45	174070
22-45	174240
22-45	135440
22-45	113970
22-45	177080
22-45	118910
22-45	136320
22-45	006590
22-46	300250
22-46	300060
22-46	300030
22-46	162690
22-46	162570
22-46	133070
22-46	279350
22-46	279220
22-46	01011830
22-46	162710
22-47	01005180
22-47	011630
22-47	01004700
22-47	141510
22-47	01005910
22-47	007620
22-47	008220
22-47	005120
22-47	008100
22-47	01002830
22-48	027890
22-48	028180
22-48	01011100
22-48	028040
22-48	027900
22-48	01011180
22-48	027770
22-48	01011130
22-48	01010780
22-48	027210
22-49	056620
22-49	056130
22-49	057000
22-49	056550
22-49	117280
22-49	056510
22-49	224870
22-49	004700
22-49	117180
22-49	005210
22-50	042200
22-50	021330
22-50	018130
22-50	152820
22-50	099470
22-50	000390
22-50	371750
22-50	018080
22-50	099450
22-50	109660
22-51	404280
22-51	460360
22-51	459410
22-51	463230
22-51	463450
22-51	461250
22-51	308230
22-51	01092670
22-51	378100
22-51	456960
22-52	151730
22-52	151720
22-52	151750
22-52	247300
22-52	247190
22-52	223110
22-52	247200
22-52	151740
22-52	247170
22-52	01000680
22-53	423920
22-53	331460
22-53	327230
22-53	328060
22-53	181700
22-53	181680
22-53	034030
22-53	223180
22-53	087750
22-53	01075270
22-54	182840
22-54	456090
22-54	01047280
22-54	457190
22-54	457540
22-54	01091690
22-54	461160
22-54	455840
22-54	01091660
22-54	460080
22-55	236230
22-55	236990
22-55	342260
22-55	342430
22-55	164260
22-55	066020
22-55	237340
22-55	345740
22-55	031710
22-55	01079240
22-56	421710
22-56	276820
22-56	277510
22-56	176410
22-56	350100
22-56	168960
22-56	426030
22-56	349290
22-56	352110
22-56	170960
22-57	278900
22-57	278920
22-57	102220
22-57	010850
22-57	089190
22-57	278880
22-57	528180
22-57	082310
22-57	278960
22-57	354080
22-58	345840
22-58	290730
22-58	290520
22-58	347440
22-58	498700
22-58	292190
22-58	291440
22-58	297780
22-58	290980
22-58	290050
22-59	308770
22-59	308660
22-59	485800
22-59	308000
22-59	311850
22-59	306690
22-59	308010
22-59	305410
22-59	310630
22-59	079210
22-60	342870
22-60	343570
22-60	034050
22-60	349850
22-60	342950
22-60	344010
22-60	348480
22-60	344270
22-60	342770
22-60	347030
22-61	312200
22-61	350090
22-61	350580
22-61	369180
22-61	347210
22-61	292350
22-61	345660
22-61	350940
22-61	350140
22-61	361030
22-62	388560
22-62	388210
22-62	389530
22-62	389320
22-62	389360
22-62	388260
22-62	276030
22-62	133290
22-62	390360
22-62	388110
22-63	393260
22-63	392550
22-63	390420
22-63	390630
22-63	283590
22-63	394580
22-63	207830
22-63	127480
22-63	01065460
22-63	392790
22-64	407500
22-64	409240
22-64	407930
22-64	409820
22-64	406870
22-64	406960
22-64	408670
22-64	408380
22-64	403670
22-64	407900
22-65	440120
22-65	438090
22-65	184520
22-65	438720
22-65	440110
22-65	438180
22-65	438260
22-65	438450
22-65	440310
22-65	058560
22-66	455860
22-66	006680
22-66	243050
22-66	455700
22-66	016640
22-66	006150
22-66	067730
22-66	004750
22-66	152680
22-66	01003410
22-67	038580
22-67	038650
22-67	155250
22-67	259160
22-67	326880
22-67	154790
22-67	043040
22-67	259980
22-67	039130
22-67	259390
22-68	457790
22-68	457970
22-68	01091720
22-68	412930
22-68	457400
22-68	456900
22-68	460380
22-68	01092000
22-68	322770
22-68	460040
22-69	01000480
22-69	002010
22-69	015450
22-69	184510
22-69	085700
22-69	001090
22-69	001100
22-69	035550
22-69	085690
22-69	016990
22-70	008600
22-70	01003800
22-70	059070
22-70	031750
22-70	005830
22-70	008110
22-70	009620
22-70	011160
22-70	009130
22-70	172310
22-71	028980
22-71	154470
22-71	037580
22-71	029320
22-71	029000
22-71	028990
22-71	029210
22-71	028960
22-71	029050
22-71	028970
22-72	030180
22-72	030380
22-72	030210
22-72	030370
22-72	030810
22-72	030270
22-72	037760
22-72	030240
22-72	030420
22-72	030540
22-73	228880
22-73	227580
22-73	412710
22-73	224870
22-73	228410
22-73	223290
22-73	230610
22-73	113790
22-73	228530
22-73	006210
22-74	234190
22-74	233860
22-74	234000
22-74	234260
22-74	236180
22-74	233960
22-74	234140
22-74	233980
22-74	056250
22-74	056520
22-75	267920
22-75	267700
22-75	395710
22-75	267610
22-75	267910
22-75	267560
22-75	457200
22-75	213660
22-75	235610
22-75	234350
22-76	344730
22-76	344120
22-76	343860
22-76	346560
22-76	041550
22-76	344780
22-76	041440
22-76	290060
22-76	315820
22-76	040410
22-77	430670
22-77	430850
22-77	431220
22-77	430760
22-77	326790
22-77	430780
22-77	069600
22-77	430650
22-77	430980
22-77	431110
22-78	506330
22-78	509620
22-78	507080
22-78	506130
22-78	506890
22-78	506060
22-78	507930
22-78	505750
22-78	507520
22-78	430760
22-79	506030
22-79	087950
22-79	506090
22-79	506120
22-79	152000
22-79	398270
22-79	505770
22-79	506590
22-79	505730
22-79	506050
22-80	506050
22-80	506380
22-80	505660
22-80	452050
22-80	505580
22-80	529890
22-80	505690
22-80	041650
22-80	156440
22-80	156490
22-81	395570
22-81	068840
22-81	154600
22-81	067660
22-81	245140
22-81	335940
22-81	017240
22-81	017200
22-81	01007430
22-81	082000
22-82	123490
22-82	120680
22-82	01032390
22-82	060260
22-82	123640
22-82	119750
22-82	120520
22-82	357080
22-82	122010
22-82	121850
22-83	372250
22-83	372280
22-83	01082960
22-83	372800
22-83	104570
22-83	372290
22-83	372850
22-83	332840
22-83	104810
22-83	104400
22-84	473320
22-84	039060
22-84	046130
22-84	042350
22-84	039940
22-84	156890
22-84	039460
22-84	038830
22-84	01038490
22-84	01096040
22-85	284560
22-85	284570
22-85	056400
22-85	163090
22-85	285180
22-85	284660
22-85	284520
22-85	067000
22-85	057380
22-85	082160
22-86	010440
22-86	009330
22-86	011070
22-86	009850
22-86	122920
22-86	008670
22-86	009190
22-86	01005910
22-86	014490
22-86	01005940
22-87	082320
22-87	352260
22-87	082310
22-87	082190
22-87	349430
22-87	353330
22-87	080890
22-87	278860
22-87	100650
22-87	243780
22-88	441610
22-88	440080
22-88	442180
22-88	438690
22-88	440130
22-88	442770
22-88	437780
22-88	441680
22-88	441950
22-88	441760
22-89	472110
22-89	331060
22-89	473400
22-89	473330
22-89	472450
22-89	474330
22-89	473020
22-89	474470
22-89	472520
22-89	473370
22-90	152890
22-90	044400
22-90	081930
22-90	152880
22-90	254530
22-90	103830
22-90	326160
22-90	103850
22-90	01000450
22-90	347530
22-91	179480
22-91	165930
22-91	179740
22-91	128710
22-91	01027310
22-91	01033780
22-91	394680
22-91	178090
22-91	011620
22-91	01046980
22-92	455950
22-92	458000
22-92	456520
22-92	455800
22-92	458770
22-92	456100
22-92	456110
22-92	457680
22-92	456830
22-92	456400
22-93	092990
22-93	087760
22-93	087590
22-93	326800
22-93	034340
22-93	087420
22-93	161120
22-93	01012840
22-93	105380
22-93	008740
22-94	087120
22-94	087140
22-94	086990
22-94	475720
22-94	087340
22-94	423530
22-94	132180
22-94	034180
22-94	034090
22-94	087240
23-1	137710
23-1	138880
23-1	059400
23-1	062290
23-1	01005120
23-1	172080
23-1	140000
23-1	137140
23-1	169220
23-1	01004720
23-2	285970
23-2	287090
23-2	286840
23-2	285700
23-2	01068740
23-2	286590
23-2	285780
23-2	287020
23-2	285430
23-2	285330
23-3	156010
23-3	194720
23-3	038130
23-3	038110
23-3	067460
23-3	154860
23-3	01060580
23-3	482470
23-3	067810
23-3	040190
23-4	484550
23-4	484450
23-4	484420
23-4	478470
23-4	477750
23-4	478480
23-4	477230
23-4	478390
23-4	477990
23-4	476120
23-5	436330
23-5	245020
23-5	504590
23-5	155520
23-5	154730
23-5	081170
23-5	410130
23-5	080980
23-5	514190
23-5	01014060
23-6	286050
23-6	286920
23-6	286240
23-6	285350
23-6	204760
23-6	114500
23-6	287410
23-6	286500
23-6	286330
23-6	01008530
23-7	217650
23-7	418830
23-7	499500
23-7	217270
23-7	417160
23-7	124680
23-7	505360
23-7	004180
23-7	283720
23-7	034310
23-8	271750
23-8	472110
23-8	473450
23-8	473020
23-8	474400
23-8	473540
23-8	471770
23-8	473070
23-8	262270
23-8	472440
23-9	300270
23-9	165490
23-9	300050
23-9	300920
23-9	166880
23-9	355050
23-9	001850
23-9	300960
23-9	001800
23-9	01001450
23-10	035840
23-10	315780
23-10	164760
23-10	315520
23-10	300960
23-10	395140
23-10	067550
23-10	395120
23-10	162470
23-10	317540
23-11	309210
23-11	310280
23-11	312420
23-11	276230
23-11	311680
23-11	313160
23-11	143730
23-11	308530
23-11	311640
23-11	309050
23-12	166370
23-12	167550
23-12	166880
23-12	344970
23-12	357670
23-12	198410
23-12	344990
23-12	276820
23-12	162470
23-12	347370
23-13	459470
23-13	461210
23-13	459520
23-13	457820
23-13	464140
23-13	461220
23-13	462330
23-13	263260
23-13	01092400
23-13	01067000
23-14	127860
23-14	027440
23-14	216720
23-14	257640
23-14	028610
23-14	543820
23-14	517780
23-14	483440
23-14	01011350
23-14	085740
23-15	038510
23-15	344380
23-15	038560
23-15	037730
23-15	039600
23-15	01013860
23-15	344720
23-15	109690
23-15	01013950
23-15	259440
23-16	362910
23-16	219970
23-16	287320
23-16	352510
23-16	365360
23-16	365180
23-16	543790
23-16	355390
23-16	01081660
23-16	216850
23-17	400200
23-17	055860
23-17	400230
23-17	258830
23-17	224370
23-17	233840
23-17	022230
23-17	021850
23-17	022390
23-17	022580
23-18	318350
23-18	007550
23-18	511100
23-18	511140
23-18	01040230
23-18	242740
23-18	103720
23-18	132760
23-18	154400
23-18	318180
23-19	455450
23-19	103790
23-19	432030
23-19	238960
23-19	099430
23-19	044560
23-19	348710
23-19	046250
23-19	031990
23-19	035850
23-20	447730
23-20	446410
23-20	448280
23-20	446710
23-20	447090
23-20	323810
23-20	446610
23-20	448470
23-20	448520
23-20	446440
23-21	420080
23-21	300060
23-21	031360
23-21	032440
23-21	455780
23-21	031330
23-21	108420
23-21	032530
23-21	420180
23-21	343700
23-22	391020
23-22	389070
23-22	070400
23-22	164350
23-22	388040
23-22	067630
23-22	390310
23-22	389800
23-22	388490
23-22	391010
23-23	275030
23-23	274940
23-23	162370
23-23	446650
23-23	446260
23-23	446500
23-23	446120
23-23	436830
23-23	446270
23-23	446180
23-24	007880
23-24	136460
23-24	079450
23-24	01003080
23-24	008250
23-24	01002990
23-24	01004820
23-24	012230
23-24	007030
23-24	120890
23-25	008410
23-25	012130
23-25	491380
23-25	491680
23-25	492870
23-25	491540
23-25	01002880
23-25	011630
23-25	491040
23-25	007260
23-26	022190
23-26	345880
23-26	022330
23-26	022200
23-26	022280
23-26	161130
23-26	022300
23-26	446420
23-26	023950
23-26	022360
23-27	015720
23-27	015550
23-27	156300
23-27	154770
23-27	015890
23-27	015650
23-27	01013760
23-27	258850
23-27	01006530
23-27	038420
23-28	043770
23-28	263990
23-28	044420
23-28	044110
23-28	038460
23-28	043820
23-28	345760
23-28	255070
23-28	316330
23-28	01062930
23-29	152760
23-29	080730
23-29	031420
23-29	056280
23-29	152740
23-29	056670
23-29	055790
23-29	080930
23-29	055590
23-29	000140
23-30	235140
23-30	237530
23-30	233870
23-30	113880
23-30	234510
23-30	055620
23-30	233820
23-30	269750
23-30	234780
23-30	01003090
23-31	057420
23-31	059770
23-31	059380
23-31	057200
23-31	059430
23-31	058730
23-31	316570
23-31	058610
23-31	058100
23-31	235330
23-32	067890
23-32	068350
23-32	068360
23-32	067790
23-32	067870
23-32	01022240
23-32	267500
23-32	346370
23-32	302240
23-32	168010
23-33	112780
23-33	446420
23-33	326680
23-33	161130
23-33	022020
23-33	112790
23-33	112820
23-33	112730
23-33	492280
23-33	005510
23-34	113940
23-34	114350
23-34	115180
23-34	114090
23-34	114020
23-34	195640
23-34	165200
23-34	118010
23-34	288090
23-34	006910
23-35	123190
23-35	119750
23-35	122060
23-35	120680
23-35	122040
23-35	123170
23-35	119720
23-35	119260
23-35	120630
23-35	119740
23-36	126770
23-36	125900
23-36	539100
23-36	034610
23-36	539840
23-36	106840
23-36	034770
23-36	539280
23-36	065750
23-36	087300
23-37	125800
23-37	126760
23-37	01033730
23-37	349200
23-37	119750
23-37	293460
23-37	119660
23-37	019140
23-37	316460
23-37	083230
23-38	491330
23-38	127120
23-38	126050
23-38	122020
23-38	128340
23-38	118450
23-38	118320
23-38	120830
23-38	271730
23-38	123360
23-39	138100
23-39	139070
23-39	171230
23-39	138780
23-39	165360
23-39	139980
23-39	172940
23-39	01036010
23-39	138090
23-39	137780
23-40	140610
23-40	143970
23-40	123770
23-40	172490
23-40	175150
23-40	140280
23-40	145590
23-40	177410
23-40	178470
23-40	133650
23-41	148780
23-41	149050
23-41	01036810
23-41	149730
23-41	149390
23-41	147310
23-41	511210
23-41	147360
23-41	418510
23-41	149470
23-42	157420
23-42	455540
23-42	158640
23-42	336060
23-42	158190
23-42	029930
23-42	103930
23-42	039250
23-42	158960
23-42	01001530
23-43	163030
23-43	056150
23-43	164250
23-43	162990
23-43	275210
23-43	166200
23-43	166990
23-43	135180
23-43	132860
23-43	164390
23-44	202900
23-44	200160
23-44	200140
23-44	200310
23-44	196850
23-44	196900
23-44	196970
23-44	200110
23-44	195850
23-44	01048800
23-45	090900
23-45	244970
23-45	243870
23-45	244080
23-45	244480
23-45	521820
23-45	244760
23-45	245710
23-45	091080
23-45	037960
23-46	282310
23-46	283020
23-46	281150
23-46	281800
23-46	165570
23-46	170470
23-46	176680
23-46	283480
23-46	173110
23-46	174170
23-47	304300
23-47	039250
23-47	304280
23-47	001800
23-47	478890
23-47	006160
23-47	085200
23-47	080770
23-47	001810
23-47	01061380
23-48	304870
23-48	306360
23-48	306180
23-48	304840
23-48	306590
23-48	305040
23-48	306010
23-48	306700
23-48	307410
23-48	305450
23-49	304900
23-49	307520
23-49	254230
23-49	486020
23-49	306090
23-49	308270
23-49	01072370
23-49	309200
23-49	307200
23-49	009310
23-50	309330
23-50	371350
23-50	311510
23-50	312300
23-50	310100
23-50	314900
23-50	369570
23-50	177620
23-50	311240
23-50	312240
23-51	316170
23-51	01010180
23-51	087850
23-51	315640
23-51	315490
23-51	315680
23-51	315510
23-51	352690
23-51	032440
23-51	285930
23-52	343900
23-52	457990
23-52	376060
23-52	458520
23-52	058860
23-52	345420
23-52	346270
23-52	294540
23-52	459180
23-52	343320
23-53	345770
23-53	347310
23-53	319780
23-53	347440
23-53	022280
23-53	327000
23-53	347450
23-53	347400
23-53	345650
23-53	342920
23-54	375040
23-54	373790
23-54	373510
23-54	375120
23-54	373250
23-54	479840
23-54	373410
23-54	285420
23-54	032260
23-54	080860
23-55	400940
23-55	400020
23-55	402350
23-55	400850
23-55	402500
23-55	400860
23-55	031270
23-55	400160
23-55	401510
23-55	401930
23-56	405010
23-56	404550
23-56	405700
23-56	401650
23-56	402340
23-56	401820
23-56	405230
23-56	405340
23-56	401550
23-56	408490
23-57	408440
23-57	407480
23-57	408850
23-57	407510
23-57	408750
23-57	494340
23-57	407800
23-57	405110
23-57	404600
23-57	405420
23-58	433080
23-58	432120
23-58	433420
23-58	432500
23-58	433500
23-58	432250
23-58	432100
23-58	432850
23-58	099600
23-58	432380
23-59	491980
23-59	491840
23-59	492840
23-59	311460
23-59	492050
23-59	492130
23-59	491170
23-59	491370
23-59	494220
23-59	492210
23-60	534390
23-60	532820
23-60	533650
23-60	531860
23-60	528620
23-60	533640
23-60	529300
23-60	528470
23-60	528570
23-60	533280
23-61	343560
23-61	342680
23-61	343090
23-61	342010
23-61	347780
23-61	342700
23-61	344290
23-61	035530
23-61	342810
23-61	01076610
23-62	438080
23-62	437780
23-62	440860
23-62	440080
23-62	440100
23-62	439560
23-62	438410
23-62	022020
23-62	01088620
23-62	441000
23-63	523380
23-63	523260
23-63	525090
23-63	525230
23-63	520680
23-63	526590
23-63	526040
23-63	526660
23-63	523180
23-63	524040
23-64	025830
23-64	025840
23-64	023520
23-64	023000
23-64	026260
23-64	026150
23-64	025130
23-64	025850
23-64	022980
23-64	023830
23-65	131090
23-65	130790
23-65	130800
23-65	147490
23-65	360940
23-65	432290
23-65	188790
23-65	002370
23-65	130760
23-65	244170
23-66	142330
23-66	144220
23-66	146320
23-66	143400
23-66	142320
23-66	142310
23-66	144210
23-66	311510
23-66	142180
23-66	144250
23-67	199670
23-67	013840
23-67	204920
23-67	209150
23-67	127520
23-67	207850
23-67	204090
23-67	148400
23-67	01009100
23-67	206340
23-68	473940
23-68	474260
23-68	473840
23-68	472300
23-68	471540
23-68	474210
23-68	157430
23-68	472840
23-68	263120
23-68	472760
23-69	166190
23-69	170130
23-69	174560
23-69	118580
23-69	389630
23-69	387070
23-69	235130
23-69	171810
23-69	01042970
23-69	041710
23-70	012590
23-70	011150
23-70	012540
23-70	200360
23-70	006890
23-70	01005230
23-70	01006110
23-70	014380
23-70	203330
23-70	140410
23-71	181640
23-71	342630
23-71	267440
23-71	016680
23-71	080280
23-71	004290
23-71	342150
23-71	066980
23-71	342320
23-71	01076300
23-72	195610
23-72	01008650
23-72	197610
23-72	194160
23-72	116900
23-72	194040
23-72	019320
23-72	195260
23-72	193580
23-72	007350
23-73	207130
23-73	207050
23-73	206950
23-73	205610
23-73	020320
23-73	210330
23-73	020280
23-73	206460
23-73	197400
23-73	01015550
23-74	284430
23-74	080240
23-74	017060
23-74	003570
23-74	080540
23-74	193790
23-74	003500
23-74	193890
23-74	387760
23-74	031540
23-75	306130
23-75	167350
23-75	276240
23-75	134930
23-75	307740
23-75	166400
23-75	118620
23-75	305920
23-75	225100
23-75	195990
23-76	386190
23-76	322490
23-76	031870
23-76	017850
23-76	338880
23-76	091390
23-76	018020
23-76	315140
23-76	003390
23-76	020930
23-77	388250
23-77	110060
23-77	227880
23-77	400490
23-77	326830
23-77	400270
23-77	471520
23-77	155620
23-77	400290
23-77	040110
23-78	161060
23-78	001130
23-78	031330
23-78	103770
23-78	017810
23-78	268970
23-78	164200
23-78	108480
23-78	031360
23-78	103760
23-79	007040
23-79	005050
23-79	005060
23-79	005850
23-79	004990
23-79	006200
23-79	006430
23-79	005760
23-79	006060
23-79	004320
23-80	009560
23-80	01005780
23-80	012320
23-80	169850
23-80	010630
23-80	010790
23-80	01035680
23-80	004570
23-80	008500
23-80	013790
23-81	009800
23-81	010720
23-81	010690
23-81	01005680
23-81	011700
23-81	202210
23-81	006080
23-81	007160
23-81	01051090
23-81	123610
23-82	011760
23-82	010210
23-82	170910
23-82	013680
23-82	143300
23-82	201260
23-82	398280
23-82	139260
23-82	009350
23-82	519960
23-83	017370
23-83	017390
23-83	216740
23-83	019880
23-83	355450
23-83	01013220
23-83	01007810
23-83	01007800
23-83	017540
23-83	01007560
23-84	023170
23-84	023330
23-84	068060
23-84	300180
23-84	067670
23-84	027060
23-84	099280
23-84	099270
23-84	197030
23-84	01066850
23-85	024280
23-85	025290
23-85	024120
23-85	022470
23-85	022250
23-85	023360
23-85	01009900
23-85	021990
23-85	022580
23-85	022230
23-86	158150
23-86	263020
23-86	052190
23-86	042770
23-86	049640
23-86	045500
23-86	158520
23-86	048930
23-86	045700
23-86	049010
23-87	054950
23-87	01015850
23-87	054660
23-87	054340
23-87	053500
23-87	054190
23-87	018440
23-87	053880
23-87	017900
23-87	018140
23-88	059450
23-88	058850
23-88	056570
23-88	01016950
23-88	062070
23-88	064350
23-88	061370
23-88	061200
23-88	060390
23-88	01059270
23-89	075700
23-89	075580
23-89	077610
23-89	073530
23-89	072850
23-89	077520
23-89	076740
23-89	077190
23-89	074360
23-89	075750
23-90	108310
23-90	440290
23-90	440100
23-90	108330
23-90	442650
23-90	108280
23-90	441320
23-90	438820
23-90	01088920
23-90	234820
23-91	127190
23-91	127750
23-91	019140
23-91	083430
23-91	01034030
23-91	127180
23-91	121850
23-91	083230
23-91	001030
23-91	125570
23-92	127160
23-92	431880
23-92	129250
23-92	128510
23-92	125800
23-92	123360
23-92	119670
23-92	125850
23-92	123350
23-92	01032080
23-93	079220
23-93	103830
23-93	136770
23-93	135760
23-93	093340
23-93	081300
23-93	267880
23-93	317580
23-93	092300
23-93	068890
23-94	139580
23-94	137180
23-94	010720
23-94	379510
23-94	168900
23-94	01005680
23-94	140890
23-94	170450
23-94	202210
23-94	01051090
24-1	389440
24-1	169850
24-1	166020
24-1	163360
24-1	135880
24-1	280060
24-1	177100
24-1	177720
24-1	174360
24-1	01035680
24-2	175050
24-2	177130
24-2	165630
24-2	173550
24-2	163250
24-2	141120
24-2	000450
24-2	165080
24-2	226200
24-2	388610
24-3	100410
24-3	225310
24-3	217480
24-3	060670
24-3	225810
24-3	317950
24-3	294790
24-3	150900
24-3	185330
24-3	395290
24-4	227440
24-4	066840
24-4	089300
24-4	212430
24-4	066920
24-4	067200
24-4	080280
24-4	001280
24-4	001580
24-4	109250
24-5	230920
24-5	431970
24-5	183300
24-5	183910
24-5	183530
24-5	335570
24-5	231970
24-5	182610
24-5	261490
24-5	258820
24-6	01063770
24-6	161120
24-6	325130
24-6	288000
24-6	01063710
24-6	01037720
24-6	268790
24-6	500980
24-6	500600
24-6	401080
24-7	071820
24-7	269130
24-7	270920
24-7	270630
24-7	271850
24-7	269520
24-7	268440
24-7	395730
24-7	287880
24-7	376360
24-8	306810
24-8	390200
24-8	310360
24-8	306220
24-8	304410
24-8	304410
24-8	305800
24-8	306920
24-8	376580
24-8	309610
24-9	276160
24-9	275360
24-9	259590
24-9	305540
24-9	01007420
24-9	021060
24-9	155450
24-9	336770
24-9	032030
24-9	01001640
24-10	326800
24-10	248330
24-10	105610
24-10	104950
24-10	087280
24-10	087760
24-10	259380
24-10	259190
24-10	105380
24-10	01009390
24-11	395570
24-11	015740
24-11	016150
24-11	015860
24-11	155930
24-11	015730
24-11	01008390
24-11	154770
24-11	01007350
24-11	01007430
24-12	404100
24-12	408010
24-12	401700
24-12	01085560
24-12	178410
24-12	405360
24-12	406560
24-12	01085640
24-12	064630
24-12	409380
24-13	360550
24-13	417640
24-13	415980
24-13	416280
24-13	416160
24-13	355820
24-13	418200
24-13	219450
24-13	049140
24-13	330410
24-14	431990
24-14	432120
24-14	01088060
24-14	432100
24-14	433500
24-14	484190
24-14	374190
24-14	432160
24-14	099520
24-14	432770
24-15	440090
24-15	443820
24-15	443830
24-15	442590
24-15	441600
24-15	443270
24-15	440980
24-15	439300
24-15	439290
24-15	438920
24-16	266980
24-16	302040
24-16	01028930
24-16	461320
24-16	426900
24-16	463680
24-16	459980
24-16	225850
24-16	216380
24-16	170910
24-17	01062960
24-17	472400
24-17	472050
24-17	472190
24-17	471520
24-17	473060
24-17	371910
24-17	473340
24-17	474360
24-17	471720
24-18	491960
24-18	495150
24-18	491620
24-18	493680
24-18	491480
24-18	493990
24-18	493000
24-18	492350
24-18	493740
24-18	205450
24-19	509250
24-19	508180
24-19	505700
24-19	538230
24-19	505970
24-19	507020
24-19	505640
24-19	506540
24-19	01099380
24-19	331670
24-20	538270
24-20	538230
24-20	452180
24-20	538140
24-20	451680
24-20	538190
24-20	538160
24-20	148710
24-20	538550
24-20	550070
24-21	015490
24-21	015470
24-21	015690
24-21	036290
24-21	015450
24-21	080240
24-21	085700
24-21	085690
24-21	315230
24-21	033850
24-22	034330
24-22	034480
24-22	020960
24-22	034080
24-22	020850
24-22	034180
24-22	030340
24-22	034110
24-22	034320
24-22	035080
24-23	035260
24-23	106990
24-23	333510
24-23	149370
24-23	107230
24-23	146670
24-23	149840
24-23	148880
24-23	150560
24-23	104400
24-24	104000
24-24	004700
24-24	022070
24-24	004650
24-24	022310
24-24	343820
24-24	028950
24-24	022630
24-24	400010
24-24	01000010
24-25	110270
24-25	326860
24-25	401400
24-25	484570
24-25	327650
24-25	327840
24-25	416380
24-25	327860
24-25	326710
24-25	240900
24-26	196260
24-26	203150
24-26	203530
24-26	200190
24-26	019960
24-26	236610
24-26	130600
24-26	108400
24-26	130260
24-26	130590
24-27	195290
24-27	202360
24-27	01051010
24-27	231210
24-27	195370
24-27	196520
24-27	196610
24-27	124040
24-27	201750
24-27	01085420
24-28	104020
24-28	104740
24-28	233540
24-28	104510
24-28	345130
24-28	067210
24-28	081310
24-28	055790
24-28	004260
24-28	01001330
24-29	395860
24-29	395960
24-29	235520
24-29	395710
24-29	167470
24-29	396000
24-29	01058970
24-29	058650
24-29	236100
24-29	01084420
24-30	304490
24-30	306130
24-30	305040
24-30	304420
24-30	457240
24-30	305080
24-30	484570
24-30	488670
24-30	304750
24-30	01071740
24-31	339250
24-31	339090
24-31	430640
24-31	430790
24-31	339350
24-31	339190
24-31	339380
24-31	416500
24-31	511670
24-31	326860
24-32	504580
24-32	399870
24-32	399880
24-32	399890
24-32	154400
24-32	080980
24-32	256830
24-32	038510
24-32	256840
24-32	315680
24-33	406000
24-33	407680
24-33	409460
24-33	408200
24-33	408790
24-33	409700
24-33	409100
24-33	405640
24-33	408380
24-33	407000
24-34	472110
24-34	260780
24-34	402220
24-34	424700
24-34	328600
24-34	471770
24-34	156890
24-34	473890
24-34	261350
24-34	471580
24-35	001550
24-35	103700
24-35	002790
24-35	001600
24-35	103690
24-35	221450
24-35	031320
24-35	132650
24-35	243880
24-35	056680
24-36	013300
24-36	008940
24-36	01004650
24-36	009140
24-36	120990
24-36	010350
24-36	005700
24-36	007100
24-36	007130
24-36	01003450
24-37	032280
24-37	000050
24-37	037570
24-37	244040
24-37	001120
24-37	038130
24-37	031480
24-37	038280
24-37	01011860
24-37	038140
24-38	416130
24-38	040070
24-38	327800
24-38	154580
24-38	155960
24-38	037990
24-38	01075210
24-38	154680
24-38	037770
24-38	038300
24-39	054190
24-39	018120
24-39	053770
24-39	026710
24-39	054520
24-39	017890
24-39	017870
24-39	017910
24-39	017800
24-39	017900
24-40	374820
24-40	070680
24-40	269180
24-40	070660
24-40	070250
24-40	070010
24-40	074420
24-40	070380
24-40	070260
24-40	072130
24-41	079200
24-41	079380
24-41	269480
24-41	079290
24-41	228420
24-41	004690
24-41	388310
24-41	005500
24-41	268390
24-41	007180
24-42	099040
24-42	099030
24-42	01076320
24-42	342210
24-42	089390
24-42	099060
24-42	195720
24-42	003130
24-42	099050
24-42	244250
24-43	034100
24-43	105530
24-43	249020
24-43	033780
24-43	034480
24-43	105870
24-43	087660
24-43	087490
24-43	033550
24-43	034360
24-44	228110
24-44	110600
24-44	041730
24-44	110370
24-44	079200
24-44	163880
24-44	228420
24-44	269480
24-44	260010
24-44	228690
24-45	371570
24-45	131800
24-45	154820
24-45	098830
24-45	371580
24-45	371600
24-45	131790
24-45	086710
24-45	086740
24-45	036280
24-46	147270
24-46	147520
24-46	147370
24-46	146940
24-46	338120
24-46	146820
24-46	432270
24-46	147010
24-46	147100
24-46	01035100
24-47	164280
24-47	388930
24-47	305920
24-47	300780
24-47	134930
24-47	275620
24-47	163660
24-47	167350
24-47	168410
24-47	317990
24-48	201270
24-48	171020
24-48	022800
24-48	023420
24-48	359400
24-48	022410
24-48	024070
24-48	024240
24-48	021870
24-48	023820
24-49	163880
24-49	228420
24-49	079200
24-49	228690
24-49	229180
24-49	228110
24-49	133720
24-49	079290
24-49	134100
24-49	136160
24-50	391420
24-50	302210
24-50	216830
24-50	168970
24-50	162770
24-50	023930
24-50	171020
24-50	023040
24-50	236810
24-50	023580
24-51	389290
24-51	166320
24-51	390170
24-51	388560
24-51	391670
24-51	389520
24-51	389530
24-51	390360
24-51	01064980
24-51	388210
24-52	326390
24-52	326850
24-52	188520
24-52	328490
24-52	223210
24-52	400780
24-52	222600
24-52	223150
24-52	326860
24-52	326890
24-53	327660
24-53	147060
24-53	327980
24-53	530010
24-53	268470
24-53	161130
24-53	373190
24-53	338060
24-53	152840
24-53	132690
24-54	355800
24-54	349670
24-54	345810
24-54	352300
24-54	542260
24-54	344050
24-54	344250
24-54	359860
24-54	345890
24-54	01076480
24-55	371610
24-55	371720
24-55	371630
24-55	371620
24-55	371700
24-55	372120
24-55	01082640
24-55	01082660
24-55	01082630
24-55	060030
24-56	402670
24-56	425330
24-56	405070
24-56	041760
24-56	400530
24-56	390170
24-56	389290
24-56	406520
24-56	306860
24-56	400540
24-57	424830
24-57	425330
24-57	485340
24-57	423740
24-57	375440
24-57	521800
24-57	425720
24-57	424890
24-57	423540
24-57	423700
24-58	424420
24-58	457040
24-58	459910
24-58	460640
24-58	374820
24-58	458270
24-58	456290
24-58	457210
24-58	459680
24-58	459500
24-59	476070
24-59	105380
24-59	106500
24-59	209120
24-59	104860
24-59	132090
24-59	124840
24-59	105340
24-59	239540
24-59	020960
24-60	494970
24-60	494780
24-60	494820
24-60	495150
24-60	494580
24-60	492460
24-60	492000
24-60	494770
24-60	494290
24-60	493100
24-61	546370
24-61	546390
24-61	149420
24-61	147870
24-61	546360
24-61	148710
24-61	149230
24-61	147430
24-61	339250
24-61	499690
24-62	098640
24-62	000230
24-62	000350
24-62	003110
24-62	000370
24-62	000900
24-62	000290
24-62	01000050
24-62	078880
24-62	000920
24-63	01001140
24-63	01001160
24-63	003200
24-63	185720
24-63	003090
24-63	085690
24-63	000160
24-63	080590
24-63	000920
24-63	347330
24-64	005280
24-64	009440
24-64	01031450
24-64	005830
24-64	01003990
24-64	004390
24-64	163460
24-64	01002470
24-64	005140
24-64	000040
24-65	287830
24-65	103680
24-65	031320
24-65	001540
24-65	103690
24-65	314170
24-65	326090
24-65	267440
24-65	243880
24-65	162640
24-66	038920
24-66	038950
24-66	155010
24-66	038930
24-66	336760
24-66	336770
24-66	01007660
24-66	01041080
24-66	017320
24-66	415730
24-67	039080
24-67	037740
24-67	01013740
24-67	038460
24-67	01013810
24-67	098290
24-67	338040
24-67	315700
24-67	344540
24-67	041440
24-68	072060
24-68	074030
24-68	076160
24-68	076650
24-68	072170
24-68	075890
24-68	072050
24-68	070510
24-68	072410
24-68	01020610
24-69	114510
24-69	01030940
24-69	113800
24-69	01030800
24-69	390030
24-69	168110
24-69	114130
24-69	114200
24-69	290790
24-69	120420
24-70	114760
24-70	115140
24-70	114890
24-70	114860
24-70	115360
24-70	114690
24-70	009500
24-70	114420
24-70	120440
24-70	269140
24-71	225340
24-71	120210
24-71	117810
24-71	167660
24-71	136250
24-71	120150
24-71	225570
24-71	167380
24-71	114370
24-71	01031670
24-72	172600
24-72	043680
24-72	235420
24-72	225340
24-72	165760
24-72	168790
24-72	167660
24-72	163200
24-72	170470
24-72	280230
24-73	177410
24-73	174320
24-73	01046270
24-73	173360
24-73	178520
24-73	323630
24-73	177560
24-73	173460
24-73	303320
24-73	178130
24-74	234720
24-74	022330
24-74	171020
24-74	236810
24-74	216830
24-74	234530
24-74	033230
24-74	022510
24-74	022930
24-74	023460
24-75	270950
24-75	168440
24-75	516950
24-75	017220
24-75	157460
24-75	353530
24-75	108570
24-75	099320
24-75	352900
24-75	059320
24-76	404030
24-76	403360
24-76	400490
24-76	403800
24-76	405700
24-76	414750
24-76	405010
24-76	329680
24-76	368150
24-76	402330
24-77	403490
24-77	404340
24-77	01085570
24-77	401550
24-77	402220
24-77	404450
24-77	407260
24-77	01085540
24-77	400710
24-77	403500
24-78	407290
24-78	01085760
24-78	409750
24-78	401880
24-78	407930
24-78	407590
24-78	405670
24-78	403140
24-78	409780
24-78	407740
24-79	452360
24-79	453390
24-79	453090
24-79	453650
24-79	259260
24-79	470070
24-79	471620
24-79	017900
24-79	039450
24-79	043690
24-80	002040
24-80	032230
24-80	029090
24-80	002130
24-80	029080
24-80	184650
24-80	01001130
24-80	021840
24-80	341560
24-80	055790
24-81	414730
24-81	524730
24-81	459510
24-81	324510
24-81	525850
24-81	527100
24-81	524880
24-81	522530
24-81	455500
24-81	520870
24-82	003540
24-82	341990
24-82	003610
24-82	080270
24-82	067040
24-82	150850
24-82	080900
24-82	065370
24-82	01001410
24-82	001230
24-83	01003460
24-83	006830
24-83	01002870
24-83	01003860
24-83	01002720
24-83	01003490
24-83	006850
24-83	008500
24-83	01003290
24-83	010630
24-84	009570
24-84	008500
24-84	010630
24-84	008280
24-84	008400
24-84	007590
24-84	010220
24-84	122660
24-84	009600
24-84	01003670
24-85	122550
24-85	153440
24-85	122560
24-85	271670
24-85	010550
24-85	009110
24-85	01004130
24-85	01002930
24-85	01044220
24-85	008500
24-86	009070
24-86	120960
24-86	019780
24-86	203380
24-86	01004540
24-86	01002780
24-86	138050
24-86	006430
24-86	011850
24-86	01003850
24-87	015670
24-87	064660
24-87	015950
24-87	015540
24-87	015690
24-87	015960
24-87	015550
24-87	085680
24-87	154130
24-87	015470
24-88	016930
24-88	016980
24-88	001420
24-88	035530
24-88	016690
24-88	016950
24-88	035410
24-88	003080
24-88	345950
24-88	347240
24-89	026670
24-89	233720
24-89	193300
24-89	004340
24-89	116300
24-89	022080
24-89	01010430
24-89	026650
24-89	056210
24-89	056550
24-90	026790
24-90	027540
24-90	027100
24-90	027360
24-90	027090
24-90	026620
24-90	511120
24-90	342110
24-90	026930
24-90	031280
24-91	029060
24-91	029050
24-91	029020
24-91	028950
24-91	104000
24-91	028970
24-91	343540
24-91	243710
24-91	029730
24-91	029010
24-92	199550
24-92	105440
24-92	034110
24-92	034410
24-92	035000
24-92	034260
24-92	034180
24-92	034320
24-92	01012830
24-92	01003850
24-93	154320
24-93	053520
24-93	053530
24-93	053420
24-93	053720
24-93	017760
24-93	053440
24-93	053540
24-93	053570
24-93	336710
24-94	038250
24-94	021360
24-94	043690
24-94	053550
24-94	322480
24-94	053840
24-94	483100
24-94	001690
24-94	044480
24-94	098920
25-1	038220
25-1	033810
25-1	259190
25-1	105380
25-1	161340
25-1	151730
25-1	248630
25-1	161120
25-1	087420
25-1	01002970
25-2	044890
25-2	262950
25-2	041200
25-2	01014680
25-2	158510
25-2	153440
25-2	050640
25-2	01060430
25-2	043010
25-2	261870
25-3	456860
25-3	058180
25-3	224830
25-3	057020
25-3	374070
25-3	224560
25-3	133760
25-3	056290
25-3	057950
25-3	057910
25-4	458220
25-4	057690
25-4	165340
25-4	135330
25-4	060860
25-4	119080
25-4	056070
25-4	165300
25-4	080760
25-4	058690
25-5	162570
25-5	069310
25-5	279170
25-5	162430
25-5	195370
25-5	069450
25-5	324390
25-5	322760
25-5	162710
25-5	069400
25-6	132660
25-6	002100
25-6	233660
25-6	162370
25-6	274940
25-6	078880
25-6	304290
25-6	163170
25-6	020580
25-6	133490
25-7	103830
25-7	079070
25-7	092610
25-7	322270
25-7	349380
25-7	345550
25-7	065190
25-7	150900
25-7	099890
25-7	031640
25-8	080560
25-8	193790
25-8	080300
25-8	080910
25-8	083470
25-8	080400
25-8	284780
25-8	01024540
25-8	01021860
25-8	080380
25-9	000070
25-9	098650
25-9	000080
25-9	000020
25-9	233650
25-9	233610
25-9	233640
25-9	184500
25-9	000430
25-9	055930
25-10	098720
25-10	162560
25-10	022080
25-10	026730
25-10	491090
25-10	163200
25-10	055970
25-10	300260
25-10	279150
25-10	132700
25-11	099260
25-11	099210
25-11	200290
25-11	119650
25-11	01012430
25-11	155300
25-11	01010560
25-11	01000150
25-11	032240
25-11	01049640
25-12	224970
25-12	032020
25-12	081370
25-12	103830
25-12	056940
25-12	244640
25-12	153310
25-12	317580
25-12	103850
25-12	032250
25-13	104530
25-13	248110
25-13	032320
25-13	104430
25-13	104460
25-13	104440
25-13	105260
25-13	104400
25-13	345440
25-13	01035000
25-14	104980
25-14	106010
25-14	105200
25-14	042590
25-14	247460
25-14	105090
25-14	105710
25-14	104480
25-14	248200
25-14	234090
25-15	106010
25-15	105710
25-15	087430
25-15	035070
25-15	088240
25-15	034910
25-15	105500
25-15	105740
25-15	198430
25-15	104610
25-16	109790
25-16	326380
25-16	109750
25-16	01013140
25-16	269000
25-16	01013130
25-16	110190
25-16	240740
25-16	000290
25-16	401670
25-17	118670
25-17	117860
25-17	122840
25-17	116440
25-17	119950
25-17	214240
25-17	166380
25-17	117830
25-17	117850
25-17	062640
25-18	102300
25-18	171950
25-18	124450
25-18	123130
25-18	01045230
25-18	173590
25-18	173410
25-18	204600
25-18	128740
25-18	355920
25-19	133760
25-19	01043220
25-19	01044870
25-19	388850
25-19	135240
25-19	166230
25-19	136580
25-19	136170
25-19	133480
25-19	141160
25-20	113790
25-20	164370
25-20	165550
25-20	135310
25-20	134530
25-20	389490
25-20	133170
25-20	388910
25-20	118600
25-20	117280
25-21	169410
25-21	137890
25-21	138210
25-21	121020
25-21	009230
25-21	281270
25-21	133220
25-21	376980
25-21	166330
25-21	171470
25-22	01031410
25-22	163870
25-22	056120
25-22	164150
25-22	01002710
25-22	146750
25-22	058030
25-22	212950
25-22	129970
25-22	133570
25-23	156070
25-23	154970
25-23	041220
25-23	01041000
25-23	157600
25-23	042880
25-23	259290
25-23	157970
25-23	155280
25-23	505070
25-24	156320
25-24	156970
25-24	395570
25-24	015710
25-24	254320
25-24	258850
25-24	016190
25-24	290650
25-24	279070
25-24	031790
25-25	154820
25-25	005010
25-25	066930
25-25	519840
25-25	154850
25-25	373100
25-25	336780
25-25	098420
25-25	357200
25-25	038120
25-26	01043220
25-26	133760
25-26	163280
25-26	388850
25-26	166490
25-26	305000
25-26	166230
25-26	01043010
25-26	432300
25-26	135240
25-27	301070
25-27	166680
25-27	165790
25-27	389340
25-27	163900
25-27	168910
25-27	163870
25-27	167700
25-27	166080
25-27	133460
25-28	171280
25-28	280760
25-28	135130
25-28	165850
25-28	166720
25-28	164790
25-28	167430
25-28	163640
25-28	280320
25-28	120090
25-29	391880
25-29	01074390
25-29	170140
25-29	280930
25-29	282380
25-29	323370
25-29	01074380
25-29	168790
25-29	140900
25-29	170880
25-30	193750
25-30	193980
25-30	193680
25-30	004630
25-30	193850
25-30	01048390
25-30	195850
25-30	193660
25-30	01002830
25-30	01008530
25-31	057990
25-31	041290
25-31	234890
25-31	194900
25-31	472120
25-31	193560
25-31	196500
25-31	198890
25-31	006820
25-31	019540
25-32	007970
25-32	197350
25-32	197360
25-32	203670
25-32	01049150
25-32	114170
25-32	199610
25-32	006650
25-32	196700
25-32	199980
25-33	01050080
25-33	202210
25-33	200750
25-33	200740
25-33	195430
25-33	01051020
25-33	010020
25-33	036270
25-33	194900
25-33	199660
25-34	140900
25-34	124180
25-34	173440
25-34	173020
25-34	202540
25-34	216970
25-34	203710
25-34	406920
25-34	323370
25-34	019950
25-35	152710
25-35	224260
25-35	243630
25-35	243640
25-35	088880
25-35	109660
25-35	152810
25-35	090160
25-35	088980
25-35	109840
25-36	336960
25-36	254240
25-36	018160
25-36	395190
25-36	031920
25-36	195940
25-36	335970
25-36	060410
25-36	349070
25-36	039310
25-37	269380
25-37	270600
25-37	269830
25-37	268730
25-37	269590
25-37	269780
25-37	269020
25-37	269010
25-37	270460
25-37	269360
25-38	282330
25-38	175310
25-38	282710
25-38	167660
25-38	173360
25-38	176310
25-38	283710
25-38	282210
25-38	175030
25-38	173170
25-39	174810
25-39	174120
25-39	168700
25-39	302350
25-39	139940
25-39	204840
25-39	162990
25-39	173310
25-39	163310
25-39	01043430
25-40	304840
25-40	304490
25-40	387830
25-40	304440
25-40	305040
25-40	305270
25-40	304330
25-40	056150
25-40	163030
25-40	113890
25-41	304710
25-41	305000
25-41	304750
25-41	305600
25-41	306850
25-41	306720
25-41	307310
25-41	306800
25-41	305650
25-41	01071390
25-42	306350
25-42	304750
25-42	305360
25-42	162660
25-42	305090
25-42	304860
25-42	01071740
25-42	305190
25-42	304590
25-42	165790
25-43	305210
25-43	309760
25-43	308070
25-43	308670
25-43	309880
25-43	307530
25-43	01072370
25-43	01071950
25-43	01072170
25-43	093070
25-44	322810
25-44	347450
25-44	323010
25-44	456750
25-44	432520
25-44	322950
25-44	323310
25-44	322800
25-44	432090
25-44	01001240
25-45	322260
25-45	386220
25-45	322240
25-45	322170
25-45	154730
25-45	079070
25-45	343030
25-45	080370
25-45	067070
25-45	084160
25-46	327100
25-46	327160
25-46	482470
25-46	184920
25-46	243180
25-46	081450
25-46	258950
25-46	258930
25-46	185010
25-46	395690
25-47	223120
25-47	323990
25-47	327650
25-47	327130
25-47	326620
25-47	326760
25-47	327860
25-47	328420
25-47	326670
25-47	326710
25-48	330470
25-48	333020
25-48	329150
25-48	329420
25-48	327280
25-48	222770
25-48	328840
25-48	324730
25-48	223470
25-48	330790
25-49	332420
25-49	514190
25-49	292850
25-49	052940
25-49	287320
25-49	455330
25-49	361080
25-49	01097010
25-49	513410
25-49	418480
25-50	339190
25-50	415940
25-50	430720
25-50	339350
25-50	270550
25-50	069750
25-50	430830
25-50	220590
25-50	01075850
25-50	339100
25-51	347840
25-51	347850
25-51	345430
25-51	346980
25-51	345970
25-51	002230
25-51	01001660
25-51	161140
25-51	240430
25-51	344700
25-52	387050
25-52	103720
25-52	279690
25-52	134350
25-52	224340
25-52	103760
25-52	304330
25-52	01088060
25-52	279180
25-52	113650
25-53	387580
25-53	433210
25-53	387510
25-53	387280
25-53	387460
25-53	387390
25-53	398370
25-53	387540
25-53	387270
25-53	458280
25-54	323370
25-54	140900
25-54	489260
25-54	391880
25-54	01074390
25-54	406600
25-54	463920
25-54	01093790
25-54	406920
25-54	282380
25-55	041850
25-55	415840
25-55	098830
25-55	416210
25-55	416530
25-55	480100
25-55	416200
25-55	416670
25-55	490980
25-55	416040
25-56	418350
25-56	340460
25-56	542310
25-56	418680
25-56	419020
25-56	416680
25-56	431700
25-56	272220
25-56	329660
25-56	406920
25-57	447270
25-57	447090
25-57	448490
25-57	448790
25-57	448130
25-57	446640
25-57	449240
25-57	447010
25-57	446500
25-57	447400
25-58	452580
25-58	452750
25-58	454380
25-58	453180
25-58	092260
25-58	454200
25-58	091080
25-58	454450
25-58	454460
25-58	454840
25-59	457730
25-59	457060
25-59	456290
25-59	456220
25-59	306040
25-59	457510
25-59	458360
25-59	457210
25-59	463360
25-59	456980
25-60	268550
25-60	270330
25-60	269830
25-60	269000
25-60	268980
25-60	271090
25-60	01007020
25-60	269260
25-60	273010
25-60	269660
25-61	459760
25-61	01093130
25-61	456700
25-61	460450
25-61	309760
25-61	460700
25-61	309880
25-61	460440
25-61	308070
25-61	093070
25-62	468040
25-62	468220
25-62	469900
25-62	469020
25-62	469080
25-62	469500
25-62	469390
25-62	469480
25-62	468150
25-62	468730
25-63	472620
25-63	472650
25-63	472670
25-63	472240
25-63	473630
25-63	261150
25-63	472040
25-63	042280
25-63	473010
25-63	471780
25-64	491090
25-64	491000
25-64	234460
25-64	504600
25-64	491230
25-64	237080
25-64	237240
25-64	239020
25-64	237070
25-64	280610
25-65	163350
25-65	504890
25-65	038570
25-65	244700
25-65	245160
25-65	155140
25-65	162830
25-65	039540
25-65	347730
25-65	01014030
25-66	513270
25-66	513280
25-66	01011560
25-66	003770
25-66	043580
25-66	01001580
25-66	052510
25-66	067340
25-66	003980
25-66	01009450
25-67	202110
25-67	530670
25-67	199770
25-67	01100760
25-67	528490
25-67	536630
25-67	202660
25-67	200030
25-67	530720
25-67	530790
25-68	023980
25-68	01009970
25-68	01010110
25-68	024620
25-68	041230
25-68	01009700
25-68	472130
25-68	01009920
25-68	025200
25-68	023680
25-69	027130
25-69	01010500
25-69	022300
25-69	027190
25-69	01010440
25-69	026790
25-69	01011090
25-69	067490
25-69	01010550
25-69	026950
25-70	037780
25-70	037950
25-70	023170
25-70	109690
25-70	001610
25-70	289400
25-70	027060
25-70	039240
25-70	001130
25-70	511060
25-71	038110
25-71	01013700
25-71	005110
25-71	016720
25-71	258570
25-71	040660
25-71	001680
25-71	038770
25-71	038630
25-71	004420
25-72	01006330
25-72	059980
25-72	060470
25-72	062610
25-72	062470
25-72	063740
25-72	033650
25-72	144490
25-72	064040
25-72	220370
25-73	135060
25-73	007420
25-73	165990
25-73	140130
25-73	171260
25-73	375950
25-73	136730
25-73	132940
25-73	135430
25-73	01043830
25-74	01006330
25-74	144490
25-74	208640
25-74	063740
25-74	204230
25-74	206400
25-74	205140
25-74	000040
25-74	201030
25-74	194090
25-75	413340
25-75	413150
25-75	336510
25-75	318680
25-75	190600
25-75	172840
25-75	112380
25-75	173320
25-75	157890
25-75	352350
25-76	436210
25-76	212280
25-76	051950
25-76	429080
25-76	062830
25-76	385470
25-76	419180
25-76	528140
25-76	179850
25-76	001030
25-77	540390
25-77	085780
25-77	085940
25-77	541090
25-77	421530
25-77	085740
25-77	069570
25-77	319930
25-77	01039360
25-77	085770
25-78	015730
25-78	01006910
25-78	015750
25-78	01006710
25-78	01006690
25-78	344900
25-78	517770
25-78	080490
25-78	01076680
25-78	038230
25-79	023740
25-79	022990
25-79	022040
25-79	023360
25-79	022910
25-79	024120
25-79	022290
25-79	022260
25-79	022470
25-79	01009930
25-80	038140
25-80	039110
25-80	039100
25-80	038130
25-80	040410
25-80	041440
25-80	091610
25-80	081280
25-80	290060
25-80	256800
25-81	053580
25-81	054260
25-81	054520
25-81	053790
25-81	017770
25-81	053770
25-81	054340
25-81	053880
25-81	053870
25-81	054270
25-82	188920
25-82	542700
25-82	419880
25-82	189270
25-82	231470
25-82	189100
25-82	01070930
25-82	302570
25-82	203870
25-82	188960
25-83	452610
25-83	452600
25-83	452560
25-83	452320
25-83	451430
25-83	473520
25-83	451590
25-83	451980
25-83	452330
25-83	452210
25-84	533110
25-84	528620
25-84	530740
25-84	531610
25-84	534280
25-84	528780
25-84	530010
25-84	532920
25-84	528470
25-84	528980
25-85	095780
25-85	031990
25-85	216950
25-85	039350
25-85	152820
25-85	017460
25-85	088860
25-85	035850
25-85	154430
25-85	031750
25-86	143040
25-86	231480
25-86	231060
25-86	232420
25-86	006030
25-86	085830
25-86	480170
25-86	183580
25-86	113900
25-86	176430
25-87	204330
25-87	198340
25-87	199050
25-87	249580
25-87	196350
25-87	196510
25-87	252180
25-87	349180
25-87	002290
25-87	401300
25-88	330850
25-88	223480
25-88	333310
25-88	331380
25-88	418090
25-88	332450
25-88	222670
25-88	327580
25-88	047070
25-88	222660
25-89	242130
25-89	242220
25-89	241510
25-89	410770
25-89	325060
25-89	099730
25-89	241560
25-89	242010
25-89	241840
25-89	242310
25-90	118480
25-90	117510
25-90	118450
25-90	119450
25-90	348720
25-90	119200
25-90	121670
25-90	118290
25-90	119430
25-90	119400
25-91	121450
25-91	122990
25-91	137060
25-91	01032140
25-91	010340
25-91	123160
25-91	171120
25-91	120180
25-91	391540
25-91	121400
25-92	511060
25-92	511070
25-92	511080
25-92	350450
25-92	108420
25-92	031360
25-92	290890
25-92	031330
25-92	224630
25-92	431970
25-93	228570
25-93	228600
25-93	005670
25-93	228960
25-93	227900
25-93	229390
25-93	230700
25-93	266690
25-93	229970
25-93	228640
25-94	437650
25-94	437830
25-94	437760
25-94	438540
25-94	437570
25-94	437920
25-94	438820
25-94	437860
25-94	439080
25-94	439280
26-1	326400
26-1	029850
26-1	029830
26-1	498150
26-1	01000880
26-1	000470
26-1	329320
26-1	224300
26-1	489800
26-1	268490
26-2	491030
26-2	263110
26-2	331230
26-2	046670
26-2	156340
26-2	048630
26-2	01039370
26-2	154980
26-2	040680
26-2	419300
26-3	004420
26-3	038110
26-3	004490
26-3	01002260
26-3	004430
26-3	067360
26-3	103840
26-3	004820
26-3	067420
26-3	01002540
26-4	053880
26-4	01015850
26-4	053770
26-4	054190
26-4	053790
26-4	053500
26-4	054160
26-4	054260
26-4	018180
26-4	018200
26-5	134220
26-5	005820
26-5	118280
26-5	056720
26-5	032960
26-5	019310
26-5	279820
26-5	055940
26-5	215030
26-5	135700
26-6	063060
26-6	064400
26-6	059500
26-6	01017570
26-6	161550
26-6	01017260
26-6	060000
26-6	060350
26-6	061200
26-6	161540
26-7	072630
26-7	074370
26-7	074770
26-7	070630
26-7	01019980
26-7	187200
26-7	072130
26-7	072500
26-7	074420
26-7	071380
26-8	117600
26-8	121630
26-8	166100
26-8	059180
26-8	057650
26-8	225320
26-8	134900
26-8	117860
26-8	01031600
26-8	235040
26-9	127870
26-9	063060
26-9	118450
26-9	127880
26-9	120660
26-9	128850
26-9	125770
26-9	122050
26-9	126050
26-9	118310
26-10	155200
26-10	156240
26-10	01038240
26-10	038720
26-10	504890
26-10	490120
26-10	037830
26-10	386370
26-10	155140
26-10	242780
26-11	258940
26-11	189850
26-11	156700
26-11	037810
26-11	257170
26-11	003180
26-11	155060
26-11	031790
26-11	155850
26-11	155930
26-12	166100
26-12	164910
26-12	134900
26-12	134460
26-12	137430
26-12	168580
26-12	301290
26-12	389950
26-12	225320
26-12	133890
26-13	168680
26-13	166350
26-13	168670
26-13	167770
26-13	136310
26-13	137040
26-13	166060
26-13	137960
26-13	161130
26-13	117750
26-14	121070
26-14	009350
26-14	199590
26-14	197690
26-14	261870
26-14	195970
26-14	198810
26-14	01051230
26-14	237110
26-14	137580
26-15	248590
26-15	249400
26-15	124230
26-15	247930
26-15	247160
26-15	250400
26-15	034170
26-15	247260
26-15	250470
26-15	247110
26-16	305730
26-16	01071220
26-16	304550
26-16	292400
26-16	164680
26-16	306790
26-16	304690
26-16	457400
26-16	304810
26-16	304990
26-17	341510
26-17	01041010
26-17	133740
26-17	133450
26-17	192550
26-17	415730
26-17	162910
26-17	133750
26-17	017790
26-17	002070
26-18	518080
26-18	060830
26-18	058840
26-18	123690
26-18	237200
26-18	060750
26-18	330040
26-18	518310
26-18	352300
26-18	237480
26-19	003230
26-19	039890
26-19	057170
26-19	01017260
26-19	068780
26-19	059320
26-19	184560
26-19	330670
26-19	000310
26-19	084330
26-20	006070
26-20	006060
26-20	01002340
26-20	006200
26-20	01002850
26-20	01002730
26-20	007090
26-20	006080
26-20	113950
26-20	118130
26-21	036110
26-21	036100
26-21	036090
26-21	222140
26-21	01013290
26-21	001270
26-21	150850
26-21	001440
26-21	01054200
26-21	003610
26-22	043000
26-22	157270
26-22	042470
26-22	261080
26-22	042790
26-22	472630
26-22	114510
26-22	047740
26-22	245370
26-22	01008770
26-23	094630
26-23	377120
26-23	094860
26-23	092330
26-23	187620
26-23	092070
26-23	092890
26-23	092260
26-23	392030
26-23	236270
26-24	098710
26-24	055660
26-24	098700
26-24	184540
26-24	000050
26-24	341960
26-24	004640
26-24	085060
26-24	067280
26-24	056360
26-25	098880
26-25	098890
26-25	01079320
26-25	257360
26-25	317620
26-25	346560
26-25	098860
26-25	080990
26-25	057930
26-25	119510
26-26	164920
26-26	165410
26-26	166860
26-26	164130
26-26	068010
26-26	067820
26-26	068190
26-26	067070
26-26	080820
26-26	323860
26-27	194490
26-27	195380
26-27	195850
26-27	193850
26-27	196330
26-27	195320
26-27	004950
26-27	114280
26-27	197840
26-27	194760
26-28	237260
26-28	236270
26-28	235620
26-28	237200
26-28	187620
26-28	01058840
26-28	238890
26-28	272410
26-28	058400
26-28	238850
26-29	268610
26-29	268750
26-29	269020
26-29	269010
26-29	007680
26-29	01063900
26-29	436880
26-29	166910
26-29	430610
26-29	498710
26-30	401620
26-30	400860
26-30	401510
26-30	402500
26-30	402360
26-30	403830
26-30	403440
26-30	402390
26-30	404090
26-30	401280
26-31	462090
26-31	461060
26-31	462080
26-31	458020
26-31	01093650
26-31	434460
26-31	459430
26-31	01093520
26-31	457630
26-31	463430
26-32	389690
26-32	390960
26-32	389770
26-32	071930
26-32	390310
26-32	01083950
26-32	393510
26-32	391060
26-32	01096940
26-32	067630
26-33	056680
26-33	056390
26-33	056260
26-33	056280
26-33	000140
26-33	055590
26-33	103700
26-33	056670
26-33	243000
26-33	085120
26-34	248490
26-34	249650
26-34	01027510
26-34	034080
26-34	105420
26-34	055680
26-34	104490
26-34	105190
26-34	248010
26-34	248660
26-35	135920
26-35	132860
26-35	134420
26-35	135180
26-35	166200
26-35	167680
26-35	164290
26-35	136690
26-35	167850
26-35	132950
26-36	013020
26-36	01006410
26-36	126390
26-36	01002970
26-36	010430
26-36	010230
26-36	012320
26-36	416960
26-36	141360
26-36	202480
26-37	011800
26-37	011230
26-37	115510
26-37	124940
26-37	316700
26-37	005000
26-37	005920
26-37	007890
26-37	01002770
26-37	01005050
26-38	018010
26-38	017970
26-38	018040
26-38	005420
26-38	326490
26-38	326600
26-38	099430
26-38	017940
26-38	040410
26-38	017830
26-39	158020
26-39	158900
26-39	019090
26-39	500080
26-39	411880
26-39	499690
26-39	188880
26-39	339220
26-39	350160
26-39	216580
26-40	041370
26-40	01034740
26-40	130050
26-40	188680
26-40	195380
26-40	351130
26-40	411620
26-40	214140
26-40	158020
26-40	188770
26-41	061130
26-41	082280
26-41	082620
26-41	094470
26-41	082020
26-41	047100
26-41	124620
26-41	020150
26-41	302270
26-41	288380
26-42	070320
26-42	072680
26-42	164010
26-42	156720
26-42	243780
26-42	349860
26-42	482450
26-42	071570
26-42	01001530
26-42	073890
26-43	081370
26-43	01021980
26-43	103830
26-43	233580
26-43	103850
26-43	347530
26-43	233570
26-43	347350
26-43	080350
26-43	081100
26-44	113010
26-44	113110
26-44	01073390
26-44	112950
26-44	112980
26-44	113120
26-44	113240
26-44	112760
26-44	113180
26-44	095070
26-45	132630
26-45	032260
26-45	000200
26-45	031390
26-45	01011750
26-45	032410
26-45	000100
26-45	193910
26-45	01000500
26-45	001470
26-46	138140
26-46	225750
26-46	137810
26-46	01044800
26-46	169030
26-46	168460
26-46	137190
26-46	166590
26-46	135290
26-46	009550
26-47	166150
26-47	147560
26-47	130260
26-47	148100
26-47	148700
26-47	336530
26-47	147490
26-47	389710
26-47	130610
26-47	148720
26-48	01047600
26-48	185290
26-48	185300
26-48	185510
26-48	185360
26-48	092110
26-48	094120
26-48	094810
26-48	01024960
26-48	093410
26-49	200060
26-49	195140
26-49	208930
26-49	01004500
26-49	200890
26-49	196590
26-49	193960
26-49	199760
26-49	204830
26-49	198890
26-50	089820
26-50	01001360
26-50	01024240
26-50	212560
26-50	066940
26-50	003590
26-50	213190
26-50	066960
26-50	067200
26-50	068330
26-51	221490
26-51	163120
26-51	455250
26-51	345050
26-51	162410
26-51	162640
26-51	162670
26-51	039250
26-51	322730
26-51	162680
26-52	225500
26-52	035160
26-52	087530
26-52	086960
26-52	088240
26-52	087930
26-52	033780
26-52	087490
26-52	225480
26-52	088090
26-53	268960
26-53	271180
26-53	269340
26-53	270440
26-53	056630
26-53	268530
26-53	436880
26-53	268730
26-53	268750
26-53	271570
26-54	269170
26-54	292890
26-54	165120
26-54	292800
26-54	271730
26-54	079170
26-54	039890
26-54	273790
26-54	349640
26-54	189790
26-55	01065000
26-55	275960
26-55	275010
26-55	006150
26-55	006160
26-55	068070
26-55	067510
26-55	01002330
26-55	004490
26-55	304920
26-56	151020
26-56	327360
26-56	548940
26-56	548960
26-56	243540
26-56	387480
26-56	01001670
26-56	150960
26-56	018350
26-56	287020
26-57	304480
26-57	305550
26-57	165250
26-57	01071220
26-57	306190
26-57	133580
26-57	305890
26-57	305300
26-57	134310
26-57	305810
26-58	349440
26-58	01077340
26-58	01078610
26-58	350860
26-58	01078810
26-58	347700
26-58	346570
26-58	168500
26-58	349430
26-58	165510
26-59	389710
26-59	214140
26-59	130380
26-59	166150
26-59	336530
26-59	01014150
26-59	148110
26-59	01034740
26-59	130260
26-59	147560
26-60	544040
26-60	411620
26-60	433400
26-60	131140
26-60	131100
26-60	448810
26-60	242690
26-60	108400
26-60	130760
26-60	214910
26-61	474270
26-61	159090
26-61	272730
26-61	473510
26-61	048130
26-61	474380
26-61	472760
26-61	472910
26-61	473920
26-61	474050
26-62	024290
26-62	022190
26-62	022330
26-62	022360
26-62	022300
26-62	022930
26-62	023820
26-62	022510
26-62	022920
26-62	022200
26-63	055730
26-63	133490
26-63	080950
26-63	003660
26-63	098700
26-63	274940
26-63	345400
26-63	020610
26-63	078980
26-63	113890
26-64	162860
26-64	162850
26-64	133040
26-64	01002370
26-64	163770
26-64	132760
26-64	300220
26-64	084470
26-64	133750
26-64	166730
26-65	316270
26-65	316150
26-65	349690
26-65	315620
26-65	482780
26-65	032240
26-65	01000220
26-65	01000250
26-65	446970
26-65	000730
26-66	415830
26-66	415900
26-66	326450
26-66	323900
26-66	326640
26-66	255590
26-66	423620
26-66	151290
26-66	084380
26-66	154370
26-67	019480
26-67	019350
26-67	019300
26-67	01048790
26-67	193960
26-67	200750
26-67	019470
26-67	01043460
26-67	039130
26-67	000400
26-68	056070
26-68	01054230
26-68	146820
26-68	057030
26-68	163520
26-68	147030
26-68	119020
26-68	147050
26-68	058690
26-68	057650
26-69	416000
26-69	039180
26-69	326930
26-69	471400
26-69	254280
26-69	223140
26-69	472110
26-69	336020
26-69	155040
26-69	472270
26-70	060320
26-70	059030
26-70	060580
26-70	061880
26-70	120230
26-70	062260
26-70	281990
26-70	214770
26-70	061760
26-70	060980
26-71	171760
26-71	121290
26-71	134460
26-71	388270
26-71	163710
26-71	121230
26-71	197620
26-71	117110
26-71	174930
26-71	194630
26-72	327200
26-72	346410
26-72	261060
26-72	259440
26-72	01003980
26-72	263810
26-72	260380
26-72	327060
26-72	099870
26-72	055780
26-73	041700
26-73	01074680
26-73	01014160
26-73	155230
26-73	040110
26-73	156040
26-73	259970
26-73	01062700
26-73	155620
26-73	039430
26-74	094190
26-74	01017450
26-74	172040
26-74	245580
26-74	090970
26-74	01035860
26-74	059360
26-74	093310
26-74	276740
26-74	377200
26-75	059360
26-75	060230
26-75	059700
26-75	169290
26-75	062690
26-75	058700
26-75	308170
26-75	060800
26-75	058960
26-75	137590
26-76	272090
26-76	271300
26-76	271150
26-76	330110
26-76	271430
26-76	153560
26-76	272010
26-76	249920
26-76	073080
26-76	276740
26-77	536850
26-77	535520
26-77	535060
26-77	535850
26-77	535700
26-77	536270
26-77	535530
26-77	535260
26-77	536390
26-77	533560
26-78	007520
26-78	006410
26-78	01002880
26-78	005100
26-78	006200
26-78	005950
26-78	007330
26-78	006190
26-78	117680
26-78	004380
26-79	023440
26-79	157210
26-79	322500
26-79	022880
26-79	022000
26-79	016710
26-79	400200
26-79	023480
26-79	467880
26-79	053880
26-80	155710
26-80	038530
26-80	260150
26-80	040520
26-80	416050
26-80	040240
26-80	154440
26-80	327850
26-80	259980
26-80	155960
26-81	137830
26-81	124260
26-81	140770
26-81	172440
26-81	139100
26-81	135360
26-81	202820
26-81	120890
26-81	139000
26-81	141490
26-82	040240
26-82	155710
26-82	260150
26-82	259170
26-82	038300
26-82	040520
26-82	259980
26-82	154680
26-82	154440
26-82	041080
26-83	161380
26-83	01009870
26-83	01009790
26-83	161460
26-83	373270
26-83	078940
26-83	01009910
26-83	161480
26-83	447350
26-83	161270
26-84	301180
26-84	166620
26-84	234590
26-84	136130
26-84	305860
26-84	305860
26-84	175210
26-84	165440
26-84	166970
26-84	165140
26-85	285080
26-85	284460
26-85	284540
26-85	284610
26-85	284480
26-85	141010
26-85	135800
26-85	284660
26-85	284780
26-85	163180
26-86	345900
26-86	290880
26-86	045920
26-86	198430
26-86	344290
26-86	164010
26-86	01001450
26-86	01001530
26-86	01096330
26-86	350010
26-87	305130
26-87	163960
26-87	305070
26-87	036630
26-87	079040
26-87	085190
26-87	224970
26-87	166690
26-87	164430
26-87	285180
26-88	456750
26-88	460460
26-88	457740
26-88	461170
26-88	01093520
26-88	459950
26-88	460610
26-88	461730
26-88	460000
26-88	457600
26-89	166600
26-89	169280
26-89	167040
26-89	235260
26-89	121010
26-89	137860
26-89	169000
26-89	01071920
26-89	307230
26-89	166080
26-90	521470
26-90	521820
26-90	398360
26-90	520030
26-90	01100210
26-90	520050
26-90	522520
26-90	520900
26-90	521570
26-90	520510
26-91	290440
26-91	290120
26-91	165780
26-91	291010
26-91	290690
26-91	289240
26-91	002190
26-91	289650
26-91	440150
26-91	081230
26-92	030060
26-92	000640
26-92	493630
26-92	094000
26-92	039810
26-92	241630
26-92	423400
26-92	01012460
26-92	304290
26-92	222560
26-93	031870
26-93	017850
26-93	018020
26-93	031430
26-93	017860
26-93	268950
26-93	268700
26-93	315140
26-93	000560
26-93	324410
26-94	022950
26-94	326630
26-94	024100
26-94	023980
26-94	01010070
26-94	025290
26-94	023430
26-94	326580
26-94	023870
26-94	022570
27-1	358190
27-1	082800
27-1	081300
27-1	347370
27-1	348260
27-1	285560
27-1	239840
27-1	326070
27-1	003750
27-1	003620
27-2	135040
27-2	135080
27-2	163240
27-2	006950
27-2	133520
27-2	134420
27-2	137010
27-2	138120
27-2	137720
27-2	140130
27-3	143020
27-3	176860
27-3	283370
27-3	126510
27-3	174400
27-3	142570
27-3	141360
27-3	139610
27-3	175570
27-3	218250
27-4	178300
27-4	144410
27-4	180340
27-4	140020
27-4	180670
27-4	01045970
27-4	137420
27-4	143290
27-4	141820
27-4	140260
27-5	132660
27-5	274940
27-5	002340
27-5	162370
27-5	233660
27-5	032240
27-5	163170
27-5	108420
27-5	400250
27-5	002100
27-6	188540
27-6	188630
27-6	275320
27-6	186000
27-6	540360
27-6	147820
27-6	432240
27-6	279670
27-6	484360
27-6	188410
27-7	364920
27-7	01000330
27-7	365110
27-7	365330
27-7	366250
27-7	191350
27-7	01081970
27-7	030310
27-7	355290
27-7	030330
27-8	477610
27-8	476340
27-8	542580
27-8	476160
27-8	476550
27-8	302640
27-8	476150
27-8	476800
27-8	475760
27-8	460040
27-9	134870
27-9	336940
27-9	154430
27-9	436940
27-9	335870
27-9	355710
27-9	336110
27-9	335930
27-9	545550
27-9	195940
27-10	522810
27-10	523600
27-10	524970
27-10	460640
27-10	524290
27-10	417870
27-10	523860
27-10	525010
27-10	525780
27-10	482560
27-11	142620
27-11	137850
27-11	169900
27-11	136410
27-11	167440
27-11	177080
27-11	136320
27-11	139590
27-11	143340
27-11	168630
27-12	459910
27-12	460640
27-12	458650
27-12	458270
27-12	01093520
27-12	458770
27-12	523600
27-12	462460
27-12	462930
27-12	482560
27-13	499530
27-13	520640
27-13	499690
27-13	01100230
27-13	500080
27-13	530820
27-13	522980
27-13	511750
27-13	328490
27-13	433280
27-14	017850
27-14	031870
27-14	017860
27-14	018020
27-14	324410
27-14	031430
27-14	386190
27-14	315140
27-14	006890
27-14	161120
27-15	156640
27-15	039840
27-15	041270
27-15	042760
27-15	270230
27-15	045170
27-15	472130
27-15	042700
27-15	040150
27-15	262710
27-16	030110
27-16	000130
27-16	233610
27-16	000040
27-16	003080
27-16	154320
27-16	039310
27-16	275010
27-16	184520
27-16	111980
27-17	01005160
27-17	013350
27-17	011260
27-17	254530
27-17	012510
27-17	317580
27-17	065200
27-17	006260
27-17	432030
27-17	092300
27-18	067970
27-18	035760
27-18	01013230
27-18	195880
27-18	068160
27-18	345740
27-18	035860
27-18	103830
27-18	067950
27-18	244570
27-19	336830
27-19	021330
27-19	021610
27-19	089260
27-19	021300
27-19	000390
27-19	337080
27-19	018080
27-19	053880
27-19	004610
27-20	124270
27-20	118580
27-20	01031600
27-20	01012090
27-20	120960
27-20	116830
27-20	142980
27-20	124260
27-20	122500
27-20	117880
27-21	142540
27-21	142660
27-21	303180
27-21	013220
27-21	139630
27-21	177780
27-21	115710
27-21	176030
27-21	177180
27-21	175170
27-22	148570
27-22	148820
27-22	418510
27-22	148260
27-22	148090
27-22	157900
27-22	150260
27-22	149050
27-22	188840
27-22	148780
27-23	166650
27-23	01043540
27-23	163640
27-23	01035250
27-23	01043140
27-23	134760
27-23	165790
27-23	133050
27-23	280320
27-23	169910
27-24	219260
27-24	214860
27-24	217410
27-24	214530
27-24	216410
27-24	216230
27-24	219170
27-24	218400
27-24	215930
27-24	061400
27-25	234590
27-25	235280
27-25	01057980
27-25	271480
27-25	01059040
27-25	235670
27-25	060050
27-25	301180
27-25	124920
27-25	235850
27-26	402430
27-26	243160
27-26	243150
27-26	104900
27-26	105190
27-26	538940
27-26	357780
27-26	034410
27-26	033980
27-26	248660
27-27	292340
27-27	291850
27-27	293950
27-27	291450
27-27	288220
27-27	351530
27-27	292160
27-27	294470
27-27	352370
27-27	290660
27-28	313050
27-28	298760
27-28	283160
27-28	294930
27-28	312080
27-28	297600
27-28	365810
27-28	298350
27-28	066560
27-28	365740
27-29	373500
27-29	374940
27-29	374090
27-29	165240
27-29	374990
27-29	374180
27-29	244240
27-29	373540
27-29	375130
27-29	089620
27-30	407370
27-30	404940
27-30	406090
27-30	405840
27-30	407930
27-30	403920
27-30	409690
27-30	410640
27-30	402220
27-30	407910
27-31	417820
27-31	416020
27-31	416850
27-31	415980
27-31	416930
27-31	156780
27-31	416730
27-31	418880
27-31	416800
27-31	355820
27-32	452730
27-32	452620
27-32	531790
27-32	507650
27-32	454760
27-32	454460
27-32	483520
27-32	452410
27-32	504620
27-32	451890
27-33	500120
27-33	499680
27-33	500500
27-33	499250
27-33	498430
27-33	500240
27-33	500420
27-33	499920
27-33	498500
27-33	499750
27-34	151960
27-34	432000
27-34	109070
27-34	157050
27-34	432460
27-34	432200
27-34	152420
27-34	432090
27-34	152310
27-34	241230
27-35	159160
27-35	061700
27-35	047390
27-35	477780
27-35	047900
27-35	381200
27-35	260490
27-35	047170
27-35	158120
27-35	463400
27-36	186370
27-36	186190
27-36	185890
27-36	069390
27-36	071220
27-36	070150
27-36	185910
27-36	069740
27-36	186060
27-36	01043540
27-37	004320
27-37	007120
27-37	005070
27-37	004540
27-37	005760
27-37	01002880
27-37	002060
27-37	01003090
27-37	01002410
27-37	007330
27-38	005120
27-38	004670
27-38	008220
27-38	006560
27-38	004350
27-38	004660
27-38	079010
27-38	01002830
27-38	005390
27-38	005850
27-39	118230
27-39	01005280
27-39	01002600
27-39	006210
27-39	005510
27-39	009790
27-39	017990
27-39	007890
27-39	009260
27-39	008220
27-40	006850
27-40	118990
27-40	008560
27-40	01003860
27-40	009360
27-40	005610
27-40	008390
27-40	004570
27-40	01004780
27-40	009200
27-41	022970
27-41	01009850
27-41	023610
27-41	023200
27-41	023790
27-41	025290
27-41	021980
27-41	022110
27-41	023520
27-41	348520
27-42	300700
27-42	279850
27-42	037580
27-42	037790
27-42	461600
27-42	098740
27-42	135550
27-42	103710
27-42	388020
27-42	098800
27-43	037720
27-43	089300
27-43	080940
27-43	066900
27-43	066930
27-43	01027530
27-43	068030
27-43	336780
27-43	004780
27-43	032320
27-44	047140
27-44	01015330
27-44	328450
27-44	070990
27-44	364340
27-44	223370
27-44	324060
27-44	499730
27-44	091150
27-44	166350
27-45	451370
27-45	030170
27-45	053860
27-45	451380
27-45	467770
27-45	053930
27-45	467740
27-45	053740
27-45	053660
27-45	053840
27-46	055590
27-46	103670
27-46	000100
27-46	064560
27-46	000140
27-46	078890
27-46	055790
27-46	001280
27-46	031420
27-46	003030
27-47	070070
27-47	070580
27-47	070140
27-47	499080
27-47	069540
27-47	069680
27-47	071320
27-47	070010
27-47	075460
27-47	070260
27-48	070570
27-48	070890
27-48	069410
27-48	070350
27-48	070480
27-48	072350
27-48	069980
27-48	070340
27-48	069320
27-48	388030
27-49	071520
27-49	071760
27-49	070460
27-49	069940
27-49	070400
27-49	069360
27-49	070390
27-49	073170
27-49	156540
27-49	070870
27-50	078900
27-50	078840
27-50	078920
27-50	002690
27-50	078860
27-50	003020
27-50	003070
27-50	031260
27-50	080230
27-50	001600
27-51	087370
27-51	131910
27-51	087670
27-51	437360
27-51	01063910
27-51	123690
27-51	087650
27-51	132040
27-51	132220
27-51	034290
27-52	099440
27-52	099470
27-52	099450
27-52	017840
27-52	099690
27-52	099570
27-52	000530
27-52	184600
27-52	099500
27-52	455460
27-53	100790
27-53	100780
27-53	490170
27-53	100960
27-53	101160
27-53	339320
27-53	259670
27-53	157210
27-53	275470
27-53	327480
27-54	116700
27-54	01031440
27-54	117260
27-54	118400
27-54	117380
27-54	117440
27-54	118520
27-54	117310
27-54	116690
27-54	118500
27-55	118400
27-55	116760
27-55	117570
27-55	119620
27-55	116700
27-55	117310
27-55	118500
27-55	119460
27-55	118350
27-55	117380
27-56	135320
27-56	134040
27-56	141120
27-56	138200
27-56	139030
27-56	01035290
27-56	168790
27-56	138530
27-56	139190
27-56	132720
27-57	146580
27-57	146610
27-57	146590
27-57	066900
27-57	255510
27-57	01001360
27-57	036140
27-57	540040
27-57	130020
27-57	01013390
27-58	01035100
27-58	146780
27-58	133570
27-58	163870
27-58	147100
27-58	146770
27-58	078990
27-58	01002710
27-58	079400
27-58	079060
27-59	152030
27-59	241460
27-59	151800
27-59	395050
27-59	222590
27-59	023760
27-59	395030
27-59	242820
27-59	053650
27-59	197160
27-60	153010
27-60	153080
27-60	499450
27-60	498990
27-60	153020
27-60	153230
27-60	153170
27-60	153460
27-60	153410
27-60	153210
27-61	029910
27-61	154390
27-61	290020
27-61	01038230
27-61	042480
27-61	155370
27-61	344010
27-61	156390
27-61	156650
27-61	338020
27-62	275130
27-62	133460
27-62	133450
27-62	165790
27-62	163900
27-62	279510
27-62	116940
27-62	305080
27-62	300320
27-62	01071740
27-63	184480
27-63	113520
27-63	004510
27-63	184540
27-63	029810
27-63	000140
27-63	184500
27-63	002050
27-63	038240
27-63	080860
27-64	185950
27-64	185940
27-64	065960
27-64	015490
27-64	185820
27-64	066070
27-64	01006490
27-64	274990
27-64	069230
27-64	162550
27-65	192530
27-65	004710
27-65	192560
27-65	189760
27-65	129980
27-65	002070
27-65	104480
27-65	192580
27-65	021300
27-65	131910
27-66	134660
27-66	458640
27-66	017790
27-66	009500
27-66	117600
27-66	114760
27-66	169300
27-66	281380
27-66	231310
27-66	202810
27-67	388590
27-67	133260
27-67	275110
27-67	01064690
27-67	113710
27-67	275620
27-67	275640
27-67	388030
27-67	275160
27-67	388720
27-68	162420
27-68	279340
27-68	279100
27-68	165000
27-68	279390
27-68	275610
27-68	133110
27-68	455310
27-68	004850
27-68	162900
27-69	304280
27-69	162640
27-69	345340
27-69	304300
27-69	067120
27-69	345050
27-69	085260
27-69	287830
27-69	080770
27-69	104010
27-70	305010
27-70	275260
27-70	163670
27-70	089960
27-70	275120
27-70	304910
27-70	373830
27-70	116960
27-70	01071400
27-70	099670
27-71	079170
27-71	306080
27-71	305280
27-71	306570
27-71	280460
27-71	306060
27-71	308550
27-71	317950
27-71	305070
27-71	314420
27-72	326860
27-72	328490
27-72	146850
27-72	328950
27-72	326980
27-72	323890
27-72	326670
27-72	327650
27-72	161410
27-72	327050
27-73	328700
27-73	223300
27-73	327170
27-73	324370
27-73	329210
27-73	222630
27-73	327420
27-73	329810
27-73	328890
27-73	327790
27-74	056390
27-74	032330
27-74	057800
27-74	003020
27-74	088980
27-74	063230
27-74	056680
27-74	057490
27-74	000250
27-74	058540
27-75	395860
27-75	167470
27-75	390390
27-75	01065960
27-75	136060
27-75	01084420
27-75	391620
27-75	395960
27-75	275600
27-75	301270
27-76	327910
27-76	404890
27-76	457720
27-76	402800
27-76	039630
27-76	407300
27-76	400520
27-76	401830
27-76	408970
27-76	01009930
27-77	402210
27-77	184940
27-77	406520
27-77	403670
27-77	402360
27-77	406580
27-77	244920
27-77	406730
27-77	407250
27-77	156310
27-78	405880
27-78	402090
27-78	134920
27-78	457940
27-78	375410
27-78	389400
27-78	404680
27-78	306500
27-78	164600
27-78	275120
27-79	403030
27-79	329200
27-79	404250
27-79	459130
27-79	405940
27-79	002170
27-79	403010
27-79	400240
27-79	406760
27-79	404960
27-80	405260
27-80	406820
27-80	405600
27-80	405070
27-80	410030
27-80	406520
27-80	404500
27-80	407250
27-80	405530
27-80	407990
27-81	416800
27-81	416530
27-81	292960
27-81	092150
27-81	416280
27-81	416350
27-81	082900
27-81	285540
27-81	285550
27-81	360820
27-82	512180
27-82	417520
27-82	261550
27-82	331540
27-82	501770
27-82	331050
27-82	043370
27-82	417390
27-82	261990
27-82	419140
27-83	476420
27-83	476610
27-83	476830
27-83	475960
27-83	476510
27-83	476720
27-83	478140
27-83	478130
27-83	477040
27-83	476630
27-84	499350
27-84	113970
27-84	498880
27-84	019500
27-84	196340
27-84	499960
27-84	007130
27-84	070670
27-84	006590
27-84	552570
27-85	185230
27-85	336860
27-85	185480
27-85	007530
27-85	478690
27-85	021610
27-85	328320
27-85	244640
27-85	243630
27-85	089260
27-86	002920
27-86	002910
27-86	155450
27-86	243880
27-86	093340
27-86	432030
27-86	134870
27-86	166090
27-86	031380
27-86	103690
27-87	005860
27-87	01002650
27-87	005890
27-87	005960
27-87	195460
27-87	011500
27-87	005500
27-87	006890
27-87	006760
27-87	009900
27-88	007010
27-88	114000
27-88	118610
27-88	196250
27-88	280200
27-88	01004950
27-88	011080
27-88	007490
27-88	006970
27-88	011560
27-89	015820
27-89	015650
27-89	01006840
27-89	015890
27-89	118400
27-89	01006530
27-89	015720
27-89	01006720
27-89	254070
27-89	015930
27-90	078970
27-90	080350
27-90	080300
27-90	080450
27-90	342260
27-90	342330
27-90	342590
27-90	081370
27-90	342430
27-90	081670
27-91	084190
27-91	084210
27-91	01068790
27-91	036270
27-91	490110
27-91	01038230
27-91	108550
27-91	066060
27-91	103850
27-91	01076220
27-92	123670
27-92	348720
27-92	01032880
27-92	349200
27-92	119750
27-92	350670
27-92	347800
27-92	118560
27-92	124660
27-92	116670
27-93	114000
27-93	135170
27-93	280200
27-93	301210
27-93	118610
27-93	139380
27-93	133290
27-93	007010
27-93	136400
27-93	165670
27-94	156310
27-94	042240
27-94	156370
27-94	040520
27-94	156800
27-94	039480
27-94	155800
27-94	041090
27-94	038650
27-94	041970
28-1	181670
28-1	194420
28-1	195090
28-1	196850
28-1	195610
28-1	194040
28-1	196910
28-1	198660
28-1	01008610
28-1	133390
28-2	202160
28-2	203780
28-2	203270
28-2	184580
28-2	202030
28-2	01050130
28-2	391130
28-2	373120
28-2	194160
28-2	195270
28-3	019380
28-3	194940
28-3	196700
28-3	199480
28-3	201030
28-3	199920
28-3	196730
28-3	199910
28-3	201020
28-3	196450
28-4	478680
28-4	478690
28-4	336830
28-4	109660
28-4	479010
28-4	387210
28-4	021330
28-4	478670
28-4	031900
28-4	01009560
28-5	088870
28-5	088860
28-5	238960
28-5	088820
28-5	383790
28-5	243410
28-5	244310
28-5	068570
28-5	239310
28-5	093050
28-6	248550
28-6	105310
28-6	249510
28-6	008470
28-6	247970
28-6	251770
28-6	276280
28-6	248740
28-6	247470
28-6	247430
28-7	272620
28-7	325290
28-7	273280
28-7	184580
28-7	01098720
28-7	272030
28-7	270270
28-7	271340
28-7	270110
28-7	272420
28-8	003070
28-8	003020
28-8	085100
28-8	085050
28-8	162310
28-8	078920
28-8	085110
28-8	01008250
28-8	003030
28-8	002760
28-9	322480
28-9	000620
28-9	000870
28-9	483100
28-9	254610
28-9	01000250
28-9	001200
28-9	194570
28-9	395030
28-9	053930
28-10	000160
28-10	242720
28-10	032860
28-10	323730
28-10	000710
28-10	152670
28-10	055740
28-10	040690
28-10	161070
28-10	031360
28-11	260230
28-11	017940
28-11	290390
28-11	258570
28-11	017150
28-11	261600
28-11	031480
28-11	344760
28-11	326600
28-11	243370
28-12	355290
28-12	356280
28-12	351410
28-12	01079600
28-12	265360
28-12	01080750
28-12	155360
28-12	259360
28-12	418160
28-12	261740
28-13	436890
28-13	452740
28-13	338260
28-13	338190
28-13	338370
28-13	338380
28-13	452980
28-13	436870
28-13	522240
28-13	437070
28-14	193590
28-14	193740
28-14	212790
28-14	116570
28-14	146750
28-14	01008510
28-14	194620
28-14	195390
28-14	193610
28-14	400600
28-15	104580
28-15	538570
28-15	538580
28-15	106690
28-15	106800
28-15	105110
28-15	021230
28-15	106700
28-15	538590
28-15	187610
28-16	109310
28-16	109370
28-16	109280
28-16	01034530
28-16	130490
28-16	01029210
28-16	130330
28-16	109320
28-16	109300
28-16	395830
28-17	408290
28-17	408510
28-17	142380
28-17	333470
28-17	459370
28-17	425840
28-17	311770
28-17	245930
28-17	460630
28-17	401870
28-18	529870
28-18	530100
28-18	531220
28-18	102500
28-18	535270
28-18	533490
28-18	244860
28-18	530160
28-18	529570
28-18	529340
28-19	289120
28-19	289760
28-19	279360
28-19	290000
28-19	055660
28-19	290450
28-19	003160
28-19	006840
28-19	212780
28-19	236460
28-20	432960
28-20	432120
28-20	476120
28-20	374400
28-20	342040
28-20	100390
28-20	432770
28-20	432440
28-20	01088060
28-20	477500
28-21	080540
28-21	289440
28-21	080420
28-21	080480
28-21	080920
28-21	080370
28-21	080550
28-21	081170
28-21	081210
28-21	162670
28-22	478700
28-22	478790
28-22	080350
28-22	342260
28-22	342270
28-22	152740
28-22	224390
28-22	078970
28-22	080450
28-22	317500
28-23	109240
28-23	116230
28-23	029800
28-23	098640
28-23	032240
28-23	343470
28-23	000470
28-23	000170
28-23	000090
28-23	01000880
28-24	037940
28-24	038290
28-24	037710
28-24	258560
28-24	038640
28-24	037550
28-24	039500
28-24	326400
28-24	193310
28-24	224300
28-25	059280
28-25	432000
28-25	432200
28-25	059270
28-25	432760
28-25	068240
28-25	068590
28-25	01010130
28-25	432090
28-25	212730
28-26	066980
28-26	066880
28-26	267440
28-26	035510
28-26	016680
28-26	066940
28-26	001580
28-26	015660
28-26	066850
28-26	066960
28-27	075330
28-27	222880
28-27	217470
28-27	379810
28-27	182150
28-27	046650
28-27	181960
28-27	377970
28-27	101520
28-27	462330
28-28	081100
28-28	285790
28-28	082620
28-28	345800
28-28	545570
28-28	233920
28-28	080990
28-28	254110
28-28	081370
28-28	351920
28-29	120550
28-29	119390
28-29	118520
28-29	01031680
28-29	119340
28-29	119460
28-29	01031690
28-29	117540
28-29	257030
28-29	123230
28-30	200650
28-30	01004720
28-30	195020
28-30	203680
28-30	010040
28-30	202050
28-30	198810
28-30	01051230
28-30	199100
28-30	202780
28-31	200930
28-31	204290
28-31	193980
28-31	208380
28-31	199810
28-31	193660
28-31	199420
28-31	204590
28-31	196390
28-31	199060
28-32	247990
28-32	033880
28-32	247600
28-32	247410
28-32	105090
28-32	247400
28-32	033730
28-32	247200
28-32	249370
28-32	033580
28-33	417460
28-33	416080
28-33	415980
28-33	417820
28-33	416470
28-33	416800
28-33	416280
28-33	416850
28-33	416200
28-33	396590
28-34	080940
28-34	285120
28-34	284770
28-34	068030
28-34	389790
28-34	067470
28-34	089300
28-34	067290
28-34	081700
28-34	235650
28-35	358010
28-35	358980
28-35	361790
28-35	349850
28-35	353270
28-35	355580
28-35	344260
28-35	353460
28-35	352230
28-35	249370
28-36	294970
28-36	295040
28-36	358630
28-36	357860
28-36	297160
28-36	01080390
28-36	01022590
28-36	082510
28-36	268960
28-36	294410
28-37	008220
28-37	005740
28-37	010400
28-37	01004470
28-37	007800
28-37	217070
28-37	302280
28-37	009900
28-37	007890
28-37	01003200
28-38	165120
28-38	163630
28-38	344290
28-38	035840
28-38	345060
28-38	345170
28-38	165490
28-38	315520
28-38	315780
28-38	01001450
28-39	342650
28-39	343140
28-39	342310
28-39	344590
28-39	002130
28-39	002170
28-39	01076560
28-39	342210
28-39	01076180
28-39	342360
28-40	088230
28-40	249810
28-40	034610
28-40	250700
28-40	500760
28-40	137370
28-40	088420
28-40	105420
28-40	019750
28-40	01004080
28-41	361680
28-41	346660
28-41	360490
28-41	345800
28-41	346270
28-41	357150
28-41	345160
28-41	01077350
28-41	344350
28-41	342310
28-42	310400
28-42	01072630
28-42	01072610
28-42	312090
28-42	309250
28-42	308730
28-42	312920
28-42	01072860
28-42	311390
28-42	310360
28-43	01075660
28-43	338050
28-43	158120
28-43	338040
28-43	01003410
28-43	01005800
28-43	158580
28-43	01005130
28-43	01014060
28-43	081580
28-44	185720
28-44	080430
28-44	018700
28-44	000160
28-44	323730
28-44	018940
28-44	01000400
28-44	242720
28-44	326430
28-44	083270
28-45	084430
28-45	415900
28-45	084380
28-45	415830
28-45	195570
28-45	134390
28-45	395660
28-45	373380
28-45	005940
28-45	255590
28-46	137010
28-46	137000
28-46	141880
28-46	177100
28-46	177720
28-46	283480
28-46	170020
28-46	135140
28-46	137500
28-46	115820
28-47	419630
28-47	147180
28-47	419640
28-47	147390
28-47	147520
28-47	147260
28-47	148720
28-47	148740
28-47	419620
28-47	148730
28-48	151490
28-48	151380
28-48	163770
28-48	084550
28-48	353290
28-48	023340
28-48	023200
28-48	457600
28-48	084360
28-48	151600
28-49	216110
28-49	215790
28-49	322170
28-49	214250
28-49	017520
28-49	347330
28-49	108830
28-49	352690
28-49	036290
28-49	315490
28-50	056150
28-50	274940
28-50	162990
28-50	275210
28-50	279340
28-50	002060
28-50	004320
28-50	132860
28-50	224380
28-50	164250
28-51	104120
28-51	163240
28-51	388090
28-51	304340
28-51	099910
28-51	339080
28-51	279500
28-51	304580
28-51	305590
28-51	374030
28-52	322260
28-52	322240
28-52	327200
28-52	322160
28-52	038510
28-52	260370
28-52	038060
28-52	490110
28-52	042380
28-52	342120
28-53	406630
28-53	391910
28-53	231360
28-53	242860
28-53	226410
28-53	172570
28-53	407230
28-53	202830
28-53	401500
28-53	461600
28-54	031920
28-54	546970
28-54	431960
28-54	243380
28-54	243410
28-54	099450
28-54	224970
28-54	134870
28-54	099500
28-54	163330
28-55	443330
28-55	438100
28-55	440870
28-55	440080
28-55	440100
28-55	440840
28-55	437780
28-55	441830
28-55	443210
28-55	01088920
28-56	374860
28-56	164480
28-56	457230
28-56	090620
28-56	432870
28-56	388540
28-56	300710
28-56	373530
28-56	100930
28-56	100330
28-57	446950
28-57	446970
28-57	446560
28-57	446420
28-57	446750
28-57	032240
28-57	447420
28-57	446910
28-57	027040
28-57	161260
28-58	009170
28-58	01005020
28-58	010060
28-58	200200
28-58	007550
28-58	199250
28-58	01004460
28-58	010190
28-58	012030
28-58	114870
28-59	028970
28-59	028960
28-59	028980
28-59	028950
28-59	028990
28-59	029010
28-59	029100
28-59	029130
28-59	029000
28-59	029050
28-60	086730
28-60	466650
28-60	258940
28-60	004370
28-60	031290
28-60	423380
28-60	067660
28-60	01054200
28-60	336030
28-60	163890
28-61	164370
28-61	116560
28-61	004700
28-61	117280
28-61	01043190
28-61	113680
28-61	279330
28-61	163130
28-61	163570
28-61	01060460
28-62	212710
28-62	212830
28-62	056620
28-62	116560
28-62	01060460
28-62	099740
28-62	056510
28-62	117280
28-62	056130
28-62	01016290
28-63	222010
28-63	222020
28-63	098920
28-63	483620
28-63	181560
28-63	467940
28-63	181440
28-63	194600
28-63	087600
28-63	000480
28-64	451470
28-64	451630
28-64	451430
28-64	01101480
28-64	452210
28-64	259110
28-64	451480
28-64	452050
28-64	089290
28-64	452240
28-65	455280
28-65	455290
28-65	300310
28-65	300490
28-65	164170
28-65	300550
28-65	165690
28-65	492290
28-65	300700
28-65	506050
28-66	460400
28-66	059800
28-66	277230
28-66	377480
28-66	461020
28-66	277000
28-66	172940
28-66	463610
28-66	158820
28-66	171820
28-67	343850
28-67	344720
28-67	345950
28-67	344380
28-67	343860
28-67	347240
28-67	038560
28-67	344120
28-67	344730
28-67	349450
28-68	081830
28-68	351370
28-68	036560
28-68	036680
28-68	350970
28-68	083160
28-68	036640
28-68	348950
28-68	106370
28-68	147560
28-69	110670
28-69	110660
28-69	111160
28-69	109950
28-69	110970
28-69	024560
28-69	001200
28-69	022030
28-69	417160
28-69	361460
28-70	123320
28-70	123110
28-70	119200
28-70	118440
28-70	119670
28-70	116590
28-70	123230
28-70	121820
28-70	122000
28-70	347340
28-71	243000
28-71	001140
28-71	032260
28-71	035670
28-71	373100
28-71	000140
28-71	055700
28-71	001170
28-71	088860
28-71	184580
28-72	326720
28-72	036260
28-72	036230
28-72	498220
28-72	338960
28-72	258650
28-72	323790
28-72	222550
28-72	323850
28-72	148120
28-73	080390
28-73	080620
28-73	003150
28-73	108600
28-73	032240
28-73	242720
28-73	098760
28-73	079000
28-73	161680
28-73	233870
28-74	132650
28-74	031620
28-74	031380
28-74	342430
28-74	342260
28-74	002760
28-74	004490
28-74	103700
28-74	224280
28-74	029820
28-75	162340
28-75	162410
28-75	085110
28-75	01042800
28-75	162350
28-75	162640
28-75	085260
28-75	032290
28-75	035570
28-75	162600
28-76	186630
28-76	186480
28-76	186320
28-76	186840
28-76	213400
28-76	234990
28-76	070310
28-76	070300
28-76	071020
28-76	327520
28-77	229010
28-77	01003580
28-77	344210
28-77	132760
28-77	166730
28-77	133070
28-77	345010
28-77	344180
28-77	289490
28-77	01069510
28-78	234990
28-78	01008730
28-78	007040
28-78	196300
28-78	01058000
28-78	006420
28-78	194760
28-78	117610
28-78	005950
28-78	234860
28-79	281780
28-79	170790
28-79	115160
28-79	163380
28-79	267020
28-79	283430
28-79	179600
28-79	169630
28-79	170740
28-79	135100
28-80	330580
28-80	455560
28-80	331300
28-80	333110
28-80	327020
28-80	222830
28-80	162040
28-80	331120
28-80	157360
28-80	074090
28-81	421790
28-81	421640
28-81	422150
28-81	055810
28-81	224480
28-81	002060
28-81	421650
28-81	420810
28-81	086250
28-81	420540
28-82	451550
28-82	451600
28-82	206590
28-82	196230
28-82	439680
28-82	01049410
28-82	439390
28-82	201970
28-82	205840
28-82	205830
28-83	451440
28-83	504580
28-83	346000
28-83	154400
28-83	346600
28-83	336050
28-83	01011860
28-83	031480
28-83	037540
28-83	185740
28-84	014520
28-84	01003510
28-84	128260
28-84	312890
28-84	061050
28-84	143970
28-84	013640
28-84	303750
28-84	177830
28-84	127690
28-85	036610
28-85	01013380
28-85	221520
28-85	188350
28-85	01076530
28-85	154800
28-85	343480
28-85	478910
28-85	154900
28-85	084260
28-86	039800
28-86	003220
28-86	416390
28-86	275860
28-86	415960
28-86	327750
28-86	070850
28-86	155530
28-86	416740
28-86	157480
28-87	081610
28-87	017060
28-87	01076220
28-87	084250
28-87	000210
28-87	330260
28-87	361290
28-87	040550
28-87	186100
28-87	018330
28-88	137530
28-88	121010
28-88	134800
28-88	165790
28-88	135420
28-88	135510
28-88	133740
28-88	114820
28-88	006520
28-88	134790
28-89	175620
28-89	173350
28-89	179700
28-89	017800
28-89	393350
28-89	206530
28-89	017900
28-89	174000
28-89	006120
28-89	391910
28-90	01071740
28-90	304750
28-90	165790
28-90	306350
28-90	376970
28-90	114820
28-90	306120
28-90	310650
28-90	305510
28-90	305080
28-91	479380
28-91	479360
28-91	481920
28-91	089170
28-91	081440
28-91	478760
28-91	480310
28-91	080890
28-91	411190
28-91	184950
28-92	053470
28-92	053500
28-92	053630
28-92	017760
28-92	053420
28-92	017770
28-92	054190
28-92	054520
28-92	004310
28-92	037510
28-93	222550
28-93	036330
28-93	327390
28-93	323850
28-93	036230
28-93	146640
28-93	326720
28-93	325180
28-93	258650
28-93	328990
28-94	039780
28-94	086980
28-94	039770
28-94	087270
28-94	034340
28-94	054800
28-94	259380
28-94	087650
28-94	087360
28-94	483090
29-1	080770
29-1	080300
29-1	287830
29-1	162670
29-1	081090
29-1	080700
29-1	078970
29-1	067120
29-1	01021980
29-1	345340
29-2	086490
29-2	086370
29-2	086360
29-2	002340
29-2	148720
29-2	371800
29-2	191070
29-2	223510
29-2	154240
29-2	01097780
29-3	098080
29-3	000750
29-3	213660
29-3	098370
29-3	098010
29-3	056440
29-3	461600
29-3	135550
29-3	374630
29-3	243450
29-4	010810
29-4	008570
29-4	009710
29-4	01003240
29-4	156500
29-4	329440
29-4	010650
29-4	167530
29-4	01005070
29-4	041690
29-5	123350
29-5	121880
29-5	125850
29-5	121940
29-5	123310
29-5	215170
29-5	122170
29-5	121970
29-5	121870
29-5	120610
29-6	135140
29-6	134040
29-6	165570
29-6	167380
29-6	136250
29-6	137000
29-6	140570
29-6	168530
29-6	164300
29-6	166670
29-7	114040
29-7	196600
29-7	057240
29-7	194910
29-7	161170
29-7	021930
29-7	161180
29-7	446710
29-7	022510
29-7	446610
29-8	279070
29-8	279080
29-8	279650
29-8	108850
29-8	01066450
29-8	001880
29-8	01020120
29-8	01066470
29-8	108640
29-8	088970
29-9	212730
29-9	164060
29-9	162420
29-9	224680
29-9	279380
29-9	163820
29-9	279570
29-9	279250
29-9	164900
29-9	163420
29-10	306050
29-10	165370
29-10	164590
29-10	305830
29-10	308620
29-10	041950
29-10	306000
29-10	304570
29-10	457380
29-10	306320
29-11	311530
29-11	305230
29-11	307270
29-11	308330
29-11	309720
29-11	307030
29-11	310310
29-11	311640
29-11	305160
29-11	309360
29-12	320280
29-12	392400
29-12	320010
29-12	320270
29-12	067810
29-12	155990
29-12	157950
29-12	334530
29-12	386370
29-12	154860
29-13	244310
29-13	335940
29-13	082720
29-13	072680
29-13	01012340
29-13	035710
29-13	335990
29-13	068670
29-13	068260
29-13	119720
29-14	338860
29-14	254150
29-14	254160
29-14	031530
29-14	031290
29-14	244530
29-14	017810
29-14	089080
29-14	01001390
29-14	031550
29-15	356210
29-15	355260
29-15	345940
29-15	517770
29-15	348060
29-15	346540
29-15	346010
29-15	350290
29-15	294340
29-15	351510
29-16	386430
29-16	386520
29-16	259740
29-16	386450
29-16	315300
29-16	036790
29-16	315350
29-16	468190
29-16	424370
29-16	386410
29-17	180140
29-17	180330
29-17	299290
29-17	384840
29-17	01082330
29-17	551700
29-17	01101900
29-17	394550
29-17	551650
29-17	367490
29-18	408440
29-18	405780
29-18	410130
29-18	403170
29-18	404370
29-18	409400
29-18	357490
29-18	401840
29-18	407560
29-18	406200
29-19	427710
29-19	428770
29-19	287020
29-19	428950
29-19	487440
29-19	426610
29-19	383560
29-19	423810
29-19	187840
29-19	429350
29-20	434520
29-20	431980
29-20	433650
29-20	435110
29-20	433590
29-20	01012080
29-20	434170
29-20	432400
29-20	433440
29-20	486230
29-21	440850
29-21	01088620
29-21	441610
29-21	438080
29-21	441690
29-21	437780
29-21	440050
29-21	022020
29-21	441880
29-21	441650
29-22	347890
29-22	451440
29-22	023760
29-22	038250
29-22	041380
29-22	451410
29-22	01007490
29-22	021620
29-22	337330
29-22	023620
29-23	452360
29-23	452490
29-23	451620
29-23	452060
29-23	454840
29-23	452450
29-23	451890
29-23	454720
29-23	451990
29-23	451860
29-24	475690
29-24	476020
29-24	475990
29-24	163020
29-24	235330
29-24	305440
29-24	103850
29-24	163330
29-24	01011970
29-24	043180
29-25	453000
29-25	518600
29-25	454560
29-25	453840
29-25	452770
29-25	454460
29-25	453560
29-25	453460
29-25	452080
29-25	454240
29-26	004320
29-26	007120
29-26	01002880
29-26	005760
29-26	004540
29-26	005100
29-26	004630
29-26	006430
29-26	01002820
29-26	01003470
29-27	006060
29-27	006200
29-27	113870
29-27	113950
29-27	005120
29-27	01002410
29-27	005070
29-27	008220
29-27	006290
29-27	005330
29-28	015620
29-28	080490
29-28	015580
29-28	015560
29-28	080810
29-28	081270
29-28	489830
29-28	064660
29-28	003760
29-28	015550
29-29	000100
29-29	031240
29-29	032290
29-29	003030
29-29	031420
29-29	152640
29-29	152740
29-29	000070
29-29	002660
29-29	152650
29-30	114490
29-30	114710
29-30	007890
29-30	137130
29-30	114180
29-30	009200
29-30	113870
29-30	398370
29-30	114090
29-30	114390
29-31	130060
29-31	01034540
29-31	129970
29-31	162380
29-31	129980
29-31	130330
29-31	066960
29-31	163870
29-31	130490
29-31	244140
29-32	163480
29-32	164710
29-32	236780
29-32	322750
29-32	168500
29-32	300920
29-32	085190
29-32	300640
29-32	066960
29-32	346570
29-33	193370
29-33	193660
29-33	193850
29-33	195850
29-33	004320
29-33	004670
29-33	196390
29-33	01048390
29-33	198470
29-33	194760
29-34	197390
29-34	199890
29-34	197010
29-34	01051670
29-34	204200
29-34	197840
29-34	195090
29-34	461090
29-34	195530
29-34	198100
29-35	232510
29-35	230950
29-35	230880
29-35	233150
29-35	230260
29-35	335570
29-35	232430
29-35	543700
29-35	506160
29-35	230930
29-36	310650
29-36	310930
29-36	305390
29-36	116060
29-36	310610
29-36	381230
29-36	306140
29-36	308140
29-36	435380
29-36	463380
29-37	455450
29-37	217330
29-37	455460
29-37	432030
29-37	059330
29-37	002920
29-37	455520
29-37	154200
29-37	044560
29-37	01091490
29-38	458570
29-38	459430
29-38	457760
29-38	456620
29-38	460760
29-38	458710
29-38	462580
29-38	01092680
29-38	01091690
29-38	456860
29-39	036560
29-39	057160
29-39	182420
29-39	036640
29-39	147830
29-39	396130
29-39	084360
29-39	171500
29-39	279090
29-39	371920
29-40	020590
29-40	065940
29-40	020850
29-40	495460
29-40	065980
29-40	020670
29-40	020960
29-40	041480
29-40	01024610
29-40	547000
29-41	081780
29-41	348690
29-41	165800
29-41	282290
29-41	081790
29-41	176680
29-41	083950
29-41	164520
29-41	167030
29-41	003920
29-42	008680
29-42	199020
29-42	169490
29-42	059190
29-42	012350
29-42	202260
29-42	204880
29-42	013980
29-42	205950
29-42	137650
29-43	395860
29-43	275420
29-43	280150
29-43	275040
29-43	390390
29-43	136060
29-43	391620
29-43	275860
29-43	277010
29-43	390750
29-44	310890
29-44	174450
29-44	311490
29-44	306660
29-44	075960
29-44	305860
29-44	305860
29-44	298400
29-44	310330
29-44	308230
29-45	326260
29-45	003360
29-45	326130
29-45	01012950
29-45	01060350
29-45	132340
29-45	243640
29-45	099450
29-45	326180
29-45	243500
29-46	061780
29-46	061950
29-46	336680
29-46	057830
29-46	061370
29-46	060390
29-46	061160
29-46	061700
29-46	347530
29-46	063540
29-47	217760
29-47	01056030
29-47	214430
29-47	061780
29-47	215040
29-47	069980
29-47	215170
29-47	336160
29-47	218040
29-47	069860
29-48	021370
29-48	243010
29-48	031680
29-48	089730
29-48	088870
29-48	021300
29-48	064560
29-48	088860
29-48	092210
29-48	326160
29-49	387220
29-49	01083560
29-49	387230
29-49	433210
29-49	387320
29-49	387110
29-49	031680
29-49	389630
29-49	387380
29-49	387280
29-50	438660
29-50	440100
29-50	438690
29-50	438820
29-50	437790
29-50	439080
29-50	441960
29-50	438130
29-50	440080
29-50	437780
29-51	008450
29-51	007990
29-51	136780
29-51	120420
29-51	01003780
29-51	01005000
29-51	009590
29-51	114510
29-51	005290
29-51	198310
29-52	092270
29-52	091970
29-52	245370
29-52	096200
29-52	168110
29-52	01008770
29-52	120420
29-52	215090
29-52	136780
29-52	261080
29-53	155680
29-53	161680
29-53	033930
29-53	081110
29-53	01021960
29-53	109060
29-53	108630
29-53	099270
29-53	233670
29-53	157460
29-54	265580
29-54	264890
29-54	262270
29-54	038500
29-54	049450
29-54	151920
29-54	225240
29-54	474580
29-54	259470
29-54	01064200
29-55	245370
29-55	288450
29-55	01030800
29-55	072120
29-55	065560
29-55	043000
29-55	091970
29-55	167720
29-55	390030
29-55	459690
29-56	338690
29-56	338710
29-56	221830
29-56	290560
29-56	01025150
29-56	346880
29-56	156790
29-56	01070810
29-56	338730
29-56	133040
29-57	507650
29-57	531790
29-57	507540
29-57	403340
29-57	508660
29-57	01029620
29-57	508040
29-57	01099270
29-57	508770
29-57	508710
29-58	019790
29-58	199470
29-58	121520
29-58	009180
29-58	169440
29-58	137900
29-58	059460
29-58	196540
29-58	215360
29-58	281230
29-59	115050
29-59	115190
29-59	139760
29-59	124400
29-59	01003550
29-59	101740
29-59	392140
29-59	140000
29-59	005870
29-59	352070
29-60	154470
29-60	037580
29-60	029050
29-60	224410
29-60	304630
29-60	133000
29-60	056440
29-60	267560
29-60	457680
29-60	029200
29-61	169770
29-61	171270
29-61	167400
29-61	139760
29-61	171100
29-61	166820
29-61	101740
29-61	166240
29-61	267040
29-61	165340
29-62	186600
29-62	186120
29-62	328780
29-62	288020
29-62	186640
29-62	071290
29-62	389490
29-62	412710
29-62	416690
29-62	327610
29-63	199550
29-63	059350
29-63	121120
29-63	01008830
29-63	01050260
29-63	196440
29-63	122980
29-63	199080
29-63	169230
29-63	019780
29-64	202440
29-64	020140
29-64	080070
29-64	057970
29-64	080120
29-64	067420
29-64	347530
29-64	01005190
29-64	233570
29-64	079340
29-65	01053190
29-65	205840
29-65	203350
29-65	01052650
29-65	207180
29-65	206710
29-65	01054050
29-65	209020
29-65	209590
29-65	009020
29-66	259190
29-66	105380
29-66	087590
29-66	161120
29-66	032950
29-66	01012770
29-66	038220
29-66	326410
29-66	323900
29-66	161260
29-67	01071480
29-67	304880
29-67	305450
29-67	308210
29-67	306180
29-67	163380
29-67	305110
29-67	308970
29-67	01071670
29-67	305710
29-68	098110
29-68	098250
29-68	440860
29-68	440870
29-68	440090
29-68	437800
29-68	438680
29-68	01088620
29-68	438660
29-68	441680
29-69	443800
29-69	444630
29-69	440080
29-69	443920
29-69	440100
29-69	443270
29-69	438640
29-69	438080
29-69	443200
29-69	440140
29-70	452930
29-70	454860
29-70	542520
29-70	092830
29-70	454460
29-70	161630
29-70	254090
29-70	452740
29-70	452580
29-70	454450
29-71	492160
29-71	491620
29-71	491750
29-71	492210
29-71	254470
29-71	491840
29-71	493990
29-71	491640
29-71	491610
29-71	491480
29-72	020660
29-72	185920
29-72	185800
29-72	069510
29-72	070030
29-72	466690
29-72	151280
29-72	066080
29-72	186100
29-72	069290
29-73	022430
29-73	022500
29-73	388220
29-73	300240
29-73	304650
29-73	275170
29-73	275020
29-73	224400
29-73	342930
29-73	152840
29-74	132020
29-74	151850
29-74	151780
29-74	151800
29-74	505730
29-74	01037720
29-74	151810
29-74	275270
29-74	326410
29-74	151820
29-75	292780
29-75	293210
29-75	157930
29-75	158330
29-75	316240
29-75	354000
29-75	316390
29-75	040700
29-75	349450
29-75	399890
29-76	160330
29-76	160240
29-76	050070
29-76	045710
29-76	157070
29-76	01015160
29-76	160810
29-76	225570
29-76	050000
29-76	264700
29-77	115090
29-77	200190
29-77	200490
29-77	200480
29-77	405600
29-77	171260
29-77	170150
29-77	405010
29-77	059700
29-77	123030
29-78	248190
29-78	105980
29-78	01101190
29-78	104570
29-78	106260
29-78	248240
29-78	105750
29-78	105490
29-78	098020
29-78	247260
29-79	308810
29-79	308620
29-79	170150
29-79	486550
29-79	391520
29-79	171260
29-79	426840
29-79	306370
29-79	306400
29-79	060220
29-80	316390
29-80	316240
29-80	157410
29-80	254770
29-80	091680
29-80	316500
29-80	316330
29-80	157590
29-80	044800
29-80	330060
29-81	156730
29-81	245310
29-81	156680
29-81	038130
29-81	046210
29-81	475510
29-81	260230
29-81	01097010
29-81	432620
29-81	479080
29-82	264390
29-82	363280
29-82	365120
29-82	352320
29-82	263990
29-82	365350
29-82	156680
29-82	416850
29-82	046170
29-82	417410
29-83	366660
29-83	367900
29-83	368150
29-83	367910
29-83	366460
29-83	365050
29-83	087240
29-83	403360
29-83	333110
29-83	407980
29-84	405600
29-84	405010
29-84	406410
29-84	461390
29-84	406580
29-84	401650
29-84	404400
29-84	406520
29-84	473210
29-84	407390
29-85	326360
29-85	027050
29-85	026870
29-85	327010
29-85	01010410
29-85	326580
29-85	339200
29-85	026960
29-85	511120
29-85	154410
29-86	036680
29-86	147920
29-86	130720
29-86	371920
29-86	151490
29-86	036560
29-86	01037380
29-86	182840
29-86	323020
29-86	171500
29-87	069220
29-87	069300
29-87	036250
29-87	098700
29-87	035360
29-87	150860
29-87	227450
29-87	146610
29-87	01013120
29-87	146620
29-88	104720
29-88	104490
29-88	033590
29-88	249910
29-88	01027510
29-88	104900
29-88	105530
29-88	055680
29-88	248150
29-88	248180
29-89	114290
29-89	01008780
29-89	01049560
29-89	007940
29-89	198740
29-89	376530
29-89	198220
29-89	113950
29-89	197730
29-89	280840
29-90	119480
29-90	118320
29-90	119360
29-90	118450
29-90	119320
29-90	116590
29-90	120470
29-90	190520
29-90	124490
29-90	152840
29-91	120280
29-91	459300
29-91	01088990
29-91	027620
29-91	027690
29-91	027610
29-91	440000
29-91	028120
29-91	028390
29-91	026850
29-92	472200
29-92	472530
29-92	471810
29-92	473060
29-92	471410
29-92	043040
29-92	01095860
29-92	472820
29-92	417230
29-92	471750
29-93	012040
29-93	125140
29-93	250190
29-93	008820
29-93	204690
29-93	018080
29-93	014470
29-93	277700
29-93	01006150
29-93	014790
29-94	012320
29-94	013020
29-94	126390
29-94	011240
29-94	204750
29-94	01005600
29-94	141360
29-94	01004750
29-94	124930
29-94	010430
30-1	027970
30-1	028050
30-1	01075310
30-1	01010860
30-1	172750
30-1	310720
30-1	028480
30-1	222780
30-1	334510
30-1	333110
30-2	030260
30-2	037760
30-2	054310
30-2	499790
30-2	030240
30-2	030380
30-2	031010
30-2	053930
30-2	030810
30-2	471230
30-3	031310
30-3	108390
30-3	01011780
30-3	003150
30-3	032240
30-3	108400
30-3	01011770
30-3	108430
30-3	01006520
30-3	108420
30-4	023180
30-4	037650
30-4	037540
30-4	156400
30-4	154360
30-4	320270
30-4	039190
30-4	089430
30-4	327870
30-4	315980
30-5	042990
30-5	482490
30-5	042270
30-5	156210
30-5	472300
30-5	157530
30-5	157060
30-5	329310
30-5	041980
30-5	482510
30-6	043580
30-6	347500
30-6	483100
30-6	395010
30-6	291800
30-6	395030
30-6	322480
30-6	053840
30-6	296390
30-6	359060
30-7	157610
30-7	01040270
30-7	044870
30-7	330300
30-7	042410
30-7	043800
30-7	043230
30-7	261390
30-7	043370
30-7	157690
30-8	046590
30-8	083140
30-8	356820
30-8	351270
30-8	081240
30-8	080980
30-8	156730
30-8	286390
30-8	383560
30-8	081250
30-9	01019910
30-9	018940
30-9	231940
30-9	067890
30-9	067660
30-9	068730
30-9	350700
30-9	01019640
30-9	067870
30-9	212490
30-10	069490
30-10	070390
30-10	069850
30-10	065390
30-10	070100
30-10	071520
30-10	069580
30-10	071400
30-10	069360
30-10	346920
30-11	073540
30-11	072400
30-11	072200
30-11	074010
30-11	075540
30-11	072860
30-11	070960
30-11	073920
30-11	073570
30-11	073560
30-12	081450
30-12	081720
30-12	328180
30-12	326540
30-12	326650
30-12	081920
30-12	082070
30-12	326700
30-12	263370
30-12	326550
30-13	084470
30-13	225240
30-13	162860
30-13	229570
30-13	164460
30-13	163770
30-13	301480
30-13	01031910
30-13	221550
30-13	135170
30-14	085010
30-14	000070
30-14	000100
30-14	031420
30-14	152640
30-14	002660
30-14	031510
30-14	032250
30-14	152740
30-14	000250
30-15	085030
30-15	184470
30-15	000100
30-15	066940
30-15	032250
30-15	01034510
30-15	224260
30-15	001280
30-15	015570
30-15	031620
30-16	344580
30-16	483090
30-16	000650
30-16	093080
30-16	451390
30-16	000540
30-16	054190
30-16	000580
30-16	290830
30-16	01008100
30-17	01027600
30-17	01027590
30-17	104530
30-17	104960
30-17	01002830
30-17	005120
30-17	055680
30-17	105660
30-17	247320
30-17	105420
30-18	104880
30-18	104610
30-18	104630
30-18	247170
30-18	105500
30-18	105210
30-18	193490
30-18	104460
30-18	104530
30-18	034910
30-19	107230
30-19	107440
30-19	107310
30-19	106990
30-19	107560
30-19	108020
30-19	106050
30-19	107580
30-19	105650
30-19	251600
30-20	113160
30-20	113270
30-20	113320
30-20	113370
30-20	113100
30-20	113300
30-20	535110
30-20	273030
30-20	113120
30-20	338990
30-21	133920
30-21	032250
30-21	031390
30-21	085040
30-21	193240
30-21	085070
30-21	011260
30-21	342350
30-21	221350
30-21	193220
30-22	133520
30-22	163240
30-22	134420
30-22	133460
30-22	213110
30-22	133450
30-22	165790
30-22	138120
30-22	132860
30-22	134090
30-23	01011950
30-23	164730
30-23	134990
30-23	134040
30-23	141120
30-23	136260
30-23	275690
30-23	374710
30-23	388640
30-23	139170
30-24	138260
30-24	136770
30-24	085480
30-24	135760
30-24	133960
30-24	245550
30-24	317580
30-24	081300
30-24	479170
30-24	066990
30-25	114800
30-25	137260
30-25	019580
30-25	009200
30-25	133490
30-25	135180
30-25	169000
30-25	01035990
30-25	009370
30-25	198990
30-26	154620
30-26	155080
30-26	084280
30-26	244180
30-26	108510
30-26	258720
30-26	336910
30-26	337010
30-26	031790
30-26	108470
30-27	003770
30-27	157600
30-27	041600
30-27	155930
30-27	254940
30-27	017200
30-27	155170
30-27	039410
30-27	155850
30-27	045490
30-28	039750
30-28	222610
30-28	471700
30-28	155780
30-28	223270
30-28	154460
30-28	038710
30-28	110290
30-28	042200
30-28	037920
30-29	157600
30-29	041220
30-29	259350
30-29	017200
30-29	504800
30-29	01013180
30-29	272400
30-29	344640
30-29	263770
30-29	044840
30-30	163500
30-30	166670
30-30	163680
30-30	005550
30-30	113690
30-30	100050
30-30	116880
30-30	279410
30-30	004850
30-30	166660
30-31	136480
30-31	168410
30-31	225290
30-31	266830
30-31	165800
30-31	134990
30-31	168300
30-31	137500
30-31	138090
30-31	164520
30-32	174750
30-32	142020
30-32	102610
30-32	237720
30-32	176230
30-32	169120
30-32	177220
30-32	311010
30-32	173510
30-32	391140
30-33	175550
30-33	277980
30-33	283270
30-33	102730
30-33	177190
30-33	311790
30-33	303220
30-33	205540
30-33	126210
30-33	102760
30-34	194950
30-34	019420
30-34	194940
30-34	006080
30-34	195120
30-34	006020
30-34	438920
30-34	197450
30-34	194810
30-34	01011950
30-35	197820
30-35	197830
30-35	229300
30-35	136480
30-35	119810
30-35	214830
30-35	266830
30-35	042990
30-35	197160
30-35	207930
30-36	200070
30-36	197840
30-36	195380
30-36	195850
30-36	114280
30-36	193370
30-36	199350
30-36	194490
30-36	196550
30-36	200470
30-37	022200
30-37	320150
30-37	023820
30-37	022330
30-37	234720
30-37	194360
30-37	022360
30-37	135020
30-37	206050
30-37	057240
30-38	395710
30-38	120310
30-38	217130
30-38	01084420
30-38	215810
30-38	01044870
30-38	216120
30-38	214010
30-38	235520
30-38	058650
30-39	215350
30-39	317740
30-39	034010
30-39	01011970
30-39	095780
30-39	519840
30-39	216540
30-39	248490
30-39	017600
30-39	007120
30-40	216480
30-40	261350
30-40	01013850
30-40	037920
30-40	216470
30-40	258730
30-40	038450
30-40	155190
30-40	154460
30-40	327340
30-41	247190
30-41	247510
30-41	247890
30-41	248260
30-41	248120
30-41	247950
30-41	249780
30-41	247700
30-41	252100
30-41	247280
30-42	259270
30-42	038130
30-42	106480
30-42	157700
30-42	094160
30-42	475800
30-42	163350
30-42	037830
30-42	081320
30-42	156240
30-43	270300
30-43	270330
30-43	271010
30-43	270310
30-43	270370
30-43	270620
30-43	214830
30-43	270480
30-43	071830
30-43	272070
30-44	273520
30-44	333500
30-44	272140
30-44	269660
30-44	205540
30-44	095770
30-44	264750
30-44	270100
30-44	272360
30-44	269120
30-45	275980
30-45	166070
30-45	275530
30-45	277410
30-45	387850
30-45	134590
30-45	164850
30-45	387840
30-45	117030
30-45	306700
30-46	280110
30-46	280120
30-46	279940
30-46	133900
30-46	133500
30-46	279660
30-46	164850
30-46	165880
30-46	164110
30-46	01002820
30-47	288220
30-47	288380
30-47	350840
30-47	224970
30-47	134870
30-47	292160
30-47	134880
30-47	349660
30-47	098830
30-47	488400
30-48	289760
30-48	289580
30-48	289670
30-48	290370
30-48	343530
30-48	284640
30-48	284800
30-48	343870
30-48	290650
30-48	290300
30-49	301190
30-49	000450
30-49	300850
30-49	163720
30-49	300810
30-49	279720
30-49	302410
30-49	242740
30-49	174460
30-49	163370
30-50	305720
30-50	275690
30-50	306190
30-50	306460
30-50	305800
30-50	305920
30-50	310690
30-50	090510
30-50	307420
30-50	310840
30-51	154860
30-51	185740
30-51	01008070
30-51	031480
30-51	221550
30-51	344630
30-51	200200
30-51	243410
30-51	055780
30-51	031680
30-52	349570
30-52	019050
30-52	352380
30-52	353060
30-52	357880
30-52	352260
30-52	350760
30-52	366530
30-52	352290
30-52	354060
30-53	01079380
30-53	355720
30-53	01079840
30-53	018330
30-53	347490
30-53	352250
30-53	344210
30-53	344010
30-53	01077730
30-53	349720
30-54	360480
30-54	361660
30-54	095780
30-54	359940
30-54	068340
30-54	365180
30-54	216950
30-54	348960
30-54	218760
30-54	068640
30-55	387460
30-55	387280
30-55	387230
30-55	387580
30-55	099450
30-55	387510
30-55	375350
30-55	387320
30-55	243630
30-55	089260
30-56	391000
30-56	082010
30-56	388500
30-56	041210
30-56	081570
30-56	417560
30-56	241340
30-56	081310
30-56	067210
30-56	242890
30-57	401110
30-57	400750
30-57	400460
30-57	456410
30-57	400900
30-57	401010
30-57	400240
30-57	402230
30-57	408770
30-57	090230
30-58	400630
30-58	400740
30-58	401940
30-58	259670
30-58	401300
30-58	400430
30-58	070450
30-58	113710
30-58	314210
30-58	01084970
30-59	407390
30-59	405230
30-59	405350
30-59	457250
30-59	406090
30-59	401650
30-59	404940
30-59	110290
30-59	409720
30-59	401680
30-60	400860
30-60	402390
30-60	401280
30-60	404100
30-60	402500
30-60	276110
30-60	402350
30-60	400160
30-60	400830
30-60	317630
30-61	412790
30-61	412800
30-61	412830
30-61	317540
30-61	163890
30-61	413020
30-61	412680
30-61	029620
30-61	085360
30-61	131970
30-62	082130
30-62	383560
30-62	416080
30-62	415980
30-62	417000
30-62	417560
30-62	417460
30-62	046590
30-62	416530
30-62	416650
30-63	453830
30-63	01091400
30-63	453410
30-63	453330
30-63	454060
30-63	451700
30-63	453710
30-63	453640
30-63	453680
30-63	454040
30-64	457550
30-64	456880
30-64	388590
30-64	460040
30-64	456470
30-64	184770
30-64	455970
30-64	133260
30-64	457110
30-64	423780
30-65	461070
30-65	457110
30-65	460830
30-65	463360
30-65	461080
30-65	460680
30-65	456920
30-65	461490
30-65	455970
30-65	524130
30-66	464250
30-66	460680
30-66	01093590
30-66	01093520
30-66	457110
30-66	455970
30-66	460360
30-66	458500
30-66	456810
30-66	459910
30-67	474450
30-67	264060
30-67	474530
30-67	264610
30-67	474280
30-67	472670
30-67	472840
30-67	418990
30-67	159280
30-67	407680
30-68	484990
30-68	485670
30-68	484590
30-68	486230
30-68	486110
30-68	484660
30-68	486700
30-68	484640
30-68	486000
30-68	485560
30-69	000140
30-69	000070
30-69	064560
30-69	055590
30-69	055540
30-69	098650
30-69	055580
30-69	001410
30-69	056670
30-69	184520
30-70	000120
30-70	000320
30-70	085680
30-70	067290
30-70	004780
30-70	067570
30-70	004440
30-70	067200
30-70	032250
30-70	109230
30-71	01000280
30-71	274930
30-71	078890
30-71	000590
30-71	214250
30-71	01000240
30-71	01000320
30-71	003330
30-71	103700
30-71	01042760
30-72	001830
30-72	01001450
30-72	165480
30-72	165450
30-72	001820
30-72	165490
30-72	317540
30-72	163890
30-72	006930
30-72	003950
30-73	018650
30-73	01008240
30-73	003490
30-73	015490
30-73	01006520
30-73	085690
30-73	015450
30-73	018680
30-73	003510
30-73	085700
30-74	022970
30-74	024240
30-74	023610
30-74	022540
30-74	022110
30-74	01009850
30-74	023880
30-74	022470
30-74	022230
30-74	023790
30-75	058440
30-75	057960
30-75	061850
30-75	058930
30-75	056690
30-75	235430
30-75	168890
30-75	059600
30-75	059000
30-75	125310
30-76	01017560
30-76	060210
30-76	01067540
30-76	170670
30-76	216570
30-76	059800
30-76	138780
30-76	060730
30-76	044610
30-76	201630
30-77	063400
30-77	283660
30-77	077400
30-77	409040
30-77	139870
30-77	063380
30-77	062130
30-77	180070
30-77	145810
30-77	145550
30-78	077400
30-78	078220
30-78	078440
30-78	063400
30-78	074980
30-78	074230
30-78	409040
30-78	077960
30-78	01020910
30-78	077270
30-79	101420
30-79	245550
30-79	085480
30-79	168740
30-79	046000
30-79	244540
30-79	100370
30-79	003800
30-79	530190
30-79	078970
30-80	122310
30-80	309240
30-80	118740
30-80	119810
30-80	117600
30-80	138090
30-80	122900
30-80	073570
30-80	122420
30-80	125020
30-81	145290
30-81	390600
30-81	118150
30-81	116050
30-81	125500
30-81	01043460
30-81	179730
30-81	115770
30-81	181550
30-81	192550
30-82	035840
30-82	163080
30-82	317540
30-82	01011740
30-82	344290
30-82	065220
30-82	221510
30-82	164040
30-82	112150
30-82	349060
30-83	162910
30-83	162900
30-83	164900
30-83	164230
30-83	133570
30-83	117240
30-83	167510
30-83	388010
30-83	099810
30-83	279380
30-84	193630
30-84	196950
30-84	193680
30-84	203610
30-84	193980
30-84	206690
30-84	197420
30-84	195180
30-84	194930
30-84	201290
30-85	228150
30-85	227670
30-85	162420
30-85	155350
30-85	224450
30-85	133080
30-85	227820
30-85	133340
30-85	212730
30-85	224680
30-86	157870
30-86	245320
30-86	156610
30-86	164920
30-86	243890
30-86	155740
30-86	287850
30-86	064670
30-86	352280
30-86	157470
30-87	283660
30-87	172100
30-87	180700
30-87	143790
30-87	179430
30-87	177420
30-87	172500
30-87	169450
30-87	169750
30-87	227170
30-88	355230
30-88	356970
30-88	317870
30-88	362910
30-88	350110
30-88	347300
30-88	317690
30-88	360530
30-88	01082160
30-88	365180
30-89	409040
30-89	410290
30-89	01085570
30-89	408680
30-89	465130
30-89	01085690
30-89	408930
30-89	063400
30-89	404690
30-89	410260
30-90	454890
30-90	454440
30-90	455030
30-90	453440
30-90	454600
30-90	454210
30-90	453510
30-90	454860
30-90	455170
30-90	455070
30-91	01093520
30-91	460260
30-91	456360
30-91	462380
30-91	458910
30-91	463210
30-91	458040
30-91	459200
30-91	456150
30-91	460680
30-92	051570
30-92	048760
30-92	264830
30-92	274130
30-92	051490
30-92	051910
30-92	051270
30-92	053180
30-92	160970
30-92	046380
30-93	059230
30-93	324970
30-93	120880
30-93	154480
30-93	467340
30-93	276870
30-93	276870
30-93	114700
30-93	491540
30-93	057270
30-94	499390
30-94	498990
30-94	498900
30-94	416630
30-94	455530
30-94	101160
30-94	499620
30-94	153020
30-94	153230
30-94	451800
31-1	166130
31-1	134920
31-1	137760
31-1	117240
31-1	007150
31-1	133330
31-1	118920
31-1	134270
31-1	164900
31-1	133080
31-2	173660
31-2	120880
31-2	114700
31-2	118910
31-2	276870
31-2	276870
31-2	225610
31-2	169430
31-2	01045990
31-2	281220
31-3	01020620
31-3	188210
31-3	187150
31-3	186510
31-3	187170
31-3	092600
31-3	187870
31-3	425970
31-3	071720
31-3	074500
31-4	383360
31-4	216000
31-4	127410
31-4	216130
31-4	216730
31-4	214110
31-4	216430
31-4	177440
31-4	214820
31-4	215110
31-5	310210
31-5	311470
31-5	313550
31-5	313750
31-5	206300
31-5	311770
31-5	311810
31-5	313380
31-5	306970
31-5	312260
31-6	333470
31-6	262870
31-6	01015490
31-6	408290
31-6	333840
31-6	333970
31-6	050380
31-6	324810
31-6	223020
31-6	333220
31-7	341570
31-7	373130
31-7	343450
31-7	342830
31-7	289380
31-7	017940
31-7	015920
31-7	088890
31-7	348060
31-7	018720
31-8	397920
31-8	398000
31-8	397890
31-8	398460
31-8	521520
31-8	398190
31-8	398800
31-8	398560
31-8	398940
31-8	398600
31-9	498080
31-9	498130
31-9	01013090
31-9	068210
31-9	006680
31-9	082900
31-9	152990
31-9	498750
31-9	008920
31-9	009480
31-10	378180
31-10	398460
31-10	378440
31-10	521520
31-10	339320
31-10	375630
31-10	089780
31-10	402010
31-10	410910
31-10	339050
31-11	437430
31-11	108630
31-11	109050
31-11	514020
31-11	157160
31-11	034410
31-11	084410
31-11	437420
31-11	084610
31-11	084690
31-12	086750
31-12	086930
31-12	086920
31-12	087400
31-12	033670
31-12	086810
31-12	087030
31-12	020650
31-12	033660
31-12	087730
31-13	005820
31-13	118280
31-13	194530
31-13	005760
31-13	116910
31-13	006540
31-13	01002780
31-13	013460
31-13	008420
31-13	006430
31-14	01002560
31-14	010600
31-14	011330
31-14	198210
31-14	010190
31-14	009190
31-14	008050
31-14	01005050
31-14	079480
31-14	121480
31-15	008440
31-15	008560
31-15	007710
31-15	004970
31-15	01003780
31-15	009670
31-15	197590
31-15	121010
31-15	136180
31-15	167700
31-16	042480
31-16	337040
31-16	222970
31-16	337060
31-16	119610
31-16	038460
31-16	265320
31-16	409420
31-16	290850
31-16	01015500
31-17	072210
31-17	074490
31-17	071390
31-17	01020460
31-17	074320
31-17	074400
31-17	073670
31-17	076540
31-17	076160
31-17	074510
31-18	082690
31-18	352480
31-18	082270
31-18	011710
31-18	107150
31-18	082850
31-18	01021690
31-18	285550
31-18	106930
31-18	479660
31-19	083150
31-19	360450
31-19	082600
31-19	352960
31-19	082980
31-19	362440
31-19	035770
31-19	162600
31-19	035860
31-19	184780
31-20	116230
31-20	116250
31-20	109240
31-20	032240
31-20	343470
31-20	104410
31-20	033520
31-20	01000880
31-20	342840
31-20	004270
31-21	061520
31-21	121100
31-21	173280
31-21	124000
31-21	118670
31-21	126360
31-21	121090
31-21	117850
31-21	125050
31-21	012780
31-22	135160
31-22	143020
31-22	172100
31-22	165440
31-22	276320
31-22	138380
31-22	166930
31-22	133720
31-22	140880
31-22	173940
31-23	152120
31-23	152180
31-23	152540
31-23	151960
31-23	152310
31-23	152150
31-23	152330
31-23	240910
31-23	241290
31-23	147920
31-24	156400
31-24	156580
31-24	155300
31-24	156390
31-24	158690
31-24	259690
31-24	154860
31-24	154490
31-24	154750
31-24	156780
31-25	479990
31-25	482960
31-25	168950
31-25	016810
31-25	01004530
31-25	366340
31-25	106400
31-25	242730
31-25	157790
31-25	111150
31-26	172270
31-26	310530
31-26	179610
31-26	075240
31-26	172340
31-26	140590
31-26	171290
31-26	171430
31-26	179540
31-26	143290
31-27	197590
31-27	205280
31-27	200320
31-27	195380
31-27	459250
31-27	201720
31-27	008440
31-27	197600
31-27	01051110
31-27	202880
31-28	199520
31-28	137830
31-28	01008780
31-28	196390
31-28	201090
31-28	011180
31-28	194760
31-28	198220
31-28	199990
31-28	135290
31-29	336740
31-29	099470
31-29	099440
31-29	152820
31-29	088820
31-29	021440
31-29	152710
31-29	243010
31-29	315170
31-29	243650
31-30	247850
31-30	248810
31-30	247060
31-30	247840
31-30	249050
31-30	247170
31-30	250050
31-30	249410
31-30	251770
31-30	248560
31-31	259890
31-31	01062480
31-31	084580
31-31	017450
31-31	082720
31-31	082110
31-31	355550
31-31	046240
31-31	416510
31-31	415920
31-32	275430
31-32	275190
31-32	388720
31-32	279820
31-32	388030
31-32	388900
31-32	164790
31-32	056720
31-32	389030
31-32	275640
31-33	280140
31-33	067520
31-33	067770
31-33	164010
31-33	280540
31-33	305070
31-33	301630
31-33	279920
31-33	166310
31-33	166690
31-34	164790
31-34	305590
31-34	279820
31-34	056720
31-34	308630
31-34	457700
31-34	275870
31-34	305810
31-34	305160
31-34	308460
31-35	335540
31-35	033600
31-35	030580
31-35	053450
31-35	335530
31-35	243640
31-35	030340
31-35	053880
31-35	033850
31-35	098730
31-36	343470
31-36	342840
31-36	344220
31-36	345040
31-36	342120
31-36	119650
31-36	032240
31-36	01076220
31-36	108520
31-36	289790
31-37	362900
31-37	364480
31-37	358230
31-37	368280
31-37	362600
31-37	01013860
31-37	268400
31-37	542990
31-37	241530
31-37	095170
31-38	397260
31-38	395700
31-38	152120
31-38	396210
31-38	395790
31-38	397040
31-38	396150
31-38	395740
31-38	396570
31-38	396420
31-39	401260
31-39	405210
31-39	407090
31-39	402630
31-39	401270
31-39	404090
31-39	404690
31-39	401120
31-39	408770
31-39	404100
31-40	430540
31-40	154310
31-40	242710
31-40	133070
31-40	279220
31-40	259600
31-40	002700
31-40	162710
31-40	279800
31-40	511060
31-41	436790
31-41	168010
31-41	287830
31-41	000100
31-41	055930
31-41	031420
31-41	083270
31-41	003030
31-41	032290
31-41	162810
31-42	440860
31-42	438080
31-42	438250
31-42	441280
31-42	439330
31-42	440090
31-42	439080
31-42	438490
31-42	437780
31-42	440070
31-43	455830
31-43	455780
31-43	031360
31-43	031330
31-43	456140
31-43	456110
31-43	456570
31-43	455770
31-43	338250
31-43	031450
31-44	480320
31-44	026410
31-44	479060
31-44	105470
31-44	192610
31-44	067920
31-44	082010
31-44	479860
31-44	480540
31-44	480100
31-45	004260
31-45	066920
31-45	066840
31-45	066870
31-45	004290
31-45	016560
31-45	212430
31-45	227440
31-45	085680
31-45	080540
31-46	004330
31-46	004810
31-46	341560
31-46	005550
31-46	006250
31-46	008500
31-46	005020
31-46	004680
31-46	004620
31-46	005160
31-47	021800
31-47	021750
31-47	000210
31-47	004290
31-47	021780
31-47	066860
31-47	002800
31-47	001620
31-47	233670
31-47	026580
31-48	538620
31-48	538750
31-48	061640
31-48	538670
31-48	079490
31-48	364990
31-48	538930
31-48	107410
31-48	107700
31-48	105850
31-49	055560
31-49	031260
31-49	001550
31-49	103700
31-49	233630
31-49	233650
31-49	098650
31-49	103670
31-49	064560
31-49	001410
31-50	084700
31-50	084640
31-50	221500
31-50	018210
31-50	003130
31-50	001040
31-50	108620
31-50	260500
31-50	084410
31-50	081620
31-51	242760
31-51	242800
31-51	059320
31-51	516950
31-51	01060120
31-51	350880
31-51	01080400
31-51	242810
31-51	242830
31-51	346910
31-52	038010
31-52	373510
31-52	154590
31-52	160230
31-52	189550
31-52	109710
31-52	155020
31-52	037780
31-52	423380
31-52	109690
31-53	330410
31-53	261600
31-53	411820
31-53	262640
31-53	347130
31-53	417640
31-53	337060
31-53	418200
31-53	261890
31-53	330060
31-54	400270
31-54	400950
31-54	401080
31-54	400290
31-54	400710
31-54	400370
31-54	227530
31-54	455870
31-54	400040
31-54	402610
31-55	437770
31-55	438010
31-55	438230
31-55	002050
31-55	088870
31-55	373130
31-55	184650
31-55	189530
31-55	439290
31-55	184480
31-56	472510
31-56	042770
31-56	261930
31-56	472840
31-56	474630
31-56	473940
31-56	474530
31-56	01096050
31-56	471950
31-56	474280
31-57	484130
31-57	027890
31-57	488450
31-57	432150
31-57	484220
31-57	321130
31-57	486030
31-57	488430
31-57	485570
31-57	484280
31-58	290100
31-58	032340
31-58	295120
31-58	351330
31-58	291250
31-58	292090
31-58	353120
31-58	290770
31-58	296220
31-58	342770
31-59	072740
31-59	169100
31-59	008880
31-59	308290
31-59	404590
31-59	408240
31-59	235850
31-59	137930
31-59	288600
31-59	061830
31-60	491180
31-60	491970
31-60	158220
31-60	058410
31-60	491220
31-60	491000
31-60	491090
31-60	491170
31-60	491230
31-60	491570
31-61	452240
31-61	451560
31-61	403300
31-61	01012300
31-61	452190
31-61	452090
31-61	047240
31-61	451670
31-61	549480
31-61	451430
31-62	017760
31-62	053660
31-62	053420
31-62	054190
31-62	017770
31-62	053450
31-62	054060
31-62	315150
31-62	054260
31-62	017780
31-63	034740
31-63	327790
31-63	020780
31-63	505530
31-63	084550
31-63	327170
31-63	328580
31-63	270010
31-63	331700
31-63	328000
31-64	440110
31-64	440520
31-64	439300
31-64	437770
31-64	440090
31-64	438260
31-64	440880
31-64	440070
31-64	444520
31-64	086090
31-65	155390
31-65	038490
31-65	155350
31-65	01014160
31-65	259960
31-65	039510
31-65	155870
31-65	326900
31-65	039020
31-65	259020
31-66	057140
31-66	103700
31-66	001790
31-66	152740
31-66	001600
31-66	245330
31-66	162300
31-66	162380
31-66	088980
31-66	001550
31-67	327480
31-67	100780
31-67	101160
31-67	100790
31-67	100600
31-67	157210
31-67	259710
31-67	01061430
31-67	528690
31-67	254270
31-68	137900
31-68	281230
31-68	169440
31-68	301880
31-68	059460
31-68	000450
31-68	009180
31-68	134550
31-68	163250
31-68	138030
31-69	193220
31-69	193210
31-69	162330
31-69	193270
31-69	032250
31-69	162290
31-69	162310
31-69	031390
31-69	193250
31-69	162400
31-70	213000
31-70	056250
31-70	213070
31-70	133390
31-70	099790
31-70	163360
31-70	214010
31-70	117240
31-70	116460
31-70	01056920
31-71	330160
31-71	324610
31-71	110850
31-71	334260
31-71	270910
31-71	324510
31-71	01062460
31-71	262170
31-71	472330
31-71	154680
31-72	164080
31-72	225400
31-72	225390
31-72	281340
31-72	300420
31-72	169710
31-72	280630
31-72	225420
31-72	166070
31-72	305240
31-73	321010
31-73	321020
31-73	320900
31-73	158950
31-73	286060
31-73	264520
31-73	262350
31-73	345420
31-73	104220
31-73	156160
31-74	388420
31-74	388390
31-74	388370
31-74	389650
31-74	388000
31-74	389160
31-74	388520
31-74	041210
31-74	259890
31-74	389040
31-75	441590
31-75	439080
31-75	01088890
31-75	439330
31-75	438080
31-75	437790
31-75	440030
31-75	441630
31-75	440120
31-75	438820
31-76	452240
31-76	451810
31-76	451910
31-76	452740
31-76	549150
31-76	451420
31-76	451560
31-76	451670
31-76	01012300
31-76	550300
31-77	460040
31-77	477000
31-77	456470
31-77	456880
31-77	456290
31-77	476150
31-77	476800
31-77	457260
31-77	476110
31-77	458620
31-78	455970
31-78	455780
31-78	456880
31-78	456390
31-78	458050
31-78	456150
31-78	457950
31-78	457100
31-78	456920
31-78	456290
31-79	473600
31-79	259060
31-79	473760
31-79	01095450
31-79	157030
31-79	099730
31-79	472470
31-79	472510
31-79	474360
31-79	475020
31-80	060060
31-80	236860
31-80	234910
31-80	238570
31-80	119050
31-80	033010
31-80	238210
31-80	201160
31-80	138930
31-80	213010
31-81	512470
31-81	513110
31-81	512380
31-81	513030
31-81	129110
31-81	512840
31-81	430840
31-81	243480
31-81	330800
31-81	01076010
31-82	092400
31-82	275880
31-82	277510
31-82	01070630
31-82	031420
31-82	280050
31-82	165070
31-82	090190
31-82	092210
31-82	326070
31-83	094500
31-83	01025790
31-83	294170
31-83	01041250
31-83	01070230
31-83	357130
31-83	089190
31-83	047230
31-83	095400
31-83	092610
31-84	149210
31-84	540340
31-84	149240
31-84	148180
31-84	148220
31-84	148740
31-84	147490
31-84	147260
31-84	147700
31-84	543740
31-85	164100
31-85	164800
31-85	166380
31-85	164930
31-85	164980
31-85	170390
31-85	117850
31-85	178110
31-85	165800
31-85	164410
31-86	420670
31-86	420820
31-86	421020
31-86	421160
31-86	420250
31-86	422080
31-86	421140
31-86	420910
31-86	422500
31-86	421070
31-87	476260
31-87	476180
31-87	532390
31-87	478630
31-87	477040
31-87	475680
31-87	476630
31-87	477580
31-87	475810
31-87	478010
31-88	137140
31-88	169460
31-88	390740
31-88	01017180
31-88	281040
31-88	138610
31-88	459720
31-88	170800
31-88	138080
31-88	167730
31-89	162740
31-89	387940
31-89	099600
31-89	112760
31-89	112740
31-89	112950
31-89	317610
31-89	388020
31-89	162860
31-89	163470
31-90	169820
31-90	390480
31-90	031730
31-90	168790
31-90	377670
31-90	165940
31-90	390200
31-90	281200
31-90	391660
31-90	171230
31-91	350450
31-91	349510
31-91	349890
31-91	511060
31-91	350190
31-91	156390
31-91	103770
31-91	242730
31-91	01079470
31-91	327160
31-92	491830
31-92	491920
31-92	491730
31-92	492640
31-92	491620
31-92	493070
31-92	255720
31-92	492010
31-92	492870
31-92	491420
31-93	475800
31-93	169540
31-93	476090
31-93	085380
31-93	476460
31-93	01014030
31-93	155370
31-93	081300
31-93	184540
31-93	190200
31-94	390740
31-94	01065490
31-94	390790
31-94	137140
31-94	169460
31-94	01017180
31-94	392140
31-94	390130
31-94	275510
31-94	392710
32-1	206400
32-1	201490
32-1	201150
32-1	195450
32-1	199500
32-1	195140
32-1	200760
32-1	01048840
32-1	498230
32-1	176170
32-2	141790
32-2	142070
32-2	173780
32-2	381570
32-2	139030
32-2	125200
32-2	140330
32-2	139530
32-2	172650
32-2	142400
32-3	084160
32-3	242710
32-3	032240
32-3	151260
32-3	242690
32-3	084170
32-3	213080
32-3	070250
32-3	288110
32-3	151270
32-4	000440
32-4	017950
32-4	000530
32-4	117600
32-4	224950
32-4	132780
32-4	000450
32-4	031290
32-4	098020
32-4	420470
32-5	194140
32-5	210440
32-5	210450
32-5	200030
32-5	494520
32-5	200120
32-5	204680
32-5	057850
32-5	200900
32-5	194390
32-6	01001540
32-6	244010
32-6	244620
32-6	456230
32-6	182440
32-6	069350
32-6	182010
32-6	004080
32-6	159490
32-6	183230
32-7	155820
32-7	170960
32-7	155830
32-7	345340
32-7	317520
32-7	287830
32-7	349020
32-7	348840
32-7	421710
32-7	346560
32-8	019750
32-8	121000
32-8	390930
32-8	01004080
32-8	199030
32-8	169000
32-8	100650
32-8	019320
32-8	249340
32-8	271040
32-9	023300
32-9	01009710
32-9	022940
32-9	350370
32-9	022880
32-9	022130
32-9	023550
32-9	022470
32-9	354140
32-9	01079050
32-10	028160
32-10	01011110
32-10	01011120
32-10	01011160
32-10	01011220
32-10	218830
32-10	01010560
32-10	027240
32-10	023540
32-10	027700
32-11	070250
32-11	070700
32-11	066140
32-11	070450
32-11	069320
32-11	243040
32-11	165080
32-11	375100
32-11	279620
32-11	069650
32-12	113910
32-12	117760
32-12	113730
32-12	114180
32-12	113540
32-12	006600
32-12	114230
32-12	268390
32-12	134010
32-12	113710
32-13	118240
32-13	116830
32-13	134320
32-13	117000
32-13	117950
32-13	163930
32-13	117990
32-13	01003090
32-13	117130
32-13	116410
32-14	130120
32-14	130090
32-14	130040
32-14	130330
32-14	129980
32-14	130020
32-14	130160
32-14	130350
32-14	130170
32-14	01034650
32-15	147110
32-15	146960
32-15	424030
32-15	466740
32-15	181700
32-15	148370
32-15	147250
32-15	146820
32-15	243100
32-15	147050
32-16	150210
32-16	464160
32-16	062300
32-16	426750
32-16	278460
32-16	336660
32-16	01062930
32-16	062070
32-16	185450
32-16	381050
32-17	155610
32-17	01007430
32-17	224490
32-17	243170
32-17	184540
32-17	154600
32-17	155850
32-17	155930
32-17	423380
32-17	254240
32-18	157540
32-18	157530
32-18	482510
32-18	262070
32-18	482490
32-18	045380
32-18	262590
32-18	048190
32-18	265050
32-18	047490
32-19	169000
32-19	390930
32-19	121000
32-19	137370
32-19	171650
32-19	168710
32-19	460130
32-19	01004080
32-19	01012210
32-19	169420
32-20	118860
32-20	300950
32-20	134890
32-20	165930
32-20	165590
32-20	306440
32-20	005780
32-20	392040
32-20	270230
32-20	006590
32-21	184480
32-21	184500
32-21	000020
32-21	113520
32-21	233650
32-21	184540
32-21	289650
32-21	018760
32-21	029810
32-21	004510
32-22	019950
32-22	199610
32-22	199600
32-22	204830
32-22	121100
32-22	200720
32-22	202540
32-22	01051130
32-22	482510
32-22	198870
32-23	224930
32-23	134320
32-23	132860
32-23	133500
32-23	163930
32-23	133900
32-23	113880
32-23	162990
32-23	01003090
32-23	055720
32-24	224260
32-24	243000
32-24	056280
32-24	055580
32-24	000140
32-24	088890
32-24	01001570
32-24	056390
32-24	224280
32-24	163090
32-25	257460
32-25	257420
32-25	257450
32-25	256970
32-25	257500
32-25	257640
32-25	257140
32-25	082210
32-25	257840
32-25	257630
32-26	168410
32-26	460640
32-26	170140
32-26	301770
32-26	142470
32-26	282080
32-26	301780
32-26	281630
32-26	281620
32-26	143060
32-27	324500
32-27	324490
32-27	238690
32-27	169110
32-27	060190
32-27	057230
32-27	058420
32-27	063890
32-27	138300
32-27	236430
32-28	064590
32-28	064620
32-28	064630
32-28	000390
32-28	007530
32-28	343000
32-28	478690
32-28	087480
32-28	104790
32-28	336830
32-29	391060
32-29	073140
32-29	392880
32-29	391720
32-29	393510
32-29	460420
32-29	389720
32-29	391080
32-29	215010
32-29	075160
32-30	451380
32-30	451370
32-30	021410
32-30	395010
32-30	395030
32-30	053740
32-30	395020
32-30	053660
32-30	000580
32-30	053860
32-31	402880
32-31	401520
32-31	403410
32-31	134270
32-31	261200
32-31	156280
32-31	216630
32-31	472320
32-31	131440
32-31	409380
32-32	403170
32-32	261380
32-32	404370
32-32	401190
32-32	398660
32-32	071880
32-32	157500
32-32	408440
32-32	147950
32-32	390270
32-33	404030
32-33	408910
32-33	404510
32-33	406730
32-33	404500
32-33	482560
32-33	408680
32-33	405710
32-33	408970
32-33	406150
32-34	440130
32-34	437780
32-34	152030
32-34	440070
32-34	440600
32-34	026640
32-34	438080
32-34	438250
32-34	241040
32-34	241510
32-35	453270
32-35	452660
32-35	452550
32-35	453120
32-35	452980
32-35	453540
32-35	454630
32-35	453850
32-35	452740
32-35	454320
32-36	482460
32-36	327500
32-36	018230
32-36	156720
32-36	259810
32-36	482450
32-36	327060
32-36	349500
32-36	327490
32-36	018330
32-37	482600
32-37	482660
32-37	01097490
32-37	01097530
32-37	01097430
32-37	482700
32-37	512190
32-37	01097550
32-37	500110
32-37	498800
32-38	150910
32-38	529390
32-38	151000
32-38	151010
32-38	150960
32-38	067480
32-38	081720
32-38	342090
32-38	327160
32-38	151020
32-39	01044400
32-39	280150
32-39	280710
32-39	169190
32-39	280440
32-39	164550
32-39	173540
32-39	280560
32-39	166030
32-39	167470
32-40	161800
32-40	329580
32-40	332100
32-40	222640
32-40	034290
32-40	329080
32-40	330160
32-40	222560
32-40	329340
32-40	259720
32-41	475840
32-41	036900
32-41	094080
32-41	036520
32-41	038230
32-41	065510
32-41	221850
32-41	036890
32-41	081550
32-41	038440
32-42	101060
32-42	106200
32-42	248920
32-42	251850
32-42	105920
32-42	251440
32-42	104920
32-42	252650
32-42	250590
32-42	249900
32-43	122860
32-43	137920
32-43	168790
32-43	121480
32-43	009170
32-43	377080
32-43	266910
32-43	308150
32-43	125200
32-43	125530
32-44	130640
32-44	01020220
32-44	071540
32-44	214130
32-44	130570
32-44	130870
32-44	130400
32-44	130300
32-44	130350
32-44	130430
32-45	151730
32-45	151750
32-45	104460
32-45	033850
32-45	104900
32-45	033980
32-45	151720
32-45	033570
32-45	033730
32-45	01000630
32-46	344630
32-46	155300
32-46	344610
32-46	343410
32-46	01038230
32-46	245010
32-46	01076220
32-46	154490
32-46	344000
32-46	490110
32-47	279690
32-47	164820
32-47	100030
32-47	389000
32-47	163720
32-47	305250
32-47	134350
32-47	056000
32-47	162520
32-47	420410
32-48	268400
32-48	268410
32-48	268420
32-48	037540
32-48	01013860
32-48	259440
32-48	268380
32-48	033930
32-48	161260
32-48	01063470
32-49	168120
32-49	177760
32-49	167600
32-49	173430
32-49	165940
32-49	173790
32-49	126390
32-49	174440
32-49	168410
32-49	165790
32-50	298230
32-50	365850
32-50	369790
32-50	298070
32-50	367950
32-50	043680
32-50	299590
32-50	294350
32-50	037540
32-50	365050
32-51	313420
32-51	305150
32-51	462950
32-51	305730
32-51	305080
32-51	01071740
32-51	312160
32-51	306650
32-51	311540
32-51	313660
32-52	328790
32-52	511080
32-52	000900
32-52	355570
32-52	164920
32-52	000910
32-52	01029480
32-52	068010
32-52	242710
32-52	096540
32-53	416020
32-53	416850
32-53	416030
32-53	416300
32-53	482460
32-53	482450
32-53	417000
32-53	092150
32-53	415980
32-53	416650
32-54	419570
32-54	015540
32-54	084190
32-54	317970
32-54	001180
32-54	244180
32-54	057880
32-54	247960
32-54	419580
32-54	213470
32-55	424720
32-55	458600
32-55	488780
32-55	425410
32-55	424160
32-55	423410
32-55	425570
32-55	423740
32-55	423700
32-55	425090
32-56	426670
32-56	424860
32-56	424670
32-56	424870
32-56	423880
32-56	424620
32-56	424420
32-56	01087200
32-56	426590
32-56	423720
32-57	271770
32-57	491120
32-57	269960
32-57	270920
32-57	501860
32-57	491900
32-57	269580
32-57	272110
32-57	269940
32-57	272430
32-58	162490
32-58	116310
32-58	233720
32-58	022080
32-58	304650
32-58	373170
32-58	116300
32-58	163110
32-58	133090
32-58	171750
32-59	165050
32-59	136680
32-59	170980
32-59	136240
32-59	134550
32-59	134420
32-59	168420
32-59	167480
32-59	132860
32-59	136720
32-60	137860
32-60	169280
32-60	101460
32-60	167910
32-60	136100
32-60	136170
32-60	01045830
32-60	139320
32-60	135510
32-60	133480
32-61	133660
32-61	165750
32-61	168450
32-61	137920
32-61	163590
32-61	01042970
32-61	137630
32-61	136250
32-61	138020
32-61	135630
32-62	134350
32-62	279690
32-62	164820
32-62	133770
32-62	389000
32-62	163720
32-62	100030
32-62	133360
32-62	162520
32-62	056000
32-63	223150
32-63	400780
32-63	456760
32-63	326850
32-63	163410
32-63	414220
32-63	423810
32-63	188490
32-63	188440
32-63	404700
32-64	284940
32-64	285050
32-64	285320
32-64	285270
32-64	285710
32-64	080340
32-64	285490
32-64	285070
32-64	196940
32-64	284960
32-65	291860
32-65	293980
32-65	01069870
32-65	017900
32-65	290140
32-65	293400
32-65	290520
32-65	346170
32-65	293970
32-65	290420
32-66	403610
32-66	403140
32-66	403430
32-66	402810
32-66	404150
32-66	403600
32-66	402580
32-66	402930
32-66	329480
32-66	401940
32-67	01096830
32-67	01096840
32-67	003770
32-67	479080
32-67	478760
32-67	478930
32-67	038270
32-67	315560
32-67	244120
32-67	067810
32-68	306770
32-68	01071310
32-68	306220
32-68	304450
32-68	312150
32-68	306940
32-68	164380
32-68	01072910
32-68	305170
32-68	01069490
32-69	338020
32-69	338030
32-69	037570
32-69	154730
32-69	01013820
32-69	479080
32-69	256810
32-69	031480
32-69	01011860
32-69	038280
32-70	379410
32-70	382370
32-70	376440
32-70	508720
32-70	375540
32-70	375790
32-70	133250
32-70	373970
32-70	136650
32-70	376220
32-71	004600
32-71	006330
32-71	004560
32-71	008020
32-71	005800
32-71	005640
32-71	053550
32-71	006540
32-71	008870
32-71	193650
32-72	015660
32-72	015950
32-72	01009250
32-72	055650
32-72	015540
32-72	015560
32-72	003490
32-72	01006630
32-72	015810
32-72	066070
32-73	000100
32-73	031240
32-73	003030
32-73	031260
32-73	032290
32-73	152650
32-73	103670
32-73	002760
32-73	000070
32-73	031420
32-74	037570
32-74	01011860
32-74	031480
32-74	001120
32-74	038280
32-74	038140
32-74	000050
32-74	032280
32-74	038130
32-74	154860
32-75	258930
32-75	081060
32-75	346750
32-75	000910
32-75	000900
32-75	082020
32-75	081260
32-75	01008300
32-75	164920
32-75	411520
32-76	084420
32-76	084410
32-76	243780
32-76	031780
32-76	156720
32-76	109820
32-76	371570
32-76	155740
32-76	108820
32-76	108940
32-77	085190
32-77	085080
32-77	085160
32-77	085150
32-77	016680
32-77	089300
32-77	031380
32-77	01070630
32-77	01006630
32-77	066880
32-78	098010
32-78	031680
32-78	000530
32-78	134460
32-78	002770
32-78	117600
32-78	234350
32-78	056600
32-78	163710
32-78	213660
32-79	131090
32-79	130760
32-79	131080
32-79	149940
32-79	131310
32-79	149630
32-79	130660
32-79	324610
32-79	506010
32-79	130800
32-80	132340
32-80	132330
32-80	01000450
32-80	088010
32-80	326130
32-80	088140
32-80	01009420
32-80	243620
32-80	215610
32-80	01009360
32-81	143250
32-81	143070
32-81	126320
32-81	176630
32-81	205780
32-81	238350
32-81	012660
32-81	136780
32-81	139330
32-81	049090
32-82	166660
32-82	164940
32-82	165560
32-82	307980
32-82	170740
32-82	136930
32-82	166670
32-82	169390
32-82	290680
32-82	01003140
32-83	166020
32-83	01044340
32-83	166810
32-83	279830
32-83	168300
32-83	171880
32-83	017840
32-83	164650
32-83	164860
32-83	280510
32-84	195940
32-84	01061380
32-84	154760
32-84	100520
32-84	336130
32-84	163890
32-84	244530
32-84	040270
32-84	165210
32-84	261010
32-85	196960
32-85	194050
32-85	195850
32-85	270270
32-85	194040
32-85	196330
32-85	196490
32-85	195380
32-85	194160
32-85	247530
32-86	196280
32-86	019520
32-86	196660
32-86	006870
32-86	114070
32-86	197260
32-86	057570
32-86	198340
32-86	006980
32-86	234870
32-87	166570
32-87	164700
32-87	166690
32-87	168090
32-87	166180
32-87	01070630
32-87	164690
32-87	031420
32-87	058050
32-87	085190
32-88	012940
32-88	205710
32-88	205700
32-88	199980
32-88	194600
32-88	205950
32-88	204470
32-88	205660
32-88	250490
32-88	196210
32-89	216900
32-89	216080
32-89	023760
32-89	216740
32-89	023620
32-89	023800
32-89	395050
32-89	350850
32-89	004180
32-89	218120
32-90	217580
32-90	217050
32-90	218840
32-90	215380
32-90	213440
32-90	214300
32-90	218670
32-90	214520
32-90	061260
32-90	217390
32-91	153390
32-91	153170
32-91	153460
32-91	153230
32-91	153150
32-91	153040
32-91	153210
32-91	01075950
32-91	153010
32-91	153440
32-92	284740
32-92	285230
32-92	284950
32-92	184670
32-92	285500
32-92	285340
32-92	286850
32-92	108770
32-92	285170
32-92	284750
32-93	292900
32-93	293970
32-93	290140
32-93	354250
32-93	352530
32-93	054810
32-93	290520
32-93	009700
32-93	199610
32-93	023760
32-94	308880
32-94	308230
32-94	307730
32-94	307090
32-94	308540
32-94	308120
32-94	169030
32-94	306740
32-94	307980
32-94	171670
33-1	313380
33-1	311470
33-1	180440
33-1	01072760
33-1	169670
33-1	313750
33-1	311200
33-1	165970
33-1	312490
33-1	145050
33-2	318330
33-2	318390
33-2	318520
33-2	01073570
33-2	318240
33-2	318290
33-2	344290
33-2	375240
33-2	342700
33-2	01096330
33-3	331790
33-3	324760
33-3	330950
33-3	324790
33-3	263700
33-3	431160
33-3	418150
33-3	327520
33-3	333170
33-3	327450
33-4	338650
33-4	338680
33-4	338640
33-4	151280
33-4	056330
33-4	287980
33-4	073180
33-4	343060
33-4	280980
33-4	108480
33-5	339420
33-5	339500
33-5	339690
33-5	339570
33-5	430650
33-5	430670
33-5	431480
33-5	340380
33-5	416320
33-5	339450
33-6	364430
33-6	362890
33-6	345710
33-6	087630
33-6	363250
33-6	087490
33-6	355020
33-6	034950
33-6	348660
33-6	041460
33-7	402910
33-7	402780
33-7	403830
33-7	552660
33-7	401270
33-7	403440
33-7	375850
33-7	458160
33-7	424810
33-7	404800
33-8	328950
33-8	417070
33-8	268890
33-8	328640
33-8	416380
33-8	130730
33-8	417550
33-8	328240
33-8	214140
33-8	01075190
33-9	425280
33-9	424210
33-9	424650
33-9	424790
33-9	424040
33-9	458510
33-9	425410
33-9	01087730
33-9	424220
33-9	423920
33-10	443960
33-10	443820
33-10	444200
33-10	439360
33-10	443210
33-10	056340
33-10	437870
33-10	443330
33-10	344490
33-10	438670
33-11	442610
33-11	441690
33-11	440050
33-11	444170
33-11	445890
33-11	441890
33-11	441980
33-11	443850
33-11	437870
33-11	442580
33-12	458510
33-12	456090
33-12	457890
33-12	456640
33-12	455710
33-12	459670
33-12	304570
33-12	01091990
33-12	460080
33-12	461860
33-13	458140
33-13	458570
33-13	457510
33-13	456620
33-13	457760
33-13	01091690
33-13	460080
33-13	456860
33-13	066420
33-13	455840
33-14	467800
33-14	467740
33-14	468590
33-14	468100
33-14	468410
33-14	468280
33-14	468230
33-14	01094980
33-14	467980
33-14	468500
33-15	398490
33-15	521830
33-15	521290
33-15	520050
33-15	520990
33-15	01100170
33-15	520310
33-15	521470
33-15	520510
33-15	521570
33-16	023760
33-16	023800
33-16	023620
33-16	395050
33-16	017930
33-16	345350
33-16	347290
33-16	345710
33-16	01091280
33-16	344580
33-17	044800
33-17	268990
33-17	348600
33-17	347620
33-17	268710
33-17	351310
33-17	018210
33-17	347190
33-17	344120
33-17	328180
33-18	200900
33-18	01009030
33-18	207630
33-18	012010
33-18	198850
33-18	201120
33-18	124920
33-18	200030
33-18	200600
33-18	196230
33-19	215640
33-19	543610
33-19	214250
33-19	085870
33-19	215880
33-19	499160
33-19	217650
33-19	01002820
33-19	01056030
33-19	216320
33-20	016640
33-20	01003170
33-20	016700
33-20	040660
33-20	004640
33-20	01002610
33-20	152680
33-20	455700
33-20	040620
33-20	004750
33-21	276600
33-21	136650
33-21	391630
33-21	275190
33-21	388140
33-21	137540
33-21	137680
33-21	276640
33-21	276950
33-21	275530
33-22	311780
33-22	01066180
33-22	142900
33-22	175970
33-22	308700
33-22	308160
33-22	01094380
33-22	308740
33-22	310060
33-22	308730
33-23	333510
33-23	273160
33-23	262070
33-23	264850
33-23	334780
33-23	332240
33-23	222660
33-23	503100
33-23	503350
33-23	332440
33-24	171830
33-24	283050
33-24	162570
33-24	115800
33-24	300030
33-24	302410
33-24	165400
33-24	171900
33-24	283030
33-24	162700
33-25	048510
33-25	418720
33-25	049840
33-25	260750
33-25	044170
33-25	331310
33-25	042270
33-25	040060
33-25	049800
33-25	045230
33-26	060920
33-26	061490
33-26	124490
33-26	060550
33-26	062090
33-26	062990
33-26	058730
33-26	062680
33-26	061300
33-26	243170
33-27	090940
33-27	090530
33-27	432520
33-27	103940
33-27	099480
33-27	374380
33-27	511570
33-27	374850
33-27	040050
33-27	275450
33-28	137920
33-28	168790
33-28	122860
33-28	139740
33-28	266910
33-28	138840
33-28	139560
33-28	009170
33-28	377080
33-28	171160
33-29	158000
33-29	156720
33-29	327070
33-29	079790
33-29	327060
33-29	327500
33-29	259460
33-29	353520
33-29	154880
33-29	01007360
33-30	157240
33-30	259610
33-30	018170
33-30	01079270
33-30	018240
33-30	330770
33-30	044800
33-30	158030
33-30	156720
33-30	154880
33-31	170960
33-31	426030
33-31	342450
33-31	168030
33-31	242830
33-31	343320
33-31	176410
33-31	007610
33-31	167650
33-31	343550
33-32	412740
33-32	228550
33-32	231080
33-32	227940
33-32	228350
33-32	134460
33-32	228220
33-32	322920
33-32	228970
33-32	164910
33-33	01001710
33-33	259560
33-33	403650
33-33	425900
33-33	246890
33-33	01039150
33-33	307400
33-33	471500
33-33	425720
33-33	262270
33-34	425630
33-34	329410
33-34	246880
33-34	260640
33-34	425290
33-34	261230
33-34	405400
33-34	403100
33-34	301340
33-34	308610
33-35	273760
33-35	273710
33-35	271100
33-35	105070
33-35	273440
33-35	272830
33-35	187610
33-35	271590
33-35	274680
33-35	271450
33-36	388670
33-36	275410
33-36	389550
33-36	388810
33-36	388180
33-36	164680
33-36	388880
33-36	000530
33-36	392150
33-36	300580
33-37	279850
33-37	275450
33-37	163460
33-37	275410
33-37	300700
33-37	275780
33-37	164190
33-37	322920
33-37	412740
33-37	134460
33-38	279850
33-38	300700
33-38	275410
33-38	322920
33-38	388670
33-38	300610
33-38	275450
33-38	300580
33-38	056730
33-38	134460
33-39	305070
33-39	305540
33-39	318240
33-39	478700
33-39	305520
33-39	031640
33-39	168740
33-39	164010
33-39	01070630
33-39	01049690
33-40	305680
33-40	275780
33-40	388670
33-40	322920
33-40	412740
33-40	304990
33-40	306280
33-40	275450
33-40	304550
33-40	304400
33-41	367810
33-41	368490
33-41	366710
33-41	452310
33-41	368020
33-41	355170
33-41	299250
33-41	357320
33-41	352690
33-41	520990
33-42	401150
33-42	223250
33-42	403660
33-42	401940
33-42	400040
33-42	403680
33-42	134350
33-42	400550
33-42	401140
33-42	400950
33-43	471290
33-43	222630
33-43	471900
33-43	471770
33-43	471580
33-43	258780
33-43	471460
33-43	327890
33-43	269030
33-43	471430
33-44	442620
33-44	443000
33-44	023030
33-44	440220
33-44	023360
33-44	520090
33-44	396390
33-44	234720
33-44	202840
33-44	339030
33-45	337090
33-45	547000
33-45	01013790
33-45	132460
33-45	476620
33-45	254160
33-45	245030
33-45	120900
33-45	036700
33-45	374340
33-46	012550
33-46	013430
33-46	125480
33-46	01005930
33-46	01002560
33-46	201510
33-46	062230
33-46	009790
33-46	012700
33-46	010030
33-47	022330
33-47	024910
33-47	01009830
33-47	281830
33-47	025660
33-47	004600
33-47	022930
33-47	022000
33-47	195280
33-47	01067700
33-48	004520
33-48	036190
33-48	185720
33-48	456270
33-48	01091660
33-48	187590
33-48	036330
33-48	036340
33-48	279090
33-48	187000
33-49	037420
33-49	01013670
33-49	01013640
33-49	350660
33-49	344110
33-49	395050
33-49	344770
33-49	320540
33-49	349170
33-49	399870
33-50	01004210
33-50	498290
33-50	008920
33-50	01003980
33-50	156740
33-50	498140
33-50	067720
33-50	498110
33-50	009650
33-50	119670
33-51	045590
33-51	046230
33-51	044570
33-51	009540
33-51	067050
33-51	214450
33-51	391700
33-51	347640
33-51	374700
33-51	082010
33-52	108420
33-52	064600
33-52	032240
33-52	163170
33-52	132660
33-52	326660
33-52	164250
33-52	002060
33-52	274940
33-52	224300
33-53	067770
33-53	337040
33-53	035710
33-53	068650
33-53	170160
33-53	418360
33-53	01066850
33-53	267470
33-53	156690
33-53	064750
33-54	067050
33-54	067340
33-54	067200
33-54	342700
33-54	342990
33-54	347610
33-54	089300
33-54	080940
33-54	067290
33-54	336810
33-55	080480
33-55	285160
33-55	162640
33-55	080230
33-55	162600
33-55	162350
33-55	085260
33-55	193790
33-55	162340
33-55	290150
33-56	088520
33-56	087590
33-56	087490
33-56	087350
33-56	105380
33-56	01012840
33-56	132320
33-56	104860
33-56	087630
33-56	326800
33-57	030340
33-57	030210
33-57	030190
33-57	030540
33-57	030990
33-57	030580
33-57	030920
33-57	037760
33-57	030430
33-57	161360
33-58	122080
33-58	122160
33-58	120460
33-58	119540
33-58	121970
33-58	126980
33-58	123310
33-58	121960
33-58	120690
33-58	119490
33-59	123310
33-59	116630
33-59	120690
33-59	119750
33-59	01034220
33-59	120470
33-59	119560
33-59	122170
33-59	118550
33-59	122030
33-60	136760
33-60	140250
33-60	173000
33-60	139620
33-60	224790
33-60	133450
33-60	134030
33-60	137990
33-60	137100
33-60	133420
33-61	137480
33-61	139000
33-61	141240
33-61	137470
33-61	134020
33-61	200630
33-61	133250
33-61	202170
33-61	163300
33-61	393360
33-62	136570
33-62	136200
33-62	134220
33-62	135100
33-62	138700
33-62	164790
33-62	165710
33-62	136430
33-62	137800
33-62	167480
33-63	132860
33-63	138550
33-63	141760
33-63	136570
33-63	079010
33-63	173210
33-63	136430
33-63	135640
33-63	136720
33-63	165560
33-64	143730
33-64	140320
33-64	393610
33-64	139570
33-64	139300
33-64	144720
33-64	145890
33-64	312420
33-64	176090
33-64	140970
33-65	038360
33-65	154590
33-65	258640
33-65	038010
33-65	031760
33-65	243880
33-65	154840
33-65	01013150
33-65	455440
33-65	154430
33-66	157250
33-66	349500
33-66	327500
33-66	395160
33-66	156720
33-66	018230
33-66	327490
33-66	482460
33-66	320540
33-66	353520
33-67	098420
33-67	349430
33-67	166310
33-67	335980
33-67	350700
33-67	098450
33-67	164310
33-67	017510
33-67	198430
33-67	163890
33-68	173280
33-68	01083910
33-68	393040
33-68	164550
33-68	01043010
33-68	177100
33-68	174750
33-68	173660
33-68	180710
33-68	177840
33-69	174170
33-69	392580
33-69	168790
33-69	277790
33-69	170880
33-69	170140
33-69	309250
33-69	281630
33-69	302980
33-69	280930
33-70	019950
33-70	202540
33-70	204500
33-70	199610
33-70	203140
33-70	129030
33-70	200720
33-70	206310
33-70	200030
33-70	196320
33-71	219250
33-71	143730
33-71	122320
33-71	213760
33-71	216680
33-71	312420
33-71	216300
33-71	216200
33-71	103010
33-71	216050
33-72	002840
33-72	221450
33-72	343110
33-72	006260
33-72	002890
33-72	326050
33-72	031560
33-72	002790
33-72	031400
33-72	343990
33-73	249340
33-73	249140
33-73	248020
33-73	247530
33-73	251120
33-73	248380
33-73	250700
33-73	248340
33-73	250670
33-73	250540
33-74	279850
33-74	300700
33-74	258990
33-74	275410
33-74	163710
33-74	134310
33-74	031730
33-74	100430
33-74	135550
33-74	134460
33-75	285390
33-75	122140
33-75	285320
33-75	119750
33-75	284720
33-75	286180
33-75	285070
33-75	286320
33-75	119570
33-75	285540
33-76	302980
33-76	392580
33-76	170880
33-76	174170
33-76	277790
33-76	281630
33-76	170140
33-76	01074380
33-76	280930
33-76	169350
33-77	308510
33-77	308440
33-77	312030
33-77	305690
33-77	307310
33-77	311180
33-77	434100
33-77	306900
33-77	304960
33-77	305350
33-78	307660
33-78	168560
33-78	114550
33-78	01025320
33-78	301730
33-78	305260
33-78	310960
33-78	306910
33-78	389620
33-78	306230
33-79	327850
33-79	324850
33-79	329200
33-79	326670
33-79	326560
33-79	01041460
33-79	324650
33-79	324070
33-79	033520
33-79	327780
33-80	345420
33-80	484080
33-80	346900
33-80	484070
33-80	349800
33-80	431960
33-80	484060
33-80	484050
33-80	358020
33-80	031920
33-81	345400
33-81	01077530
33-81	349460
33-81	347360
33-81	004380
33-81	348530
33-81	347450
33-81	352240
33-81	343890
33-81	113540
33-82	352220
33-82	359710
33-82	354370
33-82	253950
33-82	293830
33-82	395670
33-82	108900
33-82	294850
33-82	003340
33-82	01081230
33-83	357060
33-83	355490
33-83	344160
33-83	363770
33-83	363050
33-83	000160
33-83	363940
33-83	342090
33-83	348080
33-83	356290
33-84	367720
33-84	368250
33-84	352290
33-84	367540
33-84	368410
33-84	355520
33-84	01082110
33-84	369680
33-84	343900
33-84	365470
33-85	389810
33-85	391010
33-85	069580
33-85	389720
33-85	01076610
33-85	343560
33-85	343530
33-85	388490
33-85	391000
33-85	344620
33-86	080800
33-86	184750
33-86	420030
33-86	055790
33-86	085110
33-86	031420
33-86	152740
33-86	056670
33-86	243010
33-86	032290
33-87	439310
33-87	438210
33-87	440140
33-87	439080
33-87	438690
33-87	440060
33-87	437830
33-87	01088890
33-87	440010
33-87	440110
33-88	440090
33-88	440070
33-88	438920
33-88	441690
33-88	443820
33-88	443830
33-88	443840
33-88	443190
33-88	441700
33-88	01089080
33-89	01093650
33-89	458770
33-89	460680
33-89	457630
33-89	456290
33-89	458740
33-89	455850
33-89	461080
33-89	457400
33-89	460350
33-90	480300
33-90	480310
33-90	480690
33-90	080950
33-90	479220
33-90	479090
33-90	480270
33-90	226190
33-90	479360
33-90	383870
33-91	509250
33-91	508170
33-91	508530
33-91	508720
33-91	509400
33-91	507430
33-91	505550
33-91	506260
33-91	505720
33-91	507640
33-92	009330
33-92	012670
33-92	200360
33-92	013380
33-92	008220
33-92	126380
33-92	007040
33-92	010640
33-92	005500
33-92	006660
33-93	01017910
33-93	062230
33-93	121550
33-93	125480
33-93	060510
33-93	01046360
33-93	01009070
33-93	012550
33-93	062420
33-93	238530
33-94	125480
33-94	01036020
33-94	062230
33-94	122900
33-94	060510
33-94	01005060
33-94	122310
33-94	01031670
33-94	121550
33-94	126360
34-1	334600
34-1	227030
34-1	335270
34-1	227300
34-1	419540
34-1	419490
34-1	162260
34-1	435550
34-1	333840
34-1	419520
34-2	357890
34-2	01081050
34-2	352860
34-2	354450
34-2	358560
34-2	352630
34-2	105960
34-2	355780
34-2	360460
34-2	359440
34-3	418720
34-3	418120
34-3	331310
34-3	262730
34-3	048510
34-3	331520
34-3	260750
34-3	334020
34-3	418820
34-3	261640
34-4	437800
34-4	443830
34-4	441750
34-4	439450
34-4	442590
34-4	440090
34-4	01089490
34-4	440120
34-4	441020
34-4	439290
34-5	009880
34-5	007890
34-5	01003350
34-5	01003520
34-5	006890
34-5	007910
34-5	009200
34-5	060030
34-5	122470
34-5	007720
34-6	200710
34-6	122370
34-6	023560
34-6	023630
34-6	010420
34-6	022940
34-6	01003600
34-6	023550
34-6	023250
34-6	024380
34-7	023460
34-7	022930
34-7	471730
34-7	023430
34-7	026170
34-7	023230
34-7	022510
34-7	353410
34-7	321500
34-7	022330
34-8	053930
34-8	043690
34-8	000620
34-8	053550
34-8	053740
34-8	034310
34-8	053840
34-8	000870
34-8	01000140
34-8	01000250
34-9	119660
34-9	118410
34-9	119260
34-9	119740
34-9	119280
34-9	117580
34-9	01032500
34-9	123220
34-9	01032510
34-9	119720
34-10	136440
34-10	136360
34-10	138670
34-10	136490
34-10	135450
34-10	167220
34-10	281570
34-10	168420
34-10	136430
34-10	134420
34-11	163960
34-11	163020
34-11	163330
34-11	01042860
34-11	322730
34-11	090160
34-11	165030
34-11	478690
34-11	322720
34-11	162670
34-12	200710
34-12	010420
34-12	024380
34-12	023560
34-12	023630
34-12	122370
34-12	023550
34-12	023300
34-12	021980
34-12	022600
34-13	423380
34-13	155820
34-13	184750
34-13	546980
34-13	031290
34-13	017950
34-13	098020
34-13	056730
34-13	420030
34-13	01000090
34-14	440080
34-14	437780
34-14	440100
34-14	440840
34-14	438690
34-14	441960
34-14	438640
34-14	440070
34-14	440620
34-14	440870
34-15	008180
34-15	114450
34-15	01005680
34-15	125300
34-15	009800
34-15	114790
34-15	01004460
34-15	008820
34-15	006080
34-15	005830
34-16	088070
34-16	035150
34-16	087800
34-16	061050
34-16	088400
34-16	528400
34-16	225480
34-16	088150
34-16	352310
34-16	437480
34-17	416890
34-17	416880
34-17	417340
34-17	417060
34-17	416610
34-17	417020
34-17	433400
34-17	416380
34-17	173940
34-17	223230
34-18	153440
34-18	153480
34-18	153410
34-18	153300
34-18	153590
34-18	01037960
34-18	249150
34-18	105110
34-18	153170
34-18	153750
34-19	307540
34-19	307750
34-19	306610
34-19	308570
34-19	311920
34-19	306070
34-19	307960
34-19	306800
34-19	308500
34-19	403840
34-20	031800
34-20	284660
34-20	103840
34-20	031880
34-20	078970
34-20	224390
34-20	152740
34-20	067360
34-20	284580
34-20	317510
34-21	388720
34-21	275640
34-21	388900
34-21	300770
34-21	164780
34-21	388070
34-21	275200
34-21	163100
34-21	275620
34-21	390850
34-22	017190
34-22	01076950
34-22	108520
34-22	347160
34-22	032240
34-22	290970
34-22	108570
34-22	347010
34-22	032820
34-22	342030
34-23	138450
34-23	009760
34-23	139590
34-23	170430
34-23	01005090
34-23	139630
34-23	171920
34-23	309510
34-23	179790
34-23	058710
34-24	078980
34-24	290680
34-24	353720
34-24	006440
34-24	345810
34-24	346950
34-24	055730
34-24	344010
34-24	170760
34-24	084170
34-25	079450
34-25	079410
34-25	007880
34-25	01021150
34-25	136460
34-25	005360
34-25	281530
34-25	079300
34-25	280840
34-25	01021010
34-26	084690
34-26	108980
34-26	355220
34-26	355390
34-26	01019710
34-26	294850
34-26	359710
34-26	354610
34-26	085430
34-26	285810
34-27	139980
34-27	123710
34-27	173280
34-27	310360
34-27	139720
34-27	142670
34-27	174400
34-27	123700
34-27	141760
34-27	139990
34-28	162860
34-28	300220
34-28	132840
34-28	133040
34-28	163770
34-28	01002370
34-28	133750
34-28	162850
34-28	132760
34-28	374190
34-29	442570
34-29	443230
34-29	01012920
34-29	033540
34-29	439300
34-29	438090
34-29	01088990
34-29	371620
34-29	440050
34-29	010730
34-30	004560
34-30	113580
34-30	116550
34-30	008220
34-30	007890
34-30	010510
34-30	055820
34-30	006600
34-30	008050
34-30	005510
34-31	213180
34-31	212850
34-31	065190
34-31	343320
34-31	065990
34-31	374230
34-31	133190
34-31	065200
34-31	184890
34-31	244020
34-32	066920
34-32	066840
34-32	227440
34-32	066870
34-32	212430
34-32	004260
34-32	066860
34-32	085680
34-32	000600
34-32	227460
34-33	194040
34-33	193580
34-33	194030
34-33	193400
34-33	01002590
34-33	005310
34-33	194160
34-33	004900
34-33	194890
34-33	116460
34-34	040590
34-34	401630
34-34	056770
34-34	300710
34-34	269100
34-34	184540
34-34	260000
34-34	194820
34-34	305780
34-34	403310
34-35	157550
34-35	043410
34-35	472860
34-35	264370
34-35	262170
34-35	270910
34-35	158200
34-35	159390
34-35	330160
34-35	039760
34-36	060640
34-36	062620
34-36	055680
34-36	058340
34-36	161370
34-36	272430
34-36	033850
34-36	503540
34-36	087430
34-36	222630
34-37	070090
34-37	069970
34-37	070780
34-37	342960
34-37	080400
34-37	259230
34-37	084260
34-37	154800
34-37	036610
34-37	154900
34-38	170880
34-38	122270
34-38	138530
34-38	140470
34-38	122310
34-38	170140
34-38	280930
34-38	01074380
34-38	433840
34-38	126360
34-39	132760
34-39	304330
34-39	162570
34-39	136400
34-39	133750
34-39	103720
34-39	133010
34-39	132780
34-39	133950
34-39	162690
34-40	164480
34-40	300710
34-40	165190
34-40	224770
34-40	194820
34-40	305780
34-40	090620
34-40	099660
34-40	134380
34-40	164550
34-41	339350
34-41	398180
34-41	529610
34-41	432870
34-41	339190
34-41	511420
34-41	430810
34-41	000820
34-41	339200
34-41	337070
34-42	170880
34-42	280930
34-42	170140
34-42	138530
34-42	281630
34-42	168410
34-42	140470
34-42	168790
34-42	309250
34-42	122270
34-43	471840
34-43	040590
34-43	269100
34-43	155570
34-43	471680
34-43	260000
34-43	471670
34-43	471930
34-43	472160
34-43	471600
34-44	506040
34-44	505960
34-44	505600
34-44	528460
34-44	228160
34-44	505890
34-44	505790
34-44	228120
34-44	505840
34-44	038310
34-45	508720
34-45	506260
34-45	507850
34-45	505720
34-45	331020
34-45	507780
34-45	505550
34-45	506180
34-45	506280
34-45	01099140
34-46	006100
34-46	005330
34-46	006350
34-46	007080
34-46	007310
34-46	006290
34-46	118640
34-46	193330
34-46	009070
34-46	005100
34-47	019790
34-47	215360
34-47	121520
34-47	169440
34-47	137900
34-47	377630
34-47	323750
34-47	059460
34-47	043190
34-47	009180
34-48	162860
34-48	084240
34-48	338650
34-48	287980
34-48	084180
34-48	338680
34-48	338640
34-48	300220
34-48	400130
34-48	227610
34-49	322550
34-49	483120
34-49	100350
34-49	084290
34-49	022820
34-49	322540
34-49	375780
34-49	416320
34-49	084730
34-49	424480
34-50	090650
34-50	089310
34-50	344360
34-50	01004500
34-50	031680
34-50	089620
34-50	090820
34-50	032400
34-50	314170
34-50	122350
34-51	101090
34-51	100290
34-51	101370
34-51	031530
34-51	101130
34-51	000450
34-51	098290
34-51	164420
34-51	039100
34-51	031880
34-52	114000
34-52	135170
34-52	118610
34-52	007010
34-52	280200
34-52	156310
34-52	166000
34-52	01044050
34-52	007120
34-52	136400
34-53	118410
34-53	119280
34-53	119670
34-53	119660
34-53	119200
34-53	257060
34-53	119620
34-53	119450
34-53	116680
34-53	119510
34-54	126950
34-54	124650
34-54	123190
34-54	538620
34-54	124680
34-54	123580
34-54	124340
34-54	121750
34-54	119400
34-54	538670
34-55	131660
34-55	131690
34-55	544040
34-55	411620
34-55	433400
34-55	131730
34-55	530800
34-55	149720
34-55	391750
34-55	131370
34-56	158010
34-56	158110
34-56	352970
34-56	350390
34-56	158100
34-56	353530
34-56	347730
34-56	353190
34-56	346750
34-56	260490
34-57	197100
34-57	280140
34-57	067520
34-57	197030
34-57	067770
34-57	168440
34-57	301630
34-57	164010
34-57	067910
34-57	200250
34-58	203670
34-58	203970
34-58	195800
34-58	199600
34-58	193660
34-58	031430
34-58	201290
34-58	199610
34-58	199870
34-58	199980
34-59	327700
34-59	416450
34-59	329810
34-59	328890
34-59	401650
34-59	223230
34-59	161280
34-59	331080
34-59	324370
34-59	324910
34-60	161890
34-60	222560
34-60	391650
34-60	171770
34-60	332100
34-60	216930
34-60	392050
34-60	331920
34-60	216990
34-60	133490
34-61	345760
34-61	343960
34-61	353010
34-61	344540
34-61	343030
34-61	353530
34-61	351550
34-61	345800
34-61	347590
34-61	343050
34-62	389090
34-62	245130
34-62	389800
34-62	388490
34-62	390240
34-62	389670
34-62	389720
34-62	164610
34-62	391050
34-62	391010
34-63	415990
34-63	416350
34-63	416800
34-63	416280
34-63	417820
34-63	416530
34-63	415980
34-63	416250
34-63	416020
34-63	327300
34-64	439300
34-64	439290
34-64	438260
34-64	441680
34-64	440940
34-64	441980
34-64	439750
34-64	440970
34-64	117850
34-64	443360
34-65	440840
34-65	440080
34-65	437790
34-65	440100
34-65	438660
34-65	438690
34-65	437780
34-65	440070
34-65	441700
34-65	441630
34-66	473610
34-66	472080
34-66	01095660
34-66	471780
34-66	473940
34-66	473380
34-66	473150
34-66	474380
34-66	472800
34-66	472530
34-67	543810
34-67	416350
34-67	286480
34-67	531820
34-67	287020
34-67	01047990
34-67	040690
34-67	01002550
34-67	543840
34-67	506630
34-68	522960
34-68	01100330
34-68	523990
34-68	023440
34-68	457720
34-68	520850
34-68	01088270
34-68	459150
34-68	01070880
34-68	022180
34-69	004710
34-69	005320
34-69	005470
34-69	005070
34-69	006070
34-69	007280
34-69	162950
34-69	113610
34-69	005680
34-69	004390
34-70	037540
34-70	037700
34-70	258570
34-70	067810
34-70	258660
34-70	038110
34-70	035560
34-70	338020
34-70	043620
34-70	040190
34-71	066840
34-71	066920
34-71	227440
34-71	212430
34-71	066870
34-71	004260
34-71	227460
34-71	066860
34-71	080920
34-71	080280
34-72	290190
34-72	344490
34-72	343920
34-72	291150
34-72	289690
34-72	01077340
34-72	349040
34-72	350860
34-72	166390
34-72	297110
34-73	453150
34-73	048910
34-73	452550
34-73	453540
34-73	062820
34-73	452990
34-73	452740
34-73	453270
34-73	453670
34-73	451920
34-74	493630
34-74	341780
34-74	088240
34-74	533160
34-74	396750
34-74	324020
34-74	131890
34-74	399170
34-74	485660
34-74	484590
34-75	536300
34-75	031110
34-75	407270
34-75	332840
34-75	01028550
34-75	534830
34-75	107810
34-75	535790
34-75	335380
34-75	220260
34-76	203660
34-76	01049810
34-76	206290
34-76	290910
34-76	204760
34-76	203990
34-76	204900
34-76	137910
34-76	061840
34-76	013150
34-77	210430
34-77	01053890
34-77	210590
34-77	01053810
34-77	01053940
34-77	01053720
34-77	116070
34-77	209310
34-77	203080
34-77	129110
34-78	031810
34-78	431960
34-78	031920
34-78	01011940
34-78	345420
34-78	224970
34-78	254530
34-78	471640
34-78	484080
34-78	163330
34-79	040250
34-79	417230
34-79	043040
34-79	039910
34-79	041080
34-79	038340
34-79	040520
34-79	039790
34-79	038300
34-79	039270
34-80	080320
34-80	080630
34-80	080350
34-80	284690
34-80	080450
34-80	284510
34-80	152740
34-80	022420
34-80	080680
34-80	080500
34-81	132870
34-81	162690
34-81	133490
34-81	163640
34-81	193600
34-81	135180
34-81	164290
34-81	116420
34-81	004540
34-81	162890
34-82	133880
34-82	079370
34-82	162440
34-82	166100
34-82	164170
34-82	133590
34-82	133890
34-82	136360
34-82	134970
34-82	01042880
34-83	279960
34-83	275550
34-83	164750
34-83	388890
34-83	134480
34-83	169350
34-83	056750
34-83	374770
34-83	133620
34-83	138080
34-84	194650
34-84	01008560
34-84	195020
34-84	118200
34-84	192620
34-84	195010
34-84	194550
34-84	194780
34-84	197680
34-84	200050
34-85	205260
34-85	209120
34-85	208910
34-85	200030
34-85	01052400
34-85	204990
34-85	220050
34-85	144700
34-85	211260
34-85	205340
34-86	236050
34-86	01058000
34-86	01058100
34-86	058950
34-86	058740
34-86	004350
34-86	412420
34-86	057050
34-86	236490
34-86	214650
34-87	400250
34-87	400930
34-87	400310
34-87	400730
34-87	243970
34-87	400160
34-87	193600
34-87	038260
34-87	227560
34-87	233660
34-88	464880
34-88	463040
34-88	458190
34-88	462680
34-88	455970
34-88	457110
34-88	458620
34-88	457100
34-88	456690
34-88	489600
34-89	199880
34-89	207870
34-89	200050
34-89	202110
34-89	199100
34-89	200790
34-89	200030
34-89	199010
34-89	200720
34-89	204860
34-90	404980
34-90	405700
34-90	461170
34-90	460670
34-90	426620
34-90	309370
34-90	340390
34-90	073790
34-90	409640
34-90	408650
34-91	161140
34-91	290890
34-91	345680
34-91	323780
34-91	323880
34-91	155300
34-91	349770
34-91	357800
34-91	352690
34-91	350190
34-92	021060
34-92	020690
34-92	01009420
34-92	031630
34-92	020700
34-92	020770
34-92	038390
34-92	258830
34-92	039120
34-92	070880
34-93	378380
34-93	376150
34-93	379880
34-93	167600
34-93	377500
34-93	288350
34-93	378670
34-93	378240
34-93	376790
34-93	376160
34-94	155020
34-94	017290
34-94	017140
34-94	017790
34-94	038950
34-94	086710
34-94	020590
34-94	01006800
34-94	258550
34-94	037630
35-1	446150
35-1	155180
35-1	039450
35-1	259260
35-1	038710
35-1	254100
35-1	033070
35-1	037550
35-1	154460
35-1	468470
35-2	005830
35-2	117860
35-2	010360
35-2	005960
35-2	117850
35-2	056740
35-2	005140
35-2	134080
35-2	164930
35-2	01003570
35-3	442650
35-3	441670
35-3	01088920
35-3	440100
35-3	441700
35-3	440840
35-3	01089320
35-3	443270
35-3	441000
35-3	438660
35-4	437400
35-4	437360
35-4	437410
35-4	033790
35-4	033720
35-4	087090
35-4	437380
35-4	475720
35-4	437390
35-4	01012810
35-5	068790
35-5	366410
35-5	068880
35-5	356730
35-5	068770
35-5	361290
35-5	084660
35-5	01062480
35-5	365920
35-5	068680
35-6	329480
35-6	161300
35-6	329800
35-6	327650
35-6	329530
35-6	161160
35-6	326870
35-6	416390
35-6	403610
35-6	326890
35-7	099370
35-7	108700
35-7	098910
35-7	01026490
35-7	099350
35-7	099380
35-7	01007720
35-7	285300
35-7	099310
35-7	01014080
35-8	411820
35-8	215200
35-8	138280
35-8	460780
35-8	392960
35-8	459750
35-8	288540
35-8	417640
35-8	288040
35-8	01059270
35-9	437780
35-9	438690
35-9	437930
35-9	440100
35-9	01088620
35-9	116550
35-9	438730
35-9	438080
35-9	440080
35-9	438150
35-10	390800
35-10	169900
35-10	168630
35-10	165930
35-10	137850
35-10	01058530
35-10	009080
35-10	281280
35-10	137070
35-10	059520
35-11	410740
35-11	039540
35-11	345760
35-11	035590
35-11	164920
35-11	260710
35-11	343390
35-11	01014030
35-11	081000
35-11	347730
35-12	229400
35-12	229510
35-12	136690
35-12	229130
35-12	229630
35-12	229500
35-12	227590
35-12	228890
35-12	235620
35-12	230040
35-13	525950
35-13	526380
35-13	525080
35-13	524290
35-13	525000
35-13	521260
35-13	498920
35-13	524720
35-13	524880
35-13	458360
35-14	176870
35-14	177910
35-14	173020
35-14	172110
35-14	01045940
35-14	176490
35-14	141590
35-14	169120
35-14	173440
35-14	01012220
35-15	403950
35-15	472790
35-15	401940
35-15	254740
35-15	330020
35-15	460040
35-15	225820
35-15	401640
35-15	475910
35-15	400630
35-16	001130
35-16	000400
35-16	017810
35-16	056330
35-16	098020
35-16	133950
35-16	103760
35-16	055600
35-16	338860
35-16	031290
35-17	031920
35-17	01012000
35-17	432030
35-17	546970
35-17	099430
35-17	431960
35-17	254010
35-17	254530
35-17	031810
35-17	152880
35-18	159240
35-18	047440
35-18	264290
35-18	159330
35-18	048320
35-18	158060
35-18	047870
35-18	332890
35-18	051320
35-18	046570
35-19	056740
35-19	117860
35-19	322920
35-19	164910
35-19	000530
35-19	117600
35-19	234560
35-19	031680
35-19	189530
35-19	055960
35-20	134460
35-20	164910
35-20	164930
35-20	117860
35-20	163710
35-20	000530
35-20	388660
35-20	275410
35-20	133890
35-20	137630
35-21	137830
35-21	168480
35-21	179540
35-21	135280
35-21	199520
35-21	138140
35-21	140450
35-21	137940
35-21	011020
35-21	137160
35-22	103720
35-22	055600
35-22	01007350
35-22	154340
35-22	000300
35-22	056330
35-22	154450
35-22	133950
35-22	258930
35-22	003170
35-23	183620
35-23	183700
35-23	182690
35-23	183640
35-23	182410
35-23	182020
35-23	182040
35-23	182230
35-23	314250
35-23	067490
35-24	200940
35-24	199270
35-24	198250
35-24	193390
35-24	196550
35-24	009040
35-24	196910
35-24	193850
35-24	008500
35-24	196850
35-25	01008860
35-25	122890
35-25	060100
35-25	01008900
35-25	123260
35-25	193570
35-25	193450
35-25	201360
35-25	196500
35-25	010160
35-26	213510
35-26	213500
35-26	213240
35-26	092660
35-26	033690
35-26	093410
35-26	131940
35-26	032320
35-26	267750
35-26	094940
35-27	267910
35-27	306290
35-27	267700
35-27	267920
35-27	213660
35-27	268290
35-27	267670
35-27	306280
35-27	398630
35-27	395710
35-28	288710
35-28	074050
35-28	093700
35-28	331190
35-28	288650
35-28	074860
35-28	216130
35-28	072870
35-28	076120
35-28	236860
35-29	290660
35-29	293950
35-29	346280
35-29	292160
35-29	296290
35-29	348710
35-29	345540
35-29	361170
35-29	361560
35-29	291700
35-30	307430
35-30	308180
35-30	01071580
35-30	311410
35-30	305870
35-30	305710
35-30	169790
35-30	304590
35-30	308230
35-30	390650
35-31	327190
35-31	161220
35-31	327120
35-31	323980
35-31	327230
35-31	228150
35-31	223180
35-31	323970
35-31	327650
35-31	327530
35-32	222630
35-32	327890
35-32	326390
35-32	327790
35-32	326500
35-32	161120
35-32	269030
35-32	327170
35-32	330090
35-32	323800
35-33	374990
35-33	375660
35-33	374940
35-33	374090
35-33	374180
35-33	375960
35-33	376350
35-33	374730
35-33	374700
35-33	373500
35-34	403190
35-34	473120
35-34	01009620
35-34	405030
35-34	120170
35-34	438520
35-34	235490
35-34	405140
35-34	000510
35-34	338300
35-35	461040
35-35	461030
35-35	457090
35-35	462860
35-35	462710
35-35	459120
35-35	456970
35-35	457310
35-35	457690
35-35	01094300
35-36	053740
35-36	053930
35-36	053450
35-36	259700
35-36	01015800
35-36	054270
35-36	021360
35-36	017760
35-36	017770
35-36	468210
35-37	062270
35-37	063800
35-37	01006130
35-37	063450
35-37	056650
35-37	061810
35-37	064260
35-37	063240
35-37	059600
35-37	060090
35-38	111180
35-38	111330
35-38	230030
35-38	261930
35-38	116810
35-38	042770
35-38	227980
35-38	330730
35-38	472510
35-38	01029460
35-39	151980
35-39	152620
35-39	152310
35-39	152170
35-39	451900
35-39	152350
35-39	260310
35-39	549330
35-39	261970
35-39	326610
35-40	01062970
35-40	158450
35-40	158620
35-40	043110
35-40	245760
35-40	330280
35-40	156830
35-40	263000
35-40	265590
35-40	01041990
35-41	174730
35-41	167690
35-41	178250
35-41	283570
35-41	177300
35-41	393750
35-41	177760
35-41	303480
35-41	179150
35-41	165750
35-42	188440
35-42	498650
35-42	400780
35-42	188520
35-42	188420
35-42	186000
35-42	268850
35-42	423810
35-42	466720
35-42	223150
35-43	037590
35-43	089330
35-43	017940
35-43	244030
35-43	038120
35-43	243690
35-43	037600
35-43	154430
35-43	154600
35-43	01099030
35-44	059150
35-44	101310
35-44	403810
35-44	301740
35-44	460250
35-44	261820
35-44	01085440
35-44	323080
35-44	426040
35-44	400990
35-45	009220
35-45	272070
35-45	199050
35-45	01005320
35-45	271770
35-45	263870
35-45	272540
35-45	236550
35-45	01003570
35-45	010430
35-46	267490
35-46	455940
35-46	314200
35-46	098010
35-46	033080
35-46	01012420
35-46	098740
35-46	026930
35-46	447260
35-46	373190
35-47	055820
35-47	323750
35-47	056810
35-47	062080
35-47	058490
35-47	022330
35-47	213410
35-47	01017300
35-47	446710
35-47	057340
35-48	109940
35-48	110200
35-48	304450
35-48	110180
35-48	01029450
35-48	157210
35-48	260220
35-48	387910
35-48	228410
35-48	110260
35-49	326970
35-49	326560
35-49	326660
35-49	154440
35-49	328750
35-49	01041460
35-49	326670
35-49	01000880
35-49	223200
35-49	327850
35-50	157700
35-50	158010
35-50	352970
35-50	158110
35-50	417540
35-50	038110
35-50	392400
35-50	350390
35-50	155070
35-50	259050
35-51	055820
35-51	197010
35-51	195430
35-51	304450
35-51	439250
35-51	195410
35-51	387910
35-51	441380
35-51	197370
35-51	438490
35-52	249490
35-52	248610
35-52	249130
35-52	248090
35-52	250130
35-52	247180
35-52	250460
35-52	248280
35-52	349980
35-52	248190
35-53	279680
35-53	163250
35-53	476890
35-53	169440
35-53	280090
35-53	301880
35-53	390690
35-53	236020
35-53	377630
35-53	166700
35-54	316200
35-54	316320
35-54	261760
35-54	345520
35-54	109050
35-54	099380
35-54	222970
35-54	263340
35-54	292290
35-54	086810
35-55	336440
35-55	336410
35-55	424030
35-55	146780
35-55	432270
35-55	456230
35-55	243100
35-55	412440
35-55	147780
35-55	147100
35-56	162770
35-56	426330
35-56	374550
35-56	374290
35-56	376490
35-56	023040
35-56	376920
35-56	025020
35-56	141160
35-56	100220
35-57	441600
35-57	442730
35-57	443900
35-57	098110
35-57	441590
35-57	439080
35-57	444070
35-57	438080
35-57	443820
35-57	438150
35-58	506330
35-58	509620
35-58	506650
35-58	506150
35-58	508270
35-58	507430
35-58	505720
35-58	373300
35-58	088920
35-58	505640
35-59	176900
35-59	01043770
35-59	356660
35-59	292710
35-59	290880
35-59	167550
35-59	357670
35-59	303720
35-59	296340
35-59	349440
35-60	244610
35-60	244960
35-60	375240
35-60	344540
35-60	081330
35-60	039080
35-60	245880
35-60	004160
35-60	042380
35-60	345760
35-61	103770
35-61	289110
35-61	300030
35-61	031360
35-61	108480
35-61	032520
35-61	01011990
35-61	289490
35-61	229010
35-61	01011960
35-62	291110
35-62	290810
35-62	291140
35-62	346740
35-62	290940
35-62	031530
35-62	289930
35-62	456860
35-62	343270
35-62	083320
35-63	355240
35-63	357210
35-63	356580
35-63	349640
35-63	355040
35-63	351060
35-63	363770
35-63	294700
35-63	245160
35-63	359770
35-64	440040
35-64	437790
35-64	440420
35-64	438820
35-64	441600
35-64	440110
35-64	440850
35-64	440050
35-64	440080
35-64	437860
35-65	164900
35-65	134170
35-65	117950
35-65	162900
35-65	166030
35-65	117240
35-65	279380
35-65	165890
35-65	162650
35-65	280530
35-66	285380
35-66	285350
35-66	336470
35-66	315870
35-66	161540
35-66	286090
35-66	060190
35-66	238690
35-66	01001730
35-66	348370
35-67	345410
35-67	346620
35-67	347370
35-67	346570
35-67	344290
35-67	344940
35-67	01077340
35-67	345300
35-67	345620
35-67	348260
35-68	076260
35-68	071190
35-68	076820
35-68	272810
35-68	078130
35-68	062040
35-68	075810
35-68	076710
35-68	332870
35-68	380790
35-69	261760
35-69	260380
35-69	263810
35-69	043060
35-69	260980
35-69	261060
35-69	327440
35-69	344380
35-69	259430
35-69	259810
35-70	152700
35-70	152710
35-70	01011750
35-70	088820
35-70	017020
35-70	01000430
35-70	032260
35-70	004490
35-70	032250
35-70	057380
35-71	004990
35-71	005820
35-71	01002780
35-71	008020
35-71	194470
35-71	019310
35-71	118280
35-71	005060
35-71	005850
35-71	117290
35-72	080790
35-72	081860
35-72	081280
35-72	031530
35-72	243410
35-72	031490
35-72	289930
35-72	289940
35-72	290390
35-72	245100
35-73	117380
35-73	116710
35-73	118400
35-73	01031440
35-73	119750
35-73	256920
35-73	116760
35-73	116700
35-73	117540
35-73	117260
35-74	01035080
35-74	134240
35-74	132850
35-74	163100
35-74	134550
35-74	136720
35-74	164780
35-74	133250
35-74	388930
35-74	135560
35-75	087550
35-75	000170
35-75	000300
35-75	156080
35-75	01001180
35-75	000350
35-75	01007350
35-75	017240
35-75	000920
35-75	01001160
35-76	134320
35-76	055720
35-76	164250
35-76	133900
35-76	118240
35-76	163930
35-76	165400
35-76	165080
35-76	162990
35-76	132860
35-77	194660
35-77	193850
35-77	113870
35-77	006060
35-77	195850
35-77	01048390
35-77	194080
35-77	193800
35-77	194300
35-77	113950
35-78	373110
35-78	373100
35-78	088860
35-78	152710
35-78	373160
35-78	243630
35-78	088820
35-78	373120
35-78	001140
35-78	088870
35-79	388420
35-79	388440
35-79	387880
35-79	213910
35-79	388370
35-79	388520
35-79	432010
35-79	257430
35-79	01083880
35-79	389150
35-80	401290
35-80	402000
35-80	403440
35-80	400930
35-80	374690
35-80	349460
35-80	402360
35-80	400860
35-80	403670
35-80	403450
35-81	451510
35-81	451400
35-81	322550
35-81	374510
35-81	134460
35-81	100350
35-81	084920
35-81	040130
35-81	084730
35-81	424480
35-82	459910
35-82	01093520
35-82	460640
35-82	456200
35-82	460070
35-82	458360
35-82	455750
35-82	465040
35-82	455840
35-82	460570
35-83	506350
35-83	506660
35-83	505550
35-83	417040
35-83	506260
35-83	505850
35-83	040080
35-83	505840
35-83	398280
35-83	506180
35-84	174620
35-84	178660
35-84	01012230
35-84	01012180
35-84	121100
35-84	390760
35-84	01043830
35-84	141730
35-84	136830
35-84	172170
35-85	210420
35-85	206160
35-85	197150
35-85	200800
35-85	01052350
35-85	195410
35-85	196580
35-85	355430
35-85	200590
35-85	014880
35-86	230150
35-86	230500
35-86	115090
35-86	010020
35-86	171260
35-86	138550
35-86	405600
35-86	170150
35-86	168790
35-86	123030
35-87	344090
35-87	342220
35-87	342430
35-87	342060
35-87	347530
35-87	342360
35-87	344290
35-87	317510
35-87	344740
35-87	342330
35-88	349450
35-88	354000
35-88	068400
35-88	292780
35-88	352900
35-88	316390
35-88	357250
35-88	316240
35-88	157460
35-88	345460
35-89	416240
35-89	222320
35-89	415740
35-89	416360
35-89	245410
35-89	520870
35-89	417700
35-89	317980
35-89	374420
35-89	436930
35-90	000080
35-90	003030
35-90	003020
35-90	152640
35-90	000070
35-90	002660
35-90	002690
35-90	000020
35-90	162310
35-90	003070
35-91	015640
35-91	015450
35-91	015630
35-91	015470
35-91	152770
35-91	152860
35-91	01000880
35-91	015460
35-91	016030
35-91	482790
35-92	019930
35-92	019860
35-92	019770
35-92	009140
35-92	505500
35-92	200080
35-92	196070
35-92	202050
35-92	199570
35-92	205830
35-93	044950
35-93	044930
35-93	046830
35-93	331140
35-93	048710
35-93	043530
35-93	223690
35-93	159720
35-93	262660
35-93	405130
35-94	083710
35-94	01023140
35-94	083790
35-94	019190
35-94	000870
35-94	000620
35-94	299170
35-94	367840
35-94	298540
35-94	065090
36-1	100240
36-1	432810
36-1	090890
36-1	457040
36-1	488620
36-1	100430
36-1	275850
36-1	300780
36-1	224880
36-1	374820
36-2	101430
36-2	101260
36-2	101450
36-2	101730
36-2	168450
36-2	01027200
36-2	099860
36-2	093490
36-2	240500
36-2	377470
36-3	247100
36-3	104420
36-3	151720
36-3	01027520
36-3	104400
36-3	104900
36-3	001180
36-3	104460
36-3	248130
36-3	005430
36-4	109660
36-4	243640
36-4	099450
36-4	152810
36-4	154810
36-4	103690
36-4	109650
36-4	099500
36-4	154380
36-4	224260
36-5	110180
36-5	109910
36-5	110770
36-5	330670
36-5	111600
36-5	184540
36-5	184860
36-5	110830
36-5	110960
36-5	224170
36-6	112810
36-6	113050
36-6	109660
36-6	113330
36-6	113360
36-6	113040
36-6	113250
36-6	223250
36-6	113080
36-6	113120
36-7	115620
36-7	115920
36-7	010450
36-7	102350
36-7	173130
36-7	115790
36-7	282370
36-7	115660
36-7	169490
36-7	170940
36-8	128830
36-8	129190
36-8	128530
36-8	119750
36-8	121670
36-8	124600
36-8	126950
36-8	118560
36-8	119200
36-8	122000
36-9	166220
36-9	135460
36-9	323750
36-9	390860
36-9	118790
36-9	006820
36-9	041000
36-9	260740
36-9	134320
36-9	548300
36-10	158820
36-10	01027150
36-10	102400
36-10	378850
36-10	302460
36-10	01067540
36-10	170670
36-10	101030
36-10	060210
36-10	376840
36-11	161650
36-11	432020
36-11	161820
36-11	161640
36-11	161920
36-11	373270
36-11	353410
36-11	432050
36-11	01012500
36-11	01010760
36-12	206050
36-12	206060
36-12	202090
36-12	026140
36-12	204950
36-12	200710
36-12	025130
36-12	143140
36-12	006990
36-12	124920
36-13	223690
36-13	222900
36-13	405730
36-13	327280
36-13	223500
36-13	01075310
36-13	330950
36-13	074100
36-13	223360
36-13	329420
36-14	243740
36-14	260480
36-14	043610
36-14	417040
36-14	260270
36-14	157780
36-14	103910
36-14	039130
36-14	154790
36-14	044700
36-15	222670
36-15	328270
36-15	260740
36-15	041000
36-15	156290
36-15	223310
36-15	039900
36-15	225140
36-15	088920
36-15	184770
36-16	331350
36-16	418570
36-16	325510
36-16	01074950
36-16	325950
36-16	01074910
36-16	223930
36-16	325330
36-16	326010
36-16	328640
36-17	222630
36-17	326390
36-17	329940
36-17	330090
36-17	327220
36-17	327080
36-17	327890
36-17	106340
36-17	395730
36-17	331030
36-18	331540
36-18	329980
36-18	331050
36-18	327170
36-18	331030
36-18	512370
36-18	326390
36-18	334150
36-18	328780
36-18	327610
36-19	379100
36-19	378310
36-19	377710
36-19	101750
36-19	376440
36-19	093920
36-19	375900
36-19	094670
36-19	379170
36-19	376200
36-20	404180
36-20	407750
36-20	402460
36-20	410220
36-20	01067440
36-20	234910
36-20	402370
36-20	460440
36-20	319620
36-20	021930
36-21	405730
36-21	405130
36-21	406330
36-21	404110
36-21	406260
36-21	403830
36-21	404770
36-21	402550
36-21	407210
36-21	408660
36-22	420670
36-22	421540
36-22	421590
36-22	420890
36-22	421060
36-22	421230
36-22	420220
36-22	420880
36-22	420650
36-22	421640
36-23	425130
36-23	458250
36-23	425060
36-23	223310
36-23	456110
36-23	402620
36-23	318160
36-23	070980
36-23	189920
36-23	260740
36-24	456110
36-24	339630
36-24	456470
36-24	458250
36-24	456920
36-24	460080
36-24	456220
36-24	456290
36-24	458770
36-24	458440
36-25	466670
36-25	466680
36-25	017200
36-25	466660
36-25	341520
36-25	000170
36-25	017240
36-25	01001180
36-25	000300
36-25	349810
36-26	491000
36-26	237240
36-26	239020
36-26	491170
36-26	234460
36-26	058410
36-26	237400
36-26	491970
36-26	491230
36-26	134430
36-27	091890
36-27	528180
36-27	335980
36-27	214040
36-27	155380
36-27	245970
36-27	258900
36-27	034950
36-27	258630
36-27	156260
36-28	023610
36-28	027310
36-28	326080
36-28	027630
36-28	026820
36-28	348520
36-28	022960
36-28	027900
36-28	031280
36-28	029470
36-29	134420
36-29	133520
36-29	138120
36-29	135100
36-29	01030930
36-29	136760
36-29	163240
36-29	136470
36-29	144150
36-29	135650
36-30	258840
36-30	01007500
36-30	000910
36-30	000900
36-30	335910
36-30	105360
36-30	105010
36-30	105000
36-30	105780
36-30	105220
36-31	327230
36-31	223180
36-31	161430
36-31	01074680
36-31	328950
36-31	328640
36-31	327530
36-31	326670
36-31	327120
36-31	327970
36-32	195890
36-32	194300
36-32	005070
36-32	196280
36-32	194040
36-32	197260
36-32	01008580
36-32	194330
36-32	197150
36-32	01056920
36-33	234620
36-33	058060
36-33	057090
36-33	056110
36-33	058740
36-33	056550
36-33	235800
36-33	057730
36-33	059080
36-33	247850
36-34	415990
36-34	416280
36-34	415980
36-34	417820
36-34	326780
36-34	416510
36-34	355820
36-34	416250
36-34	416530
36-34	347630
36-35	462460
36-35	459910
36-35	456290
36-35	460640
36-35	458650
36-35	461860
36-35	01085690
36-35	456270
36-35	460070
36-35	456220
36-36	472900
36-36	474360
36-36	473780
36-36	042770
36-36	473020
36-36	472510
36-36	043530
36-36	473510
36-36	471710
36-36	472860
36-37	196440
36-37	114120
36-37	193660
36-37	057460
36-37	196350
36-37	135190
36-37	195590
36-37	201040
36-37	194400
36-37	033890
36-38	058340
36-38	056570
36-38	061370
36-38	061160
36-38	061290
36-38	064350
36-38	062730
36-38	063130
36-38	236460
36-38	238690
36-39	301880
36-39	163250
36-39	279680
36-39	236020
36-39	101410
36-39	390690
36-39	169440
36-39	137900
36-39	164680
36-39	133260
36-40	139650
36-40	140360
36-40	173030
36-40	180320
36-40	171770
36-40	133490
36-40	179840
36-40	172900
36-40	01058720
36-40	165360
36-41	439200
36-41	441680
36-41	438640
36-41	437780
36-41	439150
36-41	01088620
36-41	438990
36-41	439290
36-41	440130
36-41	441920
36-42	461710
36-42	462160
36-42	463360
36-42	463790
36-42	456250
36-42	457690
36-42	463430
36-42	456960
36-42	460070
36-42	463870
36-43	251240
36-43	247920
36-43	252100
36-43	248920
36-43	248140
36-43	247940
36-43	249760
36-43	250070
36-43	249800
36-43	248120
36-44	440070
36-44	440860
36-44	437780
36-44	440570
36-44	438690
36-44	440100
36-44	491550
36-44	440080
36-44	441700
36-44	438730
36-45	061090
36-45	061080
36-45	060720
36-45	060620
36-45	01012090
36-45	061560
36-45	01058820
36-45	282300
36-45	062980
36-45	056160
36-46	164650
36-46	165330
36-46	164910
36-46	134390
36-46	234160
36-46	164930
36-46	168490
36-46	457560
36-46	134460
36-46	166380
36-47	137960
36-47	138170
36-47	136330
36-47	136310
36-47	168680
36-47	161130
36-47	004600
36-47	137510
36-47	136240
36-47	168760
36-48	174140
36-48	396560
36-48	167830
36-48	141630
36-48	135130
36-48	167430
36-48	007890
36-48	178320
36-48	01043200
36-48	118160
36-49	017850
36-49	000620
36-49	008220
36-49	005510
36-49	000870
36-49	007890
36-49	038070
36-49	053650
36-49	395030
36-49	006600
36-50	204830
36-50	206100
36-50	206900
36-50	204750
36-50	197830
36-50	201150
36-50	200720
36-50	206030
36-50	019950
36-50	207500
36-51	279960
36-51	275550
36-51	388890
36-51	164750
36-51	056750
36-51	387860
36-51	374770
36-51	170150
36-51	169350
36-51	389380
36-52	437820
36-52	437660
36-52	437900
36-52	437790
36-52	437750
36-52	439080
36-52	01089490
36-52	438820
36-52	438240
36-52	441020
36-53	357880
36-53	359750
36-53	528200
36-53	355520
36-53	292980
36-53	355250
36-53	349700
36-53	295920
36-53	294350
36-53	349920
36-54	308100
36-54	460330
36-54	305570
36-54	308930
36-54	308920
36-54	312520
36-54	308260
36-54	281180
36-54	306230
36-54	304810
36-55	460960
36-55	465120
36-55	406110
36-55	458400
36-55	524580
36-55	458180
36-55	464880
36-55	458240
36-55	455850
36-55	405290
36-56	170450
36-56	008470
36-56	276280
36-56	009800
36-56	174300
36-56	060500
36-56	170130
36-56	118580
36-56	136030
36-56	01045410
36-57	204830
36-57	206100
36-57	206900
36-57	197830
36-57	206030
36-57	204750
36-57	194600
36-57	200720
36-57	207930
36-57	443040
36-58	057320
36-58	056790
36-58	090960
36-58	059410
36-58	117970
36-58	005850
36-58	01043480
36-58	116490
36-58	034050
36-58	01008660
36-59	064770
36-59	064820
36-59	01018330
36-59	054810
36-59	007500
36-59	003370
36-59	248120
36-59	346660
36-59	373810
36-59	207230
36-60	077650
36-60	073690
36-60	073590
36-60	076230
36-60	073410
36-60	072420
36-60	312890
36-60	075960
36-60	075280
36-60	074700
36-61	305490
36-61	163100
36-61	275640
36-61	164780
36-61	388720
36-61	308460
36-61	305550
36-61	304450
36-61	305810
36-61	304910
36-62	221350
36-62	239580
36-62	239600
36-62	221360
36-62	234320
36-62	239590
36-62	086760
36-62	116960
36-62	058560
36-62	389260
36-63	038150
36-63	343620
36-63	343790
36-63	039250
36-63	278810
36-63	342900
36-63	342420
36-63	099450
36-63	099500
36-63	243410
36-64	456180
36-64	456500
36-64	455910
36-64	456670
36-64	163130
36-64	275020
36-64	066190
36-64	133170
36-64	457520
36-64	01066600
36-65	535410
36-65	533110
36-65	532410
36-65	537340
36-65	531010
36-65	536040
36-65	532380
36-65	534150
36-65	530720
36-65	534240
36-66	003750
36-66	003620
36-66	003720
36-66	01001430
36-66	154810
36-66	003930
36-66	01001460
36-66	002910
36-66	003860
36-66	003670
36-67	117930
36-67	113830
36-67	005370
36-67	005000
36-67	006050
36-67	116960
36-67	011070
36-67	01002770
36-67	006540
36-67	009000
36-68	011720
36-68	010100
36-68	200540
36-68	120120
36-68	01003850
36-68	009070
36-68	171060
36-68	121120
36-68	008100
36-68	012080
36-69	010230
36-69	010430
36-69	491000
36-69	008600
36-69	013020
36-69	122840
36-69	126390
36-69	012320
36-69	012730
36-69	011170
36-70	01009790
36-70	01009870
36-70	023610
36-70	023410
36-70	01009710
36-70	023360
36-70	01009960
36-70	022580
36-70	023970
36-70	022970
36-71	395690
36-71	258930
36-71	490980
36-71	081750
36-71	416300
36-71	341520
36-71	416030
36-71	416480
36-71	417180
36-71	000900
36-72	243880
36-72	039310
36-72	038010
36-72	455440
36-72	038900
36-72	039590
36-72	258640
36-72	254110
36-72	154840
36-72	01013770
36-73	138670
36-73	060030
36-73	093560
36-73	122470
36-73	281570
36-73	114900
36-73	323210
36-73	060460
36-73	01008870
36-73	236560
36-74	080800
36-74	080860
36-74	080350
36-74	080930
36-74	184750
36-74	080730
36-74	423380
36-74	284790
36-74	420030
36-74	055790
36-75	100410
36-75	100360
36-75	099890
36-75	343790
36-75	342900
36-75	100070
36-75	099500
36-75	343620
36-75	099450
36-75	099570
36-76	033790
36-76	104820
36-76	104730
36-76	247510
36-76	106990
36-76	324170
36-76	247810
36-76	107320
36-76	359440
36-76	247490
36-77	105700
36-77	105600
36-77	105720
36-77	104660
36-77	323940
36-77	106230
36-77	104750
36-77	104670
36-77	104650
36-77	105400
36-78	108180
36-78	108170
36-78	108240
36-78	108150
36-78	108140
36-78	01088720
36-78	437960
36-78	002060
36-78	108160
36-78	438790
36-79	110080
36-79	317540
36-79	002930
36-79	343800
36-79	317500
36-79	165480
36-79	300960
36-79	344290
36-79	328520
36-79	343920
36-80	114310
36-80	280800
36-80	376650
36-80	079430
36-80	214890
36-80	235380
36-80	119930
36-80	117800
36-80	117720
36-80	120080
36-81	134670
36-81	116960
36-81	133380
36-81	134160
36-81	164890
36-81	117930
36-81	163670
36-81	242770
36-81	133370
36-81	275520
36-82	167210
36-82	136080
36-82	056080
36-82	395620
36-82	007670
36-82	134670
36-82	511140
36-82	214640
36-82	01086650
36-82	141220
36-83	138670
36-83	281570
36-83	122470
36-83	167170
36-83	391170
36-83	093560
36-83	114900
36-83	136430
36-83	277010
36-83	136440
36-84	280800
36-84	114310
36-84	307130
36-84	167750
36-84	079430
36-84	276540
36-84	235380
36-84	136200
36-84	376650
36-84	166070
36-85	004350
36-85	193680
36-85	193360
36-85	193670
36-85	195410
36-85	113540
36-85	195320
36-85	195590
36-85	194220
36-85	195180
36-86	324880
36-86	271090
36-86	329080
36-86	404930
36-86	269490
36-86	270400
36-86	187220
36-86	269330
36-86	272500
36-86	073290
36-87	276930
36-87	389380
36-87	275600
36-87	01065710
36-87	388750
36-87	275200
36-87	171170
36-87	491000
36-87	276030
36-87	138420
36-88	280820
36-88	135980
36-88	167680
36-88	280830
36-88	136690
36-88	279710
36-88	166950
36-88	174880
36-88	168200
36-88	120160
36-89	308980
36-89	306710
36-89	308230
36-89	171330
36-89	307090
36-89	391140
36-89	226000
36-89	311010
36-89	305700
36-89	311410
36-90	329270
36-90	431050
36-90	522320
36-90	329280
36-90	403180
36-90	307370
36-90	339790
36-90	324410
36-90	327790
36-90	042530
36-91	400740
36-91	400150
36-91	400160
36-91	000160
36-91	400860
36-91	400850
36-91	401990
36-91	400100
36-91	456010
36-91	055740
36-92	405320
36-92	331070
36-92	408380
36-92	226000
36-92	230770
36-92	409460
36-92	391140
36-92	356890
36-92	407640
36-92	427170
36-93	427170
36-93	405320
36-93	427260
36-93	331070
36-93	486240
36-93	424170
36-93	426080
36-93	272010
36-93	226000
36-93	259390
36-94	438080
36-94	441610
36-94	444070
36-94	441630
36-94	440030
36-94	443810
36-94	443820
36-94	439740
36-94	441600
36-94	441640
37-1	446850
37-1	448130
37-1	01090760
37-1	326670
37-1	446750
37-1	01041460
37-1	471230
37-1	037770
37-1	154680
37-1	022400
37-2	450200
37-2	449040
37-2	447740
37-2	448600
37-2	449680
37-2	01090830
37-2	447090
37-2	448350
37-2	448460
37-2	446710
37-3	455830
37-3	304330
37-3	456010
37-3	457270
37-3	456020
37-3	455970
37-3	423410
37-3	455990
37-3	455770
37-3	002860
37-4	546180
37-4	546270
37-4	386500
37-4	546190
37-4	01078640
37-4	416750
37-4	324360
37-4	516550
37-4	257290
37-4	426940
37-5	197150
37-5	195470
37-5	118000
37-5	195490
37-5	005740
37-5	201370
37-5	194610
37-5	196750
37-5	197690
37-5	438740
37-6	174200
37-6	142120
37-6	141280
37-6	062040
37-6	282710
37-6	323410
37-6	380790
37-6	226460
37-6	302890
37-6	137490
37-7	178740
37-7	220050
37-7	144700
37-7	175050
37-7	144320
37-7	01071130
37-7	141530
37-7	173960
37-7	303740
37-7	170450
37-8	149680
37-8	149490
37-8	148790
37-8	150790
37-8	148400
37-8	149910
37-8	183780
37-8	01037070
37-8	149730
37-8	148390
37-9	204060
37-9	204050
37-9	202950
37-9	01050050
37-9	01051070
37-9	195300
37-9	203510
37-9	203210
37-9	194140
37-9	392540
37-10	254140
37-10	254180
37-10	254460
37-10	154660
37-10	099740
37-10	244070
37-10	01060460
37-10	026960
37-10	090200
37-10	243910
37-11	289940
37-11	080790
37-11	289880
37-11	289480
37-11	290610
37-11	165240
37-11	344570
37-11	243410
37-11	345190
37-11	291480
37-12	443180
37-12	439680
37-12	438690
37-12	439390
37-12	442540
37-12	439550
37-12	249760
37-12	440240
37-12	438140
37-12	440100
37-13	459410
37-13	460650
37-13	459910
37-13	461250
37-13	460640
37-13	457020
37-13	458850
37-13	390620
37-13	463920
37-13	460090
37-14	203740
37-14	202990
37-14	123900
37-14	201990
37-14	140370
37-14	016770
37-14	207870
37-14	023030
37-14	022800
37-14	024070
37-15	042180
37-15	157500
37-15	254750
37-15	157040
37-15	214500
37-15	425560
37-15	261380
37-15	270570
37-15	120570
37-15	047390
37-16	115710
37-16	115570
37-16	013220
37-16	237950
37-16	115350
37-16	115720
37-16	126430
37-16	115640
37-16	012350
37-16	176030
37-17	115710
37-17	237950
37-17	175780
37-17	126430
37-17	145570
37-17	176030
37-17	144920
37-17	142540
37-17	145030
37-17	142660
37-18	102780
37-18	435650
37-18	435780
37-18	382350
37-18	436060
37-18	435910
37-18	311810
37-18	436650
37-18	239140
37-18	463820
37-19	440090
37-19	439090
37-19	438650
37-19	439310
37-19	438680
37-19	439080
37-19	440630
37-19	437650
37-19	01089340
37-19	437790
37-20	457510
37-20	456430
37-20	455840
37-20	01091690
37-20	457190
37-20	388010
37-20	01091970
37-20	458460
37-20	456360
37-20	01091960
37-21	017210
37-21	017250
37-21	031870
37-21	012210
37-21	154520
37-21	017850
37-21	326410
37-21	037640
37-21	000960
37-21	386190
37-22	061520
37-22	124000
37-22	062690
37-22	061760
37-22	061240
37-22	249970
37-22	063010
37-22	01051670
37-22	061910
37-22	063240
37-23	066860
37-23	004290
37-23	227440
37-23	066840
37-23	066910
37-23	066920
37-23	212430
37-23	004260
37-23	067050
37-23	066870
37-24	01024120
37-24	087650
37-24	087160
37-24	087500
37-24	087600
37-24	017360
37-24	087220
37-24	106230
37-24	033630
37-24	087850
37-25	033810
37-25	247710
37-25	104870
37-25	042590
37-25	042580
37-25	104960
37-25	105540
37-25	248370
37-25	106020
37-25	268450
37-26	01004580
37-26	199640
37-26	196100
37-26	138070
37-26	336850
37-26	199930
37-26	195270
37-26	103800
37-26	200260
37-26	196740
37-27	312620
37-27	312260
37-27	313570
37-27	01072990
37-27	310160
37-27	312710
37-27	306440
37-27	304330
37-27	312730
37-27	305060
37-28	338150
37-28	242860
37-28	506640
37-28	194970
37-28	338060
37-28	01049800
37-28	410900
37-28	338330
37-28	338170
37-28	520780
37-29	324200
37-29	416440
37-29	223230
37-29	416490
37-29	511610
37-29	542350
37-29	324350
37-29	424420
37-29	327990
37-29	417870
37-30	01088060
37-30	432600
37-30	099600
37-30	099560
37-30	374080
37-30	432120
37-30	432540
37-30	433490
37-30	485570
37-30	432100
37-31	492640
37-31	494310
37-31	501860
37-31	069460
37-31	288670
37-31	01098170
37-31	312100
37-31	491460
37-31	494220
37-31	491840
37-32	213770
37-32	064690
37-32	058120
37-32	411520
37-32	185740
37-32	185060
37-32	247260
37-32	055780
37-32	01047990
37-32	216950
37-33	005550
37-33	117070
37-33	004810
37-33	194260
37-33	005160
37-33	133670
37-33	01016390
37-33	01003640
37-33	005090
37-33	004930
37-34	188870
37-34	189150
37-34	188890
37-34	188850
37-34	188810
37-34	188530
37-34	231470
37-34	01047830
37-34	188600
37-34	188610
37-35	452220
37-35	207580
37-35	238650
37-35	143690
37-35	020560
37-35	219360
37-35	195260
37-35	207970
37-35	193400
37-35	427500
37-36	054260
37-36	053790
37-36	053880
37-36	053770
37-36	053580
37-36	031660
37-36	053870
37-36	054700
37-36	053420
37-36	054090
37-37	088850
37-37	479160
37-37	083100
37-37	243550
37-37	478760
37-37	479720
37-37	080320
37-37	092750
37-37	01076500
37-37	099620
37-38	01006720
37-38	01006770
37-38	015990
37-38	015770
37-38	01006590
37-38	015890
37-38	055650
37-38	015530
37-38	01006540
37-38	154130
37-39	037770
37-39	154440
37-39	326660
37-39	056590
37-39	037960
37-39	258910
37-39	038530
37-39	038540
37-39	261620
37-39	032240
37-40	059700
37-40	170150
37-40	200490
37-40	115090
37-40	060500
37-40	171260
37-40	123030
37-40	060220
37-40	059300
37-40	170450
37-41	060350
37-41	060550
37-41	061020
37-41	061530
37-41	060260
37-41	060000
37-41	237430
37-41	063920
37-41	062090
37-41	082160
37-42	070140
37-42	069590
37-42	275550
37-42	388890
37-42	033780
37-42	072370
37-42	033870
37-42	072600
37-42	072620
37-42	078540
37-43	088010
37-43	088140
37-43	316240
37-43	236540
37-43	087670
37-43	215150
37-43	059300
37-43	060250
37-43	062910
37-43	030020
37-44	114390
37-44	114610
37-44	197850
37-44	009200
37-44	114140
37-44	007910
37-44	198780
37-44	01030420
37-44	114710
37-44	196840
37-45	084170
37-45	482780
37-45	151260
37-45	031350
37-45	006430
37-45	151270
37-45	084160
37-45	152770
37-45	004380
37-45	349690
37-46	132860
37-46	275210
37-46	162990
37-46	164250
37-46	163640
37-46	056150
37-46	164390
37-46	166200
37-46	135180
37-46	163030
37-47	200560
37-47	195440
37-47	200320
37-47	059900
37-47	200680
37-47	345790
37-47	210010
37-47	196740
37-47	293140
37-47	122400
37-48	067720
37-48	068010
37-48	040660
37-48	01013090
37-48	006380
37-48	350190
37-48	01001160
37-48	347330
37-48	395950
37-48	004910
37-49	350250
37-49	01008400
37-49	349600
37-49	356210
37-49	347680
37-49	355260
37-49	01076680
37-49	01077860
37-49	350290
37-49	348060
37-50	417940
37-50	417860
37-50	416450
37-50	242910
37-50	416680
37-50	416750
37-50	467320
37-50	043830
37-50	331470
37-50	416810
37-51	441670
37-51	440080
37-51	440060
37-51	439080
37-51	438660
37-51	443270
37-51	438690
37-51	440840
37-51	438820
37-51	440140
37-52	448470
37-52	448310
37-52	447090
37-52	446710
37-52	447730
37-52	446610
37-52	446940
37-52	448520
37-52	448000
37-52	447180
37-53	460430
37-53	458200
37-53	309820
37-53	405150
37-53	460880
37-53	434620
37-53	464950
37-53	464610
37-53	465520
37-53	458220
37-54	151880
37-54	268980
37-54	269120
37-54	466810
37-54	012840
37-54	269130
37-54	113900
37-54	006030
37-54	269460
37-54	268540
37-55	269070
37-55	271670
37-55	269630
37-55	272240
37-55	269650
37-55	272020
37-55	01064040
37-55	272140
37-55	269660
37-55	273600
37-56	026880
37-56	001620
37-56	260170
37-56	110310
37-56	027350
37-56	100950
37-56	022420
37-56	027220
37-56	026970
37-56	294390
37-57	105340
37-57	105400
37-57	248480
37-57	01082800
37-57	247420
37-57	105390
37-57	101060
37-57	542020
37-57	01082740
37-57	065290
37-58	055590
37-58	000140
37-58	103670
37-58	055790
37-58	000100
37-58	055580
37-58	064560
37-58	078890
37-58	000070
37-58	080730
37-59	069610
37-59	072660
37-59	069690
37-59	069250
37-59	072390
37-59	069860
37-59	162660
37-59	072460
37-59	069350
37-59	069390
37-60	118330
37-60	118450
37-60	117310
37-60	119480
37-60	119400
37-60	01033310
37-60	119360
37-60	118290
37-60	116760
37-60	118320
37-61	006990
37-61	008070
37-61	009030
37-61	023850
37-61	022570
37-61	024810
37-61	023570
37-61	024840
37-61	01003600
37-61	023160
37-62	016150
37-62	016000
37-62	015740
37-62	059420
37-62	016060
37-62	018710
37-62	085680
37-62	018660
37-62	000900
37-62	064740
37-63	019270
37-63	019250
37-63	01001420
37-63	038060
37-63	352960
37-63	342180
37-63	347600
37-63	026750
37-63	065200
37-63	065190
37-64	105660
37-64	019310
37-64	248780
37-64	019880
37-64	249530
37-64	020060
37-64	215840
37-64	106190
37-64	105530
37-64	199960
37-65	021750
37-65	000210
37-65	021780
37-65	021800
37-65	01000010
37-65	004290
37-65	002800
37-65	233670
37-65	026600
37-65	066860
37-66	107500
37-66	042590
37-66	104990
37-66	042580
37-66	248370
37-66	123530
37-66	106020
37-66	105740
37-66	249260
37-66	249210
37-67	060610
37-67	062910
37-67	060960
37-67	138400
37-67	063460
37-67	058690
37-67	060800
37-67	058010
37-67	128730
37-67	139560
37-68	061500
37-68	061040
37-68	061940
37-68	125210
37-68	011130
37-68	060450
37-68	217020
37-68	330800
37-68	302600
37-68	161200
37-69	349770
37-69	067920
37-69	068210
37-69	353760
37-69	067370
37-69	355110
37-69	349890
37-69	317590
37-69	068640
37-69	067760
37-70	080910
37-70	080740
37-70	254000
37-70	081110
37-70	080570
37-70	285150
37-70	417250
37-70	338020
37-70	104520
37-70	003050
37-71	091890
37-71	01025130
37-71	528180
37-71	155380
37-71	335920
37-71	132420
37-71	040000
37-71	248920
37-71	027130
37-71	021010
37-72	530160
37-72	102500
37-72	528480
37-72	174790
37-72	095380
37-72	528530
37-72	528430
37-72	102200
37-72	528330
37-72	061210
37-73	225560
37-73	123200
37-73	120970
37-73	121120
37-73	169120
37-73	123180
37-73	119940
37-73	120120
37-73	136650
37-73	137540
37-74	01035100
37-74	165790
37-74	133740
37-74	116970
37-74	275180
37-74	279670
37-74	163870
37-74	135420
37-74	133560
37-74	163530
37-75	140440
37-75	139560
37-75	170130
37-75	143640
37-75	172240
37-75	138400
37-75	138190
37-75	135430
37-75	171950
37-75	176070
37-76	163330
37-76	01042860
37-76	035690
37-76	162980
37-76	195940
37-76	163020
37-76	162630
37-76	020770
37-76	195690
37-76	035700
37-77	137640
37-77	057550
37-77	280190
37-77	177490
37-77	168130
37-77	135460
37-77	166220
37-77	275560
37-77	167500
37-77	167280
37-78	388260
37-78	141120
37-78	136830
37-78	021920
37-78	164090
37-78	175690
37-78	172040
37-78	392680
37-78	282620
37-78	121090
37-79	168700
37-79	169030
37-79	281540
37-79	137990
37-79	171030
37-79	136650
37-79	158590
37-79	169120
37-79	164440
37-79	390660
37-80	257400
37-80	257470
37-80	257480
37-80	386550
37-80	256940
37-80	057490
37-80	257680
37-80	256970
37-80	256990
37-80	257450
37-81	199100
37-81	473140
37-81	202080
37-81	195210
37-81	204860
37-81	207870
37-81	499220
37-81	200730
37-81	199880
37-81	195040
37-82	201630
37-82	01050240
37-82	170670
37-82	203360
37-82	216570
37-82	01008550
37-82	206090
37-82	009990
37-82	060210
37-82	442050
37-83	200060
37-83	199600
37-83	199610
37-83	198330
37-83	005150
37-83	193560
37-83	202210
37-83	201160
37-83	136830
37-83	019950
37-84	116340
37-84	162570
37-84	212900
37-84	103760
37-84	212600
37-84	004930
37-84	212810
37-84	162710
37-84	055600
37-84	069270
37-85	218510
37-85	056490
37-85	213040
37-85	01054390
37-85	062660
37-85	125050
37-85	217740
37-85	213460
37-85	01084420
37-85	212840
37-86	056680
37-86	038270
37-86	090540
37-86	322370
37-86	040410
37-86	000530
37-86	056260
37-86	112070
37-86	112060
37-86	01013860
37-87	247220
37-87	248750
37-87	247760
37-87	249980
37-87	247930
37-87	248590
37-87	251930
37-87	250540
37-87	250760
37-87	249950
37-88	388260
37-88	275540
37-88	276030
37-88	392680
37-88	390520
37-88	141120
37-88	389320
37-88	389420
37-88	390030
37-88	275170
37-89	347950
37-89	01077310
37-89	345380
37-89	290710
37-89	289460
37-89	343030
37-89	084280
37-89	351050
37-89	018700
37-89	290250
37-90	290850
37-90	346830
37-90	355040
37-90	345760
37-90	289590
37-90	090980
37-90	01014030
37-90	245160
37-90	351550
37-90	348820
37-91	292050
37-91	290830
37-91	344580
37-91	289520
37-91	295930
37-91	290910
37-91	289960
37-91	469770
37-91	289150
37-91	295250
37-92	176660
37-92	281330
37-92	166610
37-92	302770
37-92	302600
37-92	302990
37-92	171270
37-92	164120
37-92	282100
37-92	166820
37-93	306610
37-93	306070
37-93	307540
37-93	308500
37-93	389520
37-93	307510
37-93	307060
37-93	305000
37-93	306800
37-93	304860
37-94	022890
37-94	022340
37-94	022910
37-94	01009950
37-94	022230
37-94	01009960
37-94	022310
37-94	022580
37-94	022470
37-94	021990
38-1	352510
38-1	354220
38-1	455470
38-1	455580
38-1	354490
38-1	363000
38-1	352950
38-1	299720
38-1	351840
38-1	455570
38-2	01079450
38-2	360920
38-2	362290
38-2	360700
38-2	250190
38-2	012040
38-2	353020
38-2	350130
38-2	352200
38-2	01080410
38-3	01081830
38-3	367200
38-3	01081790
38-3	334000
38-3	01082180
38-3	365790
38-3	01070560
38-3	033870
38-3	01082170
38-3	325760
38-4	456140
38-4	400130
38-4	401390
38-4	400950
38-4	402610
38-4	227570
38-4	227610
38-4	400040
38-4	259550
38-4	162860
38-5	406170
38-5	406160
38-5	333510
38-5	333330
38-5	332960
38-5	333250
38-5	334930
38-5	333320
38-5	544850
38-5	265510
38-6	411470
38-6	336030
38-6	411510
38-6	003170
38-6	154450
38-6	258930
38-6	01001160
38-6	154720
38-6	490990
38-6	490980
38-7	424870
38-7	425740
38-7	425920
38-7	424260
38-7	426590
38-7	459680
38-7	425700
38-7	424860
38-7	460090
38-7	424620
38-8	439320
38-8	439790
38-8	439080
38-8	438250
38-8	438790
38-8	191710
38-8	440260
38-8	138120
38-8	440860
38-8	437870
38-9	440030
38-9	440410
38-9	440120
38-9	439080
38-9	440090
38-9	441970
38-9	441610
38-9	441590
38-9	437860
38-9	440110
38-10	464270
38-10	457440
38-10	464680
38-10	465030
38-10	459540
38-10	464720
38-10	463290
38-10	465970
38-10	463620
38-10	463660
38-11	473140
38-11	473040
38-11	472850
38-11	473590
38-11	472210
38-11	471660
38-11	043780
38-11	017890
38-11	260830
38-11	471270
38-12	492840
38-12	492050
38-12	491040
38-12	492610
38-12	491960
38-12	491610
38-12	491520
38-12	492240
38-12	492380
38-12	142580
38-13	509040
38-13	509050
38-13	341390
38-13	328840
38-13	222980
38-13	333510
38-13	172750
38-13	223510
38-13	162280
38-13	333410
38-14	470440
38-14	468410
38-14	469590
38-14	467840
38-14	469370
38-14	469490
38-14	468980
38-14	469220
38-14	469220
38-14	467740
38-15	012520
38-15	124970
38-15	024840
38-15	006990
38-15	008610
38-15	142010
38-15	027800
38-15	01010500
38-15	007160
38-15	01011030
38-16	027770
38-16	027900
38-16	01011130
38-16	01010850
38-16	026820
38-16	027090
38-16	027310
38-16	028040
38-16	01011180
38-16	027270
38-17	038180
38-17	155410
38-17	043690
38-17	018780
38-17	054920
38-17	017910
38-17	468160
38-17	516640
38-17	483090
38-17	468340
38-18	059420
38-18	080410
38-18	058750
38-18	057740
38-18	060410
38-18	000900
38-18	185110
38-18	245550
38-18	245330
38-18	058300
38-19	084910
38-19	084930
38-19	050530
38-19	084580
38-19	178000
38-19	217620
38-19	353540
38-19	362860
38-19	084870
38-19	084660
38-20	126410
38-20	142740
38-20	102820
38-20	124930
38-20	226780
38-20	174750
38-20	126390
38-20	013150
38-20	126790
38-20	117860
38-21	142740
38-21	174750
38-21	283290
38-21	177520
38-21	138630
38-21	137800
38-21	102820
38-21	393200
38-21	141400
38-21	127330
38-22	196340
38-22	022130
38-22	022940
38-22	019500
38-22	195030
38-22	324300
38-22	195840
38-22	007130
38-22	194140
38-22	135440
38-23	333190
38-23	162070
38-23	264060
38-23	01062960
38-23	264990
38-23	159280
38-23	263530
38-23	261840
38-23	264610
38-23	418240
38-24	288380
38-24	288460
38-24	455470
38-24	288220
38-24	455580
38-24	100410
38-24	292960
38-24	101170
38-24	348710
38-24	008460
38-25	328450
38-25	260470
38-25	329630
38-25	223350
38-25	327760
38-25	328360
38-25	022850
38-25	025950
38-25	402460
38-25	023160
38-26	347290
38-26	353120
38-26	355430
38-26	345730
38-26	350550
38-26	349790
38-26	355420
38-26	358330
38-26	352490
38-26	006670
38-27	441680
38-27	440120
38-27	438640
38-27	441660
38-27	440070
38-27	444520
38-27	442370
38-27	442000
38-27	441970
38-27	437780
38-28	457720
38-28	458010
38-28	459150
38-28	457020
38-28	023040
38-28	132720
38-28	235100
38-28	457690
38-28	01092240
38-28	456700
38-29	042130
38-29	091080
38-29	043570
38-29	244690
38-29	089680
38-29	032270
38-29	091430
38-29	092890
38-29	040520
38-29	259060
38-30	529570
38-30	529120
38-30	529360
38-30	01100810
38-30	530100
38-30	535860
38-30	530270
38-30	392620
38-30	530930
38-30	529300
38-31	030800
38-31	030250
38-31	01011580
38-31	030350
38-31	030490
38-31	030520
38-31	030560
38-31	030710
38-31	01011600
38-31	030550
38-32	115070
38-32	114560
38-32	504590
38-32	098290
38-32	113630
38-32	005420
38-32	168490
38-32	038140
38-32	276280
38-32	279530
38-33	115600
38-33	010400
38-33	115690
38-33	115560
38-33	198740
38-33	012070
38-33	115460
38-33	01012070
38-33	114700
38-33	121240
38-34	198340
38-34	196280
38-34	200100
38-34	197260
38-34	199530
38-34	01005080
38-34	01003510
38-34	197590
38-34	196660
38-34	205170
38-35	135170
38-35	225190
38-35	225240
38-35	165670
38-35	114000
38-35	164460
38-35	156310
38-35	280200
38-35	084470
38-35	184940
38-36	262260
38-36	261600
38-36	260490
38-36	263130
38-36	239960
38-36	254820
38-36	262640
38-36	260170
38-36	261890
38-36	263910
38-37	015620
38-37	317530
38-37	279360
38-37	01013390
38-37	279070
38-37	015730
38-37	003660
38-37	015530
38-37	015560
38-37	300180
38-38	316530
38-38	290660
38-38	294140
38-38	293950
38-38	360480
38-38	064860
38-38	034660
38-38	296290
38-38	067710
38-38	294470
38-39	089090
38-39	482450
38-39	189680
38-39	189630
38-39	318120
38-39	189600
38-39	01025120
38-39	119700
38-39	189640
38-39	416030
38-40	227980
38-40	166720
38-40	228640
38-40	227930
38-40	230030
38-40	116810
38-40	228380
38-40	214230
38-40	228670
38-40	228320
38-41	403840
38-41	402810
38-41	404150
38-41	167780
38-41	01057120
38-41	01077730
38-41	229040
38-41	403270
38-41	405370
38-41	402410
38-42	165340
38-42	166820
38-42	169770
38-42	167350
38-42	171880
38-42	171270
38-42	167400
38-42	166970
38-42	165330
38-42	166020
38-43	393210
38-43	126380
38-43	169030
38-43	168700
38-43	176280
38-43	01043350
38-43	162700
38-43	162710
38-43	01005890
38-43	168370
38-44	021350
38-44	344360
38-44	342520
38-44	021410
38-44	350410
38-44	289150
38-44	043830
38-44	108400
38-44	516470
38-44	467740
38-45	284800
38-45	284640
38-45	01068440
38-45	01068460
38-45	080900
38-45	285120
38-45	284770
38-45	284570
38-45	342700
38-45	284840
38-46	170320
38-46	138490
38-46	308930
38-46	309870
38-46	031520
38-46	109330
38-46	173630
38-46	187350
38-46	01005400
38-46	009820
38-47	087120
38-47	087110
38-47	087240
38-47	087820
38-47	033570
38-47	086900
38-47	087130
38-47	087260
38-47	034560
38-47	104960
38-48	358170
38-48	238780
38-48	292870
38-48	082670
38-48	068520
38-48	295920
38-48	357880
38-48	505590
38-48	528350
38-48	505710
38-49	344780
38-49	344120
38-49	344730
38-49	345190
38-49	343860
38-49	343840
38-49	344360
38-49	344570
38-49	344560
38-49	346780
38-50	081860
38-50	01007840
38-50	082640
38-50	082130
38-50	081450
38-50	328180
38-50	082170
38-50	080790
38-50	490980
38-50	035710
38-51	451370
38-51	451380
38-51	053930
38-51	021410
38-51	000760
38-51	322480
38-51	000870
38-51	01000250
38-51	467740
38-51	000620
38-52	209130
38-52	210310
38-52	01053330
38-52	01053770
38-52	210580
38-52	01006300
38-52	032030
38-52	203360
38-52	198810
38-52	359370
38-53	050760
38-53	050680
38-53	492720
38-53	493780
38-53	493180
38-53	493670
38-53	474290
38-53	058040
38-53	144880
38-53	01049630
38-54	088850
38-54	002730
38-54	288120
38-54	055980
38-54	152760
38-54	033600
38-54	190160
38-54	088840
38-54	243650
38-54	056610
38-55	120120
38-55	122980
38-55	121120
38-55	119940
38-55	169230
38-55	215230
38-55	137440
38-55	199550
38-55	120940
38-55	136730
38-56	148680
38-56	149240
38-56	079530
38-56	148470
38-56	147920
38-56	148340
38-56	147820
38-56	148830
38-56	148700
38-56	147560
38-57	194340
38-57	117050
38-57	200910
38-57	01049810
38-57	008720
38-57	193760
38-57	194530
38-57	193850
38-57	194610
38-57	193310
38-58	412550
38-58	330180
38-58	329120
38-58	333110
38-58	044520
38-58	222580
38-58	330000
38-58	01041460
38-58	329490
38-58	223420
38-59	441690
38-59	442090
38-59	440050
38-59	440850
38-59	441600
38-59	440860
38-59	441630
38-59	438080
38-59	438100
38-59	443820
38-60	093490
38-60	491440
38-60	491560
38-60	269580
38-60	379880
38-60	375090
38-60	494220
38-60	492450
38-60	101730
38-60	491900
38-61	039540
38-61	038570
38-61	410740
38-61	067130
38-61	345820
38-61	017130
38-61	152990
38-61	282350
38-61	246140
38-61	242690
38-62	159750
38-62	262370
38-62	052250
38-62	319260
38-62	296950
38-62	214030
38-62	157870
38-62	244960
38-62	158190
38-62	072340
38-63	300390
38-63	224750
38-63	456130
38-63	498600
38-63	460070
38-63	456490
38-63	412500
38-63	498520
38-63	133420
38-63	456250
38-64	067510
38-64	067210
38-64	066990
38-64	067120
38-64	067270
38-64	068070
38-64	103840
38-64	067060
38-64	275960
38-64	089620
38-65	446610
38-65	446710
38-65	446920
38-65	446390
38-65	323810
38-65	448160
38-65	448280
38-65	021930
38-65	446450
38-65	447360
38-66	000480
38-66	004500
38-66	098920
38-66	278780
38-66	039930
38-66	064980
38-66	016580
38-66	053490
38-66	289150
38-66	053500
38-67	001540
38-67	317500
38-67	317510
38-67	152740
38-67	031420
38-67	031320
38-67	341960
38-67	000100
38-67	152760
38-67	031620
38-68	020780
38-68	495460
38-68	041480
38-68	547000
38-68	020850
38-68	020790
38-68	01006810
38-68	020700
38-68	505520
38-68	01009360
38-69	01081680
38-69	364210
38-69	363170
38-69	370030
38-69	01081090
38-69	364180
38-69	358880
38-69	363240
38-69	362240
38-69	358460
38-70	406020
38-70	443010
38-70	309920
38-70	314210
38-70	01084970
38-70	000450
38-70	190130
38-70	404890
38-70	400550
38-70	086520
38-71	211550
38-71	208920
38-71	209320
38-71	01054080
38-71	211260
38-71	146250
38-71	208850
38-71	211780
38-71	205620
38-71	207120
38-72	139480
38-72	139710
38-72	169870
38-72	137310
38-72	140110
38-72	133220
38-72	136990
38-72	174480
38-72	135140
38-72	137910
38-73	460840
38-73	426910
38-73	277180
38-73	276980
38-73	187300
38-73	405280
38-73	236940
38-73	459900
38-73	460400
38-73	464230
38-74	170230
38-74	230830
38-74	163850
38-74	165590
38-74	177080
38-74	175910
38-74	167860
38-74	178090
38-74	174320
38-74	169830
38-75	505660
38-75	024810
38-75	506600
38-75	507240
38-75	528640
38-75	162100
38-75	024490
38-75	466800
38-75	01009840
38-75	022950
38-76	306170
38-76	309810
38-76	312420
38-76	309050
38-76	308190
38-76	01065500
38-76	306180
38-76	313450
38-76	306910
38-76	305110
38-77	245570
38-77	377740
38-77	276700
38-77	425940
38-77	096330
38-77	460330
38-77	009820
38-77	155480
38-77	121440
38-77	198530
38-78	478690
38-78	031900
38-78	007530
38-78	479010
38-78	000650
38-78	478670
38-78	018080
38-78	244490
38-78	243630
38-78	064730
38-79	171070
38-79	166350
38-79	005800
38-79	175930
38-79	169940
38-79	005700
38-79	121090
38-79	01004790
38-79	163850
38-79	170400
38-80	432390
38-80	181910
38-80	182270
38-80	182230
38-80	432110
38-80	433020
38-80	182040
38-80	432120
38-80	182680
38-80	432000
38-81	477720
38-81	477680
38-81	478470
38-81	478480
38-81	478170
38-81	476580
38-81	477900
38-81	477930
38-81	478550
38-81	477250
38-82	193740
38-82	116480
38-82	004790
38-82	069260
38-82	248240
38-82	01035100
38-82	400600
38-82	214720
38-82	066960
38-82	147100
38-83	030110
38-83	003140
38-83	098650
38-83	004810
38-83	067000
38-83	003130
38-83	342540
38-83	233650
38-83	233640
38-83	000040
38-84	086760
38-84	033540
38-84	086770
38-84	086750
38-84	033510
38-84	055750
38-84	032950
38-84	323740
38-84	086930
38-84	086710
38-85	109310
38-85	109290
38-85	01034530
38-85	01029210
38-85	109350
38-85	109360
38-85	109300
38-85	001400
38-85	109250
38-85	109370
38-86	438680
38-86	438210
38-86	439490
38-86	439080
38-86	01088890
38-86	439330
38-86	438660
38-86	441630
38-86	438820
38-86	440840
38-87	029050
38-87	029060
38-87	154470
38-87	037580
38-87	029320
38-87	029180
38-87	343830
38-87	104000
38-87	029640
38-87	028970
38-88	416000
38-88	417920
38-88	416270
38-88	417220
38-88	329370
38-88	501470
38-88	323920
38-88	416920
38-88	329250
38-88	327090
38-89	326350
38-89	01076520
38-89	031900
38-89	003640
38-89	021510
38-89	467800
38-89	098920
38-89	021360
38-89	043590
38-89	289150
38-90	373400
38-90	432100
38-90	432850
38-90	432120
38-90	099580
38-90	373310
38-90	238730
38-90	432160
38-90	374020
38-90	099520
38-91	032240
38-91	084170
38-91	108420
38-91	084160
38-91	031270
38-91	108520
38-91	108430
38-91	032820
38-91	108390
38-91	242690
38-92	017790
38-92	163590
38-92	005420
38-92	279530
38-92	037540
38-92	154360
38-92	117090
38-92	165750
38-92	099040
38-92	112000
38-93	078880
38-93	002360
38-93	274940
38-93	002340
38-93	002320
38-93	343290
38-93	01001000
38-93	436830
38-93	002600
38-93	342750
38-94	004260
38-94	016560
38-94	066920
38-94	004290
38-94	066840
38-94	227440
38-94	017060
38-94	066870
38-94	212430
38-94	066860
39-1	069460
39-1	033050
39-1	01012390
39-1	032900
39-1	267490
39-1	065900
39-1	065970
39-1	250110
39-1	455940
39-1	069240
39-2	086960
39-2	162940
39-2	033570
39-2	033590
39-2	033990
39-2	087620
39-2	087380
39-2	034300
39-2	087110
39-2	475720
39-3	489810
39-3	349690
39-3	000470
39-3	029860
39-3	351180
39-3	489820
39-3	01000230
39-3	029850
39-3	489800
39-3	029830
39-4	005120
39-4	01002830
39-4	004660
39-4	117130
39-4	117210
39-4	113730
39-4	008220
39-4	004620
39-4	01002410
39-4	005850
39-5	069320
39-5	069450
39-5	069270
39-5	070250
39-5	070450
39-5	069400
39-5	069500
39-5	069980
39-5	069310
39-5	069950
39-6	117360
39-6	116760
39-6	116590
39-6	118400
39-6	116690
39-6	116620
39-6	116700
39-6	117300
39-6	116740
39-6	119430
39-7	403050
39-7	01075260
39-7	404900
39-7	409220
39-7	461340
39-7	404250
39-7	459130
39-7	405850
39-7	406750
39-7	403030
39-8	208660
39-8	394040
39-8	128260
39-8	080080
39-8	063650
39-8	013640
39-8	219720
39-8	303750
39-8	205130
39-8	014160
39-9	278350
39-9	01066320
39-9	283790
39-9	390550
39-9	137730
39-9	114410
39-9	392040
39-9	128240
39-9	390900
39-9	389910
39-10	389020
39-10	275500
39-10	275460
39-10	275530
39-10	275580
39-10	280110
39-10	275980
39-10	01083690
39-10	457580
39-10	388770
39-11	082930
39-11	082920
39-11	284870
39-11	292210
39-11	032100
39-11	243550
39-11	002910
39-11	032160
39-11	133960
39-11	082380
39-12	347340
39-12	352620
39-12	351860
39-12	347710
39-12	354430
39-12	01032880
39-12	119200
39-12	118440
39-12	123190
39-12	119750
39-13	230180
39-13	230510
39-13	009720
39-13	231110
39-13	01004790
39-13	302940
39-13	141680
39-13	229850
39-13	229490
39-13	231440
39-14	214430
39-14	218040
39-14	217760
39-14	125920
39-14	125930
39-14	543610
39-14	317690
39-14	186240
39-14	017530
39-14	548380
39-15	103710
39-15	103750
39-15	103740
39-15	343190
39-15	224330
39-15	152740
39-15	291000
39-15	397800
39-15	000100
39-15	103810
39-16	117410
39-16	119670
39-16	119380
39-16	119450
39-16	01002570
39-16	01002330
39-16	118440
39-16	119660
39-16	152680
39-16	116770
39-17	137320
39-17	140570
39-17	138610
39-17	281100
39-17	01065470
39-17	136930
39-17	133560
39-17	133530
39-17	135140
39-17	132860
39-18	142700
39-18	176520
39-18	126500
39-18	218430
39-18	177390
39-18	076360
39-18	124080
39-18	143560
39-18	143980
39-18	142760
39-19	218430
39-19	142700
39-19	126500
39-19	218980
39-19	076360
39-19	176520
39-19	212990
39-19	428440
39-19	464480
39-19	213120
39-20	300780
39-20	279910
39-20	279740
39-20	164280
39-20	388930
39-20	167350
39-20	281850
39-20	166400
39-20	100240
39-20	170140
39-21	002710
39-21	108400
39-21	348760
39-21	342000
39-21	001290
39-21	349270
39-21	020600
39-21	342930
39-21	021350
39-21	001480
39-22	108300
39-22	108220
39-22	108250
39-22	108320
39-22	01088620
39-22	108360
39-22	108290
39-22	108200
39-22	108340
39-22	058490
39-23	001470
39-23	000050
39-23	090100
39-23	120810
39-23	212450
39-23	01024580
39-23	003480
39-23	246840
39-23	041440
39-23	322160
39-24	058900
39-24	157800
39-24	347530
39-24	057830
39-24	059320
39-24	173160
39-24	276820
39-24	121940
39-24	348740
39-24	064400
39-25	051950
39-25	179490
39-25	507230
39-25	179850
39-25	052940
39-25	299290
39-25	325780
39-25	01082330
39-25	01079260
39-25	403640
39-26	120400
39-26	123080
39-26	120010
39-26	117650
39-26	124120
39-26	122720
39-26	122760
39-26	010350
39-26	009190
39-26	117750
39-27	198690
39-27	199120
39-27	211250
39-27	01049410
39-27	196770
39-27	200940
39-27	210590
39-27	196740
39-27	198250
39-27	205840
39-28	305970
39-28	163850
39-28	099850
39-28	307200
39-28	305320
39-28	306660
39-28	279590
39-28	388070
39-28	165420
39-28	113660
39-29	01000980
39-29	328620
39-29	489810
39-29	005920
39-29	504800
39-29	519970
39-29	291370
39-29	551530
39-29	296380
39-29	519880
39-30	329750
39-30	331150
39-30	331530
39-30	329630
39-30	330450
39-30	331260
39-30	222640
39-30	333910
39-30	330440
39-30	329940
39-31	334030
39-31	330220
39-31	331170
39-31	329940
39-31	328740
39-31	332140
39-31	332690
39-31	330580
39-31	332770
39-31	327770
39-32	437440
39-32	157130
39-32	132430
39-32	437480
39-32	087760
39-32	336930
39-32	132390
39-32	479620
39-32	476070
39-32	389890
39-33	395990
39-33	482620
39-33	396000
39-33	376360
39-33	224170
39-33	425670
39-33	433750
39-33	190390
39-33	151310
39-33	395710
39-34	374090
39-34	244020
39-34	374120
39-34	373540
39-34	375980
39-34	374990
39-34	373640
39-34	380270
39-34	373360
39-34	373570
39-35	017820
39-35	053450
39-35	037810
39-35	341580
39-35	098730
39-35	080380
39-35	099040
39-35	003160
39-35	342570
39-35	01008490
39-36	133610
39-36	163390
39-36	116890
39-36	279490
39-36	138610
39-36	163010
39-36	138030
39-36	004880
39-36	134330
39-36	305300
39-37	126370
39-37	143010
39-37	218740
39-37	222590
39-37	012900
39-37	175960
39-37	129150
39-37	102810
39-37	205660
39-37	120340
39-38	395540
39-38	468940
39-38	395520
39-38	469120
39-38	395410
39-38	395560
39-38	086900
39-38	468570
39-38	427470
39-38	486110
39-39	163390
39-39	133610
39-39	279490
39-39	116890
39-39	004880
39-39	305300
39-39	163010
39-39	163220
39-39	116370
39-39	167680
39-40	195440
39-40	056690
39-40	194100
39-40	193940
39-40	113800
39-40	201720
39-40	006010
39-40	118160
39-40	198550
39-40	212960
39-41	196750
39-41	194610
39-41	135160
39-41	194650
39-41	194750
39-41	195870
39-41	200000
39-41	194070
39-41	194770
39-41	199120
39-42	236250
39-42	067240
39-42	343450
39-42	455540
39-42	288460
39-42	343040
39-42	411520
39-42	341560
39-42	236240
39-42	244240
39-43	269440
39-43	416270
39-43	228490
39-43	270560
39-43	272180
39-43	269660
39-43	471870
39-43	071220
39-43	040500
39-43	272020
39-44	074690
39-44	072970
39-44	075440
39-44	355830
39-44	354550
39-44	352940
39-44	073330
39-44	361430
39-44	271070
39-44	354940
39-45	316530
39-45	017580
39-45	045680
39-45	542250
39-45	068440
39-45	316120
39-45	044330
39-45	315990
39-45	395290
39-45	093570
39-46	018720
39-46	341570
39-46	343450
39-46	289380
39-46	344020
39-46	342830
39-46	342340
39-46	289240
39-46	343940
39-46	348060
39-47	505430
39-47	243690
39-47	278800
39-47	214040
39-47	239600
39-47	237150
39-47	000270
39-47	160230
39-47	214410
39-47	163890
39-48	008620
39-48	120850
39-48	006180
39-48	114600
39-48	006820
39-48	005380
39-48	006730
39-48	006740
39-48	004930
39-48	199930
39-49	033660
39-49	106600
39-49	482850
39-49	087500
39-49	01012710
39-49	034290
39-49	01041460
39-49	033650
39-49	105290
39-49	087370
39-50	134590
39-50	213080
39-50	117030
39-50	275980
39-50	134420
39-50	133470
39-50	163640
39-50	133900
39-50	134300
39-50	164850
39-51	114600
39-51	137640
39-51	168510
39-51	164090
39-51	120850
39-51	133810
39-51	140720
39-51	133310
39-51	133010
39-51	132710
39-52	148120
39-52	430710
39-52	424030
39-52	147020
39-52	146950
39-52	147330
39-52	466740
39-52	147050
39-52	150940
39-52	418510
39-53	304840
39-53	005390
39-53	163310
39-53	279370
39-53	224570
39-53	133730
39-53	079010
39-53	117230
39-53	004530
39-53	116410
39-54	256760
39-54	256890
39-54	256940
39-54	256990
39-54	386380
39-54	038280
39-54	038670
39-54	386350
39-54	01006960
39-54	258190
39-55	223510
39-55	223600
39-55	324710
39-55	330040
39-55	324550
39-55	324510
39-55	512910
39-55	404210
39-55	223250
39-55	467180
39-56	327640
39-56	018330
39-56	260020
39-56	018340
39-56	327060
39-56	331990
39-56	262200
39-56	157250
39-56	482460
39-56	328110
39-57	328190
39-57	327260
39-57	326980
39-57	100780
39-57	416630
39-57	327450
39-57	328950
39-57	329990
39-57	327020
39-57	326570
39-58	354490
39-58	432790
39-58	432780
39-58	485210
39-58	481100
39-58	004070
39-58	045680
39-58	434280
39-58	035850
39-58	093440
39-59	451500
39-59	451590
39-59	451610
39-59	451420
39-59	451510
39-59	358380
39-59	259990
39-59	451980
39-59	447770
39-59	01079440
39-60	006650
39-60	198440
39-60	059300
39-60	137550
39-60	008960
39-60	009870
39-60	010190
39-60	01004200
39-60	010940
39-60	168530
39-61	059300
39-61	168530
39-61	215150
39-61	059360
39-61	198440
39-61	323100
39-61	060890
39-61	060500
39-61	137550
39-61	281150
39-62	074100
39-62	187360
39-62	378310
39-62	071550
39-62	101750
39-62	071410
39-62	073670
39-62	071750
39-62	071500
39-62	074340
39-63	225460
39-63	01058080
39-63	389840
39-63	100860
39-63	167240
39-63	301330
39-63	166810
39-63	166580
39-63	166020
39-63	01043490
39-64	277030
39-64	308540
39-64	178070
39-64	179820
39-64	101750
39-64	187360
39-64	142100
39-64	171320
39-64	168940
39-64	378310
39-65	378310
39-65	187360
39-65	057590
39-65	277030
39-65	074100
39-65	101750
39-65	216420
39-65	215620
39-65	338400
39-65	120860
39-66	167420
39-66	228730
39-66	229450
39-66	228350
39-66	228740
39-66	229790
39-66	230160
39-66	231040
39-66	230600
39-66	229390
39-67	416340
39-67	091860
39-67	415840
39-67	415760
39-67	260340
39-67	291510
39-67	262010
39-67	316330
39-67	327490
39-67	416120
39-68	064660
39-68	064670
39-68	154130
39-68	015690
39-68	015470
39-68	015810
39-68	01018330
39-68	085680
39-68	066070
39-68	003760
39-69	329980
39-69	417810
39-69	417600
39-69	417190
39-69	500630
39-69	271430
39-69	223560
39-69	501050
39-69	340020
39-69	324650
39-70	417600
39-70	473490
39-70	472720
39-70	271430
39-70	158460
39-70	042890
39-70	044780
39-70	472390
39-70	471800
39-70	472310
39-71	440120
39-71	440540
39-71	439290
39-71	437800
39-71	441660
39-71	440100
39-71	443270
39-71	441670
39-71	440090
39-71	440840
39-72	378470
39-72	379100
39-72	381030
39-72	373990
39-72	376220
39-72	377590
39-72	379420
39-72	381930
39-72	164290
39-72	102640
39-73	279710
39-73	01043480
39-73	164840
39-73	162710
39-73	163640
39-73	133900
39-73	173850
39-73	116420
39-73	132950
39-73	116410
39-74	267520
39-74	267640
39-74	163430
39-74	373420
39-74	327000
39-74	373820
39-74	133440
39-74	234440
39-74	423950
39-74	268090
39-75	352240
39-75	347360
39-75	353280
39-75	349580
39-75	354570
39-75	352140
39-75	353140
39-75	353170
39-75	349910
39-75	305220
39-76	005670
39-76	006800
39-76	006240
39-76	005400
39-76	006720
39-76	163850
39-76	005680
39-76	004550
39-76	006110
39-76	005800
39-77	349480
39-77	347450
39-77	348520
39-77	455760
39-77	024300
39-77	350370
39-77	354140
39-77	022230
39-77	022470
39-77	022680
39-78	01012110
39-78	032070
39-78	032060
39-78	140050
39-78	01012210
39-78	01012070
39-78	01012170
39-78	173910
39-78	202670
39-78	01004950
39-79	01035080
39-79	117780
39-79	163100
39-79	134430
39-79	135580
39-79	388930
39-79	133690
39-79	133170
39-79	163850
39-79	136220
39-80	164780
39-80	388750
39-80	163100
39-80	100230
39-80	166410
39-80	301220
39-80	132720
39-80	275200
39-80	280010
39-80	388070
39-81	195120
39-81	194980
39-81	193870
39-81	193620
39-81	194910
39-81	194990
39-81	194940
39-81	194960
39-81	196450
39-81	200030
39-82	243670
39-82	336710
39-82	278780
39-82	004500
39-82	326340
39-82	017760
39-82	053420
39-82	326350
39-82	038250
39-82	335860
39-83	292300
39-83	348690
39-83	292370
39-83	292140
39-83	356400
39-83	354730
39-83	350410
39-83	290280
39-83	357680
39-83	294420
39-84	300630
39-84	301220
39-84	280010
39-84	300770
39-84	163100
39-84	388750
39-84	166410
39-84	100230
39-84	279240
39-84	455300
39-85	339370
39-85	492240
39-85	106510
39-85	491610
39-85	339320
39-85	339350
39-85	327600
39-85	491520
39-85	254610
39-85	01010520
39-86	363360
39-86	061760
39-86	01081420
39-86	362880
39-86	01012230
39-86	297500
39-86	204550
39-86	365270
39-86	000890
39-86	355890
39-87	438640
39-87	437780
39-87	439080
39-87	441680
39-87	439290
39-87	01088620
39-87	440120
39-87	437930
39-87	440070
39-87	441970
39-88	160550
39-88	044870
39-88	046010
39-88	043370
39-88	157690
39-88	044820
39-88	037870
39-88	045720
39-88	038620
39-88	040020
39-89	203760
39-89	01051860
39-89	061740
39-89	207060
39-89	202900
39-89	552580
39-89	140850
39-89	159240
39-89	248830
39-89	210030
39-90	128570
39-90	220120
39-90	219760
39-90	214120
39-90	217200
39-90	216120
39-90	01055950
39-90	216730
39-90	227120
39-90	217130
39-91	310340
39-91	310700
39-91	310180
39-91	01004950
39-91	217100
39-91	308800
39-91	302520
39-91	323330
39-91	391870
39-91	311190
39-92	347670
39-92	018890
39-92	349430
39-92	067660
39-92	068120
39-92	352210
39-92	350170
39-92	519820
39-92	350700
39-92	01062480
39-93	507030
39-93	507250
39-93	505900
39-93	505810
39-93	506690
39-93	505860
39-93	451840
39-93	155040
39-93	148220
39-93	330360
39-94	065250
39-94	540040
39-94	065430
39-94	017060
39-94	129990
39-94	036270
39-94	069850
39-94	416030
39-94	146590
39-94	090250
40-1	053770
40-1	054500
40-1	021540
40-1	451380
40-1	451370
40-1	053880
40-1	054700
40-1	003350
40-1	054260
40-1	053860
40-2	293060
40-2	293820
40-2	354040
40-2	292400
40-2	292090
40-2	290770
40-2	290470
40-2	295760
40-2	296940
40-2	306790
40-3	270730
40-3	091550
40-3	269960
40-3	403630
40-3	058790
40-3	271120
40-3	229350
40-3	245380
40-3	270580
40-3	269030
40-4	293210
40-4	292780
40-4	068400
40-4	354000
40-4	158330
40-4	316390
40-4	349450
40-4	352900
40-4	345760
40-4	316240
40-5	326250
40-5	326210
40-5	01075120
40-5	315870
40-5	235290
40-5	234810
40-5	004490
40-5	342260
40-5	292460
40-5	295380
40-6	290690
40-6	346560
40-6	289880
40-6	289970
40-6	289460
40-6	375240
40-6	292660
40-6	042600
40-6	042380
40-6	344310
40-7	179370
40-7	178750
40-7	178600
40-7	01045800
40-7	172670
40-7	144160
40-7	179910
40-7	125290
40-7	143590
40-7	179860
40-8	303160
40-8	435820
40-8	01031670
40-8	095730
40-8	283100
40-8	102810
40-8	102650
40-8	101810
40-8	393150
40-8	434830
40-9	326390
40-9	327220
40-9	161160
40-9	326870
40-9	161710
40-9	327720
40-9	326640
40-9	161360
40-9	326470
40-9	323930
40-10	244380
40-10	022330
40-10	267640
40-10	457130
40-10	252180
40-10	213310
40-10	458000
40-10	056720
40-10	121250
40-10	216340
40-11	254940
40-11	244280
40-11	254240
40-11	155170
40-11	157600
40-11	155610
40-11	056850
40-11	003770
40-11	154590
40-11	234790
40-12	016910
40-12	108400
40-12	000160
40-12	016920
40-12	289730
40-12	003570
40-12	017030
40-12	020580
40-12	085690
40-12	020600
40-13	457500
40-13	163840
40-13	304700
40-13	460070
40-13	165380
40-13	057360
40-13	499160
40-13	456130
40-13	456240
40-13	459960
40-14	197260
40-14	194290
40-14	194270
40-14	195020
40-14	01049670
40-14	01035850
40-14	199660
40-14	200100
40-14	116870
40-14	061580
40-15	004430
40-15	005480
40-15	01006750
40-15	01006550
40-15	154770
40-15	015560
40-15	108450
40-15	003490
40-15	287900
40-15	015540
40-16	453460
40-16	090870
40-16	453110
40-16	453290
40-16	451920
40-16	506030
40-16	254620
40-16	451900
40-16	134410
40-16	453270
40-17	070090
40-17	514610
40-17	514120
40-17	514000
40-17	515100
40-17	514230
40-17	089740
40-17	036470
40-17	514690
40-17	069970
40-18	004710
40-18	01003360
40-18	005320
40-18	129970
40-18	004980
40-18	004390
40-18	192530
40-18	004920
40-18	130020
40-18	193390
40-19	316360
40-19	316590
40-19	316640
40-19	023620
40-19	043690
40-19	023760
40-19	026070
40-19	316370
40-19	410860
40-19	01084950
40-20	01035100
40-20	01035270
40-20	165040
40-20	133860
40-20	134490
40-20	163870
40-20	133570
40-20	117690
40-20	147100
40-20	388300
40-21	346630
40-21	290790
40-21	343880
40-21	345670
40-21	290160
40-21	344350
40-21	289710
40-21	01003130
40-21	345270
40-21	291620
40-22	468410
40-22	01095030
40-22	469360
40-22	468160
40-22	468380
40-22	468940
40-22	469130
40-22	468790
40-22	468150
40-22	468280
40-23	528330
40-23	01017770
40-23	531440
40-23	529690
40-23	530180
40-23	529190
40-23	01017560
40-23	529270
40-23	01061780
40-23	530980
40-24	157490
40-24	050710
40-24	043380
40-24	207630
40-24	049740
40-24	159170
40-24	052140
40-24	044850
40-24	052660
40-24	152630
40-25	061050
40-25	01017770
40-25	124140
40-25	282330
40-25	011730
40-25	226190
40-25	062040
40-25	01046330
40-25	062050
40-25	140280
40-26	375520
40-26	100540
40-26	135140
40-26	165570
40-26	377080
40-26	376280
40-26	376180
40-26	100910
40-26	374910
40-26	090970
40-27	475690
40-27	032080
40-27	326060
40-27	031560
40-27	476020
40-27	478720
40-27	01011970
40-27	090110
40-27	031920
40-27	224690
40-28	006430
40-28	005060
40-28	004320
40-28	01003080
40-28	01002780
40-28	005760
40-28	005850
40-28	01002990
40-28	01003150
40-28	004670
40-29	022660
40-29	022470
40-29	01009930
40-29	022910
40-29	01009850
40-29	022650
40-29	022460
40-29	022580
40-29	026820
40-29	022230
40-30	031620
40-30	031380
40-30	132650
40-30	031420
40-30	031440
40-30	224260
40-30	166880
40-30	342430
40-30	342260
40-30	029820
40-31	036210
40-31	033690
40-31	086790
40-31	247630
40-31	033510
40-31	036280
40-31	163990
40-31	247110
40-31	033580
40-31	033850
40-32	036770
40-32	036710
40-32	036810
40-32	134750
40-32	300340
40-32	133770
40-32	432340
40-32	036920
40-32	133300
40-32	498780
40-33	099590
40-33	432140
40-33	162780
40-33	162520
40-33	099720
40-33	434520
40-33	020900
40-33	304370
40-33	099540
40-33	373180
40-34	140430
40-34	173630
40-34	124130
40-34	202910
40-34	144140
40-34	01005300
40-34	143020
40-34	01005400
40-34	136020
40-34	178750
40-35	151050
40-35	056240
40-35	234160
40-35	032030
40-35	117110
40-35	033600
40-35	268540
40-35	056650
40-35	01024610
40-35	166090
40-36	163520
40-36	164540
40-36	166380
40-36	168610
40-36	133300
40-36	134900
40-36	136790
40-36	162660
40-36	116950
40-36	162730
40-37	193340
40-37	113550
40-37	004880
40-37	194780
40-37	058490
40-37	116330
40-37	086760
40-37	01008490
40-37	194410
40-37	055960
40-38	193570
40-38	193450
40-38	01002500
40-38	004410
40-38	194550
40-38	005420
40-38	004690
40-38	204180
40-38	195250
40-38	132780
40-39	326930
40-39	260780
40-39	223140
40-39	223390
40-39	147750
40-39	416000
40-39	329940
40-39	148770
40-39	148370
40-39	328080
40-40	227650
40-40	01019980
40-40	228350
40-40	412600
40-40	029810
40-40	423570
40-40	279280
40-40	322770
40-40	01071220
40-40	227470
40-41	133010
40-41	056180
40-41	235180
40-41	373440
40-41	163590
40-41	268950
40-41	117010
40-41	279420
40-41	235170
40-41	304600
40-42	244760
40-42	244480
40-42	090900
40-42	091080
40-42	244080
40-42	042130
40-42	424490
40-42	038530
40-42	258600
40-42	243870
40-43	311230
40-43	310760
40-43	310630
40-43	312480
40-43	311850
40-43	312500
40-43	311240
40-43	226550
40-43	178010
40-43	278460
40-44	339220
40-44	188460
40-44	223700
40-44	520320
40-44	234340
40-44	339510
40-44	511340
40-44	188400
40-44	189010
40-44	188510
40-45	367260
40-45	209610
40-45	366470
40-45	252100
40-45	01080410
40-45	000620
40-45	179830
40-45	000870
40-45	01079350
40-45	298450
40-46	416000
40-46	326930
40-46	326390
40-46	222630
40-46	261550
40-46	498780
40-46	323800
40-46	161370
40-46	324050
40-46	223140
40-47	293500
40-47	294980
40-47	01088330
40-47	295290
40-47	01070090
40-47	293820
40-47	361470
40-47	103120
40-47	292520
40-47	289190
40-48	455240
40-48	300010
40-48	01042800
40-48	162340
40-48	279040
40-48	032290
40-48	162350
40-48	279050
40-48	002760
40-48	000100
40-49	216510
40-49	093490
40-49	123700
40-49	491970
40-49	217260
40-49	214240
40-49	213280
40-49	214620
40-49	122840
40-49	058410
40-50	491550
40-50	491820
40-50	271770
40-50	491520
40-50	492670
40-50	491860
40-50	492510
40-50	491900
40-50	023710
40-50	491450
40-51	498790
40-51	498780
40-51	432340
40-51	520420
40-51	374310
40-51	430680
40-51	089830
40-51	500660
40-51	418000
40-51	339160
40-52	136120
40-52	138130
40-52	168370
40-52	167490
40-52	390000
40-52	167790
40-52	120080
40-52	079460
40-52	01032400
40-52	133420
40-53	042060
40-53	157910
40-53	156910
40-53	157090
40-53	329070
40-53	038390
40-53	043530
40-53	042720
40-53	01038410
40-53	037850
40-54	245160
40-54	01014030
40-54	504890
40-54	155140
40-54	038570
40-54	351550
40-54	479090
40-54	039540
40-54	000850
40-54	158000
40-55	061200
40-55	063030
40-55	363590
40-55	049970
40-55	189220
40-55	048540
40-55	257920
40-55	366670
40-55	386750
40-55	048030
40-56	102090
40-56	075070
40-56	189260
40-56	172880
40-56	255070
40-56	189220
40-56	273030
40-56	174970
40-56	274470
40-56	392340
40-57	360450
40-57	083150
40-57	363000
40-57	352960
40-57	380660
40-57	362440
40-57	035770
40-57	296530
40-57	101440
40-57	347300
40-58	375720
40-58	373500
40-58	374750
40-58	375570
40-58	374700
40-58	374370
40-58	374660
40-58	373850
40-58	374180
40-58	376750
40-59	034310
40-59	030670
40-59	030150
40-59	01002770
40-59	198510
40-59	117990
40-59	446800
40-59	198640
40-59	538670
40-59	000480
40-60	031910
40-60	258640
40-60	243770
40-60	031920
40-60	224690
40-60	031780
40-60	031560
40-60	244310
40-60	031750
40-60	243380
40-61	038670
40-61	038280
40-61	338020
40-61	344120
40-61	037540
40-61	037570
40-61	154360
40-61	155050
40-61	100060
40-61	017970
40-62	069600
40-62	069470
40-62	01019980
40-62	069230
40-62	070630
40-62	069680
40-62	069720
40-62	069610
40-62	071330
40-62	070210
40-63	104580
40-63	247550
40-63	086990
40-63	326560
40-63	327780
40-63	247510
40-63	248170
40-63	105070
40-63	247490
40-63	104820
40-64	113800
40-64	006010
40-64	056690
40-64	118160
40-64	134030
40-64	388960
40-64	195440
40-64	133450
40-64	193940
40-64	146800
40-65	121730
40-65	119240
40-65	119450
40-65	119380
40-65	121960
40-65	118530
40-65	119350
40-65	119400
40-65	129260
40-65	117410
40-66	132490
40-66	132480
40-66	087890
40-66	057050
40-66	132090
40-66	372360
40-66	215930
40-66	482850
40-66	132130
40-66	087400
40-67	163620
40-67	005000
40-67	133370
40-67	056310
40-67	000450
40-67	300290
40-67	194480
40-67	234180
40-67	01035080
40-67	01002770
40-68	134030
40-68	133460
40-68	006010
40-68	133450
40-68	056690
40-68	113800
40-68	118160
40-68	165790
40-68	279510
40-68	275130
40-69	073170
40-69	482870
40-69	01013460
40-69	151040
40-69	067450
40-69	230220
40-69	01044850
40-69	213380
40-69	301630
40-69	376960
40-70	189760
40-70	274970
40-70	132660
40-70	055880
40-70	233660
40-70	055550
40-70	005470
40-70	162370
40-70	437660
40-70	223110
40-71	195160
40-71	234610
40-71	134540
40-71	204150
40-71	019340
40-71	388620
40-71	424140
40-71	194230
40-71	165090
40-71	118050
40-72	247720
40-72	234300
40-72	247390
40-72	247530
40-72	248120
40-72	251170
40-72	248560
40-72	248020
40-72	247420
40-72	247830
40-73	255510
40-73	129970
40-73	032310
40-73	130040
40-73	105390
40-73	130020
40-73	036280
40-73	129980
40-73	01082800
40-73	371630
40-74	272040
40-74	271230
40-74	330030
40-74	272670
40-74	270370
40-74	411810
40-74	270440
40-74	437050
40-74	325250
40-74	215660
40-75	163450
40-75	165090
40-75	279610
40-75	162370
40-75	134540
40-75	388620
40-75	163170
40-75	300650
40-75	163200
40-75	165680
40-76	308350
40-76	137640
40-76	305750
40-76	390590
40-76	434290
40-76	404100
40-76	485750
40-76	280980
40-76	339930
40-76	460310
40-77	316440
40-77	395440
40-77	316640
40-77	316660
40-77	217590
40-77	396310
40-77	019760
40-77	316550
40-77	01000980
40-77	317530
40-78	323800
40-78	326910
40-78	326790
40-78	329210
40-78	328600
40-78	327740
40-78	328710
40-78	416140
40-78	327420
40-78	327150
40-79	388960
40-79	300850
40-79	390540
40-79	391250
40-79	134030
40-79	390530
40-79	133450
40-79	389340
40-79	275130
40-79	113800
40-80	404100
40-80	137640
40-80	472730
40-80	330460
40-80	460310
40-80	390590
40-80	426310
40-80	254830
40-80	308350
40-80	236200
40-81	416430
40-81	157250
40-81	327490
40-81	416340
40-81	395160
40-81	018330
40-81	542250
40-81	417410
40-81	542240
40-81	259610
40-82	444510
40-82	444730
40-82	327890
40-82	039500
40-82	328580
40-82	327550
40-82	222630
40-82	086190
40-82	330090
40-82	271630
40-83	482780
40-83	482790
40-83	109780
40-83	395130
40-83	015450
40-83	01011770
40-83	032240
40-83	152790
40-83	152860
40-83	003150
40-84	497930
40-84	497940
40-84	162380
40-84	162300
40-84	032290
40-84	274910
40-84	193460
40-84	035790
40-84	085110
40-84	133930
40-85	173670
40-85	01005410
40-85	142090
40-85	140920
40-85	173480
40-85	174390
40-85	179710
40-85	165440
40-85	168970
40-85	178220
40-86	297360
40-86	295660
40-86	364510
40-86	293290
40-86	295250
40-86	292790
40-86	296200
40-86	292360
40-86	249350
40-86	299520
40-87	006860
40-87	007390
40-87	007730
40-87	007100
40-87	012220
40-87	010710
40-87	501580
40-87	010350
40-87	01003820
40-87	009140
40-88	423530
40-88	086950
40-88	317640
40-88	087330
40-88	132140
40-88	033570
40-88	034080
40-88	034320
40-88	224690
40-88	033560
40-89	115350
40-89	009210
40-89	115230
40-89	102350
40-89	115620
40-89	199370
40-89	115710
40-89	115640
40-89	115590
40-89	115660
40-90	300290
40-90	163620
40-90	056310
40-90	000450
40-90	005000
40-90	133370
40-90	388340
40-90	163250
40-90	275160
40-90	304900
40-91	189850
40-91	244210
40-91	015820
40-91	189800
40-91	155060
40-91	154130
40-91	003160
40-91	01006690
40-91	189760
40-91	257040
40-92	236240
40-92	189800
40-92	236250
40-92	01006690
40-92	098930
40-92	345180
40-92	006410
40-92	437590
40-92	437750
40-92	058580
40-93	259190
40-93	087280
40-93	259380
40-93	034340
40-93	087420
40-93	268450
40-93	475720
40-93	039780
40-93	01012770
40-93	034090
40-94	519840
40-94	317600
40-94	342710
40-94	080940
40-94	213780
40-94	290310
40-94	317860
40-94	001580
40-94	154530
40-94	317810
41-1	336140
41-1	548240
41-1	548220
41-1	548270
41-1	318340
41-1	479560
41-1	158370
41-1	01030130
41-1	365570
41-1	528300
41-2	165370
41-2	164590
41-2	163310
41-2	279370
41-2	166140
41-2	306050
41-2	163370
41-2	119040
41-2	116830
41-2	248270
41-3	169470
41-3	281960
41-3	281160
41-3	434020
41-3	137100
41-3	301690
41-3	308200
41-3	114750
41-3	437050
41-3	283150
41-4	030150
41-4	030170
41-4	030670
41-4	030180
41-4	037760
41-4	053930
41-4	021410
41-4	030260
41-4	451370
41-4	053660
41-5	246800
41-5	274910
41-5	184500
41-5	233650
41-5	000080
41-5	233610
41-5	000040
41-5	246840
41-5	01012600
41-5	098650
41-6	514110
41-6	01006530
41-6	513740
41-6	514320
41-6	044060
41-6	514020
41-6	01000880
41-6	01061150
41-6	086990
41-6	514230
41-7	112890
41-7	112880
41-7	112870
41-7	112910
41-7	538720
41-7	045670
41-7	104880
41-7	251810
41-7	01068820
41-7	216740
41-8	332910
41-8	326970
41-8	206930
41-8	330010
41-8	259480
41-8	334000
41-8	222790
41-8	330730
41-8	223690
41-8	222650
41-9	01079240
41-9	349680
41-9	352910
41-9	129990
41-9	065610
41-9	065480
41-9	01079120
41-9	317870
41-9	065600
41-9	065440
41-10	326640
41-10	326390
41-10	326450
41-10	326880
41-10	161120
41-10	259550
41-10	415900
41-10	327220
41-10	327210
41-10	227610
41-11	111060
41-11	110580
41-11	111100
41-11	111070
41-11	111370
41-11	111170
41-11	111290
41-11	110980
41-11	110930
41-11	134450
41-12	116290
41-12	116230
41-12	104410
41-12	116250
41-12	005110
41-12	033520
41-12	080690
41-12	109240
41-12	032240
41-12	337540
41-13	244840
41-13	350110
41-13	351150
41-13	093340
41-13	090110
41-13	092300
41-13	347300
41-13	245400
41-13	243860
41-13	245350
41-14	290660
41-14	346280
41-14	345540
41-14	293950
41-14	292160
41-14	296290
41-14	291700
41-14	348710
41-14	294140
41-14	293390
41-15	441680
41-15	442000
41-15	440120
41-15	444520
41-15	443810
41-15	440070
41-15	01088620
41-15	441640
41-15	438640
41-15	437780
41-16	166670
41-16	166660
41-16	165560
41-16	165570
41-16	058060
41-16	391370
41-16	135140
41-16	177720
41-16	170770
41-16	163360
41-17	070450
41-17	071240
41-17	071250
41-17	073270
41-17	070770
41-17	070700
41-17	072640
41-17	070220
41-17	069720
41-17	069930
41-18	074740
41-18	074280
41-18	158620
41-18	01062970
41-18	073910
41-18	074270
41-18	071310
41-18	139600
41-18	071730
41-18	078520
41-19	304810
41-19	388240
41-19	307320
41-19	163590
41-19	305480
41-19	304530
41-19	304860
41-19	031430
41-19	301860
41-19	432460
41-20	154360
41-20	037540
41-20	017790
41-20	037650
41-20	258550
41-20	253990
41-20	343680
41-20	098770
41-20	417410
41-20	018050
41-21	407220
41-21	407730
41-21	231720
41-21	408990
41-21	332950
41-21	407790
41-21	409380
41-21	048090
41-21	407530
41-21	264220
41-22	007660
41-22	008390
41-22	008560
41-22	01002430
41-22	136970
41-22	009590
41-22	008660
41-22	01003750
41-22	010370
41-22	004810
41-23	113020
41-23	190130
41-23	105560
41-23	036940
41-23	131850
41-23	330490
41-23	372490
41-23	132460
41-23	01012600
41-23	495560
41-24	174660
41-24	126510
41-24	392550
41-24	061810
41-24	169950
41-24	180380
41-24	311100
41-24	012830
41-24	172310
41-24	126520
41-25	193210
41-25	193250
41-25	193220
41-25	162290
41-25	032290
41-25	193270
41-25	01042800
41-25	031420
41-25	000100
41-25	193910
41-26	061810
41-26	197440
41-26	201400
41-26	202750
41-26	206510
41-26	062370
41-26	201370
41-26	198740
41-26	208060
41-26	204230
41-27	240170
41-27	240140
41-27	437510
41-27	242010
41-27	304370
41-27	239940
41-27	240180
41-27	387780
41-27	239660
41-27	304550
41-28	276160
41-28	280460
41-28	395270
41-28	395070
41-28	300960
41-28	197110
41-28	427240
41-28	395100
41-28	275910
41-28	200290
41-29	387880
41-29	388440
41-29	345950
41-29	285520
41-29	233670
41-29	245080
41-29	288040
41-29	347240
41-29	361080
41-29	015810
41-30	401990
41-30	403450
41-30	401510
41-30	402830
41-30	401720
41-30	407520
41-30	401310
41-30	01084970
41-30	400930
41-30	400730
41-31	414140
41-31	414090
41-31	414110
41-31	490190
41-31	01066600
41-31	275020
41-31	163130
41-31	490220
41-31	055870
41-31	254140
41-32	494090
41-32	107300
41-32	107430
41-32	017910
41-32	106380
41-32	322480
41-32	054310
41-32	024270
41-32	468860
41-32	01001580
41-33	138150
41-33	171820
41-33	142670
41-33	137780
41-33	139080
41-33	281770
41-33	139610
41-33	137920
41-33	138640
41-33	137470
41-34	248140
41-34	248430
41-34	249920
41-34	250440
41-34	247970
41-34	250430
41-34	247840
41-34	249760
41-34	248650
41-34	249800
41-35	279500
41-35	163240
41-35	133520
41-35	133500
41-35	162900
41-35	164570
41-35	134420
41-35	133900
41-35	162990
41-35	01043430
41-36	344360
41-36	344570
41-36	344560
41-36	343840
41-36	345910
41-36	018430
41-36	344780
41-36	342210
41-36	342250
41-36	345390
41-37	457770
41-37	460000
41-37	461170
41-37	460460
41-37	458930
41-37	457330
41-37	458470
41-37	01093520
41-37	457110
41-37	459400
41-38	459530
41-38	457790
41-38	455850
41-38	457970
41-38	522660
41-38	456110
41-38	456230
41-38	456510
41-38	458710
41-38	456720
41-39	355320
41-39	351340
41-39	349740
41-39	293810
41-39	349460
41-39	343050
41-39	345820
41-39	356430
41-39	121730
41-39	485000
41-40	374020
41-40	376700
41-40	375850
41-40	375760
41-40	375260
41-40	375790
41-40	373990
41-40	377540
41-40	276040
41-40	165560
41-41	525020
41-41	501980
41-41	502170
41-41	522340
41-41	525730
41-41	522080
41-41	323320
41-41	525290
41-41	524580
41-41	523230
41-42	041220
41-42	157600
41-42	259350
41-42	338280
41-42	119680
41-42	344640
41-42	017200
41-42	184900
41-42	003940
41-42	263770
41-43	113060
41-43	112900
41-43	387180
41-43	163710
41-43	166810
41-43	099470
41-43	261780
41-43	118580
41-43	018090
41-43	132720
41-44	151030
41-44	059750
41-44	01001820
41-44	067030
41-44	056460
41-44	161100
41-44	339020
41-44	389400
41-44	057560
41-44	069540
41-45	019540
41-45	196500
41-45	197180
41-45	193380
41-45	007170
41-45	194180
41-45	195010
41-45	197390
41-45	057990
41-45	207930
41-46	207390
41-46	209410
41-46	193540
41-46	211990
41-46	196600
41-46	211120
41-46	394290
41-46	210440
41-46	211760
41-46	210090
41-47	415980
41-47	415990
41-47	416080
41-47	416530
41-47	416020
41-47	417820
41-47	326780
41-47	417560
41-47	081990
41-47	416850
41-48	416850
41-48	416800
41-48	416020
41-48	417820
41-48	081450
41-48	417460
41-48	417280
41-48	416470
41-48	415990
41-48	415980
41-49	492870
41-49	493480
41-49	493420
41-49	492660
41-49	492450
41-49	494630
41-49	040260
41-49	491690
41-49	491400
41-49	491840
41-50	147760
41-50	147310
41-50	148030
41-50	418510
41-50	148700
41-50	148260
41-50	148820
41-50	149050
41-50	147160
41-50	148780
41-51	240640
41-51	240930
41-51	161260
41-51	033610
41-51	034200
41-51	033870
41-51	034100
41-51	033950
41-51	241180
41-51	161120
41-52	000250
41-52	000080
41-52	031720
41-52	162310
41-52	003020
41-52	003070
41-52	003030
41-52	103690
41-52	031500
41-52	000100
41-53	004590
41-53	116470
41-53	009310
41-53	133950
41-53	01002370
41-53	004410
41-53	017790
41-53	01002740
41-53	038160
41-53	056330
41-54	058960
41-54	215380
41-54	059200
41-54	060740
41-54	137680
41-54	057460
41-54	174090
41-54	123970
41-54	061910
41-54	114970
41-55	066880
41-55	066980
41-55	267440
41-55	066840
41-55	004780
41-55	067260
41-55	212430
41-55	080540
41-55	01001360
41-55	227460
41-56	073400
41-56	070570
41-56	071660
41-56	072070
41-56	074010
41-56	070920
41-56	072130
41-56	074820
41-56	069980
41-56	072180
41-57	352380
41-57	082190
41-57	516940
41-57	019050
41-57	081360
41-57	245550
41-57	516950
41-57	082330
41-57	082160
41-57	375230
41-58	479080
41-58	019050
41-58	019020
41-58	01096890
41-58	244540
41-58	254360
41-58	293390
41-58	003800
41-58	488420
41-58	099800
41-59	099490
41-59	104960
41-59	292400
41-59	290760
41-59	247310
41-59	342660
41-59	343490
41-59	371770
41-59	104950
41-59	105240
41-60	105030
41-60	104990
41-60	104780
41-60	326880
41-60	107500
41-60	105220
41-60	106020
41-60	105000
41-60	106500
41-60	268380
41-61	117800
41-61	389010
41-61	005980
41-61	134020
41-61	164960
41-61	117710
41-61	137470
41-61	195130
41-61	126340
41-61	300450
41-62	163700
41-62	133330
41-62	133600
41-62	135710
41-62	163420
41-62	133340
41-62	164900
41-62	117240
41-62	134170
41-62	006170
41-63	149720
41-63	149730
41-63	149590
41-63	149390
41-63	148220
41-63	147390
41-63	543740
41-63	148180
41-63	540340
41-63	002580
41-64	151790
41-64	184660
41-64	222180
41-64	103810
41-64	000200
41-64	103740
41-64	006410
41-64	103750
41-64	01011740
41-64	065220
41-65	157410
41-65	155300
41-65	357250
41-65	348910
41-65	327640
41-65	386370
41-65	317830
41-65	355060
41-65	328790
41-65	350450
41-66	197440
41-66	198320
41-66	008200
41-66	199350
41-66	168240
41-66	193660
41-66	194370
41-66	200160
41-66	01048800
41-66	200540
41-67	222140
41-67	001270
41-67	001440
41-67	001230
41-67	036090
41-67	150860
41-67	146600
41-67	085080
41-67	016680
41-67	036110
41-68	345010
41-68	344210
41-68	290110
41-68	01069510
41-68	343360
41-68	290440
41-68	289830
41-68	343960
41-68	300030
41-68	343640
41-69	034560
41-69	106480
41-69	034090
41-69	034230
41-69	034990
41-69	106150
41-69	331900
41-69	033930
41-69	107640
41-69	107260
41-70	106200
41-70	107500
41-70	332840
41-70	055130
41-70	054800
41-70	107600
41-70	031030
41-70	392940
41-70	539160
41-70	325420
41-71	342700
41-71	344930
41-71	343090
41-71	344920
41-71	01076830
41-71	016070
41-71	343870
41-71	343530
41-71	345620
41-71	344450
41-72	409070
41-72	408450
41-72	404030
41-72	409540
41-72	407980
41-72	407930
41-72	408680
41-72	406110
41-72	403620
41-72	408910
41-73	490980
41-73	395690
41-73	415800
41-73	395570
41-73	416470
41-73	258930
41-73	081750
41-73	345500
41-73	415840
41-73	416730
41-74	417370
41-74	417020
41-74	425660
41-74	327990
41-74	072710
41-74	326380
41-74	242840
41-74	472370
41-74	327090
41-74	326640
41-75	420080
41-75	420180
41-75	420170
41-75	420310
41-75	184770
41-75	420130
41-75	000170
41-75	431970
41-75	421220
41-75	000420
41-76	031920
41-76	031810
41-76	254530
41-76	345420
41-76	154380
41-76	431960
41-76	471640
41-76	335870
41-76	317640
41-76	484080
41-77	327790
41-77	499130
41-77	339300
41-77	472010
41-77	472070
41-77	471610
41-77	471900
41-77	472180
41-77	416320
41-77	401390
41-78	007560
41-78	007400
41-78	196940
41-78	197580
41-78	119180
41-78	120040
41-78	005990
41-78	006890
41-78	018020
41-78	058280
41-79	142990
41-79	175790
41-79	205620
41-79	012990
41-79	126530
41-79	102760
41-79	218980
41-79	062670
41-79	237930
41-79	175550
41-80	109310
41-80	184710
41-80	01029210
41-80	109390
41-80	109360
41-80	109370
41-80	130510
41-80	109350
41-80	001400
41-80	01034530
41-81	338720
41-81	338750
41-81	008470
41-81	018050
41-81	362200
41-81	177490
41-81	488950
41-81	338740
41-81	102770
41-81	089990
41-82	352490
41-82	000620
41-82	000870
41-82	358110
41-82	347740
41-82	01000250
41-82	354190
41-82	156120
41-82	358330
41-82	01000140
41-83	360710
41-83	362310
41-83	296520
41-83	360480
41-83	363180
41-83	361660
41-83	317740
41-83	361050
41-83	345770
41-83	342870
41-84	447980
41-84	449040
41-84	447180
41-84	447140
41-84	448520
41-84	447660
41-84	447090
41-84	448320
41-84	01090850
41-84	320760
41-85	084340
41-85	084600
41-85	132840
41-85	151380
41-85	420140
41-85	084360
41-85	084320
41-85	084780
41-85	022910
41-85	151330
41-86	170810
41-86	235190
41-86	189560
41-86	017930
41-86	315140
41-86	053650
41-86	178810
41-86	017850
41-86	053840
41-86	256750
41-87	495460
41-87	041480
41-87	020700
41-87	021060
41-87	547000
41-87	01009270
41-87	032700
41-87	020690
41-87	090190
41-87	01009360
41-88	352690
41-88	242720
41-88	000160
41-88	156780
41-88	245320
41-88	100400
41-88	01074470
41-88	102280
41-88	245400
41-88	002900
41-89	361930
41-89	296820
41-89	363310
41-89	367900
41-89	355720
41-89	357930
41-89	352200
41-89	344010
41-89	356710
41-89	525290
41-90	005310
41-90	004900
41-90	01002590
41-90	194040
41-90	005470
41-90	116460
41-90	117220
41-90	01002300
41-90	007350
41-90	005610
41-91	023480
41-91	023820
41-91	01009960
41-91	024070
41-91	023770
41-91	023870
41-91	01009760
41-91	023360
41-91	022210
41-91	024540
41-92	115150
41-92	123120
41-92	391600
41-92	01004880
41-92	010530
41-92	171730
41-92	01065710
41-92	008780
41-92	115020
41-92	01030940
41-93	101840
41-93	101230
41-93	391660
41-93	277200
41-93	138590
41-93	169820
41-93	323280
41-93	276940
41-93	309020
41-93	277650
41-94	326790
41-94	161230
41-94	161240
41-94	222630
41-94	324120
41-94	328600
41-94	327080
41-94	416320
41-94	327550
41-94	328800
42-1	391660
42-1	276940
42-1	390480
42-1	138590
42-1	388930
42-1	01065860
42-1	392110
42-1	169820
42-1	391890
42-1	101840
42-2	330840
42-2	331550
42-2	326890
42-2	329670
42-2	106310
42-2	363790
42-2	334580
42-2	326390
42-2	161630
42-2	104780
42-3	391600
42-3	391180
42-3	277010
42-3	171730
42-3	01065480
42-3	060680
42-3	281640
42-3	277000
42-3	390930
42-3	379390
42-4	395470
42-4	395460
42-4	395480
42-4	395530
42-4	395200
42-4	481480
42-4	197950
42-4	357950
42-4	018460
42-4	352070
42-5	199570
42-5	01050170
42-5	01050090
42-5	195300
42-5	200710
42-5	022940
42-5	195000
42-5	451600
42-5	194140
42-5	195840
42-6	109780
42-6	152860
42-6	01004600
42-6	482780
42-6	482790
42-6	446630
42-6	152790
42-6	395130
42-6	349690
42-6	350560
42-7	132810
42-7	134710
42-7	162900
42-7	133080
42-7	133330
42-7	132860
42-7	132790
42-7	133110
42-7	134960
42-7	162650
42-8	194900
42-8	006180
42-8	118030
42-8	01051020
42-8	113850
42-8	056900
42-8	195330
42-8	199930
42-8	006820
42-8	115140
42-9	004480
42-9	01002300
42-9	01002590
42-9	005680
42-9	004850
42-9	005070
42-9	004390
42-9	005550
42-9	026730
42-9	006000
42-10	162880
42-10	163130
42-10	224620
42-10	01066600
42-10	224870
42-10	275020
42-10	134530
42-10	163560
42-10	133540
42-10	225780
42-11	520780
42-11	457440
42-11	339300
42-11	327790
42-11	430850
42-11	457400
42-11	388810
42-11	275760
42-11	070630
42-11	521200
42-12	021840
42-12	005480
42-12	016960
42-12	344410
42-12	031270
42-12	218110
42-12	108500
42-12	341980
42-12	227700
42-12	347050
42-13	039040
42-13	259400
42-13	258980
42-13	039140
42-13	327180
42-13	155750
42-13	327330
42-13	040460
42-13	038020
42-13	01038180
42-14	255020
42-14	156210
42-14	041150
42-14	263110
42-14	049680
42-14	042900
42-14	156110
42-14	043540
42-14	264050
42-14	156340
42-15	062460
42-15	062690
42-15	283070
42-15	063440
42-15	061100
42-15	060800
42-15	123700
42-15	141360
42-15	491090
42-15	059790
42-16	123700
42-16	127670
42-16	283070
42-16	173280
42-16	122840
42-16	117830
42-16	142430
42-16	119780
42-16	124930
42-16	128610
42-17	163680
42-17	133240
42-17	133290
42-17	133310
42-17	139410
42-17	133660
42-17	117200
42-17	279410
42-17	165760
42-17	166730
42-18	352300
42-18	067890
42-18	168030
42-18	342990
42-18	067870
42-18	348870
42-18	344450
42-18	176410
42-18	067830
42-18	352350
42-19	069030
42-19	068770
42-19	363770
42-19	068950
42-19	363700
42-19	287320
42-19	337650
42-19	363000
42-19	260490
42-19	100060
42-20	163680
42-20	300520
42-20	279410
42-20	388050
42-20	133240
42-20	224500
42-20	300580
42-20	117200
42-20	01026890
42-20	165750
42-21	302960
42-21	303790
42-21	068210
42-21	064740
42-21	081310
42-21	416250
42-21	301460
42-21	387880
42-21	288290
42-21	015730
42-22	305330
42-22	279410
42-22	388050
42-22	304860
42-22	305350
42-22	305730
42-22	163680
42-22	306650
42-22	300520
42-22	254200
42-23	478990
42-23	084410
42-23	244410
42-23	024170
42-23	478950
42-23	081620
42-23	479720
42-23	479560
42-23	164130
42-23	080430
42-24	150850
42-24	003610
42-24	222140
42-24	067150
42-24	001440
42-24	146600
42-24	01001360
42-24	001270
42-24	000120
42-24	01036470
42-25	324800
42-25	468790
42-25	468150
42-25	469940
42-25	043690
42-25	468930
42-25	469040
42-25	467980
42-25	468570
42-25	469900
42-26	000480
42-26	016580
42-26	000580
42-26	000540
42-26	478680
42-26	000760
42-26	099450
42-26	478670
42-26	004500
42-26	017820
42-27	006740
42-27	119160
42-27	196620
42-27	008820
42-27	165760
42-27	01003010
42-27	008620
42-27	005080
42-27	281380
42-27	056350
42-28	017100
42-28	017110
42-28	017030
42-28	001720
42-28	017240
42-28	000680
42-28	001730
42-28	155080
42-28	352460
42-28	001150
42-29	062260
42-29	152030
42-29	060290
42-29	060980
42-29	01000140
42-29	055860
42-29	056720
42-29	056950
42-29	061940
42-29	058700
42-30	102930
42-30	01027270
42-30	102830
42-30	103500
42-30	101930
42-30	102940
42-30	265170
42-30	377420
42-30	103420
42-30	102390
42-31	103690
42-31	243880
42-31	103700
42-31	002790
42-31	001550
42-31	001600
42-31	031320
42-31	000080
42-31	326090
42-31	287830
42-32	109100
42-32	01029060
42-32	109130
42-32	108970
42-32	108860
42-32	109010
42-32	108870
42-32	352170
42-32	355210
42-32	109080
42-33	165420
42-33	280220
42-33	165730
42-33	000620
42-33	133690
42-33	164520
42-33	000870
42-33	134990
42-33	118090
42-33	196450
42-34	000830
42-34	003260
42-34	029860
42-34	01007400
42-34	000820
42-34	01001210
42-34	01000880
42-34	017380
42-34	000470
42-34	489800
42-35	552650
42-35	361180
42-35	296190
42-35	01080100
42-35	349760
42-35	364560
42-35	360410
42-35	356410
42-35	358160
42-35	353310
42-36	467890
42-36	468140
42-36	467830
42-36	468950
42-36	468290
42-36	468590
42-36	468410
42-36	468250
42-36	468280
42-36	469360
42-37	261680
42-37	472380
42-37	472910
42-37	403260
42-37	329340
42-37	473460
42-37	472330
42-37	473520
42-37	473370
42-37	473950
42-38	300010
42-38	279040
42-38	002760
42-38	455240
42-38	031440
42-38	162350
42-38	031420
42-38	01042800
42-38	279050
42-38	279060
42-39	490980
42-39	395690
42-39	258930
42-39	01008340
42-39	415840
42-39	291510
42-39	360820
42-39	103760
42-39	018050
42-39	274910
42-40	013560
42-40	207750
42-40	417800
42-40	501750
42-40	437310
42-40	436980
42-40	512800
42-40	069660
42-40	075510
42-40	474810
42-41	063130
42-41	037310
42-41	238690
42-41	025880
42-41	247040
42-41	177650
42-41	185580
42-41	063890
42-41	335970
42-41	059620
42-42	252610
42-42	250010
42-42	252620
42-42	250890
42-42	252170
42-42	248800
42-42	151840
42-42	262530
42-42	475650
42-42	151770
42-43	271730
42-43	270420
42-43	270700
42-43	270760
42-43	282560
42-43	127120
42-43	269900
42-43	270250
42-43	272600
42-43	272680
42-44	022620
42-44	022350
42-44	022330
42-44	022510
42-44	01009720
42-44	022300
42-44	022200
42-44	022360
42-44	021900
42-44	057240
42-45	264670
42-45	260110
42-45	01062930
42-45	080780
42-45	353530
42-45	347130
42-45	347730
42-45	344960
42-45	353450
42-45	01025480
42-46	361010
42-46	359280
42-46	358090
42-46	033590
42-46	552680
42-46	131800
42-46	352930
42-46	343900
42-46	366360
42-46	355560
42-47	294590
42-47	292030
42-47	289600
42-47	189830
42-47	292450
42-47	357050
42-47	355480
42-47	294140
42-47	291450
42-47	297170
42-48	010730
42-48	009950
42-48	01003380
42-48	122530
42-48	007060
42-48	008850
42-48	01005120
42-48	01002560
42-48	012600
42-48	01004990
42-49	065290
42-49	067830
42-49	01001490
42-49	540040
42-49	065400
42-49	482870
42-49	068710
42-49	01018530
42-49	01013460
42-49	375720
42-50	223100
42-50	01056920
42-50	279940
42-50	006070
42-50	01056940
42-50	057920
42-50	151720
42-50	213760
42-50	056700
42-50	116830
42-51	293960
42-51	087450
42-51	293540
42-51	352310
42-51	353510
42-51	416670
42-51	087490
42-51	034950
42-51	087630
42-51	132170
42-52	309790
42-52	172770
42-52	093380
42-52	310310
42-52	309610
42-52	307700
42-52	306810
42-52	309810
42-52	308460
42-52	306910
42-53	437640
42-53	437770
42-53	088870
42-53	01088650
42-53	440120
42-53	441680
42-53	088860
42-53	443820
42-53	190490
42-53	373130
42-54	438100
42-54	440110
42-54	438260
42-54	440130
42-54	441680
42-54	441600
42-54	442570
42-54	440850
42-54	01088620
42-54	439470
42-55	01089080
42-55	440070
42-55	440100
42-55	440080
42-55	437780
42-55	439370
42-55	441760
42-55	442570
42-55	441640
42-55	440840
42-56	118850
42-56	007280
42-56	118990
42-56	006850
42-56	127640
42-56	519980
42-56	010890
42-56	004560
42-56	118840
42-56	01003150
42-57	027440
42-57	027320
42-57	01010620
42-57	027680
42-57	027400
42-57	023600
42-57	01010420
42-57	156920
42-57	01010390
42-57	01010350
42-58	073640
42-58	073100
42-58	072360
42-58	072620
42-58	071820
42-58	071970
42-58	072320
42-58	071920
42-58	01044400
42-58	074470
42-59	108440
42-59	089930
42-59	108460
42-59	001180
42-59	003120
42-59	108520
42-59	284750
42-59	289270
42-59	038400
42-59	103730
42-60	484710
42-60	484980
42-60	281210
42-60	484850
42-60	486320
42-60	307880
42-60	487030
42-60	487930
42-60	005420
42-60	168450
42-61	008250
42-61	006560
42-61	011180
42-61	058600
42-61	198090
42-61	010640
42-61	01003470
42-61	006890
42-61	008160
42-61	121130
42-62	338480
42-62	338470
42-62	511980
42-62	411010
42-62	500000
42-62	411230
42-62	411180
42-62	400860
42-62	504730
42-62	338070
42-63	338480
42-63	460830
42-63	460680
42-63	458040
42-63	01092310
42-63	456920
42-63	457110
42-63	338470
42-63	457280
42-63	455780
42-64	055140
42-64	053790
42-64	054510
42-64	054260
42-64	018110
42-64	053770
42-64	054520
42-64	053870
42-64	054920
42-64	031120
42-65	119990
42-65	301300
42-65	164440
42-65	136570
42-65	138520
42-65	163100
42-65	136560
42-65	135100
42-65	167060
42-65	225440
42-66	184820
42-66	184610
42-66	036270
42-66	031420
42-66	001590
42-66	001280
42-66	065390
42-66	031440
42-66	185040
42-66	01070630
42-67	243410
42-67	018080
42-67	031900
42-67	478690
42-67	100280
42-67	007530
42-67	080790
42-67	099450
42-67	081120
42-67	478670
42-68	388720
42-68	275640
42-68	390070
42-68	390110
42-68	388030
42-68	389270
42-68	388900
42-68	01083800
42-68	388970
42-68	391140
42-69	433740
42-69	165710
42-69	434320
42-69	01065210
42-69	432960
42-69	091640
42-69	373670
42-69	133260
42-69	100160
42-69	434430
42-70	01068090
42-70	282480
42-70	176250
42-70	283210
42-70	175890
42-70	175880
42-70	173520
42-70	281540
42-70	01068210
42-70	01046040
42-71	102280
42-71	061510
42-71	353070
42-71	352760
42-71	348730
42-71	349920
42-71	062060
42-71	084510
42-71	01079250
42-71	159040
42-72	061510
42-72	062060
42-72	353070
42-72	01079250
42-72	102280
42-72	102450
42-72	348730
42-72	528200
42-72	349920
42-72	352760
42-73	125520
42-73	102280
42-73	061510
42-73	353020
42-73	028060
42-73	125690
42-73	01079250
42-73	062060
42-73	102450
42-73	159070
42-74	129980
42-74	130040
42-74	129970
42-74	130020
42-74	130090
42-74	104710
42-74	005320
42-74	192530
42-74	130120
42-74	036280
42-75	102280
42-75	159040
42-75	159230
42-75	061510
42-75	102450
42-75	353020
42-75	028060
42-75	125520
42-75	264390
42-75	01079250
42-76	189530
42-76	189550
42-76	004930
42-76	000400
42-76	247250
42-76	001130
42-76	103760
42-76	412420
42-76	031290
42-76	162710
42-77	297500
42-77	297510
42-77	01081420
42-77	365270
42-77	363360
42-77	357220
42-77	01006270
42-77	360320
42-77	362880
42-77	296150
42-78	349640
42-78	351060
42-78	345760
42-78	352970
42-78	347590
42-78	355040
42-78	353530
42-78	353010
42-78	347530
42-78	351550
42-79	009210
42-79	011900
42-79	141670
42-79	200830
42-79	010480
42-79	119220
42-79	125430
42-79	121570
42-79	118970
42-79	014580
42-80	011700
42-80	008700
42-80	168520
42-80	202470
42-80	006660
42-80	043120
42-80	172270
42-80	121600
42-80	103800
42-80	007790
42-81	029080
42-81	341570
42-81	029090
42-81	184650
42-81	099040
42-81	289240
42-81	342340
42-81	002190
42-81	017940
42-81	341560
42-82	039250
42-82	163340
42-82	163890
42-82	345050
42-82	322720
42-82	162670
42-82	163120
42-82	162640
42-82	162410
42-82	322730
42-83	060180
42-83	061470
42-83	068410
42-83	162550
42-83	431980
42-83	01012080
42-83	446130
42-83	01097830
42-83	418080
42-83	432610
42-84	197100
42-84	224970
42-84	01027000
42-84	200250
42-84	067520
42-84	197030
42-84	150890
42-84	032260
42-84	350110
42-84	254530
42-85	080350
42-85	080930
42-85	080860
42-85	080450
42-85	055790
42-85	152740
42-85	080800
42-85	162920
42-85	163230
42-85	080730
42-86	091750
42-86	472670
42-86	058330
42-86	376310
42-86	459070
42-86	042280
42-86	072090
42-86	197490
42-86	301490
42-86	136210
42-87	091740
42-87	089060
42-87	093440
42-87	287830
42-87	081600
42-87	089100
42-87	318000
42-87	095720
42-87	291330
42-87	095870
42-88	092980
42-88	092990
42-88	023760
42-88	01078640
42-88	504800
42-88	189670
42-88	080760
42-88	091390
42-88	01079020
42-88	023620
42-89	105160
42-89	104860
42-89	247700
42-89	247880
42-89	01012610
42-89	033610
42-89	216740
42-89	248680
42-89	105510
42-89	001020
42-90	134120
42-90	164380
42-90	133610
42-90	134110
42-90	139360
42-90	166020
42-90	165920
42-90	166810
42-90	132980
42-90	136800
42-91	168520
42-91	172270
42-91	125260
42-91	163310
42-91	005390
42-91	202470
42-91	136830
42-91	123790
42-91	004670
42-91	166990
42-92	146940
42-92	153300
42-92	147390
42-92	005620
42-92	147520
42-92	152970
42-92	150940
42-92	147100
42-92	146750
42-92	148820
42-93	152750
42-93	152780
42-93	036140
42-93	026630
42-93	001090
42-93	01076590
42-93	066950
42-93	01000050
42-93	395150
42-93	026580
42-94	328800
42-94	161180
42-94	324360
42-94	324020
42-94	053840
42-94	161120
42-94	323870
42-94	222630
42-94	468000
42-94	326500
43-1	195260
43-1	194160
43-1	194040
43-1	195270
43-1	196330
43-1	193400
43-1	195550
43-1	195850
43-1	195520
43-1	195610
43-2	195830
43-2	195430
43-2	197370
43-2	193760
43-2	104860
43-2	234380
43-2	198290
43-2	247700
43-2	210030
43-2	194860
43-3	214580
43-3	217110
43-3	004000
43-3	003620
43-3	003720
43-3	121780
43-3	01001680
43-3	01074100
43-3	003760
43-3	352030
43-4	269400
43-4	269110
43-4	269390
43-4	270370
43-4	270740
43-4	272500
43-4	269680
43-4	271680
43-4	270750
43-4	268900
43-5	310750
43-5	309920
43-5	311120
43-5	462970
43-5	309850
43-5	310660
43-5	312780
43-5	310050
43-5	312230
43-5	308270
43-6	329210
43-6	416620
43-6	327950
43-6	326910
43-6	328440
43-6	327420
43-6	328750
43-6	328710
43-6	326570
43-6	331550
43-7	343510
43-7	342670
43-7	342010
43-7	347790
43-7	289500
43-7	342080
43-7	150870
43-7	342050
43-7	357250
43-7	341970
43-8	349840
43-8	349940
43-8	351610
43-8	395010
43-8	345650
43-8	344280
43-8	345510
43-8	352230
43-8	347500
43-8	345840
43-9	355790
43-9	358300
43-9	360990
43-9	442440
43-9	438300
43-9	441060
43-9	355700
43-9	437950
43-9	01077960
43-9	363160
43-10	376310
43-10	376470
43-10	136210
43-10	373670
43-10	376270
43-10	374330
43-10	382370
43-10	379080
43-10	375540
43-10	212900
43-11	391710
43-11	389800
43-11	390980
43-11	389190
43-11	388360
43-11	392390
43-11	390280
43-11	388410
43-11	392410
43-11	393880
43-12	327010
43-12	339200
43-12	400690
43-12	400490
43-12	110020
43-12	400140
43-12	400460
43-12	400280
43-12	403620
43-12	326360
43-13	411650
43-13	327490
43-13	416340
43-13	316530
43-13	337060
43-13	417410
43-13	159460
43-13	262010
43-13	326800
43-13	316940
43-14	446500
43-14	446640
43-14	447010
43-14	447350
43-14	347940
43-14	446120
43-14	446520
43-14	343700
43-14	345360
43-14	446130
43-15	459070
43-15	462370
43-15	01092310
43-15	456010
43-15	457270
43-15	457280
43-15	01092300
43-15	458500
43-15	01091830
43-15	322760
43-16	498890
43-16	552570
43-16	01098490
43-16	498990
43-16	352550
43-16	521150
43-16	502040
43-16	498770
43-16	499450
43-16	499000
43-17	528420
43-17	041480
43-17	020590
43-17	005500
43-17	020850
43-17	034410
43-17	161360
43-17	495460
43-17	020630
43-17	020670
43-18	532850
43-18	535830
43-18	532680
43-18	532130
43-18	537750
43-18	534510
43-18	537310
43-18	536770
43-18	536840
43-18	535540
43-19	001570
43-19	001470
43-19	080670
43-19	085020
43-19	098890
43-19	078890
43-19	116630
43-19	002760
43-19	003160
43-19	132650
43-20	003480
43-20	016940
43-20	002050
43-20	258930
43-20	080310
43-20	000050
43-20	002000
43-20	081260
43-20	001470
43-20	001120
43-21	123780
43-21	237170
43-21	203100
43-21	172280
43-21	011690
43-21	01003540
43-21	006120
43-21	140130
43-21	005250
43-21	011080
43-22	023820
43-22	023900
43-22	023910
43-22	022880
43-22	022330
43-22	01009930
43-22	027590
43-22	023440
43-22	447980
43-22	022200
43-23	056210
43-23	113670
43-23	116860
43-23	163660
43-23	055630
43-23	275170
43-23	055870
43-23	01016290
43-23	224440
43-23	021890
43-24	070070
43-24	070010
43-24	075460
43-24	069980
43-24	069610
43-24	069860
43-24	163660
43-24	069740
43-24	069590
43-24	069750
43-25	101530
43-25	245850
43-25	101600
43-25	101610
43-25	101400
43-25	099950
43-25	391270
43-25	435190
43-25	091550
43-25	094090
43-26	117260
43-26	116710
43-26	117310
43-26	116760
43-26	119430
43-26	116700
43-26	01031440
43-26	120600
43-26	119750
43-26	119660
43-27	116580
43-27	224770
43-27	116270
43-27	116320
43-27	118820
43-27	118660
43-27	118580
43-27	116370
43-27	099660
43-27	117160
43-28	132090
43-28	132010
43-28	336940
43-28	132360
43-28	080340
43-28	131940
43-28	326800
43-28	215150
43-28	031560
43-28	163460
43-29	159320
43-29	159070
43-29	159910
43-29	166110
43-29	351300
43-29	246030
43-29	200250
43-29	353200
43-29	259090
43-29	349530
43-30	161550
43-30	161620
43-30	161540
43-30	236430
43-30	324500
43-30	353420
43-30	058420
43-30	064400
43-30	379920
43-30	348060
43-31	164670
43-31	165510
43-31	345410
43-31	346770
43-31	345990
43-31	01077300
43-31	345620
43-31	344290
43-31	346620
43-31	344970
43-32	168520
43-32	163310
43-32	167000
43-32	121600
43-32	174750
43-32	168700
43-32	176640
43-32	166590
43-32	172320
43-32	377360
43-33	258950
43-33	395160
43-33	081800
43-33	316330
43-33	259610
43-33	157950
43-33	018240
43-33	154880
43-33	504590
43-33	337440
43-34	305120
43-34	275170
43-34	163660
43-34	275300
43-34	113670
43-34	308700
43-34	306860
43-34	304320
43-34	224440
43-34	308810
43-35	327010
43-35	326360
43-35	329810
43-35	326860
43-35	01010860
43-35	328890
43-35	326610
43-35	328950
43-35	416750
43-35	328060
43-36	333210
43-36	225420
43-36	223960
43-36	334470
43-36	163660
43-36	133060
43-36	331930
43-36	373930
43-36	133490
43-36	136070
43-37	405730
43-37	308540
43-37	378310
43-37	074100
43-37	187360
43-37	277030
43-37	404880
43-37	277270
43-37	330700
43-37	406960
43-38	414860
43-38	275420
43-38	280150
43-38	275860
43-38	518670
43-38	167470
43-38	518960
43-38	01084420
43-38	404150
43-38	414680
43-39	416470
43-39	416850
43-39	416280
43-39	416800
43-39	416200
43-39	415990
43-39	415980
43-39	417820
43-39	416530
43-39	416250
43-40	457950
43-40	457500
43-40	457100
43-40	459960
43-40	456810
43-40	457110
43-40	455970
43-40	458620
43-40	456390
43-40	455780
43-41	471590
43-41	259320
43-41	471240
43-41	038600
43-41	155100
43-41	471270
43-41	01011610
43-41	01010410
43-41	471260
43-41	327010
43-42	155350
43-42	038490
43-42	228150
43-42	038310
43-42	01014160
43-42	227670
43-42	228720
43-42	327120
43-42	039510
43-42	326900
43-43	492660
43-43	492450
43-43	01098050
43-43	491400
43-43	492030
43-43	494220
43-43	491840
43-43	492980
43-43	491680
43-43	491770
43-44	01000880
43-44	029830
43-44	000470
43-44	326400
43-44	029850
43-44	015450
43-44	000640
43-44	224300
43-44	000200
43-44	055550
43-45	062450
43-45	127540
43-45	177540
43-45	143090
43-45	175610
43-45	010630
43-45	143660
43-45	013620
43-45	303280
43-45	01004780
43-46	032220
43-46	471210
43-46	146810
43-46	222540
43-46	527370
43-46	151310
43-46	489800
43-46	130320
43-46	000370
43-46	01000150
43-47	062240
43-47	156610
43-47	062500
43-47	245350
43-47	155740
43-47	056680
43-47	155450
43-47	002920
43-47	155380
43-47	060360
43-48	143090
43-48	062450
43-48	177540
43-48	143660
43-48	175610
43-48	127540
43-48	303280
43-48	392970
43-48	139660
43-48	01035100
43-49	162710
43-49	133070
43-49	162450
43-49	132740
43-49	300060
43-49	162750
43-49	162570
43-49	163490
43-49	233730
43-49	304340
43-50	224530
43-50	243100
43-50	259220
43-50	01029300
43-50	471630
43-50	146640
43-50	036330
43-50	039940
43-50	400600
43-50	039210
43-51	472990
43-51	262560
43-51	01062950
43-51	261950
43-51	330160
43-51	01041170
43-51	328860
43-51	040420
43-51	472360
43-51	041090
43-52	282700
43-52	01067780
43-52	168420
43-52	282470
43-52	169030
43-52	166470
43-52	281110
43-52	167270
43-52	179200
43-52	175120
43-53	457330
43-53	456830
43-53	457680
43-53	458770
43-53	462080
43-53	267560
43-53	456400
43-53	457690
43-53	056440
43-53	455800
43-54	027280
43-54	326080
43-54	026820
43-54	027540
43-54	027020
43-54	027710
43-54	027290
43-54	01009930
43-54	01010570
43-54	01010700
43-55	194670
43-55	194640
43-55	228070
43-55	113720
43-55	212970
43-55	056100
43-55	194430
43-55	133740
43-55	188440
43-55	116970
43-56	186440
43-56	187770
43-56	234540
43-56	070580
43-56	186410
43-56	187200
43-56	100700
43-56	187130
43-56	521140
43-56	416450
43-57	059400
43-57	060980
43-57	060880
43-57	063370
43-57	060530
43-57	057850
43-57	172080
43-57	137710
43-57	01017790
43-57	062290
43-58	100930
43-58	101140
43-58	102120
43-58	01027150
43-58	101430
43-58	102000
43-58	100840
43-58	158820
43-58	100660
43-58	301270
43-59	067650
43-59	067820
43-59	068010
43-59	067320
43-59	108730
43-59	067230
43-59	323840
43-59	287850
43-59	357550
43-59	067620
43-60	162360
43-60	031390
43-60	032260
43-60	01011750
43-60	032250
43-60	162310
43-60	162330
43-60	162290
43-60	067520
43-60	01042760
43-61	338500
43-61	306420
43-61	319730
43-61	01043840
43-61	234960
43-61	233750
43-61	429040
43-61	427470
43-61	276100
43-61	006400
43-62	020600
43-62	001110
43-62	085690
43-62	020580
43-62	020610
43-62	055830
43-62	342020
43-62	342230
43-62	108430
43-62	342370
43-63	256930
43-63	257020
43-63	01007260
43-63	256900
43-63	117520
43-63	056230
43-63	069220
43-63	260110
43-63	257640
43-63	01062190
43-64	142210
43-64	142200
43-64	226470
43-64	542040
43-64	104720
43-64	282760
43-64	105680
43-64	105870
43-64	139830
43-64	138290
43-65	272980
43-65	106480
43-65	105920
43-65	272970
43-65	542050
43-65	142210
43-65	107640
43-65	538670
43-65	541940
43-65	106500
43-66	519300
43-66	519290
43-66	107340
43-66	106860
43-66	01012960
43-66	034170
43-66	01012980
43-66	034660
43-66	542190
43-66	163990
43-67	541840
43-67	105780
43-67	105750
43-67	106790
43-67	541830
43-67	034620
43-67	105030
43-67	248030
43-67	249470
43-67	105930
43-68	008220
43-68	058840
43-68	120190
43-68	058400
43-68	060750
43-68	01000140
43-68	056790
43-68	062850
43-68	060710
43-68	057240
43-69	069980
43-69	071020
43-69	135200
43-69	213400
43-69	327520
43-69	070310
43-69	186320
43-69	317890
43-69	073340
43-69	305600
43-70	155700
43-70	259830
43-70	155720
43-70	039910
43-70	259840
43-70	039920
43-70	040820
43-70	039270
43-70	472060
43-70	042570
43-71	163870
43-71	01035100
43-71	01002710
43-71	133570
43-71	164150
43-71	163140
43-71	01031410
43-71	162730
43-71	224530
43-71	147100
43-72	189590
43-72	189580
43-72	189570
43-72	291010
43-72	344200
43-72	017080
43-72	031490
43-72	189600
43-72	482470
43-72	343740
43-73	042010
43-73	324510
43-73	039970
43-73	472330
43-73	455500
43-73	518310
43-73	329500
43-73	038390
43-73	043570
43-73	330040
43-74	01065710
43-74	01051670
43-74	173280
43-74	237400
43-74	01005320
43-74	174750
43-74	175240
43-74	01092560
43-74	172310
43-74	137370
43-75	102280
43-75	102450
43-75	352760
43-75	349920
43-75	353070
43-75	061510
43-75	488420
43-75	062060
43-75	348730
43-75	090430
43-76	330970
43-76	325180
43-76	161770
43-76	333960
43-76	509420
43-76	333810
43-76	334580
43-76	326890
43-76	329530
43-76	334150
43-77	133630
43-77	117000
43-77	163800
43-77	01043220
43-77	133480
43-77	114070
43-77	135250
43-77	165530
43-77	005070
43-77	305050
43-78	416750
43-78	521760
43-78	524290
43-78	523810
43-78	522050
43-78	269960
43-78	549960
43-78	402400
43-78	452380
43-78	041380
43-79	165230
43-79	117760
43-79	305450
43-79	275110
43-79	000450
43-79	163640
43-79	133260
43-79	163250
43-79	163390
43-79	167680
43-80	524650
43-80	525730
43-80	526100
43-80	526570
43-80	526380
43-80	527750
43-80	525350
43-80	049750
43-80	502000
43-80	525880
43-81	166630
43-81	168100
43-81	164090
43-81	165750
43-81	164190
43-81	169500
43-81	166810
43-81	133660
43-81	176490
43-81	014260
43-82	003560
43-82	109780
43-82	482780
43-82	003510
43-82	482790
43-82	090570
43-82	003660
43-82	213470
43-82	003490
43-82	337070
43-83	008400
43-83	009570
43-83	121700
43-83	006760
43-83	010630
43-83	01003670
43-83	006250
43-83	120200
43-83	008600
43-83	009330
43-84	001270
43-84	01013290
43-84	036090
43-84	039250
43-84	004290
43-84	065130
43-84	001440
43-84	466650
43-84	080330
43-84	066860
43-85	134200
43-85	164390
43-85	135100
43-85	134210
43-85	165890
43-85	388790
43-85	133470
43-85	100190
43-85	135650
43-85	213400
43-86	162350
43-86	162340
43-86	162640
43-86	193890
43-86	085110
43-86	080480
43-86	01042800
43-86	162600
43-86	193790
43-86	162410
43-87	194750
43-87	196300
43-87	194760
43-87	194400
43-87	195630
43-87	195850
43-87	201040
43-87	196410
43-87	01008730
43-87	019610
43-88	437990
43-88	437800
43-88	098110
43-88	443270
43-88	441670
43-88	437640
43-88	440100
43-88	440120
43-88	440870
43-88	441020
43-89	008220
43-89	007620
43-89	007440
43-89	007890
43-89	012280
43-89	01003840
43-89	006250
43-89	009260
43-89	008370
43-89	01002650
43-90	312200
43-90	038970
43-90	054270
43-90	470640
43-90	315150
43-90	395010
43-90	470240
43-90	470190
43-90	263110
43-90	469860
43-91	542040
43-91	519300
43-91	542050
43-91	107340
43-91	483040
43-91	264080
43-91	142210
43-91	106580
43-91	142200
43-91	106820
43-92	01000050
43-92	000110
43-92	000210
43-92	003040
43-92	003050
43-92	01009610
43-92	000810
43-92	344160
43-92	289180
43-92	000030
43-93	125500
43-93	102620
43-93	125010
43-93	116970
43-93	141700
43-93	129600
43-93	174180
43-93	121010
43-93	120080
43-93	126650
43-94	202070
43-94	01052400
43-94	01051790
43-94	290910
43-94	01052330
43-94	01052320
43-94	01004790
43-94	322480
43-94	207070
43-94	206240
44-1	205280
44-1	125500
44-1	194640
44-1	194670
44-1	197590
44-1	196960
44-1	204820
44-1	201680
44-1	196330
44-1	194430
44-2	358100
44-2	359310
44-2	065750
44-2	360620
44-2	295770
44-2	130780
44-2	366020
44-2	065760
44-2	157280
44-2	370020
44-3	155700
44-3	039910
44-3	259830
44-3	039270
44-3	039920
44-3	259840
44-3	155720
44-3	041080
44-3	040860
44-3	040820
44-4	162340
44-4	162350
44-4	162640
44-4	085110
44-4	080480
44-4	085260
44-4	162670
44-4	162600
44-4	162410
44-4	032290
44-5	518390
44-5	518160
44-5	519240
44-5	518570
44-5	518560
44-5	519230
44-5	518020
44-5	518010
44-5	518610
44-5	518450
44-6	037810
44-6	244250
44-6	098730
44-6	099040
44-6	000040
44-6	086710
44-6	01061230
44-6	033540
44-6	154720
44-6	341560
44-7	292310
44-7	351440
44-7	349770
44-7	295570
44-7	295990
44-7	043170
44-7	355550
44-7	294850
44-7	01062480
44-7	296440
44-8	090600
44-8	234440
44-8	01016560
44-8	056720
44-8	089880
44-8	089810
44-8	275870
44-8	091640
44-8	279820
44-8	164790
44-9	081870
44-9	094470
44-9	359690
44-9	081330
44-9	081150
44-9	082450
44-9	083090
44-9	102070
44-9	082190
44-9	081580
44-10	377010
44-10	374700
44-10	374210
44-10	376750
44-10	375720
44-10	375280
44-10	378210
44-10	374170
44-10	376350
44-10	379610
44-11	202870
44-11	198990
44-11	201130
44-11	201850
44-11	01051710
44-11	202470
44-11	202900
44-11	248830
44-11	209370
44-11	200940
44-12	352160
44-12	355660
44-12	01080000
44-12	359840
44-12	415840
44-12	393420
44-12	389200
44-12	349810
44-12	354060
44-12	356170
44-13	281100
44-13	168980
44-13	137320
44-13	170030
44-13	162960
44-13	177890
44-13	165570
44-13	175880
44-13	166660
44-13	121400
44-14	328770
44-14	329370
44-14	328760
44-14	328170
44-14	222830
44-14	222710
44-14	330220
44-14	259480
44-14	329170
44-14	223340
44-15	070250
44-15	374030
44-15	163240
44-15	070350
44-15	430610
44-15	069810
44-15	133520
44-15	069980
44-15	070800
44-15	069320
44-16	279440
44-16	056380
44-16	300480
44-16	133780
44-16	164940
44-16	300110
44-16	224460
44-16	162370
44-16	224710
44-16	01003090
44-17	192580
44-17	192550
44-17	192530
44-17	017820
44-17	342800
44-17	336780
44-17	036410
44-17	086750
44-17	086880
44-17	015800
44-18	401420
44-18	328600
44-18	260780
44-18	161770
44-18	261350
44-18	326790
44-18	328080
44-18	01029550
44-18	245530
44-18	416140
44-19	027810
44-19	266700
44-19	266670
44-19	266710
44-19	271510
44-19	031280
44-19	004380
44-19	266630
44-19	266870
44-19	147260
44-20	066530
44-20	066540
44-20	066550
44-20	354940
44-20	321580
44-20	020990
44-20	395100
44-20	01079120
44-20	363270
44-20	352940
44-21	215290
44-21	000940
44-21	01005440
44-21	000950
44-21	256750
44-21	218760
44-21	184830
44-21	017250
44-21	477010
44-21	100390
44-22	224330
44-22	224290
44-22	01013150
44-22	152760
44-22	152740
44-22	031600
44-22	267450
44-22	343190
44-22	317500
44-22	079230
44-23	266580
44-23	002760
44-23	003030
44-23	342060
44-23	266590
44-23	000100
44-23	266610
44-23	085750
44-23	002750
44-23	01000510
44-24	480900
44-24	481580
44-24	479570
44-24	481850
44-24	480720
44-24	356850
44-24	347640
44-24	479000
44-24	082650
44-24	349270
44-25	528470
44-25	530010
44-25	532480
44-25	532670
44-25	529620
44-25	532320
44-25	534750
44-25	532660
44-25	531170
44-25	537340
44-26	169400
44-26	137800
44-26	168560
44-26	225580
44-26	164440
44-26	135100
44-26	009160
44-26	169870
44-26	167270
44-26	163290
44-27	073850
44-27	073690
44-27	072950
44-27	075310
44-27	216340
44-27	071380
44-27	272350
44-27	075400
44-27	073410
44-27	074350
44-28	072020
44-28	186820
44-28	270370
44-28	339780
44-28	214620
44-28	156890
44-28	058410
44-28	073320
44-28	318510
44-28	074180
44-29	018940
44-29	018990
44-29	067660
44-29	490980
44-29	018890
44-29	350700
44-29	519820
44-29	348960
44-29	082000
44-29	347670
44-30	038210
44-30	019250
44-30	243950
44-30	019270
44-30	037730
44-30	038060
44-30	029900
44-30	112110
44-30	069580
44-30	342110
44-31	040090
44-31	007110
44-31	008530
44-31	007500
44-31	322480
44-31	035900
44-31	01005010
44-31	068050
44-31	008490
44-31	012300
44-32	259260
44-32	039450
44-32	155190
44-32	155460
44-32	471620
44-32	468470
44-32	089800
44-32	043690
44-32	154460
44-32	323870
44-33	257650
44-33	257910
44-33	257700
44-33	386570
44-33	256910
44-33	386870
44-33	01079720
44-33	01054990
44-33	257710
44-33	257210
44-34	438820
44-34	01089490
44-34	441020
44-34	443830
44-34	439280
44-34	437820
44-34	437660
44-34	437790
44-34	440100
44-34	438660
44-35	458230
44-35	457010
44-35	456670
44-35	301050
44-35	425300
44-35	457320
44-35	455710
44-35	457540
44-35	456230
44-35	455730
44-36	531440
44-36	264210
44-36	474080
44-36	528560
44-36	038430
44-36	530160
44-36	474310
44-36	01040270
44-36	048170
44-36	048600
44-37	071500
44-37	074090
44-37	071210
44-37	071650
44-37	01020270
44-37	069630
44-37	070490
44-37	071640
44-37	070450
44-37	069270
44-38	224300
44-38	162550
44-38	279140
44-38	01000880
44-38	274970
44-38	055550
44-38	029830
44-38	163170
44-38	133120
44-38	329320
44-39	130600
44-39	130590
44-39	131440
44-39	402880
44-39	130340
44-39	130630
44-39	401520
44-39	041640
44-39	203150
44-39	196260
44-40	015920
44-40	01006930
44-40	01006590
44-40	015980
44-40	254070
44-40	350250
44-40	015760
44-40	015990
44-40	015770
44-40	350290
44-41	168420
44-41	308230
44-41	169820
44-41	136680
44-41	168700
44-41	165050
44-41	01072340
44-41	167390
44-41	169030
44-41	137680
44-42	308230
44-42	168420
44-42	01072340
44-42	306960
44-42	307090
44-42	307130
44-42	308120
44-42	306710
44-42	311760
44-42	169820
44-43	309220
44-43	276290
44-43	302120
44-43	306260
44-43	301230
44-43	389410
44-43	379210
44-43	307120
44-43	305970
44-43	01072370
44-44	322480
44-44	000620
44-44	483100
44-44	254610
44-44	000870
44-44	053930
44-44	451380
44-44	451370
44-44	395030
44-44	01000250
44-45	540570
44-45	177380
44-45	541190
44-45	165170
44-45	086280
44-45	086180
44-45	422150
44-45	540630
44-45	020820
44-45	540910
44-46	140850
44-46	173490
44-46	140060
44-46	061740
44-46	172310
44-46	170120
44-46	011160
44-46	139660
44-46	178130
44-46	174770
44-47	174770
44-47	140850
44-47	141770
44-47	172310
44-47	178130
44-47	173490
44-47	172610
44-47	01005180
44-47	311100
44-47	170120
44-48	343880
44-48	342800
44-48	345860
44-48	347200
44-48	342390
44-48	347610
44-48	344930
44-48	342310
44-48	345230
44-48	345910
44-49	069580
44-49	069490
44-49	070050
44-49	070190
44-49	069360
44-49	070390
44-49	540050
44-49	070400
44-49	070100
44-49	070460
44-50	079140
44-50	256810
44-50	257080
44-50	256760
44-50	256820
44-50	257380
44-50	386380
44-50	257030
44-50	256880
44-50	257220
44-51	190030
44-51	132650
44-51	317500
44-51	001530
44-51	055580
44-51	002780
44-51	152740
44-51	224280
44-51	373130
44-51	098690
44-52	230050
44-52	005680
44-52	228670
44-52	257300
44-52	438880
44-52	230480
44-52	230550
44-52	233170
44-52	01057540
44-52	230760
44-53	156720
44-53	258810
44-53	258950
44-53	327500
44-53	482460
44-53	328500
44-53	154360
44-53	079790
44-53	327060
44-53	327070
44-54	308670
44-54	01071950
44-54	307530
44-54	01072170
44-54	309880
44-54	01072370
44-54	308080
44-54	01093130
44-54	307270
44-54	305210
44-55	279440
44-55	300480
44-55	224460
44-55	322830
44-55	348020
44-55	322840
44-55	279190
44-55	056380
44-55	163930
44-55	056150
44-56	355310
44-56	352660
44-56	360470
44-56	413060
44-56	315270
44-56	344270
44-56	413010
44-56	355250
44-56	345970
44-56	315850
44-57	014730
44-57	014880
44-57	011570
44-57	125210
44-57	011270
44-57	01005020
44-57	345650
44-57	010010
44-57	007830
44-57	005920
44-58	162360
44-58	162290
44-58	162310
44-58	162330
44-58	162400
44-58	031390
44-58	032250
44-58	193210
44-58	01011750
44-58	032260
44-59	543610
44-59	222580
44-59	214510
44-59	218040
44-59	216150
44-59	217760
44-59	01056030
44-59	124490
44-59	214430
44-59	01041670
44-60	017790
44-60	258550
44-60	154360
44-60	005600
44-60	098770
44-60	336890
44-60	091020
44-60	222530
44-60	516770
44-60	164910
44-61	163090
44-61	056370
44-61	056670
44-61	165070
44-61	057380
44-61	055790
44-61	067730
44-61	055890
44-61	279360
44-61	000140
44-62	029030
44-62	029140
44-62	029020
44-62	029150
44-62	028990
44-62	029570
44-62	028960
44-62	028970
44-62	028980
44-62	029130
44-63	499490
44-63	521740
44-63	499710
44-63	511870
44-63	339580
44-63	433170
44-63	324380
44-63	498250
44-63	323900
44-63	260920
44-64	085720
44-64	015470
44-64	015690
44-64	069230
44-64	001220
44-64	085680
44-64	001100
44-64	437880
44-64	098700
44-64	091480
44-65	131910
44-65	105090
44-65	131840
44-65	131870
44-65	154600
44-65	036280
44-65	067160
44-65	087160
44-65	087530
44-65	131990
44-66	300280
44-66	162490
44-66	300240
44-66	162500
44-66	300210
44-66	022430
44-66	163660
44-66	304540
44-66	171750
44-66	304650
44-67	018270
44-67	348930
44-67	347640
44-67	471650
44-67	360820
44-67	154360
44-67	018380
44-67	416480
44-67	352280
44-67	415750
44-68	043690
44-68	468150
44-68	468210
44-68	468430
44-68	467740
44-68	469940
44-68	468930
44-68	324800
44-68	468790
44-68	468470
44-69	121760
44-69	468500
44-69	043690
44-69	468590
44-69	467740
44-69	127050
44-69	467980
44-69	468210
44-69	467920
44-69	468100
44-70	304750
44-70	304420
44-70	305360
44-70	306580
44-70	01037380
44-70	305220
44-70	304570
44-70	432270
44-70	305000
44-70	147370
44-71	467740
44-71	017760
44-71	467750
44-71	467760
44-71	045640
44-71	017770
44-71	467860
44-71	516470
44-71	01007970
44-71	037510
44-72	029090
44-72	029080
44-72	028970
44-72	028950
44-72	029060
44-72	029010
44-72	001460
44-72	026610
44-72	029140
44-72	067690
44-73	002050
44-73	056730
44-73	002190
44-73	081230
44-73	017950
44-73	031460
44-73	155420
44-73	258930
44-73	017050
44-73	056680
44-74	194940
44-74	019380
44-74	134040
44-74	019950
44-74	195990
44-74	199480
44-74	195140
44-74	057730
44-74	200490
44-74	201030
44-75	066120
44-75	290790
44-75	255510
44-75	058030
44-75	069580
44-75	005320
44-75	01004880
44-75	003590
44-75	082040
44-75	036140
44-76	222210
44-76	222260
44-76	029360
44-76	023800
44-76	365990
44-76	017370
44-76	01007800
44-76	031430
44-76	023760
44-76	113770
44-77	323750
44-77	323810
44-77	446440
44-77	446610
44-77	446110
44-77	323870
44-77	446710
44-77	446750
44-77	446240
44-77	446450
44-78	455480
44-78	038790
44-78	258580
44-78	039130
44-78	151320
44-78	227870
44-78	01074580
44-78	338250
44-78	103770
44-78	031360
44-79	110260
44-79	01029460
44-79	01029410
44-79	01029400
44-79	416230
44-79	306000
44-79	186290
44-79	276050
44-79	275930
44-79	110100
44-80	267440
44-80	066980
44-80	181640
44-80	066880
44-80	342320
44-80	342630
44-80	387880
44-80	066840
44-80	004260
44-80	212430
44-81	033540
44-81	085890
44-81	085830
44-81	323790
44-81	01012920
44-81	033520
44-81	034190
44-81	437360
44-81	032950
44-81	185420
44-82	113720
44-82	005220
44-82	212970
44-82	194670
44-82	133740
44-82	194640
44-82	471480
44-82	279670
44-82	188440
44-82	056100
44-83	304670
44-83	163130
44-83	304510
44-83	304650
44-83	304690
44-83	304320
44-83	304660
44-83	305330
44-83	275050
44-83	162880
44-84	362930
44-84	01081320
44-84	362410
44-84	362920
44-84	353740
44-84	300960
44-84	280460
44-84	317240
44-84	367770
44-84	175860
44-85	401090
44-85	400180
44-85	01071470
44-85	401780
44-85	400040
44-85	403480
44-85	405710
44-85	400050
44-85	406150
44-85	400710
44-86	429630
44-86	429620
44-86	465210
44-86	430410
44-86	425040
44-86	304120
44-86	426760
44-86	423730
44-86	425170
44-86	430280
44-87	482550
44-87	060510
44-87	199610
44-87	460640
44-87	482540
44-87	157530
44-87	482510
44-87	157540
44-87	093310
44-87	254720
44-88	165100
44-88	139470
44-88	169900
44-88	057850
44-88	171930
44-88	170350
44-88	165930
44-88	178090
44-88	135900
44-88	170270
44-89	363300
44-89	01081390
44-89	298460
44-89	366580
44-89	552590
44-89	01070470
44-89	351500
44-89	367280
44-89	356380
44-89	552650
44-90	465890
44-90	461710
44-90	296990
44-90	464770
44-90	01094260
44-90	01093790
44-90	460260
44-90	463920
44-90	465190
44-90	464560
44-91	122620
44-91	168390
44-91	010790
44-91	009290
44-91	01005700
44-91	121050
44-91	01004490
44-91	01005090
44-91	01005710
44-91	202130
44-92	124340
44-92	122130
44-92	123410
44-92	119670
44-92	123390
44-92	01033050
44-92	01032650
44-92	120830
44-92	010610
44-92	118410
44-93	194910
44-93	195120
44-93	193650
44-93	055940
44-93	197010
44-93	01049630
44-93	194470
44-93	194960
44-93	200670
44-93	194390
44-94	252810
44-94	01012610
44-94	249060
44-94	252630
44-94	033600
44-94	121850
44-94	034290
44-94	126840
44-94	057710
44-94	088860
45-1	405440
45-1	407580
45-1	01085300
45-1	404690
45-1	406400
45-1	402470
45-1	405360
45-1	408080
45-1	046120
45-1	409520
45-2	321590
45-2	434700
45-2	01074020
45-2	321450
45-2	01074040
45-2	01088290
45-2	434300
45-2	321710
45-2	434960
45-2	01088210
45-3	254740
45-3	037850
45-3	472790
45-3	259250
45-3	041620
45-3	043190
45-3	044470
45-3	042650
45-3	038750
45-3	262190
45-4	118820
45-4	01002560
45-4	006080
45-4	314170
45-4	090650
45-4	117840
45-4	100180
45-4	006140
45-4	007060
45-4	01002380
45-5	014060
45-5	01006100
45-5	014720
45-5	252780
45-5	034610
45-5	014010
45-5	013470
45-5	194550
45-5	010020
45-5	007750
45-6	027370
45-6	027380
45-6	243780
45-6	519820
45-6	519840
45-6	028230
45-6	068570
45-6	01037920
45-6	153370
45-6	027480
45-7	036140
45-7	227450
45-7	036350
45-7	036250
45-7	146610
45-7	069300
45-7	003090
45-7	001100
45-7	001630
45-7	098690
45-8	081110
45-8	327200
45-8	260370
45-8	105250
45-8	080340
45-8	346410
45-8	105380
45-8	268380
45-8	080570
45-8	091350
45-9	089260
45-9	104150
45-9	054260
45-9	053870
45-9	413590
45-9	01060450
45-9	021580
45-9	018110
45-9	053880
45-9	018180
45-10	120660
45-10	122030
45-10	120410
45-10	118460
45-10	119750
45-10	118560
45-10	119620
45-10	119320
45-10	116760
45-10	120680
45-11	126780
45-11	126850
45-11	125970
45-11	037470
45-11	365240
45-11	157260
45-11	513320
45-11	409940
45-11	343480
45-11	363030
45-12	122460
45-12	138750
45-12	134460
45-12	168120
45-12	167600
45-12	163710
45-12	000530
45-12	134390
45-12	133410
45-12	172820
45-13	326480
45-13	103770
45-13	01008330
45-13	161090
45-13	105030
45-13	344160
45-13	290020
45-13	081110
45-13	259340
45-13	490110
45-14	005800
45-14	113860
45-14	163100
45-14	275640
45-14	134240
45-14	234700
45-14	01035080
45-14	164780
45-14	116810
45-14	168690
45-15	202110
45-15	202140
45-15	01008850
45-15	196850
45-15	194460
45-15	202670
45-15	201620
45-15	193300
45-15	01004730
45-15	194450
45-16	197880
45-16	197310
45-16	008080
45-16	194910
45-16	208460
45-16	193650
45-16	200670
45-16	194530
45-16	201540
45-16	193760
45-17	170230
45-17	230830
45-17	228370
45-17	139030
45-17	230410
45-17	139500
45-17	434800
45-17	178750
45-17	281090
45-17	137920
45-18	231430
45-18	216520
45-18	027820
45-18	451480
45-18	232430
45-18	231490
45-18	451760
45-18	230930
45-18	230950
45-18	335570
45-19	021610
45-19	337080
45-19	185230
45-19	336830
45-19	001640
45-19	016770
45-19	007530
45-19	000270
45-19	478670
45-19	004610
45-20	275550
45-20	388890
45-20	275400
45-20	275170
45-20	388540
45-20	113670
45-20	391920
45-20	01083730
45-20	276360
45-20	01064790
45-21	01065170
45-21	389980
45-21	458980
45-21	389420
45-21	388670
45-21	392150
45-21	100830
45-21	388260
45-21	275550
45-21	01064990
45-22	458790
45-22	235630
45-22	01049330
45-22	042400
45-22	307150
45-22	136610
45-22	404760
45-22	167840
45-22	114400
45-22	465040
45-23	441620
45-23	442210
45-23	443330
45-23	441690
45-23	443210
45-23	353690
45-23	269930
45-23	346240
45-23	444510
45-23	438670
45-24	341580
45-24	341560
45-24	01076320
45-24	446330
45-24	342560
45-24	289230
45-24	038010
45-24	343450
45-24	342210
45-24	342570
45-25	447010
45-25	01090690
45-25	446120
45-25	447170
45-25	01012440
45-25	446190
45-25	447440
45-25	447740
45-25	446520
45-25	447060
45-26	475970
45-26	476310
45-26	476220
45-26	476330
45-26	031530
45-26	475820
45-26	476970
45-26	070280
45-26	475760
45-26	307990
45-27	379790
45-27	517070
45-27	516980
45-27	517120
45-27	517130
45-27	516960
45-27	549780
45-27	148060
45-27	256080
45-27	517020
45-28	185710
45-28	065890
45-28	01001330
45-28	01074100
45-28	080270
45-28	146590
45-28	001310
45-28	146610
45-28	067990
45-28	081940
45-29	003030
45-29	002750
45-29	103670
45-29	132650
45-29	078890
45-29	266580
45-29	002760
45-29	342060
45-29	003070
45-29	000100
45-30	006160
45-30	006500
45-30	01002490
45-30	01003410
45-30	035460
45-30	01002330
45-30	01002440
45-30	004490
45-30	152680
45-30	099970
45-31	000190
45-31	342430
45-31	347530
45-31	069580
45-31	152770
45-31	345220
45-31	084190
45-31	317510
45-31	348740
45-31	103710
45-32	402900
45-32	329820
45-32	400220
45-32	038140
45-32	044800
45-32	154400
45-32	242780
45-32	490120
45-32	039100
45-32	401490
45-33	017360
45-33	337810
45-33	337310
45-33	01007910
45-33	017680
45-33	435040
45-33	337520
45-33	337400
45-33	337530
45-33	316600
45-34	491370
45-34	491170
45-34	491100
45-34	491690
45-34	491240
45-34	491700
45-34	491660
45-34	492450
45-34	267050
45-34	040260
45-35	125210
45-35	011820
45-35	208260
45-35	263560
45-35	014310
45-35	011130
45-35	015360
45-35	014790
45-35	516570
45-35	125220
45-36	022070
45-36	104030
45-36	026760
45-36	01010430
45-36	026900
45-36	326360
45-36	026930
45-36	01010400
45-36	022630
45-36	233720
45-37	069540
45-37	069770
45-37	069750
45-37	071790
45-37	069310
45-37	072450
45-37	162900
45-37	069860
45-37	070680
45-37	069790
45-38	081490
45-38	080780
45-38	287120
45-38	080430
45-38	067650
45-38	01001420
45-38	080620
45-38	083150
45-38	083140
45-38	036800
45-39	034100
45-39	034050
45-39	033570
45-39	034090
45-39	034560
45-39	101060
45-39	033590
45-39	105530
45-39	033680
45-39	104950
45-40	138780
45-40	173460
45-40	171230
45-40	140190
45-40	170670
45-40	172940
45-40	380050
45-40	138750
45-40	138670
45-40	139300
45-41	137010
45-41	137000
45-41	137770
45-41	143010
45-41	166590
45-41	139090
45-41	170600
45-41	01044840
45-41	169820
45-41	122720
45-42	143540
45-42	013800
45-42	063210
45-42	01012070
45-42	141750
45-42	144280
45-42	144310
45-42	173910
45-42	137420
45-42	170450
45-43	160410
45-43	01063240
45-43	160400
45-43	049280
45-43	050950
45-43	265740
45-43	160810
45-43	040720
45-43	262590
45-43	044780
45-44	171230
45-44	173460
45-44	138780
45-44	390940
45-44	009990
45-44	390720
45-44	158820
45-44	170670
45-44	168790
45-44	172940
45-45	01005890
45-45	177210
45-45	171210
45-45	124980
45-45	173380
45-45	178020
45-45	013040
45-45	175390
45-45	168780
45-45	121040
45-46	196120
45-46	195180
45-46	057640
45-46	114090
45-46	200160
45-46	198050
45-46	193630
45-46	200140
45-46	117030
45-46	194760
45-47	202920
45-47	060890
45-47	217510
45-47	139880
45-47	208840
45-47	01047020
45-47	172170
45-47	199600
45-47	011300
45-47	209610
45-48	217510
45-48	139880
45-48	202920
45-48	218990
45-48	214380
45-48	118580
45-48	214310
45-48	217200
45-48	172170
45-48	213730
45-49	000270
45-49	088860
45-49	088820
45-49	195250
45-49	018080
45-49	173640
45-49	243460
45-49	243640
45-49	031680
45-49	099450
45-50	286410
45-50	284870
45-50	068640
45-50	317560
45-50	285620
45-50	285360
45-50	285810
45-50	286300
45-50	284660
45-50	284460
45-51	317500
45-51	152740
45-51	152760
45-51	031420
45-51	317540
45-51	001540
45-51	103710
45-51	224290
45-51	031760
45-51	000100
45-52	322050
45-52	322010
45-52	216330
45-52	220050
45-52	337340
45-52	01088160
45-52	465210
45-52	215400
45-52	303950
45-52	502790
45-53	352210
45-53	353130
45-53	01079740
45-53	353780
45-53	292920
45-53	353150
45-53	167550
45-53	350700
45-53	027670
45-53	166370
45-54	355590
45-54	357270
45-54	294750
45-54	349510
45-54	350450
45-54	345820
45-54	296870
45-54	366990
45-54	349700
45-54	350310
45-55	395100
45-55	322510
45-55	395090
45-55	073520
45-55	071010
45-55	073150
45-55	072430
45-55	036650
45-55	070970
45-55	222360
45-56	405980
45-56	289840
45-56	408180
45-56	137010
45-56	408460
45-56	403560
45-56	236980
45-56	333420
45-56	002060
45-56	403670
45-57	425710
45-57	425700
45-57	425200
45-57	424230
45-57	423950
45-57	424260
45-57	426590
45-57	423580
45-57	424620
45-57	425500
45-58	441680
45-58	440120
45-58	442000
45-58	437780
45-58	444520
45-58	440070
45-58	441670
45-58	438690
45-58	440080
45-58	439080
45-59	473220
45-59	044610
45-59	471220
45-59	471800
45-59	331540
45-59	044910
45-59	473520
45-59	473370
45-59	474420
45-59	254860
45-60	347640
45-60	349890
45-60	297730
45-60	499820
45-60	349510
45-60	499950
45-60	350350
45-60	349770
45-60	522820
45-60	318480
45-61	125950
45-61	123350
45-61	122120
45-61	118560
45-61	121860
45-61	118400
45-61	116680
45-61	01033310
45-61	125850
45-61	119400
45-62	135700
45-62	032960
45-62	133700
45-62	033000
45-62	134220
45-62	113740
45-62	175700
45-62	006400
45-62	019450
45-62	254120
45-63	182590
45-63	498760
45-63	410760
45-63	196420
45-63	520250
45-63	181900
45-63	166170
45-63	416790
45-63	390540
45-63	161100
45-64	194250
45-64	195090
45-64	196850
45-64	194040
45-64	200110
45-64	01008590
45-64	005490
45-64	194760
45-64	134610
45-64	01008610
45-65	197530
45-65	114450
45-65	197450
45-65	114790
45-65	214730
45-65	008180
45-65	01008790
45-65	307190
45-65	194600
45-65	197340
45-66	320120
45-66	320110
45-66	041500
45-66	494790
45-66	003280
45-66	319740
45-66	262480
45-66	265070
45-66	395200
45-66	395140
45-67	017690
45-67	321690
45-67	017700
45-67	321700
45-67	365570
45-67	062560
45-67	321890
45-67	416850
45-67	278970
45-67	046250
45-68	198780
45-68	197850
45-68	195380
45-68	195850
45-68	193850
45-68	01049800
45-68	01048390
45-68	194340
45-68	194530
45-68	204760
45-69	317090
45-69	317200
45-69	01081680
45-69	317300
45-69	317390
45-69	317280
45-69	317150
45-69	477190
45-69	489310
45-69	084450
45-70	095290
45-70	381210
45-70	095000
45-70	093920
45-70	377660
45-70	380010
45-70	089580
45-70	01025700
45-70	382190
45-70	092460
45-71	276640
45-71	392790
45-71	388710
45-71	169030
45-71	198910
45-71	389910
45-71	275430
45-71	390110
45-71	01065900
45-71	308120
45-72	163120
45-72	162670
45-72	081210
45-72	081470
45-72	322720
45-72	162350
45-72	006930
45-72	162640
45-72	031320
45-72	162410
45-73	355050
45-73	01077300
45-73	346770
45-73	345990
45-73	345620
45-73	351580
45-73	347700
45-73	01076990
45-73	01077930
45-73	344290
45-74	491720
45-74	492980
45-74	493010
45-74	492640
45-74	494170
45-74	491370
45-74	491840
45-74	492030
45-74	493890
45-74	493250
45-75	479080
45-75	244120
45-75	244540
45-75	01096830
45-75	038270
45-75	01096890
45-75	003770
45-75	01096840
45-75	165240
45-75	082080
45-76	196320
45-76	057450
45-76	119040
45-76	200440
45-76	019510
45-76	01050180
45-76	197360
45-76	197450
45-76	234970
45-76	200060
45-77	306400
45-77	308700
45-77	305730
45-77	308620
45-77	457920
45-77	389420
45-77	306110
45-77	323000
45-77	091550
45-77	310010
45-78	352200
45-78	353550
45-78	357920
45-78	01076980
45-78	358780
45-78	349730
45-78	349120
45-78	356000
45-78	271700
45-78	347480
45-79	452330
45-79	452320
45-79	452500
45-79	549940
45-79	452560
45-79	062300
45-79	451810
45-79	453030
45-79	451970
45-79	451420
45-80	002290
45-80	002220
45-80	002210
45-80	002350
45-80	002300
45-80	01001050
45-80	01010600
45-80	240370
45-80	195410
45-80	001110
45-81	01000140
45-81	032960
45-81	033090
45-81	058840
45-81	038070
45-81	236490
45-81	344280
45-81	000620
45-81	446450
45-81	033250
45-82	093830
45-82	090190
45-82	352930
45-82	354540
45-82	081120
45-82	495460
45-82	020700
45-82	105510
45-82	094030
45-82	289990
45-83	175930
45-83	180580
45-83	179460
45-83	175940
45-83	145700
45-83	174530
45-83	211070
45-83	180250
45-83	142390
45-83	136310
45-84	238810
45-84	208820
45-84	196700
45-84	274020
45-84	203290
45-84	394000
45-84	01050460
45-84	205710
45-84	199980
45-84	063550
45-85	366480
45-85	366670
45-85	366010
45-85	01079720
45-85	297800
45-85	01079500
45-85	258190
45-85	366580
45-85	317870
45-85	000890
45-86	368230
45-86	345710
45-86	367710
45-86	369630
45-86	367050
45-86	360870
45-86	367060
45-86	467870
45-86	367670
45-86	516470
45-87	396870
45-87	434710
45-87	291740
45-87	01084810
45-87	461880
45-87	412200
45-87	412260
45-87	518780
45-87	161940
45-87	397060
45-88	022650
45-88	455760
45-88	279190
45-88	132830
45-88	01009790
45-88	348520
45-88	279340
45-88	224310
45-88	022110
45-88	162590
45-89	038230
45-89	01013800
45-89	154820
45-89	01012340
45-89	005010
45-89	003700
45-89	347670
45-89	373100
45-89	214030
45-89	068630
45-90	088620
45-90	088630
45-90	088540
45-90	105470
45-90	330680
45-90	042590
45-90	088470
45-90	088660
45-90	088580
45-90	042580
45-91	01002400
45-91	150900
45-91	347350
45-91	346310
45-91	003670
45-91	348190
45-91	345550
45-91	079680
45-91	003860
45-91	348940
45-92	167670
45-92	168350
45-92	01044750
45-92	166890
45-92	302240
45-92	165580
45-92	225430
45-92	197080
45-92	166360
45-92	168960
45-93	301550
45-93	235620
45-93	058400
45-93	237480
45-93	167680
45-93	120190
45-93	307360
45-93	060750
45-93	136690
45-93	236280
45-94	237590
45-94	237880
45-94	236860
45-94	218020
45-94	239220
45-94	236510
45-94	238540
45-94	282840
45-94	237120
45-94	231500
46-1	472130
46-1	248190
46-1	326630
46-1	175210
46-1	250860
46-1	248530
46-1	249630
46-1	025580
46-1	062920
46-1	105080
46-2	389890
46-2	432070
46-2	392380
46-2	390960
46-2	214940
46-2	216950
46-2	072910
46-2	389800
46-2	185190
46-2	392350
46-3	389910
46-3	136690
46-3	114810
46-3	167680
46-3	391630
46-3	323060
46-3	389870
46-3	301550
46-3	275190
46-3	276950
46-4	455440
46-4	243880
46-4	118400
46-4	243450
46-4	254110
46-4	517760
46-4	243460
46-4	056730
46-4	063000
46-4	243640
46-5	477120
46-5	477850
46-5	478530
46-5	477770
46-5	477960
46-5	477130
46-5	477060
46-5	478280
46-5	478360
46-5	478510
46-6	472990
46-6	262290
46-6	472360
46-6	043600
46-6	01041170
46-6	473920
46-6	261950
46-6	041090
46-6	472420
46-6	471680
46-7	114120
46-7	135190
46-7	118640
46-7	006350
46-7	057460
46-7	033160
46-7	007080
46-7	196440
46-7	280500
46-7	033890
46-8	233580
46-8	233570
46-8	150900
46-8	081650
46-8	031910
46-8	347350
46-8	316000
46-8	348190
46-8	01011970
46-8	081370
46-9	287820
46-9	000900
46-9	000920
46-9	069220
46-9	001470
46-9	064740
46-9	090460
46-9	130010
46-9	258930
46-9	108630
46-10	352390
46-10	293250
46-10	196860
46-10	353230
46-10	004670
46-10	352400
46-10	355430
46-10	01000140
46-10	009200
46-10	122290
46-11	137800
46-11	169400
46-11	225580
46-11	168560
46-11	135100
46-11	136450
46-11	137440
46-11	164440
46-11	138970
46-11	139710
46-12	244940
46-12	091550
46-12	244160
46-12	433330
46-12	471990
46-12	090990
46-12	375160
46-12	245190
46-12	044090
46-12	244710
46-13	026000
46-13	025760
46-13	01010260
46-13	025290
46-13	01009960
46-13	023010
46-13	01010080
46-13	024710
46-13	01009790
46-13	01009850
46-14	198230
46-14	01050430
46-14	196780
46-14	201080
46-14	195140
46-14	355920
46-14	203580
46-14	270590
46-14	204600
46-14	198740
46-15	201510
46-15	205950
46-15	198830
46-15	140670
46-15	199980
46-15	202320
46-15	205660
46-15	01005140
46-15	205990
46-15	200720
46-16	270590
46-16	238030
46-16	235200
46-16	167800
46-16	01058690
46-16	236540
46-16	056650
46-16	01031970
46-16	198230
46-16	171950
46-17	118580
46-17	315680
46-17	259340
46-17	244560
46-17	057200
46-17	244700
46-17	244330
46-17	244020
46-17	243830
46-17	314970
46-18	270260
46-18	272380
46-18	270590
46-18	273610
46-18	273280
46-18	270770
46-18	156480
46-18	272540
46-18	005280
46-18	01063770
46-19	164550
46-19	300560
46-19	388600
46-19	279520
46-19	300370
46-19	01066560
46-19	134380
46-19	166730
46-19	164480
46-19	01043010
46-20	473110
46-20	473630
46-20	474090
46-20	474050
46-20	473010
46-20	473430
46-20	472670
46-20	474340
46-20	472360
46-20	01012540
46-21	288120
46-21	288380
46-21	258950
46-21	284790
46-21	347430
46-21	009580
46-21	288180
46-21	100410
46-21	189630
46-21	068230
46-22	551520
46-22	551530
46-22	299010
46-22	01101790
46-22	01101760
46-22	299180
46-22	551540
46-22	01101840
46-22	299170
46-22	325620
46-23	007720
46-23	119850
46-23	006770
46-23	006330
46-23	012900
46-23	010660
46-23	005680
46-23	280700
46-23	280700
46-23	006670
46-24	332840
46-24	125860
46-24	107610
46-24	126840
46-24	105510
46-24	372200
46-24	372190
46-24	372290
46-24	258360
46-24	050780
46-25	153260
46-25	153190
46-25	153490
46-25	153210
46-25	01037960
46-25	153590
46-25	153150
46-25	153530
46-25	153170
46-25	153440
46-26	332840
46-26	105870
46-26	372250
46-26	372290
46-26	517030
46-26	372350
46-26	105660
46-26	105440
46-26	371930
46-26	105270
46-27	002690
46-27	003020
46-27	078850
46-27	003030
46-27	342180
46-27	003070
46-27	078840
46-27	000100
46-27	341960
46-27	000080
46-28	003830
46-28	003940
46-28	003760
46-28	01001590
46-28	01006750
46-28	287900
46-28	064660
46-28	016100
46-28	064680
46-28	080490
46-29	012830
46-29	126520
46-29	205870
46-29	008700
46-29	007940
46-29	013990
46-29	105480
46-29	012780
46-29	011610
46-29	012120
46-30	016770
46-30	478690
46-30	000390
46-30	000650
46-30	243800
46-30	478670
46-30	479010
46-30	007530
46-30	269070
46-30	054510
46-31	200150
46-31	019870
46-31	01008770
46-31	01030940
46-31	009590
46-31	019940
46-31	009670
46-31	194890
46-31	198310
46-31	201720
46-32	083240
46-32	296280
46-32	195930
46-32	095870
46-32	085460
46-32	345410
46-32	276810
46-32	082020
46-32	129630
46-32	277470
46-33	151380
46-33	224550
46-33	388020
46-33	162860
46-33	423980
46-33	163770
46-33	133750
46-33	084270
46-33	432520
46-33	162590
46-34	167190
46-34	166570
46-34	166790
46-34	301390
46-34	168090
46-34	085190
46-34	168500
46-34	164700
46-34	01070630
46-34	280880
46-35	198740
46-35	019830
46-35	201010
46-35	009160
46-35	199550
46-35	199110
46-35	195980
46-35	194610
46-35	195810
46-35	201400
46-36	230170
46-36	133720
46-36	228110
46-36	229900
46-36	133030
46-36	031430
46-36	079200
46-36	229180
46-36	134100
46-36	005820
46-37	252000
46-37	034320
46-37	036280
46-37	033590
46-37	033940
46-37	033670
46-37	01027510
46-37	01063260
46-37	248770
46-37	087380
46-38	159510
46-38	264910
46-38	333250
46-38	412130
46-38	158610
46-38	043120
46-38	159790
46-38	263100
46-38	264150
46-38	264370
46-39	281510
46-39	169910
46-39	281970
46-39	281260
46-39	280690
46-39	167780
46-39	167910
46-39	169420
46-39	173760
46-39	282490
46-40	177030
46-40	303300
46-40	302000
46-40	226530
46-40	170050
46-40	280820
46-40	175040
46-40	282650
46-40	303160
46-40	167850
46-41	415730
46-41	341510
46-41	279670
46-41	341520
46-41	335940
46-41	347640
46-41	466670
46-41	003170
46-41	259890
46-41	133950
46-42	404640
46-42	085470
46-42	01085420
46-42	01085160
46-42	460680
46-42	403100
46-42	060650
46-42	406800
46-42	402440
46-42	404320
46-43	444290
46-43	443840
46-43	440060
46-43	438230
46-43	440840
46-43	441700
46-43	443270
46-43	440430
46-43	438260
46-43	440110
46-44	455540
46-44	455510
46-44	352510
46-44	288380
46-44	158960
46-44	098530
46-44	093440
46-44	455470
46-44	155910
46-44	455600
46-45	472940
46-45	262560
46-45	472960
46-45	044180
46-45	01062950
46-45	472590
46-45	472630
46-45	261080
46-45	473360
46-45	472990
46-46	491900
46-46	501860
46-46	271770
46-46	491120
46-46	492630
46-46	491550
46-46	288670
46-46	499800
46-46	500220
46-46	467340
46-47	026580
46-47	026600
46-47	152750
46-47	021810
46-47	026610
46-47	152780
46-47	341970
46-47	089330
46-47	000410
46-47	021820
46-48	276580
46-48	308540
46-48	306740
46-48	309860
46-48	309030
46-48	304870
46-48	312420
46-48	304590
46-48	170420
46-48	306600
46-49	01004100
46-49	010790
46-49	012320
46-49	01003680
46-49	01004310
46-49	013780
46-49	008740
46-49	007550
46-49	123880
46-49	01005710
46-50	033940
46-50	105660
46-50	034200
46-50	034080
46-50	033980
46-50	034110
46-50	033610
46-50	034180
46-50	01012830
46-50	034100
46-51	163840
46-51	165380
46-51	133470
46-51	133500
46-51	165880
46-51	056150
46-51	164180
46-51	162990
46-51	004320
46-51	165260
46-52	198940
46-52	236210
46-52	441470
46-52	121290
46-52	200750
46-52	198880
46-52	008650
46-52	193570
46-52	01050080
46-52	195250
46-53	219770
46-53	382430
46-53	218660
46-53	218990
46-53	238010
46-53	217510
46-53	142710
46-53	095860
46-53	014000
46-53	213760
46-54	236210
46-54	198940
46-54	121290
46-54	441470
46-54	117600
46-54	243390
46-54	031680
46-54	031290
46-54	234350
46-54	008650
46-55	335770
46-55	335830
46-55	335560
46-55	261940
46-55	264920
46-55	147620
46-55	402130
46-55	01075390
46-55	395790
46-55	473910
46-56	434300
46-56	434700
46-56	01088210
46-56	321590
46-56	01088290
46-56	01026960
46-56	321450
46-56	434560
46-56	434120
46-56	433180
46-57	01063230
46-57	265040
46-57	159590
46-57	273310
46-57	475090
46-57	01064200
46-57	474930
46-57	223970
46-57	471890
46-57	472390
46-58	382430
46-58	465040
46-58	463780
46-58	526410
46-58	311820
46-58	303430
46-58	223970
46-58	399590
46-58	095860
46-58	428830
46-59	539970
46-59	539980
46-59	549010
46-59	288570
46-59	460140
46-59	363570
46-59	539930
46-59	467050
46-59	254680
46-59	148710
46-60	237030
46-60	172650
46-60	01005140
46-60	238140
46-60	010010
46-60	01012770
46-60	123890
46-60	205950
46-60	140670
46-60	198830
46-61	003160
46-61	258900
46-61	243860
46-61	060590
46-61	092610
46-61	238940
46-61	305540
46-61	063310
46-61	154200
46-61	020960
46-62	198250
46-62	199120
46-62	009000
46-62	043010
46-62	196930
46-62	197870
46-62	195490
46-62	201500
46-62	01014680
46-62	196910
46-63	305540
46-63	243880
46-63	163890
46-63	155380
46-63	098420
46-63	031760
46-63	244840
46-63	01070630
46-63	244180
46-63	166310
46-64	494220
46-64	492450
46-64	313250
46-64	493500
46-64	491370
46-64	491560
46-64	491170
46-64	491720
46-64	491840
46-64	492870
46-65	004720
46-65	004420
46-65	01075660
46-65	038110
46-65	037700
46-65	067480
46-65	007110
46-65	109810
46-65	006150
46-65	338050
46-66	005790
46-66	117880
46-66	195420
46-66	113840
46-66	005030
46-66	009560
46-66	01003680
46-66	010790
46-66	009290
46-66	234310
46-67	006990
46-67	196130
46-67	008070
46-67	118800
46-67	019560
46-67	006590
46-67	057750
46-67	022570
46-67	025960
46-67	024840
46-68	195420
46-68	019390
46-68	113840
46-68	104460
46-68	005790
46-68	117880
46-68	155670
46-68	234310
46-68	213430
46-68	01008780
46-69	027270
46-69	026980
46-69	027910
46-69	326750
46-69	026910
46-69	01010870
46-69	01010500
46-69	027070
46-69	01010920
46-69	027640
46-70	096690
46-70	097030
46-70	01026070
46-70	096700
46-70	01025790
46-70	115580
46-70	115710
46-70	490640
46-70	096260
46-70	490660
46-71	117880
46-71	005790
46-71	057090
46-71	01064790
46-71	117940
46-71	134440
46-71	234310
46-71	279880
46-71	113840
46-71	300910
46-72	057090
46-72	234310
46-72	213430
46-72	113840
46-72	005790
46-72	279880
46-72	117880
46-72	033950
46-72	288070
46-72	104920
46-73	274940
46-73	162370
46-73	132660
46-73	163170
46-73	274970
46-73	233660
46-73	275020
46-73	387900
46-73	002100
46-73	436830
46-74	343950
46-74	344530
46-74	343390
46-74	345760
46-74	347370
46-74	290200
46-74	342790
46-74	348260
46-74	342620
46-74	353010
46-75	457010
46-75	300910
46-75	374910
46-75	424170
46-75	057090
46-75	314340
46-75	234310
46-75	401430
46-75	224840
46-75	432670
46-76	475500
46-76	166740
46-76	133500
46-76	134590
46-76	475560
46-76	173310
46-76	306170
46-76	055910
46-76	163820
46-76	475600
46-77	479050
46-77	478760
46-77	478720
46-77	347510
46-77	081620
46-77	478790
46-77	090770
46-77	478700
46-77	290850
46-77	285080
46-78	479720
46-78	479440
46-78	478840
46-78	257040
46-78	478810
46-78	326120
46-78	257260
46-78	444480
46-78	479870
46-78	489830
46-79	539450
46-79	295720
46-79	086990
46-79	003260
46-79	538650
46-79	155540
46-79	060300
46-79	256750
46-79	046280
46-79	003280
46-80	549210
46-80	224840
46-80	549150
46-80	01005200
46-80	538110
46-80	549660
46-80	261930
46-80	452030
46-80	331070
46-80	259330
46-81	159740
46-81	242970
46-81	242980
46-81	033960
46-81	034990
46-81	264080
46-81	034880
46-81	025110
46-81	158980
46-81	185420
46-82	185420
46-82	034880
46-82	034940
46-82	033940
46-82	242970
46-82	034800
46-82	323830
46-82	323970
46-82	142210
46-82	01012920
46-83	022340
46-83	022260
46-83	022380
46-83	022040
46-83	022410
46-83	022930
46-83	185760
46-83	021950
46-83	022240
46-83	455760
46-84	085160
46-84	026750
46-84	152780
46-84	080940
46-84	01037920
46-84	01001320
46-84	023540
46-84	001620
46-84	080850
46-84	026880
46-85	213930
46-85	257290
46-85	022020
46-85	119420
46-85	085770
46-85	022050
46-85	185760
46-85	187240
46-85	235620
46-85	136690
46-86	389720
46-86	391060
46-86	389080
46-86	388490
46-86	391010
46-86	389070
46-86	067210
46-86	394190
46-86	01083960
46-86	476520
46-87	01001840
46-87	106850
46-87	288640
46-87	106720
46-87	01007880
46-87	017410
46-87	01000390
46-87	01027760
46-87	01028390
46-87	001200
46-88	119380
46-88	117410
46-88	119450
46-88	119900
46-88	121730
46-88	122140
46-88	119240
46-88	119430
46-88	119480
46-88	119400
46-89	126170
46-89	014000
46-89	013160
46-89	126930
46-89	142710
46-89	128030
46-89	061880
46-89	118610
46-89	049450
46-89	122820
46-90	203770
46-90	085830
46-90	204730
46-90	01049410
46-90	402010
46-90	410790
46-90	201250
46-90	400860
46-90	01088840
46-90	195370
46-91	168700
46-91	215840
46-91	092860
46-91	059410
46-91	122800
46-91	216020
46-91	318590
46-91	169030
46-91	121300
46-91	460430
46-92	297760
46-92	01013050
46-92	364140
46-92	034680
46-92	088110
46-92	034520
46-92	357000
46-92	034660
46-92	363420
46-92	034480
46-93	168700
46-93	308610
46-93	308120
46-93	308210
46-93	169030
46-93	460430
46-93	307020
46-93	114620
46-93	305740
46-93	092860
46-94	325320
46-94	100380
46-94	324580
46-94	329110
46-94	329220
46-94	325370
46-94	330460
46-94	324230
46-94	223740
46-94	325010
47-1	355700
47-1	358310
47-1	438280
47-1	01079970
47-1	358730
47-1	438300
47-1	360990
47-1	437950
47-1	369090
47-1	441630
47-2	440100
47-2	437780
47-2	440080
47-2	01088920
47-2	443270
47-2	197430
47-2	440660
47-2	441000
47-2	441320
47-2	440840
47-3	460430
47-3	168700
47-3	459770
47-3	459810
47-3	092860
47-3	457700
47-3	281540
47-3	114620
47-3	463580
47-3	169030
47-4	155170
47-4	099090
47-4	037600
47-4	155930
47-4	037540
47-4	003770
47-4	154640
47-4	039160
47-4	043840
47-4	154690
47-5	520490
47-5	156680
47-5	263990
47-5	264390
47-5	046210
47-5	520730
47-5	046170
47-5	521310
47-5	260970
47-5	01014940
47-6	01046660
47-6	284000
47-6	173910
47-6	179100
47-6	179310
47-6	175530
47-6	179000
47-6	138820
47-6	176840
47-6	208940
47-7	213280
47-7	056640
47-7	212530
47-7	055960
47-7	214240
47-7	213040
47-7	058240
47-7	212980
47-7	01048490
47-7	216510
47-8	416680
47-8	017850
47-8	417860
47-8	031870
47-8	324360
47-8	416320
47-8	471990
47-8	001020
47-8	415830
47-8	038070
47-9	425040
47-9	425570
47-9	426140
47-9	424750
47-9	423540
47-9	488730
47-9	423700
47-9	485110
47-9	423980
47-9	457920
47-10	481340
47-10	480320
47-10	444480
47-10	480090
47-10	480840
47-10	026410
47-10	479970
47-10	479480
47-10	081310
47-10	480780
47-11	027010
47-11	153140
47-11	086720
47-11	341970
47-11	000410
47-11	152910
47-11	289140
47-11	100360
47-11	003040
47-11	152780
47-12	072910
47-12	073710
47-12	072920
47-12	070320
47-12	416020
47-12	072590
47-12	073700
47-12	078140
47-12	072680
47-12	067660
47-13	106610
47-13	106730
47-13	251180
47-13	106450
47-13	105080
47-13	107000
47-13	041400
47-13	104650
47-13	104570
47-13	476250
47-14	108550
47-14	098760
47-14	243920
47-14	244410
47-14	108590
47-14	020820
47-14	154620
47-14	300180
47-14	108690
47-14	287890
47-15	161510
47-15	161420
47-15	324020
47-15	467740
47-15	323870
47-15	161320
47-15	161170
47-15	324360
47-15	161180
47-15	417160
47-16	171650
47-16	167910
47-16	169420
47-16	281080
47-16	165790
47-16	167510
47-16	114780
47-16	306730
47-16	010670
47-16	169280
47-17	170270
47-17	171780
47-17	172150
47-17	170350
47-17	010710
47-17	237190
47-17	135900
47-17	139470
47-17	450170
47-17	136050
47-18	197390
47-18	195970
47-18	008030
47-18	198540
47-18	197830
47-18	195980
47-18	193340
47-18	008780
47-18	194070
47-18	201030
47-19	204410
47-19	205220
47-19	200030
47-19	205500
47-19	208240
47-19	01049630
47-19	197150
47-19	200800
47-19	355430
47-19	196570
47-20	224390
47-20	224280
47-20	152740
47-20	317500
47-20	103840
47-20	000080
47-20	284660
47-20	317510
47-20	031420
47-20	031880
47-21	266800
47-21	280610
47-21	120270
47-21	229440
47-21	230160
47-21	197390
47-21	008030
47-21	058410
47-21	235610
47-21	010370
47-22	294740
47-22	290660
47-22	290880
47-22	292160
47-22	352510
47-22	292850
47-22	289470
47-22	292660
47-22	292230
47-22	291470
47-23	322160
47-23	322240
47-23	322260
47-23	01011500
47-23	01000150
47-23	036270
47-23	003210
47-23	055790
47-23	227440
47-23	035860
47-24	325990
47-24	325960
47-24	551750
47-24	326020
47-24	551650
47-24	551700
47-24	242520
47-24	01004600
47-24	551710
47-24	410160
47-25	377030
47-25	375270
47-25	433690
47-25	376510
47-25	374040
47-25	091850
47-25	375420
47-25	099920
47-25	383760
47-25	101710
47-26	447400
47-26	447680
47-26	033190
47-26	446810
47-26	447880
47-26	446710
47-26	447780
47-26	449150
47-26	447770
47-26	01010040
47-27	035360
47-27	016940
47-27	080410
47-27	001120
47-27	162400
47-27	193900
47-27	162290
47-27	037730
47-27	284430
47-27	098690
47-28	539410
47-28	174350
47-28	538830
47-28	351080
47-28	539450
47-28	369760
47-28	359310
47-28	366440
47-28	01002010
47-28	363710
47-29	276580
47-29	01065460
47-29	390110
47-29	169240
47-29	388560
47-29	390420
47-29	277050
47-29	390360
47-29	280840
47-29	393050
47-30	328800
47-30	154410
47-30	243750
47-30	326360
47-30	323870
47-30	223190
47-30	345840
47-30	053550
47-30	161180
47-30	031870
47-31	458040
47-31	460920
47-31	457270
47-31	457280
47-31	459860
47-31	455970
47-31	459870
47-31	456810
47-31	456920
47-31	456110
47-32	404690
47-32	01085300
47-32	330070
47-32	059080
47-32	405440
47-32	459800
47-32	406400
47-32	281030
47-32	472820
47-32	402470
47-33	009320
47-33	010670
47-33	085250
47-33	323150
47-33	01004240
47-33	121160
47-33	171650
47-33	008170
47-33	198700
47-33	007430
47-34	133000
47-34	258990
47-34	163550
47-34	040260
47-34	098010
47-34	162550
47-34	163160
47-34	132690
47-34	224320
47-34	163170
47-35	402340
47-35	401360
47-35	404720
47-35	276180
47-35	404440
47-35	499660
47-35	407250
47-35	324370
47-35	404030
47-35	328350
47-36	184850
47-36	056390
47-36	233650
47-36	067290
47-36	000140
47-36	000020
47-36	234810
47-36	000250
47-36	235290
47-36	000080
47-37	261030
47-37	416750
47-37	260310
47-37	417860
47-37	416450
47-37	328890
47-37	417940
47-37	259320
47-37	323870
47-37	417520
47-38	328740
47-38	161470
47-38	260260
47-38	330300
47-38	327050
47-38	222650
47-38	261860
47-38	334150
47-38	327350
47-38	332000
47-39	121950
47-39	120660
47-39	119750
47-39	119380
47-39	118330
47-39	257460
47-39	122000
47-39	123520
47-39	123190
47-39	120750
47-40	01003190
47-40	164080
47-40	056630
47-40	225400
47-40	167390
47-40	169390
47-40	305240
47-40	133220
47-40	390970
47-40	01043570
47-41	535870
47-41	529530
47-41	533630
47-41	531530
47-41	529830
47-41	532780
47-41	536310
47-41	535010
47-41	531780
47-41	533990
47-42	01001140
47-42	240380
47-42	240390
47-42	01001160
47-42	000160
47-42	003200
47-42	069220
47-42	085690
47-42	240400
47-42	000920
47-43	258930
47-43	490980
47-43	080460
47-43	003170
47-43	003300
47-43	01008300
47-43	154610
47-43	154340
47-43	000030
47-43	103760
47-44	526380
47-44	522550
47-44	525170
47-44	524850
47-44	524020
47-44	522910
47-44	524580
47-44	527140
47-44	520750
47-44	522080
47-45	402250
47-45	229140
47-45	214300
47-45	403670
47-45	404930
47-45	274940
47-45	400250
47-45	342750
47-45	402240
47-45	400730
47-46	365030
47-46	366650
47-46	365660
47-46	367580
47-46	363900
47-46	360530
47-46	366600
47-46	355240
47-46	370260
47-46	286930
47-47	360690
47-47	363380
47-47	317320
47-47	034190
47-47	360900
47-47	181960
47-47	033700
47-47	362280
47-47	182460
47-47	365110
47-48	169210
47-48	136920
47-48	121200
47-48	008900
47-48	157760
47-48	169400
47-48	163380
47-48	320960
47-48	164390
47-48	073030
47-49	202040
47-49	201030
47-49	199980
47-49	196210
47-49	199180
47-49	203710
47-49	296750
47-49	200720
47-49	207930
47-49	207060
47-50	092840
47-50	272380
47-50	272360
47-50	187210
47-50	270320
47-50	272500
47-50	245590
47-50	269110
47-50	269730
47-50	272010
47-51	330480
47-51	332790
47-51	325190
47-51	157760
47-51	329110
47-51	334200
47-51	261880
47-51	073030
47-51	328420
47-51	330230
48-1	109370
48-1	109280
48-1	01034530
48-1	109250
48-1	109310
48-1	109260
48-1	001260
48-1	130190
48-1	109360
48-1	109290
48-2	000270
48-2	017820
48-2	000390
48-2	233670
48-2	033650
48-2	099450
48-2	000480
48-2	000280
48-2	116440
48-2	109650
48-3	000250
48-3	233650
48-3	01042760
48-3	098650
48-3	213030
48-3	055560
48-3	233610
48-3	000040
48-3	000140
48-3	000020
48-4	004490
48-4	004300
48-4	152680
48-4	016700
48-4	016600
48-4	067190
48-4	103840
48-4	004870
48-4	01002400
48-4	004640
48-5	152790
48-5	01000250
48-5	000730
48-5	015630
48-5	109780
48-5	482780
48-5	395130
48-5	032960
48-5	152860
48-5	482790
48-6	001060
48-6	001310
48-6	151270
48-6	080720
48-6	032250
48-6	000200
48-6	004290
48-6	065130
48-6	341960
48-6	066920
48-7	001150
48-7	017030
48-7	347940
48-7	108520
48-7	003120
48-7	032240
48-7	446640
48-7	108570
48-7	289270
48-7	446500
48-8	001220
48-8	000100
48-8	000120
48-8	001280
48-8	032250
48-8	000070
48-8	000320
48-8	032320
48-8	001120
48-8	026750
48-9	001270
48-9	001440
48-9	036110
48-9	222140
48-9	036090
48-9	065130
48-9	150850
48-9	036100
48-9	01013290
48-9	065370
48-10	001790
48-10	162380
48-10	162300
48-10	031390
48-10	032260
48-10	279300
48-10	274910
48-10	403950
48-10	01049470
48-10	100010
48-11	001830
48-11	317540
48-11	081470
48-11	001820
48-11	162640
48-11	162470
48-11	006930
48-11	162300
48-11	165490
48-11	01001450
48-12	002560
48-12	549170
48-12	259570
48-12	184770
48-12	184570
48-12	549190
48-12	423780
48-12	275280
48-12	259250
48-12	338070
48-13	152640
48-13	002660
48-13	000070
48-13	152650
48-13	000100
48-13	032250
48-13	000140
48-13	003030
48-13	000080
48-13	032290
48-14	413350
48-14	267180
48-14	01005890
48-14	412420
48-14	01021190
48-14	267040
48-14	393210
48-14	126380
48-14	169030
48-14	266980
48-15	002890
48-15	436810
48-15	000080
48-15	244310
48-15	343320
48-15	000150
48-15	080350
48-15	002910
48-15	103850
48-15	344090
48-16	01075680
48-16	338250
48-16	01004800
48-16	212900
48-16	011750
48-16	455970
48-16	410790
48-16	056160
48-16	322760
48-16	163470
48-17	109280
48-17	01034530
48-17	109370
48-17	109310
48-17	109290
48-17	130210
48-17	109260
48-17	116660
48-17	109250
48-17	130190
48-18	003030
48-18	003070
48-18	003020
48-18	103670
48-18	002760
48-18	000100
48-18	031420
48-18	000080
48-18	064560
48-18	002750
48-19	003280
48-19	003260
48-19	000820
48-19	033610
48-19	000880
48-19	395030
48-19	161260
48-19	006600
48-19	01000140
48-19	029860
48-20	01000280
48-20	268380
48-20	003350
48-20	021540
48-20	184580
48-20	162310
48-20	071270
48-20	078920
48-20	155550
48-20	01000290
48-21	031420
48-21	224390
48-21	031380
48-21	003450
48-21	317500
48-21	029820
48-21	152740
48-21	317690
48-21	035460
48-21	326070
48-22	003490
48-22	003510
48-22	080490
48-22	01006680
48-22	015560
48-22	342470
48-22	015540
48-22	016990
48-22	015450
48-22	287900
48-23	163330
48-23	003790
48-23	335870
48-23	003680
48-23	031840
48-23	431960
48-23	035690
48-23	064630
48-23	162580
48-23	165030
48-24	003900
48-24	003750
48-24	004000
48-24	01001810
48-24	336470
48-24	003830
48-24	003720
48-24	003940
48-24	059620
48-24	061510
48-25	004060
48-25	004100
48-25	432750
48-25	01001850
48-25	124780
48-25	164920
48-25	063300
48-25	263990
48-25	243890
48-25	108810
48-26	004460
48-26	016590
48-26	067030
48-26	078910
48-26	162420
48-26	228140
48-26	234760
48-26	016910
48-26	455840
48-26	003570
48-27	005420
48-27	004410
48-27	004400
48-27	005380
48-27	01004250
48-27	009720
48-27	279130
48-27	004740
48-27	005580
48-27	01003880
48-28	033690
48-28	212520
48-28	005310
48-28	033510
48-28	086790
48-28	033840
48-28	437400
48-28	033850
48-28	033790
48-28	194040
48-29	004380
48-29	005100
48-29	004320
48-29	116410
48-29	132740
48-29	005390
48-29	007960
48-29	01002520
48-29	01002880
48-29	163170
48-30	026730
48-30	116300
48-30	004340
48-30	005680
48-30	021940
48-30	005470
48-30	005150
48-30	01002630
48-30	004390
48-30	01002300
48-31	005440
48-31	005610
48-31	004570
48-31	233900
48-31	006850
48-31	162910
48-31	132890
48-31	005490
48-31	069530
48-31	117240
48-32	01002290
48-32	004830
48-32	116310
48-32	006120
48-32	026730
48-32	005150
48-32	01002630
48-32	133150
48-32	004650
48-32	315160
48-33	004830
48-33	01002290
48-33	133150
48-33	01002630
48-33	026730
48-33	005150
48-33	021920
48-33	315160
48-33	006120
48-33	116310
48-34	004660
48-34	116420
48-34	004320
48-34	116400
48-34	005390
48-34	004350
48-34	055840
48-34	01002410
48-34	279350
48-34	01003050
48-35	005080
48-35	01002720
48-35	01008570
48-35	213040
48-35	079090
48-35	01002750
48-35	01002550
48-35	004970
48-35	01003040
48-35	005240
48-36	005240
48-36	01002790
48-36	01002500
48-36	008090
48-36	117160
48-36	005410
48-36	01002720
48-36	133760
48-36	195580
48-36	194280
48-37	006170
48-37	005440
48-37	01002950
48-37	117240
48-37	117950
48-37	01002430
48-37	007300
48-37	195090
48-37	006870
48-37	005490
48-38	005680
48-38	117820
48-38	01002970
48-38	117810
48-38	194960
48-38	01003250
48-38	007970
48-38	011450
48-38	008800
48-38	194970
48-39	006180
48-39	113850
48-39	118030
48-39	194900
48-39	008620
48-39	006820
48-39	008590
48-39	01003360
48-39	006740
48-39	102600
48-40	006210
48-40	007160
48-40	004700
48-40	114060
48-40	005210
48-40	224870
48-40	113570
48-40	005980
48-40	005050
48-40	164370
48-41	006140
48-41	194820
48-41	01002620
48-41	008090
48-41	116580
48-41	007140
48-41	213420
48-41	224770
48-41	300710
48-41	005650
48-42	005970
48-42	01002250
48-42	004930
48-42	004350
48-42	195390
48-42	118080
48-42	01002220
48-42	01002770
48-42	007580
48-42	167390
48-43	114170
48-43	006650
48-43	006750
48-43	01003250
48-43	007970
48-43	01002560
48-43	01049150
48-43	118620
48-43	134930
48-43	01004200
48-44	006950
48-44	019550
48-44	135080
48-44	01003240
48-44	010670
48-44	014860
48-44	165620
48-44	114350
48-44	011850
48-44	01004240
48-45	007040
48-45	006420
48-45	007030
48-45	005950
48-45	196300
48-45	01008730
48-45	004660
48-45	005970
48-45	01002410
48-45	194760
48-46	007140
48-46	118770
48-46	009660
48-46	010140
48-46	006410
48-46	006660
48-46	007080
48-46	008160
48-46	005470
48-46	004620
48-47	008620
48-47	006820
48-47	01004670
48-47	011220
48-47	004350
48-47	006180
48-47	041000
48-47	390860
48-47	005920
48-47	113990
48-48	235190
48-48	006570
48-48	006460
48-48	009980
48-48	007280
48-48	005500
48-48	010430
48-48	009330
48-48	200570
48-48	315140
48-49	006670
48-49	005510
48-49	006020
48-49	196450
48-49	010230
48-49	01002970
48-49	006720
48-49	000620
48-49	134990
48-49	006770
48-50	018080
48-50	165940
48-50	007490
48-50	196460
48-50	478670
48-50	007060
48-50	243410
48-50	234930
48-50	118820
48-50	008580
48-51	006660
48-51	004660
48-51	057640
48-51	117030
48-51	006190
48-51	196120
48-51	005100
48-51	01003150
48-51	01002410
48-51	114090
48-52	006930
48-52	031880
48-52	163120
48-52	162350
48-52	162670
48-52	080480
48-52	162340
48-52	162640
48-52	01042800
48-52	032290
48-53	007110
48-53	008530
48-53	008490
48-53	011480
48-53	040090
48-53	01005010
48-53	008260
48-53	007500
48-53	010850
48-53	009700
48-54	179100
48-54	063790
48-54	014300
48-54	128040
48-54	238750
48-54	014160
48-54	208550
48-54	005600
48-54	011970
48-54	007520
48-55	008110
48-55	197690
48-55	007780
48-55	008600
48-55	120030
48-55	01004420
48-55	167470
48-55	010560
48-55	005960
48-55	009620
48-56	010630
48-56	010380
48-56	121700
48-56	009570
48-56	008500
48-56	01004520
48-56	010860
48-56	010970
48-56	135880
48-56	197990
48-57	056730
48-57	117600
48-57	040120
48-57	222340
48-57	032030
48-57	098010
48-57	008040
48-57	243390
48-57	056780
48-57	288100
48-58	197440
48-58	004670
48-58	007790
48-58	200160
48-58	007620
48-58	005760
48-58	006660
48-58	008220
48-58	01003150
48-58	008760
48-59	008230
48-59	008110
48-59	136120
48-59	197650
48-59	007780
48-59	01003150
48-59	01004420
48-59	341560
48-59	005000
48-59	01032400
48-60	008080
48-60	008870
48-60	197310
48-60	395030
48-60	014400
48-60	009680
48-60	008020
48-60	008220
48-60	322480
48-60	004600
48-61	008220
48-61	007620
48-61	120190
48-61	01003840
48-61	235620
48-61	167680
48-61	007890
48-61	009060
48-61	005500
48-61	136690
48-62	008590
48-62	022510
48-62	022330
48-62	022360
48-62	022930
48-62	023460
48-62	023060
48-62	120260
48-62	022270
48-62	022160
48-63	008410
48-63	119930
48-63	01002780
48-63	197960
48-63	114310
48-63	008020
48-63	011330
48-63	006660
48-63	042000
48-63	121130
48-64	01003850
48-64	01032680
48-64	009300
48-64	009890
48-64	009930
48-64	136650
48-64	123970
48-64	010140
48-64	008420
48-64	008700
48-65	009120
48-65	010770
48-65	01004510
48-65	009200
48-65	005840
48-65	119110
48-65	010430
48-65	290140
48-65	006650
48-65	010190
48-66	009260
48-66	009050
48-66	198710
48-66	118690
48-66	011130
48-66	010400
48-66	137140
48-66	010950
48-66	208240
48-66	010390
48-67	009050
48-67	059400
48-67	010000
48-67	009260
48-67	122360
48-67	008110
48-67	011810
48-67	006570
48-67	010390
48-67	010950
48-68	009280
48-68	01003200
48-68	199300
48-68	010520
48-68	008230
48-68	008110
48-68	119840
48-68	01004670
48-68	009350
48-68	006870
48-69	009230
48-69	009660
48-69	169410
48-69	005970
48-69	012080
48-69	011250
48-69	121020
48-69	013880
48-69	013600
48-69	281270
48-70	120890
48-70	01003770
48-70	009070
48-70	011850
48-70	007790
48-70	01003140
48-70	010100
48-70	137350
48-70	019850
48-70	007580
48-71	01003190
48-71	116990
48-71	133220
48-71	120890
48-71	009840
48-71	007090
48-71	010130
48-71	01003770
48-71	005540
48-71	164080
48-72	008680
48-72	169490
48-72	010050
48-72	012350
48-72	013980
48-72	123100
48-72	012650
48-72	01013540
48-72	137650
48-72	148080
48-73	010320
48-73	010040
48-73	008600
48-73	215760
48-73	123080
48-73	008000
48-73	012440
48-73	01003350
48-73	170600
48-73	013110
48-74	009640
48-74	009270
48-74	200720
48-74	121100
48-74	01004510
48-74	008050
48-74	010430
48-74	007550
48-74	087590
48-74	012780
48-75	120970
48-75	009070
48-75	008220
48-75	114590
48-75	199080
48-75	009300
48-75	199550
48-75	009200
48-75	120120
48-75	01003850
48-76	008760
48-76	008220
48-76	114750
48-76	007830
48-76	301690
48-76	121510
48-76	004960
48-76	272040
48-76	281160
48-76	123690
48-77	008580
48-77	329770
48-77	137080
48-77	499130
48-77	165940
48-77	289530
48-77	166190
48-77	169970
48-77	249060
48-77	018080
48-78	009020
48-78	011590
48-78	013050
48-78	169830
48-78	013420
48-78	207180
48-78	203350
48-78	128580
48-78	129050
48-78	013290
48-79	008870
48-79	008080
48-79	137730
48-79	01003600
48-79	014400
48-79	087130
48-79	002390
48-79	009850
48-79	01003840
48-79	010090
48-80	010870
48-80	009770
48-80	01005820
48-80	011950
48-80	009820
48-80	006960
48-80	013540
48-80	139770
48-80	258580
48-80	01004900
48-81	009820
48-81	225840
48-81	122750
48-81	114920
48-81	236750
48-81	008220
48-81	008880
48-81	007660
48-81	01004900
48-81	006960
48-82	01005450
48-82	01005800
48-82	158580
48-82	158120
48-82	01005130
48-82	417100
48-82	156680
48-82	158000
48-82	354280
48-82	158050
48-83	010010
48-83	01004250
48-83	01003500
48-83	171390
48-83	010250
48-83	006650
48-83	236650
48-83	01003420
48-83	201380
48-83	139030
48-84	010810
48-84	009970
48-84	009840
48-84	011970
48-84	006120
48-84	01005260
48-84	004800
48-84	009120
48-84	014830
48-84	01003660
48-85	009830
48-85	009990
48-85	008780
48-85	200790
48-85	010730
48-85	009950
48-85	010560
48-85	139070
48-85	138100
48-85	014490
48-86	009210
48-86	011900
48-86	010070
48-86	010480
48-86	010760
48-86	115710
48-86	183170
48-86	013640
48-86	117730
48-86	005660
48-87	010020
48-87	115090
48-87	200190
48-87	009800
48-87	006080
48-87	006620
48-87	123030
48-87	01058600
48-87	168790
48-87	006700
48-88	121450
48-88	010340
48-88	122990
48-88	137060
48-88	171120
48-88	01004470
48-88	013310
48-88	01032140
48-88	199560
48-88	123160
48-89	010790
48-89	010730
48-89	171920
48-89	01004010
48-89	01005100
48-89	199400
48-89	010350
48-89	139630
48-89	202130
48-89	168390
48-90	010880
48-90	007280
48-90	203050
48-90	005070
48-90	010140
48-90	009200
48-90	008220
48-90	005470
48-90	237200
48-90	013700
48-91	011290
48-91	008140
48-91	010480
48-91	012350
48-91	010050
48-91	148080
48-91	01006010
48-91	01002350
48-91	013840
48-91	01002960
48-92	01005290
48-92	01004950
48-92	010800
48-92	01005460
48-92	010990
48-92	032070
48-92	01005420
48-92	01012210
48-92	01012110
48-92	01012170
48-93	174740
48-93	204580
48-93	115440
48-93	205350
48-93	175500
48-93	01003390
48-93	006390
48-93	124950
48-93	008360
48-93	006960
48-94	124990
48-94	115570
48-94	204090
48-94	012350
48-94	237660
48-94	010050
48-94	004860
48-94	009210
48-94	01002350
48-94	126430
49-1	012630
49-1	012300
49-1	01005010
49-1	010840
49-1	01004600
49-1	01007160
49-1	040090
49-1	451450
49-1	008490
49-1	007460
49-2	012600
49-2	013400
49-2	012310
49-2	015200
49-2	01005120
49-2	015290
49-2	005140
49-2	010730
49-2	010520
49-2	01006020
49-3	011940
49-3	01005810
49-3	01012070
49-3	125160
49-3	01012210
49-3	01005870
49-3	011500
49-3	079880
49-3	141750
49-3	011030
49-4	012210
49-4	175440
49-4	125270
49-4	174540
49-4	204340
49-4	282790
49-4	125600
49-4	125470
49-4	010670
49-4	010130
49-5	012780
49-5	013690
49-5	012070
49-5	01004080
49-5	009270
49-5	008300
49-5	126230
49-5	121100
49-5	01005290
49-5	032070
49-6	007730
49-6	001670
49-6	124240
49-6	01004650
49-6	012140
49-6	126440
49-6	005740
49-6	007800
49-6	006760
49-6	530790
49-7	005240
49-7	008090
49-7	01005240
49-7	175870
49-7	005140
49-7	005830
49-7	012960
49-7	01002720
49-7	008820
49-7	012400
49-8	012940
49-8	129150
49-8	205700
49-8	013110
49-8	01003500
49-8	126550
49-8	126540
49-8	176570
49-8	126560
49-8	205710
49-9	012940
49-9	01003500
49-9	129150
49-9	126550
49-9	205700
49-9	014870
49-9	011010
49-9	282620
49-9	126560
49-9	010250
49-10	013150
49-10	206290
49-10	283290
49-10	267190
49-10	142740
49-10	115700
49-10	013670
49-10	176420
49-10	290910
49-10	011240
49-11	012320
49-11	011240
49-11	012070
49-11	01004750
49-11	204750
49-11	014590
49-11	011830
49-11	015210
49-11	141360
49-11	007550
49-12	012730
49-12	017930
49-12	011170
49-12	063170
49-12	011540
49-12	009880
49-12	009900
49-12	006600
49-12	126190
49-12	189560
49-13	013790
49-13	127370
49-13	01005710
49-13	008970
49-13	01005390
49-13	177800
49-13	005150
49-13	009560
49-13	01004670
49-13	01004310
49-14	013640
49-14	01005940
49-14	01005910
49-14	010440
49-14	014520
49-14	012450
49-14	127690
49-14	143970
49-14	01004650
49-14	01003510
49-15	014250
49-15	009000
49-15	013440
49-15	005740
49-15	014690
49-15	010730
49-15	007660
49-15	01005120
49-15	012290
49-15	010130
49-16	014250
49-16	144390
49-16	238810
49-16	178630
49-16	063550
49-16	274020
49-16	013660
49-16	012550
49-16	006650
49-16	208820
49-17	01004200
49-17	208610
49-17	283760
49-17	128190
49-17	010250
49-17	014230
49-17	010940
49-17	121100
49-17	006650
49-17	238820
49-18	014200
49-18	208700
49-18	144330
49-18	014440
49-18	010690
49-18	010560
49-18	011540
49-18	011240
49-18	01006410
49-18	128250
49-19	014320
49-19	014020
49-19	128160
49-19	179020
49-19	010150
49-19	014870
49-19	063670
49-19	01006160
49-19	013400
49-19	012600
49-20	014490
49-20	179290
49-20	009190
49-20	010040
49-20	238990
49-20	008670
49-20	063840
49-20	176880
49-20	010440
49-20	145140
49-21	211550
49-21	01054080
49-21	146250
49-21	398360
49-21	078410
49-21	010450
49-21	209320
49-21	398760
49-21	126210
49-21	211780
49-22	211620
49-22	007100
49-22	512380
49-22	010350
49-22	273010
49-22	015170
49-22	155410
49-22	009220
49-22	01001060
49-22	125080
49-23	015330
49-23	015300
49-23	015070
49-23	020560
49-23	015060
49-23	01006460
49-23	483120
49-23	104940
49-23	521260
49-23	233440
49-24	014450
49-24	146350
49-24	015320
49-24	012240
49-24	008700
49-24	011510
49-24	129770
49-24	013150
49-24	502890
49-24	332840
49-25	020580
49-25	015450
49-25	01006520
49-25	01000480
49-25	01000880
49-25	020600
49-25	342470
49-25	000470
49-25	108520
49-25	01006610
49-26	01006520
49-26	085690
49-26	020580
49-26	015450
49-26	01000480
49-26	015460
49-26	01006610
49-26	01000880
49-26	018680
49-26	01008240
49-27	254070
49-27	01006800
49-27	015890
49-27	015900
49-27	01006690
49-27	01006670
49-27	016130
49-27	254320
49-27	336840
49-27	254170
49-28	015860
49-28	015740
49-28	01006710
49-28	395570
49-28	01076680
49-28	015710
49-28	351530
49-28	01006910
49-28	01006750
49-28	156320
49-29	015920
49-29	01006930
49-29	350250
49-29	01006590
49-29	015760
49-29	254070
49-29	015990
49-29	015770
49-29	015980
49-29	350290
49-30	016320
49-30	289020
49-30	518800
49-30	517950
49-30	173750
49-30	016300
49-30	058810
49-30	064500
49-30	027440
49-30	131300
49-31	289090
49-31	289020
49-31	064500
49-31	190010
49-31	01079340
49-31	363710
49-31	064730
49-31	003640
49-31	347390
49-31	016320
49-32	016770
49-32	007530
49-32	478690
49-32	478670
49-32	000390
49-32	479010
49-32	336830
49-32	021610
49-32	337080
49-32	000580
49-33	016780
49-33	008490
49-33	012630
49-33	008530
49-33	040090
49-33	008260
49-33	007110
49-33	007500
49-33	01003340
49-33	01004160
49-34	016960
49-34	084160
49-34	036420
49-34	108610
49-34	098700
49-34	01076220
49-34	037780
49-34	021840
49-34	410740
49-34	017010
49-35	417360
49-35	017690
49-35	017700
49-35	068990
49-35	357940
49-35	321700
49-35	417890
49-35	432780
49-35	417450
49-35	321890
49-36	017760
49-36	037510
49-36	017770
49-36	017780
49-36	053420
49-36	021250
49-36	467740
49-36	154320
49-36	001960
49-36	467770
49-37	017990
49-37	017910
49-37	017800
49-37	018140
49-37	017870
49-37	017890
49-37	154740
49-37	018120
49-37	021360
49-37	043690
49-38	017850
49-38	189560
49-38	031870
49-38	017860
49-38	108660
49-38	161260
49-38	161120
49-38	053650
49-38	017930
49-38	324360
49-39	017940
49-39	018090
49-39	017840
49-39	243650
49-39	243390
49-39	017970
49-39	031480
49-39	018010
49-39	01011860
49-39	185740
49-40	018100
49-40	043690
49-40	468150
49-40	017800
49-40	053780
49-40	054190
49-40	017990
49-40	017910
49-40	468160
49-40	469940
49-41	482450
49-41	259810
49-41	327500
49-41	081360
49-41	482460
49-41	018230
49-41	320540
49-41	082190
49-41	156720
49-41	479320
49-42	018340
49-42	018350
49-42	018330
49-42	542260
49-42	349500
49-42	157250
49-42	482450
49-42	482950
49-42	348430
49-42	018290
49-43	01008210
49-43	01084400
49-43	018410
49-43	291740
49-43	01041080
49-43	156700
49-43	375960
49-43	015480
49-43	349020
49-43	156670
49-44	003130
49-44	000100
49-44	000520
49-44	109690
49-44	003080
49-44	004930
49-44	108400
49-44	016920
49-44	032290
49-44	116400
49-45	01008400
49-45	018970
49-45	015760
49-45	01022400
49-45	081840
49-45	018930
49-45	01021970
49-45	355260
49-45	015910
49-45	350250
49-46	018960
49-46	018830
49-46	081900
49-46	000660
49-46	022020
49-46	033610
49-46	018770
49-46	439470
49-46	084220
49-46	085830
49-47	018910
49-47	017260
49-47	412460
49-47	081460
49-47	412640
49-47	412410
49-47	162600
49-47	018870
49-47	412670
49-47	002690
49-48	019120
49-48	019100
49-48	292980
49-48	292690
49-48	019050
49-48	352810
49-48	083190
49-48	294520
49-48	528200
49-48	357880
49-49	019150
49-49	317160
49-49	01008460
49-49	049040
49-49	317120
49-49	315980
49-49	395280
49-49	019050
49-49	395270
49-49	102280
49-50	527370
49-50	01001070
49-50	000670
49-50	000070
49-50	001280
49-50	004440
49-50	019220
49-50	031240
49-50	342170
49-50	212770
49-51	195610
49-51	01008650
49-51	019320
49-51	194160
49-51	194040
49-51	234090
49-51	007350
49-51	227880
49-51	204970
49-51	116900
49-52	194350
49-52	005140
49-52	193450
49-52	019290
49-52	193570
49-52	033600
49-52	194270
49-52	038280
49-52	000040
49-52	194410
49-53	019310
49-53	194470
49-53	019400
49-53	019450
49-53	01008640
49-53	032960
49-53	01049630
49-53	195590
49-53	196930
49-53	134220
49-54	019280
49-54	019610
49-54	195740
49-54	195630
49-54	194400
49-54	193330
49-54	194770
49-54	197140
49-54	234240
49-54	195170
49-55	195020
49-55	019370
49-55	194270
49-55	118100
49-55	019520
49-55	008110
49-55	168470
49-55	197690
49-55	199230
49-55	196660
49-56	006990
49-56	196130
49-56	019560
49-56	019730
49-56	025410
49-56	200710
49-56	024810
49-56	195030
49-56	057750
49-56	006590
49-57	019530
49-57	200340
49-57	198690
49-57	022940
49-57	024380
49-57	019770
49-57	022130
49-57	199240
49-57	196070
49-57	01050160
49-58	198740
49-58	019830
49-58	201010
49-58	009160
49-58	019780
49-58	01008780
49-58	197410
49-58	195980
49-58	019680
49-58	199110
49-59	01009150
49-59	251400
49-59	020390
49-59	019680
49-59	207280
49-59	127660
49-59	211860
49-59	251470
49-59	252700
49-59	196240
49-60	020600
49-60	085690
49-60	108390
49-60	032240
49-60	108400
49-60	108520
49-60	001150
49-60	01006520
49-60	108420
49-60	108430
49-61	021110
49-61	372290
49-61	033600
49-61	257990
49-61	105360
49-61	105510
49-61	105470
49-61	000770
49-61	104440
49-61	371960
49-62	020700
49-62	010170
49-62	041480
49-62	171400
49-62	122490
49-62	201560
49-62	337090
49-62	058690
49-62	121290
49-62	495460
49-63	020860
49-63	002230
49-63	035550
49-63	214080
49-63	01009310
49-63	117030
49-63	015930
49-63	306100
49-63	020800
49-63	069700
49-64	021060
49-64	020700
49-64	01009480
49-64	528420
49-64	020640
49-64	060000
49-64	466690
49-64	020590
49-64	020850
49-64	032700
49-65	053420
49-65	001960
49-65	017760
49-65	021250
49-65	017770
49-65	037510
49-65	017780
49-65	318360
49-65	336710
49-65	154320
49-66	021590
49-66	01009570
49-66	01009590
49-66	01009580
49-66	01060450
49-66	053770
49-66	053880
49-66	027750
49-66	054270
49-66	089260
49-67	021790
49-67	029040
49-67	01009620
49-67	000110
49-67	021750
49-67	01000050
49-67	021780
49-67	004290
49-67	517760
49-67	036140
49-68	021990
49-68	022110
49-68	022370
49-68	108400
49-68	022680
49-68	022300
49-68	446280
49-68	022830
49-68	022250
49-68	022390
49-69	022300
49-69	022710
49-69	026900
49-69	022680
49-69	023360
49-69	022250
49-69	01009680
49-69	023200
49-69	023150
49-69	022390
49-70	022120
49-70	022480
49-70	022140
49-70	024520
49-70	01009840
49-70	055860
49-70	022210
49-70	024640
49-70	025450
49-70	024580
49-71	152840
49-71	01010430
49-71	023150
49-71	021930
49-71	022070
49-71	026900
49-71	304650
49-71	022440
49-71	498170
49-71	161130
49-72	326630
49-72	024490
49-72	022550
49-72	022850
49-72	025710
49-72	023480
49-72	016770
49-72	034470
49-72	024070
49-72	024200
49-73	338060
49-73	022880
49-73	202200
49-73	01010600
49-73	002290
49-73	027270
49-73	024490
49-73	242860
49-73	354320
49-73	022370
49-74	022920
49-74	022580
49-74	447070
49-74	347400
49-74	348520
49-74	023900
49-74	347450
49-74	233840
49-74	022620
49-74	022000
49-75	347450
49-75	348520
49-75	022960
49-75	455760
49-75	023790
49-75	081630
49-75	022300
49-75	01009790
49-75	01009850
49-75	091780
49-76	022900
49-76	023960
49-76	027130
49-76	323970
49-76	01009820
49-76	241510
49-76	326380
49-76	026770
49-76	01010770
49-76	133200
49-77	022860
49-77	023420
49-77	01009950
49-77	01009940
49-77	023430
49-77	027260
49-77	021950
49-77	401170
49-77	022240
49-77	241210
49-78	023600
49-78	027440
49-78	023430
49-78	022830
49-78	022020
49-78	01010620
49-78	027320
49-78	085770
49-78	016180
49-78	321790
49-79	022970
49-79	01009850
49-79	023610
49-79	023200
49-79	023790
49-79	348520
49-79	025290
49-79	021980
49-79	022470
49-79	022110
49-80	024080
49-80	023820
49-80	023900
49-80	023550
49-80	024310
49-80	352560
49-80	01009850
49-80	022330
49-80	354310
49-80	022000
49-81	01009760
49-81	022330
49-81	022210
49-81	023820
49-81	023870
49-81	024900
49-81	022300
49-81	022140
49-81	022930
49-81	01009720
49-82	024460
49-82	01045160
49-82	023800
49-82	023760
49-82	216900
49-82	023620
49-82	026390
49-82	201950
49-82	360870
49-82	025330
49-83	025410
49-83	023440
49-83	024860
49-83	023460
49-83	023430
49-83	022040
49-83	022410
49-83	023360
49-83	022510
49-83	01009950
49-84	022970
49-84	024240
49-84	022110
49-84	022230
49-84	022470
49-84	023360
49-84	022910
49-84	01009850
49-84	022540
49-84	023530
49-85	024640
49-85	024770
49-85	023820
49-85	022920
49-85	022330
49-85	022360
49-85	022200
49-85	025340
49-85	022390
49-85	022300
49-86	025290
49-86	022470
49-86	022230
49-86	024720
49-86	025150
49-86	023790
49-86	022660
49-86	022910
49-86	022800
49-86	025720
49-87	025250
49-87	022230
49-87	028150
49-87	01009960
49-87	022150
49-87	023970
49-87	022470
49-87	543490
49-87	01009790
49-87	023440
49-88	025930
49-88	025940
49-88	022580
49-88	022310
49-88	022300
49-88	022390
49-88	022200
49-88	224370
49-88	024910
49-88	01009850
49-89	026110
49-89	025940
49-89	379930
49-89	026250
49-89	513620
49-89	026130
49-89	027110
49-89	153700
49-89	166820
49-89	01010230
49-90	026250
49-90	01010230
49-90	022300
49-90	01010250
49-90	025940
49-90	024660
49-90	01010870
49-90	026130
49-90	455760
49-90	022330
49-91	024280
49-91	024660
49-91	023000
49-91	269070
49-91	025280
49-91	070290
49-91	024670
49-91	186330
49-91	027200
49-91	01010230
49-92	025880
49-92	026380
49-92	037310
49-92	027840
49-92	016410
49-92	001670
49-92	028430
49-92	067060
49-92	336770
49-92	109810
49-93	026090
49-93	024080
49-93	023230
49-93	025130
49-93	024260
49-93	023910
49-93	024290
49-93	023900
49-93	025060
49-93	024950
49-94	437100
49-94	151200
49-94	208880
49-94	129130
49-94	209200
49-94	437310
49-94	215710
49-94	312840
49-94	437170
49-94	437090
50-1	437090
50-1	437220
50-1	437080
50-1	437210
50-1	437170
50-1	437310
50-1	208880
50-1	265720
50-1	312840
50-1	063120
50-2	026910
50-2	070180
50-2	027910
50-2	069410
50-2	028600
50-2	01010870
50-2	326750
50-2	182430
50-2	027110
50-2	01010920
50-3	026920
50-3	194390
50-3	026770
50-3	027050
50-3	326360
50-3	511120
50-3	027040
50-3	026680
50-3	027130
50-3	400690
50-4	01010550
50-4	01011090
50-4	027140
50-4	01010500
50-4	026680
50-4	01010600
50-4	027270
50-4	01010710
50-4	027020
50-4	194390
50-5	027060
50-5	023170
50-5	023330
50-5	099270
50-5	088960
50-5	200250
50-5	067670
50-5	099250
50-5	01027000
50-5	197100
50-6	01009940
50-6	027260
50-6	01009950
50-6	027020
50-6	027210
50-6	026990
50-6	01010850
50-6	027120
50-6	027090
50-6	01011130
50-7	027540
50-7	027360
50-7	027310
50-7	027900
50-7	027640
50-7	027020
50-7	01010850
50-7	326080
50-7	01009930
50-7	01009960
50-8	027860
50-8	01011070
50-8	498810
50-8	030610
50-8	155880
50-8	027790
50-8	194390
50-8	400690
50-8	161830
50-8	290730
50-9	172580
50-9	000520
50-9	392360
50-9	462310
50-9	263790
50-9	001620
50-9	001610
50-9	094390
50-9	002820
50-9	217820
50-10	01010870
50-10	028170
50-10	027360
50-10	353410
50-10	01010500
50-10	027640
50-10	028360
50-10	01010600
50-10	194390
50-10	01010890
50-11	028200
50-11	031280
50-11	027630
50-11	027110
50-11	028180
50-11	01011130
50-11	027020
50-11	027090
50-11	01079050
50-11	027900
50-12	498580
50-12	498700
50-12	498810
50-12	290730
50-12	498770
50-12	498930
50-12	498970
50-12	348440
50-12	005640
50-12	498590
50-13	01010510
50-13	027200
50-13	028330
50-13	026950
50-13	026820
50-13	028120
50-13	027210
50-13	027290
50-13	028150
50-13	027750
50-14	027900
50-14	027020
50-14	028180
50-14	027110
50-14	027770
50-14	01011130
50-14	01011180
50-14	027910
50-14	01010510
50-14	026930
50-15	028660
50-15	028720
50-15	01011320
50-15	028500
50-15	01011330
50-15	521070
50-15	100600
50-15	023030
50-15	028270
50-15	028870
50-16	028860
50-16	028270
50-16	01011130
50-16	194390
50-16	028500
50-16	01010980
50-16	027820
50-16	01010780
50-16	01011360
50-16	027780
50-17	028950
50-17	028960
50-17	028980
50-17	028970
50-17	028990
50-17	029020
50-17	029010
50-17	029080
50-17	029130
50-17	029090
50-18	029030
50-18	029140
50-18	029020
50-18	029150
50-18	029280
50-18	029570
50-18	029260
50-18	029010
50-18	029440
50-18	028970
50-19	029190
50-19	029220
50-19	029060
50-19	006210
50-19	029070
50-19	029560
50-19	007160
50-19	029050
50-19	117710
50-19	028980
50-20	029190
50-20	243710
50-20	007160
50-20	029310
50-20	029120
50-20	029260
50-20	029220
50-20	113740
50-20	038250
50-20	029070
50-21	114410
50-21	029360
50-21	322480
50-21	006400
50-21	055940
50-21	164520
50-21	032960
50-21	01049630
50-21	005930
50-21	193650
50-22	029540
50-22	468890
50-22	400010
50-22	400720
50-22	054800
50-22	024810
50-22	490280
50-22	355090
50-22	017900
50-22	400450
50-23	029530
50-23	540580
50-23	476540
50-23	488520
50-23	167330
50-23	457260
50-23	153010
50-23	432820
50-23	499370
50-23	029200
50-24	002170
50-24	029790
50-24	002060
50-24	000300
50-24	163030
50-24	002000
50-24	002050
50-24	437580
50-24	032870
50-24	190960
50-25	098730
50-25	033510
50-25	030130
50-25	002080
50-25	099040
50-25	030150
50-25	037810
50-25	086770
50-25	01012370
50-25	269060
50-26	030340
50-26	105660
50-26	395050
50-26	031870
50-26	087140
50-26	003250
50-26	033890
50-26	030150
50-26	034180
50-26	006200
50-27	031070
50-27	01011660
50-27	030580
50-27	030460
50-27	259670
50-27	030230
50-27	030390
50-27	030890
50-27	030370
50-27	087860
50-28	104570
50-28	031000
50-28	01000180
50-28	416260
50-28	511160
50-28	01012650
50-28	467400
50-28	512050
50-28	154180
50-28	146410
50-29	031040
50-29	030860
50-29	030590
50-29	030220
50-29	01011590
50-29	01011580
50-29	030560
50-29	030460
50-29	030360
50-29	030390
50-30	098730
50-30	030130
50-30	154320
50-30	000040
50-30	037810
50-30	030210
50-30	033820
50-30	030510
50-30	342210
50-30	000130
50-31	030810
50-31	030850
50-31	030710
50-31	031010
50-31	01011580
50-31	030770
50-31	031160
50-31	030460
50-31	031070
50-31	211210
50-32	031300
50-32	016700
50-32	150900
50-32	153310
50-32	031590
50-32	162810
50-32	287830
50-32	065190
50-32	436790
50-32	345550
50-33	243390
50-33	098010
50-33	031680
50-33	031290
50-33	117600
50-33	002770
50-33	243450
50-33	000400
50-33	243460
50-33	005420
50-34	031680
50-34	117600
50-34	000530
50-34	243390
50-34	098010
50-34	005420
50-34	018090
50-34	118580
50-34	031290
50-34	005830
50-35	031370
50-35	108460
50-35	103870
50-35	031550
50-35	067650
50-35	000900
50-35	301170
50-35	000920
50-35	067820
50-35	338850
50-36	031580
50-36	01012600
50-36	478690
50-36	099450
50-36	233650
50-36	000040
50-36	054260
50-36	184580
50-36	336830
50-36	184930
50-37	020140
50-37	202440
50-37	080070
50-37	057970
50-37	233570
50-37	067420
50-37	347530
50-37	080120
50-37	079340
50-37	008330
50-38	032250
50-38	032260
50-38	01011750
50-38	162640
50-38	000100
50-38	000070
50-38	152640
50-38	099470
50-38	152740
50-38	099440
50-39	032840
50-39	242720
50-39	031270
50-39	152670
50-39	031360
50-39	021980
50-39	222520
50-39	323830
50-39	032820
50-39	326450
50-40	099140
50-40	01012610
50-40	032950
50-40	099070
50-40	259190
50-40	099150
50-40	038220
50-40	117310
50-40	099130
50-40	087130
50-41	01012390
50-41	033050
50-41	065930
50-41	065900
50-41	032900
50-41	267490
50-41	065950
50-41	033060
50-41	01002780
50-41	066050
50-42	033300
50-42	114410
50-42	446710
50-42	194570
50-42	033200
50-42	389850
50-42	01090870
50-42	447760
50-42	114990
50-42	390070
50-43	099270
50-43	033120
50-43	099210
50-43	099280
50-43	099250
50-43	029940
50-43	023170
50-43	01012450
50-43	155680
50-43	027060
50-44	033510
50-44	020590
50-44	086710
50-44	104400
50-44	089390
50-44	222540
50-44	030130
50-44	033730
50-44	033590
50-44	055680
50-45	034040
50-45	105560
50-45	01012810
50-45	155000
50-45	327950
50-45	01012850
50-45	087330
50-45	086950
50-45	033510
50-45	002730
50-46	034470
50-46	01009560
50-46	329300
50-46	040380
50-46	269070
50-46	328000
50-46	01009710
50-46	106450
50-46	054510
50-46	222640
50-47	034610
50-47	106840
50-47	061250
50-47	105340
50-47	293010
50-47	087830
50-47	087870
50-47	132450
50-47	355160
50-47	107010
50-48	034780
50-48	034600
50-48	034590
50-48	034630
50-48	034510
50-48	034450
50-48	183560
50-48	183330
50-48	232480
50-48	036830
50-49	034970
50-49	01012720
50-49	042190
50-49	206520
50-49	152040
50-49	152480
50-49	020690
50-49	034380
50-49	329300
50-49	107280
50-50	035050
50-50	107440
50-50	107310
50-50	035120
50-50	263160
50-50	035030
50-50	130960
50-50	107230
50-50	034910
50-50	106990
50-51	035350
50-51	035370
50-51	035360
50-51	004280
50-51	004260
50-51	284430
50-51	01013100
50-51	003080
50-51	01013860
50-51	162310
50-52	035880
50-52	01013230
50-52	245620
50-52	036010
50-52	067230
50-52	035910
50-52	515250
50-52	003130
50-52	353240
50-52	352960
50-53	296030
50-53	294330
50-53	045320
50-53	082830
50-53	295920
50-53	294520
50-53	368980
50-53	291300
50-53	293750
50-53	335940
50-54	037430
50-54	220480
50-54	477550
50-54	258920
50-54	409590
50-54	081550
50-54	477950
50-54	157280
50-54	036650
50-54	253830
50-55	036780
50-55	036510
50-55	036520
50-55	017460
50-55	068030
50-55	088870
50-55	016080
50-55	243010
50-55	090790
50-55	01013420
50-56	157260
50-56	157280
50-56	044160
50-56	348280
50-56	065540
50-56	352940
50-56	355830
50-56	343480
50-56	350300
50-56	501760
50-57	01037520
50-57	037400
50-57	219390
50-57	219690
50-57	218080
50-57	218800
50-57	188370
50-57	01013660
50-57	01037500
50-57	036520
50-58	038000
50-58	254120
50-58	000160
50-58	037680
50-58	037770
50-58	326690
50-58	323830
50-58	258890
50-58	326450
50-58	259670
50-59	038370
50-59	154460
50-59	037910
50-59	037610
50-59	258730
50-59	471270
50-59	037920
50-59	326580
50-59	395010
50-59	259320
50-60	038410
50-60	037660
50-60	038870
50-60	040510
50-60	416170
50-60	327930
50-60	155240
50-60	038790
50-60	040970
50-60	016970
50-61	037890
50-61	038490
50-61	038310
50-61	01014160
50-61	038590
50-61	039910
50-61	155350
50-61	038860
50-61	041360
50-61	01074570
50-62	154680
50-62	154580
50-62	037990
50-62	243870
50-62	037770
50-62	154440
50-62	326730
50-62	038530
50-62	038300
50-62	326660
50-63	039070
50-63	155960
50-63	327800
50-63	037770
50-63	259390
50-63	042770
50-63	327860
50-63	243070
50-63	327920
50-63	01062460
50-64	039130
50-64	038430
50-64	038790
50-64	258580
50-64	039150
50-64	154790
50-64	259070
50-64	039800
50-64	044280
50-64	258970
50-65	038790
50-65	038430
50-65	155310
50-65	259160
50-65	258580
50-65	01074580
50-65	044700
50-65	039460
50-65	260270
50-65	038650
50-66	038800
50-66	327050
50-66	040480
50-66	259560
50-66	038650
50-66	415940
50-66	156330
50-66	161290
50-66	471500
50-66	158570
50-67	039060
50-67	043490
50-67	184590
50-67	042830
50-67	037850
50-67	041580
50-67	099780
50-67	189840
50-67	098020
50-67	260030
50-68	039800
50-68	040710
50-68	038830
50-68	471510
50-68	041010
50-68	258970
50-68	038650
50-68	156290
50-68	039150
50-68	155530
50-69	259110
50-69	154940
50-69	040060
50-69	157290
50-69	227900
50-69	260080
50-69	157120
50-69	041150
50-69	261160
50-69	045230
50-70	155220
50-70	259150
50-70	223160
50-70	038740
50-70	244090
50-70	039130
50-70	254200
50-70	038160
50-70	038730
50-70	038430
50-71	345760
50-71	150880
50-71	01013750
50-71	355040
50-71	038550
50-71	038060
50-71	155140
50-71	347510
50-71	351550
50-71	01014030
50-72	156360
50-72	042450
50-72	038380
50-72	041670
50-72	039660
50-72	044820
50-72	039520
50-72	259920
50-72	040080
50-72	044870
50-73	039270
50-73	040300
50-73	041080
50-73	039910
50-73	040530
50-73	040820
50-73	042570
50-73	259830
50-73	155920
50-73	040250
50-74	328000
50-74	039950
50-74	471830
50-74	416580
50-74	156210
50-74	038620
50-74	222620
50-74	269070
50-74	156340
50-74	040380
50-75	040290
50-75	040640
50-75	293590
50-75	406130
50-75	081190
50-75	260110
50-75	345760
50-75	245020
50-75	155580
50-75	155520
50-76	090920
50-76	038530
50-76	039640
50-76	01038300
50-76	039910
50-76	039990
50-76	100330
50-76	090140
50-76	038600
50-76	038310
50-77	260010
50-77	041730
50-77	327690
50-77	040530
50-77	259820
50-77	417320
50-77	039860
50-77	039580
50-77	039760
50-77	110600
50-78	039970
50-78	040060
50-78	327900
50-78	471950
50-78	039070
50-78	042770
50-78	042110
50-78	039120
50-78	043530
50-78	157360
50-79	039890
50-79	260020
50-79	182030
50-79	157410
50-79	344210
50-79	343050
50-79	003230
50-79	344180
50-79	353530
50-79	155070
50-80	039810
50-80	01014080
50-80	015940
50-80	015930
50-80	315230
50-80	015450
50-80	044060
50-80	016130
50-80	020580
50-80	233660
50-81	040060
50-81	259330
50-81	039970
50-81	037770
50-81	047160
50-81	328190
50-81	040520
50-81	043530
50-81	042910
50-81	039470
50-82	038430
50-82	040120
50-82	258780
50-82	222630
50-82	039150
50-82	039460
50-82	258580
50-82	038160
50-82	155550
50-82	039130
50-83	039960
50-83	159620
50-83	049200
50-83	160830
50-83	044890
50-83	039670
50-83	044190
50-83	159640
50-83	042080
50-83	048360
50-84	040160
50-84	155640
50-84	260320
50-84	047450
50-84	042110
50-84	331060
50-84	161310
50-84	038700
50-84	037770
50-84	155800
50-85	040330
50-85	471900
50-85	038430
50-85	038160
50-85	039130
50-85	038620
50-85	110220
50-85	039460
50-85	155400
50-85	043610
50-86	040200
50-86	327950
50-86	038390
50-86	044820
50-86	039020
50-86	041510
50-86	134120
50-86	260960
50-86	259940
50-86	260220
50-87	037770
50-87	040520
50-87	155960
50-87	043530
50-87	327920
50-87	261310
50-87	258910
50-87	040060
50-87	243070
50-87	261620
50-88	041750
50-88	040700
50-88	038030
50-88	315290
50-88	041910
50-88	040030
50-88	316330
50-88	002850
50-88	301090
50-88	243730
50-89	071540
50-89	130420
50-89	130400
50-89	01020220
50-89	130300
50-89	130470
50-89	041040
50-89	214130
50-89	130570
50-89	244140
50-90	037770
50-90	328460
50-90	044980
50-90	260560
50-90	041540
50-90	040520
50-90	260620
50-90	158430
50-90	276040
50-90	389570
50-91	156380
50-91	260540
50-91	259220
50-91	416910
50-91	039640
50-91	040710
50-91	039210
50-91	040840
50-91	038880
50-91	254500
50-92	156530
50-92	472120
50-92	324320
50-92	041290
50-92	260410
50-92	416780
50-92	038430
50-92	254510
50-92	499910
50-92	044280
50-93	041350
50-93	042890
50-93	260590
50-93	040280
50-93	046700
50-93	328540
50-93	158460
50-93	038650
50-93	044340
50-93	038580
50-94	040790
50-94	057490
50-94	081170
50-94	157190
50-94	081250
50-94	041440
50-94	080980
50-94	081330
50-94	081710
50-94	040410
51-1	040830
51-1	041500
51-1	324020
51-1	131880
51-1	020830
51-1	219990
51-1	001050
51-1	045640
51-1	155000
51-1	030150
51-2	156640
51-2	042760
51-2	041240
51-2	041270
51-2	270230
51-2	045370
51-2	039840
51-2	156600
51-2	156490
51-2	038980
51-3	039070
51-3	040520
51-3	155960
51-3	042370
51-3	042230
51-3	039990
51-3	042930
51-3	039910
51-3	042860
51-3	040740
51-4	041190
51-4	038590
51-4	030340
51-4	038640
51-4	040740
51-4	038290
51-4	071120
51-4	041160
51-4	038530
51-4	041090
51-5	041140
51-5	290830
51-5	357640
51-5	01076550
51-5	358080
51-5	01076520
51-5	343460
51-5	366840
51-5	344580
51-5	044480
51-6	041710
51-6	328580
51-6	425190
51-6	039500
51-6	042900
51-6	327170
51-6	039320
51-6	331340
51-6	038620
51-6	156100
51-7	041930
51-7	260490
51-7	244280
51-7	01001400
51-7	019020
51-7	546980
51-7	103760
51-7	101990
51-7	221550
51-7	094140
51-8	041620
51-8	041940
51-8	261490
51-8	254570
51-8	037850
51-8	072300
51-8	043220
51-8	270580
51-8	328260
51-8	040510
51-9	157000
51-9	261560
51-9	259330
51-9	042560
51-9	327730
51-9	039790
51-9	039120
51-9	037770
51-9	039470
51-9	328190
51-10	042900
51-10	225340
51-10	329680
51-10	324450
51-10	038450
51-10	039500
51-10	261210
51-10	156100
51-10	044170
51-10	482490
51-11	01039370
51-11	156840
51-11	155800
51-11	039970
51-11	040060
51-11	328640
51-11	041720
51-11	329540
51-11	042110
51-11	040880
51-12	042100
51-12	157180
51-12	261280
51-12	01041170
51-12	157100
51-12	040520
51-12	472940
51-12	043940
51-12	039570
51-12	047750
51-13	042090
51-13	395140
51-13	315350
51-13	315910
51-13	342990
51-13	067550
51-13	067450
51-13	006300
51-13	017360
51-13	289760
51-14	157030
51-14	261090
51-14	042270
51-14	472450
51-14	158360
51-14	041680
51-14	329520
51-14	331260
51-14	042420
51-14	043530
51-15	040710
51-15	041870
51-15	262270
51-15	041970
51-15	261740
51-15	156310
51-15	262970
51-15	038430
51-15	091720
51-15	039130
51-16	044410
51-16	01014670
51-16	330170
51-16	042780
51-16	048360
51-16	047720
51-16	048180
51-16	040630
51-16	046820
51-16	472350
51-17	043450
51-17	417750
51-17	099580
51-17	262210
51-17	243740
51-17	244970
51-17	044100
51-17	047650
51-17	261370
51-17	244690
51-18	324860
51-18	043700
51-18	114760
51-18	262510
51-18	045360
51-18	334230
51-18	044680
51-18	044300
51-18	046720
51-18	432510
51-19	330470
51-19	324730
51-19	042370
51-19	043650
51-19	040060
51-19	223470
51-19	042300
51-19	01011820
51-19	222770
51-19	259850
51-20	273790
51-20	482470
51-20	475690
51-20	043180
51-20	243180
51-20	158010
51-20	044800
51-20	009800
51-20	476870
51-20	081190
51-21	044820
51-21	245570
51-21	044870
51-21	330420
51-21	039130
51-21	037870
51-21	01014160
51-21	039800
51-21	042900
51-21	043870
51-22	042770
51-22	261930
51-22	157360
51-22	043570
51-22	245700
51-22	330730
51-22	472510
51-22	043530
51-22	047380
51-22	042300
51-23	043790
51-23	157450
51-23	039420
51-23	01014160
51-23	261820
51-23	417720
51-23	155350
51-23	044980
51-23	01062960
51-23	155230
51-24	330300
51-24	260670
51-24	043800
51-24	261920
51-24	041150
51-24	472970
51-24	046680
51-24	501020
51-24	01040270
51-24	039580
51-25	038830
51-25	472880
51-25	039130
51-25	254790
51-25	041080
51-25	049660
51-25	037770
51-25	417230
51-25	043040
51-25	052130
51-26	043010
51-26	043250
51-26	044900
51-26	01014680
51-26	262040
51-26	01039370
51-26	156180
51-26	046980
51-26	049770
51-26	044030
51-27	044590
51-27	01050210
51-27	040580
51-27	022200
51-27	201330
51-27	043190
51-27	224370
51-27	243740
51-27	008590
51-27	040060
51-28	043720
51-28	041360
51-28	046200
51-28	043260
51-28	037770
51-28	043530
51-28	473380
51-28	325340
51-28	041680
51-28	111120
51-29	331180
51-29	043940
51-29	158460
51-29	044730
51-29	426820
51-29	046700
51-29	047490
51-29	264470
51-29	042900
51-29	049640
51-30	254490
51-30	040910
51-30	416680
51-30	471990
51-30	260460
51-30	158320
51-30	244940
51-30	084330
51-30	042900
51-30	042890
51-31	157020
51-31	045980
51-31	261200
51-31	041990
51-31	244500
51-31	156180
51-31	041250
51-31	044920
51-31	156020
51-31	043900
51-32	045380
51-32	262720
51-32	262730
51-32	048510
51-32	331310
51-32	418120
51-32	046670
51-32	041980
51-32	045230
51-32	043510
51-33	044670
51-33	288260
51-33	347430
51-33	258950
51-33	100410
51-33	044630
51-33	046320
51-33	293390
51-33	092410
51-33	328200
51-34	044690
51-34	263260
51-34	042950
51-34	040510
51-34	049650
51-34	043190
51-34	159620
51-34	047710
51-34	050640
51-34	048550
51-35	093700
51-35	042110
51-35	331190
51-35	417920
51-35	039630
51-35	040160
51-35	040580
51-35	337480
51-35	157290
51-35	074050
51-36	045370
51-36	033360
51-36	045040
51-36	101890
51-36	039840
51-36	043700
51-36	033350
51-36	333670
51-36	01012570
51-36	041270
51-37	046250
51-37	046240
51-37	089050
51-37	045680
51-37	031990
51-37	01001570
51-37	035850
51-37	395270
51-37	044560
51-37	155450
51-38	259330
51-38	331070
51-38	333190
51-38	043260
51-38	157530
51-38	158460
51-38	039470
51-38	042770
51-38	308980
51-38	040520
51-39	157030
51-39	158360
51-39	046740
51-39	042390
51-39	042080
51-39	482490
51-39	044790
51-39	050480
51-39	047560
51-39	043540
51-40	01014950
51-40	046120
51-40	472820
51-40	158240
51-40	045530
51-40	039700
51-40	046600
51-40	051160
51-40	473350
51-40	044990
51-41	042550
51-41	263140
51-41	325030
51-41	044850
51-41	236500
51-41	157720
51-41	040770
51-41	025980
51-41	043470
51-41	023240
51-42	158570
51-42	045520
51-42	01040270
51-42	044310
51-42	157540
51-42	048160
51-42	047160
51-42	482510
51-42	482490
51-42	254620
51-43	046910
51-43	528560
51-43	264210
51-43	530160
51-43	039870
51-43	261320
51-43	262850
51-43	046830
51-43	528510
51-43	042990
51-44	046570
51-44	047690
51-44	042290
51-44	042720
51-44	048600
51-44	528560
51-44	044830
51-44	043570
51-44	502280
51-44	048810
51-45	158670
51-45	263830
51-45	518310
51-45	039400
51-45	337540
51-45	272410
51-45	041360
51-45	332110
51-45	046800
51-45	245920
51-46	155800
51-46	047000
51-46	044820
51-46	045710
51-46	046010
51-46	044870
51-46	332530
51-46	039800
51-46	042720
51-46	048580
51-47	046960
51-47	042900
51-47	263760
51-47	047490
51-47	040130
51-47	049840
51-47	01040280
51-47	039500
51-47	263310
51-47	156100
51-48	037770
51-48	417240
51-48	049790
51-48	157530
51-48	482490
51-48	01093770
51-48	158750
51-48	332460
51-48	040160
51-48	047480
51-49	157540
51-49	482510
51-49	01040270
51-49	157530
51-49	048190
51-49	264600
51-49	01020610
51-49	418410
51-49	01051670
51-49	01065710
51-50	264240
51-50	474330
51-50	040050
51-50	332650
51-50	474470
51-50	045720
51-50	039610
51-50	045190
51-50	159200
51-50	052280
51-51	047590
51-51	050320
51-51	044190
51-51	159600
51-51	050310
51-51	076060
51-51	330170
51-51	048360
51-51	046490
51-51	044410
51-52	048190
51-52	157540
51-52	264050
51-52	255020
51-52	482510
51-52	482490
51-52	045380
51-52	050920
51-52	262070
51-52	156210
51-53	330170
51-53	044410
51-53	156180
51-53	264110
51-53	046490
51-53	044190
51-53	157020
51-53	050320
51-53	261200
51-53	155890
51-54	047710
51-54	044690
51-54	048550
51-54	263260
51-54	052070
51-54	047960
51-54	049650
51-54	075920
51-54	044740
51-54	040510
51-55	048450
51-55	095140
51-55	047850
51-55	089920
51-55	053040
51-55	244940
51-55	01040860
51-55	095260
51-55	246130
51-55	099840
51-56	047650
51-56	038610
51-56	159480
51-56	090880
51-56	040150
51-56	048000
51-56	040140
51-56	051440
51-56	160400
51-56	158090
51-57	264050
51-57	039130
51-57	049310
51-57	044820
51-57	039580
51-57	263390
51-57	045380
51-57	051280
51-57	254930
51-57	157530
51-58	049350
51-58	214980
51-58	512620
51-58	095940
51-58	322610
51-58	402400
51-58	317530
51-58	317100
51-58	089170
51-58	048350
51-59	01079470
51-59	046100
51-59	363770
51-59	349510
51-59	292490
51-59	350190
51-59	350450
51-59	349890
51-59	258950
51-59	045320
51-60	048820
51-60	160400
51-60	050500
51-60	052290
51-60	159210
51-60	050750
51-60	046610
51-60	482510
51-60	473480
51-60	050000
51-61	048860
51-61	044220
51-61	044600
51-61	042920
51-61	507620
51-61	049740
51-61	051900
51-61	050300
51-61	020270
51-61	377150
51-62	048800
51-62	206050
51-62	049740
51-62	159170
51-62	206060
51-62	040580
51-62	244680
51-62	224800
51-62	045330
51-62	022200
51-63	048940
51-63	265020
51-63	333550
51-63	045690
51-63	474480
51-63	051980
51-63	046780
51-63	046520
51-63	047650
51-63	159510
51-64	041560
51-64	045420
51-64	156340
51-64	039620
51-64	039320
51-64	044720
51-64	046670
51-64	159280
51-64	039500
51-64	331340
51-65	050040
51-65	050310
51-65	051200
51-65	159090
51-65	047010
51-65	159720
51-65	01015550
51-65	049770
51-65	044950
51-65	045420
51-66	263460
51-66	040060
51-66	046670
51-66	047160
51-66	047640
51-66	482490
51-66	041070
51-66	040160
51-66	047020
51-66	259330
51-67	050220
51-67	045130
51-67	045200
51-67	046640
51-67	044050
51-67	039790
51-67	043550
51-67	045120
51-67	049480
51-67	042930
51-68	050200
51-68	047070
51-68	051080
51-68	046830
51-68	048240
51-68	429130
51-68	01014160
51-68	043720
51-68	044950
51-68	049690
51-69	042420
51-69	042900
51-69	01063080
51-69	01040270
51-69	156490
51-69	051000
51-69	334610
51-69	041270
51-69	330710
51-69	01041270
51-70	050940
51-70	265700
51-70	334380
51-70	325820
51-70	047010
51-70	045200
51-70	047750
51-70	043940
51-70	043120
51-70	042770
51-71	159590
51-71	049450
51-71	047740
51-71	043610
51-71	01015540
51-71	048790
51-71	048410
51-71	048320
51-71	046960
51-71	046030
51-72	051930
51-72	044850
51-72	051580
51-72	100470
51-72	269590
51-72	501110
51-72	049020
51-72	535230
51-72	378650
51-72	319540
51-73	051400
51-73	048930
51-73	046660
51-73	051510
51-73	047950
51-73	049320
51-73	043120
51-73	043560
51-73	052190
51-73	046400
51-74	051400
51-74	048930
51-74	046660
51-74	043120
51-74	049320
51-74	046400
51-74	047950
51-74	045700
51-74	043560
51-74	049010
51-75	051980
51-75	160690
51-75	334860
51-75	047050
51-75	045690
51-75	410090
51-75	078250
51-75	047300
51-75	266240
51-75	051050
51-76	052180
51-76	503190
51-76	003770
51-76	045830
51-76	352290
51-76	045650
51-76	098920
51-76	273240
51-76	047230
51-76	290830
51-77	052480
51-77	266300
51-77	335170
51-77	047000
51-77	048990
51-77	048360
51-77	265120
51-77	158890
51-77	051290
51-77	047650
51-78	052450
51-78	150560
51-78	052330
51-78	051430
51-78	106990
51-78	035260
51-78	097170
51-78	288080
51-78	149100
51-78	01013060
51-79	053200
51-79	052720
51-79	371080
51-79	299070
51-79	316960
51-79	402840
51-79	159310
51-79	385280
51-79	053110
51-79	317160
51-80	01040970
51-80	255430
51-80	052580
51-80	160850
51-80	01014950
51-80	045210
51-80	048360
51-80	044990
51-80	041400
51-80	045850
51-81	475350
51-81	052710
51-81	01014950
51-81	266370
51-81	047050
51-81	046810
51-81	046040
51-81	335240
51-81	260030
51-81	039680
51-82	052750
51-82	050250
51-82	208920
51-82	045180
51-82	052140
51-82	160910
51-82	266350
51-82	047830
51-82	213080
51-82	051220
51-83	052700
51-83	048110
51-83	052830
51-83	473480
51-83	052140
51-83	050550
51-83	01030090
51-83	047710
51-83	049410
51-83	050620
51-84	052900
51-84	052840
51-84	053100
51-84	043800
51-84	052870
51-84	044980
51-84	051560
51-84	052680
51-84	046810
51-84	051470
51-85	053050
51-85	044850
51-85	048730
51-85	049740
51-85	048800
51-85	052910
51-85	053220
51-85	452560
51-85	262650
51-85	051400
51-86	053180
51-86	160970
51-86	418230
51-86	053220
51-86	245070
51-86	051580
51-86	530160
51-86	048450
51-86	417520
51-86	341080
51-87	046990
51-87	053100
51-87	160400
51-87	042080
51-87	01015550
51-87	051910
51-87	048340
51-87	050500
51-87	052680
51-87	01014950
51-88	017760
51-88	053420
51-88	037510
51-88	017770
51-88	017780
51-88	001960
51-88	021250
51-88	154320
51-88	053500
51-88	053450
51-89	053860
51-89	054080
51-89	243960
51-89	054270
51-89	038710
51-89	053770
51-89	017910
51-89	017990
51-89	471620
51-89	018100
51-90	054180
51-90	026710
51-90	054190
51-90	054310
51-90	017770
51-90	017760
51-90	053880
51-90	054270
51-90	053420
51-90	055300
51-91	054340
51-91	017770
51-91	469850
51-91	053580
51-91	468980
51-91	054260
51-91	469450
51-91	470590
51-91	053740
51-91	054270
51-92	054310
51-92	017900
51-92	018140
51-92	017870
51-92	053550
51-92	054520
51-92	469810
51-92	468580
51-92	017990
51-92	053600
51-93	054520
51-93	468150
51-93	470270
51-93	468480
51-93	043690
51-93	468500
51-93	053550
51-93	468430
51-93	469670
51-93	017900
51-94	054700
51-94	053790
51-94	053880
51-94	01015850
51-94	053770
51-94	053500
51-94	467830
51-94	018200
51-94	054260
51-94	017780
52-1	054950
52-1	054660
52-1	01016220
52-1	017900
52-1	018440
52-1	469580
52-1	018140
52-1	468470
52-1	053740
52-1	021360
52-2	054750
52-2	017770
52-2	055300
52-2	053470
52-2	054190
52-2	017760
52-2	053420
52-2	053500
52-2	055000
52-2	037510
52-3	053740
52-3	01015800
52-3	054260
52-3	01016190
52-3	470170
52-3	017780
52-3	017990
52-3	054190
52-3	026710
52-3	053660
52-4	055000
52-4	054520
52-4	017990
52-4	054920
52-4	017910
52-4	055300
52-4	037880
52-4	018140
52-4	021360
52-4	054190
52-5	053790
52-5	018140
52-5	017990
52-5	054190
52-5	054260
52-5	053500
52-5	017900
52-5	055160
52-5	054310
52-5	017770
52-6	055300
52-6	055000
52-6	470110
52-6	054190
52-6	054800
52-6	054340
52-6	469770
52-6	054520
52-6	470300
52-6	470620
52-7	046620
52-7	483460
52-7	048270
52-7	513290
52-7	293390
52-7	156730
52-7	009120
52-7	064730
52-7	326140
52-7	038270
52-8	054520
52-8	055000
52-8	055300
52-8	469540
52-8	017900
52-8	017770
52-8	017910
52-8	017990
52-8	470270
52-8	054190
52-9	055670
52-9	162650
52-9	132810
52-9	116460
52-9	056090
52-9	162900
52-9	056410
52-9	133080
52-9	056460
52-9	234120
52-10	056790
52-10	004670
52-10	116490
52-10	116410
52-10	057320
52-10	055620
52-10	056160
52-10	055910
52-10	032970
52-10	117130
52-11	055940
52-11	213440
52-11	194910
52-11	193650
52-11	059960
52-11	134240
52-11	214520
52-11	004600
52-11	005800
52-11	161180
52-12	056250
52-12	213000
52-12	133390
52-12	163360
52-12	057130
52-12	099790
52-12	168940
52-12	134090
52-12	225260
52-12	164900
52-13	056000
52-13	057080
52-13	279690
52-13	164820
52-13	234390
52-13	100030
52-13	01054250
52-13	134350
52-13	133770
52-13	056650
52-14	323750
52-14	056050
52-14	062080
52-14	057810
52-14	032270
52-14	163250
52-14	055940
52-14	055820
52-14	397840
52-14	059650
52-15	116410
52-15	055620
52-15	079000
52-15	165170
52-15	213020
52-15	116420
52-15	056160
52-15	117230
52-15	005390
52-15	163310
52-16	056780
52-16	117600
52-16	194630
52-16	032030
52-16	164680
52-16	137460
52-16	236210
52-16	098010
52-16	056600
52-16	234350
52-17	058300
52-17	091490
52-17	455450
52-17	01000750
52-17	162300
52-17	060110
52-17	350810
52-17	031850
52-17	279360
52-17	058390
52-18	057330
52-18	057670
52-18	056940
52-18	064750
52-18	057420
52-18	234270
52-18	057820
52-18	100180
52-18	059420
52-18	090650
52-19	056690
52-19	118160
52-19	113800
52-19	134030
52-19	006010
52-19	057960
52-19	195440
52-19	058440
52-19	300850
52-19	063010
52-20	134390
52-20	057110
52-20	164650
52-20	060380
52-20	058690
52-20	133410
52-20	195570
52-20	117960
52-20	062960
52-20	056970
52-21	057390
52-21	057340
52-21	057610
52-21	058490
52-21	060830
52-21	134120
52-21	058410
52-21	133610
52-21	055820
52-21	086760
52-22	057520
52-22	058090
52-22	134960
52-22	214160
52-22	457890
52-22	166080
52-22	059150
52-22	166780
52-22	057070
52-22	058820
52-23	057650
52-23	166100
52-23	059180
52-23	063440
52-23	235520
52-23	058240
52-23	323020
52-23	088870
52-23	225320
52-23	235040
52-24	058690
52-24	213900
52-24	060090
52-24	133410
52-24	058010
52-24	164650
52-24	387390
52-24	113750
52-24	280510
52-24	134390
52-25	057720
52-25	280330
52-25	276040
52-25	135230
52-25	055920
52-25	389570
52-25	056380
52-25	270470
52-25	165560
52-25	135000
52-26	057950
52-26	163590
52-26	134570
52-26	169300
52-26	119160
52-26	057350
52-26	056780
52-26	135120
52-26	281380
52-26	056350
52-27	166590
52-27	058000
52-27	135360
52-27	091430
52-27	057090
52-27	138050
52-27	007120
52-27	133060
52-27	198470
52-27	136730
52-28	058320
52-28	057130
52-28	114260
52-28	225260
52-28	061170
52-28	122660
52-28	056250
52-28	135880
52-28	061770
52-28	056890
52-29	058360
52-29	167070
52-29	136560
52-29	167050
52-29	01055910
52-29	058370
52-29	059660
52-29	062760
52-29	022930
52-29	229540
52-30	225440
52-30	136300
52-30	058710
52-30	059960
52-30	062040
52-30	114410
52-30	214520
52-30	057240
52-30	138520
52-30	055940
52-31	057910
52-31	01031910
52-31	139380
52-31	058470
52-31	136400
52-31	134570
52-31	120240
52-31	225240
52-31	01044390
52-31	301480
52-32	058760
52-32	058480
52-32	060140
52-32	057950
52-32	061880
52-32	058470
52-32	118610
52-32	057350
52-32	061010
52-32	058180
52-33	059500
52-33	01017570
52-33	058420
52-33	315870
52-33	157590
52-33	245670
52-33	003250
52-33	245240
52-33	395050
52-33	060350
52-34	058770
52-34	301570
52-34	168150
52-34	01049670
52-34	301940
52-34	169840
52-34	138190
52-34	059710
52-34	168830
52-34	056350
52-35	120890
52-35	059010
52-35	059200
52-35	167390
52-35	137350
52-35	058150
52-35	031930
52-35	019850
52-35	116990
52-35	057100
52-36	059520
52-36	059690
52-36	169900
52-36	215420
52-36	01058530
52-36	168630
52-36	281280
52-36	01017790
52-36	137850
52-36	062920
52-37	060710
52-37	201970
52-37	197760
52-37	033940
52-37	061060
52-37	058840
52-37	062310
52-37	120190
52-37	059860
52-37	061810
52-38	216730
52-38	236940
52-38	059930
52-38	170630
52-38	281660
52-38	276920
52-38	379150
52-38	123080
52-38	061260
52-38	01017770
52-39	125140
52-39	01017560
52-39	220290
52-39	250190
52-39	058690
52-39	063460
52-39	059800
52-39	061610
52-39	277700
52-39	060100
52-40	060000
52-40	216820
52-40	063890
52-40	335970
52-40	375330
52-40	058750
52-40	063830
52-40	060350
52-40	060260
52-40	082160
52-41	202740
52-41	061210
52-41	124240
52-41	528480
52-41	142730
52-41	01017770
52-41	034950
52-41	058690
52-41	140780
52-41	217390
52-42	060840
52-42	058190
52-42	056370
52-42	345800
52-42	056430
52-42	056940
52-42	351920
52-42	088980
52-42	063230
52-42	235290
52-43	060550
52-43	060350
52-43	058730
52-43	198560
52-43	061530
52-43	01001730
52-43	01017570
52-43	061200
52-43	060260
52-43	059500
52-44	188890
52-44	188850
52-44	188930
52-44	189150
52-44	189060
52-44	188870
52-44	01047830
52-44	188580
52-44	282340
52-44	188730
52-45	060930
52-45	324470
52-45	324010
52-45	258830
52-45	324910
52-45	325560
52-45	324780
52-45	335410
52-45	037840
52-45	260260
52-46	060400
52-46	140480
52-46	173250
52-46	064140
52-46	216230
52-46	059880
52-46	121520
52-46	033010
52-46	062840
52-46	059990
52-47	061700
52-47	125720
52-47	064400
52-47	061140
52-47	381200
52-47	095150
52-47	061200
52-47	062090
52-47	061160
52-47	060190
52-48	061870
52-48	068500
52-48	217780
52-48	381560
52-48	063310
52-48	060110
52-48	467290
52-48	060280
52-48	185020
52-48	432390
52-49	062920
52-49	01018030
52-49	326630
52-49	143340
52-49	022130
52-49	01017790
52-49	218780
52-49	188000
52-49	01056140
52-49	076950
52-50	062380
52-50	142890
52-50	126060
52-50	048210
52-50	060560
52-50	063120
52-50	057960
52-50	060580
52-50	145330
52-50	060450
52-51	176870
52-51	061760
52-51	061010
52-51	01012230
52-51	061520
52-51	062530
52-51	061570
52-51	218500
52-51	01023560
52-51	061360
52-52	063010
52-52	061740
52-52	393550
52-52	393400
52-52	01017680
52-52	127640
52-52	415870
52-52	061010
52-52	171280
52-52	059580
52-53	063150
52-53	063380
52-53	063990
52-53	059820
52-53	210400
52-53	129370
52-53	063010
52-53	056070
52-53	033690
52-53	061100
52-54	063020
52-54	059300
52-54	175300
52-54	061150
52-54	236860
52-54	061260
52-54	061590
52-54	063790
52-54	058700
52-54	123910
52-55	062910
52-55	063460
52-55	056970
52-55	144870
52-55	274270
52-55	313410
52-55	063390
52-55	033650
52-55	033850
52-55	01017740
52-56	060640
52-56	063560
52-56	061290
52-56	01017020
52-56	061160
52-56	056570
52-56	062990
52-56	058340
52-56	062620
52-56	061370
52-57	063200
52-57	062950
52-57	383140
52-57	351080
52-57	058750
52-57	238710
52-57	127900
52-57	351300
52-57	336510
52-57	059620
52-58	061370
52-58	185660
52-58	060280
52-58	062070
52-58	059680
52-58	058500
52-58	056570
52-58	064350
52-58	01016950
52-58	062090
52-59	063590
52-59	063100
52-59	358840
52-59	063870
52-59	060550
52-59	351080
52-59	060110
52-59	061370
52-59	060390
52-59	292700
52-60	062460
52-60	063790
52-60	063150
52-60	061630
52-60	145010
52-60	061100
52-60	061500
52-60	063880
52-60	01046660
52-60	063810
52-61	060880
52-61	01034080
52-61	060530
52-61	063370
52-61	222540
52-61	062280
52-61	542310
52-61	034320
52-61	124400
52-61	059480
52-62	063830
52-62	060260
52-62	029930
52-62	179280
52-62	061030
52-62	063920
52-62	455510
52-62	166110
52-62	336580
52-62	062500
52-63	063810
52-63	064260
52-63	161860
52-63	01017990
52-63	060170
52-63	222540
52-63	064420
52-63	283030
52-63	057850
52-63	063370
52-64	063970
52-64	061250
52-64	062910
52-64	064840
52-64	220530
52-64	061240
52-64	064470
52-64	239530
52-64	057130
52-64	239540
52-65	063400
52-65	129370
52-65	064220
52-65	284190
52-65	283660
52-65	145810
52-65	176550
52-65	239350
52-65	077400
52-65	220730
52-66	01101900
52-66	064490
52-66	295900
52-66	064000
52-66	293460
52-66	292910
52-66	064010
52-66	353420
52-66	503540
52-66	297990
52-67	064610
52-67	056590
52-67	032240
52-67	326670
52-67	108420
52-67	326660
52-67	01075190
52-67	037770
52-67	01041460
52-67	326560
52-68	064820
52-68	064770
52-68	411510
52-68	064810
52-68	01018330
52-68	168230
52-68	064830
52-68	064880
52-68	482450
52-68	257590
52-69	064870
52-69	064810
52-69	064880
52-69	064820
52-69	159460
52-69	336470
52-69	01001810
52-69	084510
52-69	062190
52-69	064800
52-70	064840
52-70	093540
52-70	060090
52-70	122600
52-70	056810
52-70	216340
52-70	060510
52-70	140470
52-70	01017910
52-70	062270
52-71	064870
52-71	064880
52-71	064820
52-71	336470
52-71	065000
52-71	062190
52-71	064800
52-71	416030
52-71	001030
52-71	01001810
52-72	084770
52-72	064950
52-72	084830
52-72	479960
52-72	336580
52-72	094500
52-72	479350
52-72	084800
52-72	478930
52-72	479320
52-73	065130
52-73	001270
52-73	001440
52-73	036110
52-73	01013290
52-73	150860
52-73	036100
52-73	146600
52-73	01036470
52-73	150850
52-74	065130
52-74	003610
52-74	004440
52-74	01013290
52-74	066940
52-74	065370
52-74	001270
52-74	150850
52-74	067150
52-74	001440
52-75	01018610
52-75	065350
52-75	065720
52-75	203900
52-75	299870
52-75	366720
52-75	032670
52-75	068440
52-75	218850
52-75	149690
52-76	066020
52-76	185900
52-76	343480
52-76	065390
52-76	066350
52-76	036270
52-76	017200
52-76	066060
52-76	065420
52-76	01068820
52-77	167650
52-77	066350
52-77	253870
52-77	065470
52-77	345150
52-77	176410
52-77	348960
52-77	207220
52-77	437500
52-77	065290
52-78	066590
52-78	433300
52-78	436320
52-78	099600
52-78	239950
52-78	100610
52-78	432160
52-78	300060
52-78	162430
52-78	280430
52-79	066940
52-79	066890
52-79	066880
52-79	267440
52-79	066980
52-79	01001360
52-79	067250
52-79	019320
52-79	067260
52-79	154530
52-80	066910
52-80	066860
52-80	004290
52-80	066840
52-80	004260
52-80	01024240
52-80	154130
52-80	212430
52-80	066920
52-80	227440
52-81	01042760
52-81	01066850
52-81	162360
52-81	067520
52-81	01066920
52-81	031400
52-81	081300
52-81	01011750
52-81	162640
52-81	031420
52-82	067070
52-82	067640
52-82	067180
52-82	067690
52-82	067820
52-82	164920
52-82	067330
52-82	328790
52-82	066970
52-82	068010
52-83	066940
52-83	067150
52-83	003600
52-83	003590
52-83	154530
52-83	342630
52-83	005590
52-83	081970
52-83	235650
52-83	016680
52-84	287970
52-84	290270
52-84	482450
52-84	090370
52-84	344610
52-84	344000
52-84	01038230
52-84	156650
52-84	482470
52-84	245020
52-85	230220
52-85	067830
52-85	482870
52-85	067890
52-85	068710
52-85	067790
52-85	213690
52-85	068170
52-85	065290
52-85	267550
52-86	067780
52-86	294810
52-86	01012340
52-86	213950
52-86	068110
52-86	347670
52-86	01019710
52-86	01007820
52-86	083440
52-86	519820
52-87	067190
52-87	016600
52-87	004490
52-87	103840
52-87	163090
52-87	455700
52-87	004640
52-87	067730
52-87	055890
52-87	285350
52-88	067960
52-88	068370
52-88	294810
52-88	221590
52-88	016830
52-88	068020
52-88	267880
52-88	295440
52-88	480100
52-88	01000070
52-89	067890
52-89	073440
52-89	067870
52-89	229680
52-89	01076950
52-89	072290
52-89	01019270
52-89	168960
52-89	230290
52-89	068350
52-90	068400
52-90	153140
52-90	067800
52-90	352280
52-90	158330
52-90	067730
52-90	01075660
52-90	355590
52-90	284750
52-90	293210
52-91	01019710
52-91	068370
52-91	082720
52-91	189910
52-91	108980
52-91	355220
52-91	345890
52-91	083640
52-91	354610
52-91	068120
52-92	054280
52-92	054300
52-92	055240
52-92	083440
52-92	243620
52-92	158600
52-92	004130
52-92	352300
52-92	01081190
52-92	01005650
52-93	068820
52-93	231940
52-93	01019910
52-93	109040
52-93	01019640
52-93	303100
52-93	230280
52-93	422610
52-93	062010
52-93	023940
52-94	068760
52-94	068860
52-94	01085030
52-94	245880
52-94	478180
52-94	040660
52-94	455700
52-94	067190
52-94	477470
52-94	259780
53-1	069320
53-1	069450
53-1	069270
53-1	069400
53-1	069310
53-1	069980
53-1	287920
53-1	070250
53-1	070450
53-1	268530
53-2	069570
53-2	069960
53-2	069440
53-2	070070
53-2	069590
53-2	070480
53-2	185860
53-2	133170
53-2	070010
53-2	162880
53-3	224530
53-3	069870
53-3	148370
53-3	326620
53-3	243030
53-3	147010
53-3	228430
53-3	146810
53-3	108480
53-3	243100
53-4	007850
53-4	006220
53-4	280780
53-4	010820
53-4	136100
53-4	007470
53-4	008820
53-4	01003260
53-4	114330
53-4	01003360
53-5	007480
53-5	007850
53-5	007430
53-5	01005860
53-5	011580
53-5	01003260
53-5	004970
53-5	01003790
53-5	01004080
53-5	085250
53-6	069930
53-6	070960
53-6	071630
53-6	01086650
53-6	327220
53-6	072310
53-6	339240
53-6	073450
53-6	424000
53-6	073630
53-7	070220
53-7	01019980
53-7	069680
53-7	069600
53-7	070640
53-7	072860
53-7	070630
53-7	071270
53-7	072410
53-7	069470
53-8	069680
53-8	071290
53-8	070070
53-8	070630
53-8	069590
53-8	070670
53-8	069570
53-8	069460
53-8	01019980
53-8	070480
53-9	071790
53-9	074230
53-9	071170
53-9	070680
53-9	074650
53-9	071920
53-9	073050
53-9	070620
53-9	072040
53-9	076680
53-10	071010
53-10	01073470
53-10	317620
53-10	070460
53-10	540040
53-10	036520
53-10	347380
53-10	317600
53-10	069360
53-10	065470
53-11	069660
53-11	070880
53-11	072600
53-11	069610
53-11	070070
53-11	070630
53-11	069860
53-11	374320
53-11	498610
53-11	071350
53-12	070960
53-12	071630
53-12	069930
53-12	01086650
53-12	039460
53-12	072500
53-12	070280
53-12	070450
53-12	499640
53-12	073450
53-13	070980
53-13	073180
53-13	069650
53-13	071550
53-13	222670
53-13	069750
53-13	375620
53-13	057550
53-13	267720
53-13	070950
53-14	072500
53-14	270580
53-14	076960
53-14	074470
53-14	136020
53-14	01019980
53-14	072300
53-14	070450
53-14	071230
53-14	091530
53-15	071830
53-15	072200
53-15	071090
53-15	072860
53-15	074420
53-15	071290
53-15	01019980
53-15	070210
53-15	069460
53-15	500090
53-16	074690
53-16	075440
53-16	071930
53-16	073330
53-16	354550
53-16	072490
53-16	352940
53-16	355830
53-16	072970
53-16	073440
53-17	072650
53-17	072100
53-17	073360
53-17	041230
53-17	01009920
53-17	070610
53-17	045040
53-17	076820
53-17	071390
53-17	236790
53-18	073600
53-18	072040
53-18	071810
53-18	074390
53-18	074240
53-18	076450
53-18	075260
53-18	288400
53-18	075970
53-18	078330
53-19	073860
53-19	072040
53-19	168170
53-19	073370
53-19	074210
53-19	072200
53-19	071810
53-19	073470
53-19	070290
53-19	074510
53-20	072900
53-20	071190
53-20	460060
53-20	071060
53-20	327760
53-20	076430
53-20	070610
53-20	074510
53-20	076440
53-20	077610
53-21	071500
53-21	069980
53-21	071560
53-21	072180
53-21	072150
53-21	072720
53-21	071200
53-21	070250
53-21	074090
53-21	074410
53-22	073030
53-22	076210
53-22	187210
53-22	092840
53-22	074870
53-22	073080
53-22	073560
53-22	070570
53-22	070220
53-22	073290
53-23	071870
53-23	033780
53-23	308290
53-23	070610
53-23	072740
53-23	061830
53-23	073530
53-23	034300
53-23	076470
53-23	075370
53-24	072750
53-24	077720
53-24	169110
53-24	077180
53-24	138300
53-24	073280
53-24	072430
53-24	225680
53-24	076730
53-24	352940
53-25	073350
53-25	308200
53-25	437050
53-25	075870
53-25	073430
53-25	070220
53-25	223510
53-25	271230
53-25	215660
53-25	288580
53-26	167650
53-26	065470
53-26	348270
53-26	071610
53-26	070460
53-26	176410
53-26	073440
53-26	070400
53-26	01020180
53-26	347380
53-27	074240
53-27	074050
53-27	071390
53-27	070160
53-27	074210
53-27	070760
53-27	073430
53-27	077470
53-27	073370
53-27	072200
53-28	074860
53-28	072860
53-28	075120
53-28	391640
53-28	502120
53-28	073920
53-28	502540
53-28	070220
53-28	310200
53-28	071800
53-29	073540
53-29	075570
53-29	075210
53-29	074770
53-29	077300
53-29	489260
53-29	074040
53-29	170880
53-29	075730
53-29	272220
53-30	076820
53-30	076790
53-30	320090
53-30	075360
53-30	073360
53-30	071390
53-30	076920
53-30	078320
53-30	071430
53-30	070610
53-31	075260
53-31	074750
53-31	073600
53-31	071220
53-31	01085750
53-31	074880
53-31	076180
53-31	502080
53-31	071920
53-31	076450
53-32	075140
53-32	070290
53-32	431520
53-32	074650
53-32	486960
53-32	070450
53-32	462630
53-32	073430
53-32	074240
53-32	073570
53-33	075840
53-33	073730
53-33	073370
53-33	073830
53-33	070570
53-33	072020
53-33	075110
53-33	074830
53-33	073560
53-33	074090
53-34	073310
53-34	073860
53-34	431630
53-34	074650
53-34	071450
53-34	073930
53-34	070770
53-34	076290
53-34	070030
53-34	075650
53-35	072470
53-35	075880
53-35	072070
53-35	072940
53-35	074450
53-35	071200
53-35	463230
53-35	073870
53-35	074640
53-35	075660
53-36	077020
53-36	077120
53-36	076060
53-36	048550
53-36	072550
53-36	076540
53-36	076740
53-36	218520
53-36	075910
53-36	076320
53-37	071200
53-37	074510
53-37	069980
53-37	071960
53-37	072940
53-37	074480
53-37	075630
53-37	073560
53-37	072200
53-37	072310
53-38	076430
53-38	188000
53-38	076950
53-38	273290
53-38	01015520
53-38	273550
53-38	022490
53-38	333670
53-38	312250
53-38	197640
53-39	078450
53-39	076430
53-39	076440
53-39	188280
53-39	188000
53-39	042420
53-39	071620
53-39	052100
53-39	077080
53-39	071190
53-40	072730
53-40	073920
53-40	071060
53-40	073010
53-40	074130
53-40	076670
53-40	435730
53-40	074050
53-40	076070
53-40	074210
53-41	076700
53-41	071200
53-41	070890
53-41	073380
53-41	489520
53-41	01065900
53-41	278130
53-41	071960
53-41	076330
53-41	273450
53-42	037310
53-42	077040
53-42	077720
53-42	075780
53-42	025880
53-42	177650
53-42	072430
53-42	072750
53-42	072570
53-42	359660
53-43	077750
53-43	214110
53-43	328450
53-43	404180
53-43	260470
53-43	110430
53-43	402460
53-43	547340
53-43	269670
53-43	057430
53-44	072550
53-44	074730
53-44	075480
53-44	072560
53-44	077020
53-44	187060
53-44	330170
53-44	076060
53-44	078180
53-44	077070
53-45	078070
53-45	075890
53-45	073970
53-45	075420
53-45	074350
53-45	076650
53-45	070220
53-45	077840
53-45	077850
53-45	075110
53-46	075270
53-46	076630
53-46	072620
53-46	073450
53-46	078070
53-46	072660
53-46	071920
53-46	071660
53-46	073100
53-46	071350
53-47	078350
53-47	072550
53-47	078230
53-47	429960
53-47	074730
53-47	552040
53-47	072560
53-47	313630
53-47	022350
53-47	394290
53-48	078440
53-48	077400
53-48	077420
53-48	078220
53-48	467710
53-48	077270
53-48	076480
53-48	078190
53-48	073460
53-48	071270
53-49	078460
53-49	188230
53-49	075060
53-49	072300
53-49	078180
53-49	078050
53-49	398300
53-49	075220
53-49	076430
53-49	452290
53-50	073560
53-50	076170
53-50	072940
53-50	077570
53-50	073080
53-50	074350
53-50	074920
53-50	076210
53-50	074880
53-50	073000
53-51	078840
53-51	078920
53-51	003020
53-51	078860
53-51	078900
53-51	003070
53-51	002690
53-51	003030
53-51	000070
53-51	000080
53-52	078930
53-52	347650
53-52	240440
53-52	284610
53-52	345550
53-52	01011880
53-52	342060
53-52	436800
53-52	343190
53-52	317500
53-53	079030
53-53	289210
53-53	031380
53-53	078970
53-53	031420
53-53	079270
53-53	079130
53-53	326070
53-53	029820
53-53	224390
53-54	079040
53-54	032410
53-54	162810
53-54	284610
53-54	134880
53-54	088880
53-54	01024430
53-54	168010
53-54	134870
53-54	078950
53-55	079210
53-55	316000
53-55	079910
53-55	305410
53-55	079680
53-55	079520
53-55	291180
53-55	031750
53-55	162810
53-55	347350
53-56	079320
53-56	166080
53-56	134960
53-56	079400
53-56	457890
53-56	166780
53-56	349590
53-56	010080
53-56	281510
53-56	006920
53-57	079530
53-57	241370
53-57	432000
53-57	148340
53-57	079690
53-57	079700
53-57	002380
53-57	432200
53-57	079620
53-57	513300
53-58	01007410
53-58	344530
53-58	342790
53-58	287830
53-58	349530
53-58	342190
53-58	353530
53-58	138310
53-58	348260
53-58	345340
53-59	01024630
53-59	079850
53-59	089840
53-59	373960
53-59	103950
53-59	244160
53-59	197770
53-59	099540
53-59	151770
53-59	151840
53-60	079990
53-60	079980
53-60	017730
53-60	158950
53-60	079800
53-60	273790
53-60	079220
53-60	01011870
53-60	226920
53-60	475690
53-61	146790
53-61	065200
53-61	150900
53-61	065210
53-61	079080
53-61	151020
53-61	150890
53-61	065240
53-61	065190
53-61	065180
53-62	178660
53-62	267280
53-62	01003250
53-62	303750
53-62	063650
53-62	283710
53-62	140110
53-62	009270
53-62	394040
53-62	007970
53-63	000100
53-63	080210
53-63	032290
53-63	003130
53-63	001280
53-63	031240
53-63	031420
53-63	015540
53-63	000520
53-63	318660
53-64	080250
53-64	080820
53-64	080690
53-64	080860
53-64	104410
53-64	080830
53-64	081260
53-64	117260
53-64	064650
53-64	080780
53-65	326780
53-65	344700
53-65	081130
53-65	355380
53-65	003690
53-65	287020
53-65	082970
53-65	003810
53-65	258950
53-65	031490
53-66	081480
53-66	082010
53-66	389040
53-66	213910
53-66	248590
53-66	347390
53-66	389220
53-66	248120
53-66	389800
53-66	248360
53-67	01008400
53-67	081840
53-67	01022400
53-67	01006820
53-67	01021970
53-67	018970
53-67	350250
53-67	081860
53-67	01006910
53-67	015730
53-68	018960
53-68	081900
53-68	081680
53-68	018830
53-68	004040
53-68	081880
53-68	081890
53-68	285070
53-68	018860
53-68	003690
53-69	349880
53-69	082040
53-69	475670
53-69	259050
53-69	003810
53-69	285210
53-69	083140
53-69	258930
53-69	092640
53-69	106540
53-70	082330
53-70	082190
53-70	045320
53-70	003750
53-70	293160
53-70	003720
53-70	01039180
53-70	081430
53-70	352380
53-70	003620
53-71	011180
53-71	116410
53-71	082250
53-71	007120
53-71	009550
53-71	044050
53-71	168480
53-71	01077530
53-71	005390
53-71	366300
53-72	286890
53-72	326780
53-72	046760
53-72	258950
53-72	010600
53-72	294350
53-72	049010
53-72	258670
53-72	479690
53-72	081760
53-73	082820
53-73	01014960
53-73	01014980
53-73	417410
53-73	326490
53-73	417280
53-73	286440
53-73	416840
53-73	417400
53-73	417270
53-74	082850
53-74	082690
53-74	081770
53-74	105220
53-74	363380
53-74	106310
53-74	083980
53-74	084030
53-74	083600
53-74	104760
53-75	082720
53-75	082790
53-75	083110
53-75	082110
53-75	280350
53-75	286660
53-75	416530
53-75	01062480
53-75	111220
53-75	286130
53-76	082880
53-76	286730
53-76	004130
53-76	082280
53-76	082720
53-76	392370
53-76	220210
53-76	276810
53-76	357990
53-76	134870
53-77	292690
53-77	082000
53-77	352810
53-77	082310
53-77	081330
53-77	019120
53-77	083190
53-77	356990
53-77	081750
53-77	349570
53-78	083460
53-78	417250
53-78	064810
53-78	081260
53-78	156980
53-78	003620
53-78	356960
53-78	392380
53-78	082100
53-78	003830
53-79	083800
53-79	083690
53-79	316940
53-79	416870
53-79	360660
53-79	419420
53-79	416030
53-79	018980
53-79	418330
53-79	418660
53-80	083690
53-80	360660
53-80	416870
53-80	417970
53-80	179490
53-80	418330
53-80	295340
53-80	083040
53-80	419420
53-80	083320
53-81	016220
53-81	023600
53-81	01037580
53-81	517850
53-81	027440
53-81	518270
53-81	084440
53-81	016230
53-81	157220
53-81	01099850
53-82	084500
53-82	084330
53-82	084460
53-82	01023230
53-82	222660
53-82	151430
53-82	259550
53-82	01041970
53-82	156310
53-82	163770
53-83	084580
53-83	084510
53-83	002920
53-83	432030
53-83	122040
53-83	475690
53-83	153250
53-83	153120
53-83	478750
53-83	215060
53-84	084860
53-84	084710
53-84	084720
53-84	084780
53-84	084670
53-84	084600
53-84	084900
53-84	456140
53-84	084820
53-84	134390
53-85	085070
53-85	085060
53-85	01000100
53-85	162290
53-85	314170
53-85	001540
53-85	162330
53-85	162400
53-85	152800
53-85	085100
53-86	085530
53-86	027800
53-86	066700
53-86	334220
53-86	256080
53-86	085590
53-86	032010
53-86	151550
53-86	135990
53-86	01010880
53-87	085720
53-87	085680
53-87	069230
53-87	015470
53-87	193920
53-87	015690
53-87	098700
53-87	001100
53-87	001220
53-87	091480
53-88	504610
53-88	085950
53-88	099140
53-88	01099850
53-88	01012610
53-88	412620
53-88	116760
53-88	084220
53-88	085840
53-88	112780
53-89	086710
53-89	086700
53-89	033510
53-89	131800
53-89	033530
53-89	247060
53-89	035480
53-89	151720
53-89	151730
53-89	131830
53-90	243640
53-90	001600
53-90	088830
53-90	033600
53-90	017950
53-90	132650
53-90	103690
53-90	003070
53-90	032030
53-90	056600
53-91	086990
53-91	087370
53-91	153410
53-91	020960
53-91	087680
53-91	020650
53-91	269060
53-91	087650
53-91	087670
53-91	104660
53-92	087110
53-92	087260
53-92	088130
53-92	087120
53-92	132250
53-92	033780
53-92	132180
53-92	087240
53-92	087130
53-92	087000
53-93	087380
53-93	087530
53-93	087060
53-93	034300
53-93	087620
53-93	086960
53-93	162940
53-93	131970
53-93	033570
53-93	132140
53-94	087630
53-94	416150
53-94	01012840
53-94	034340
53-94	087670
53-94	437360
53-94	326800
53-94	061240
53-94	498380
53-94	202890
54-1	087580
54-1	01024120
54-1	087650
54-1	316950
54-1	475720
54-1	268450
54-1	132200
54-1	087490
54-1	146850
54-1	087420
54-2	087400
54-2	087850
54-2	087440
54-2	060320
54-2	136030
54-2	034270
54-2	086930
54-2	086750
54-2	058210
54-2	398610
54-3	079590
54-3	087800
54-3	088140
54-3	088070
54-3	01012990
54-3	088520
54-3	088010
54-3	087240
54-3	106650
54-3	088460
54-4	437360
54-4	328710
54-4	055680
54-4	206910
54-4	324670
54-4	088770
54-4	062490
54-4	400660
54-4	430910
54-4	265610
54-5	032320
54-5	000270
54-5	088820
54-5	088860
54-5	336780
54-5	070220
54-5	131910
54-5	021330
54-5	000390
54-5	01000430
54-6	002110
54-6	184530
54-6	259060
54-6	162370
54-6	042930
54-6	089680
54-6	335880
54-6	099480
54-6	132660
54-6	039760
54-7	089330
54-7	01001320
54-7	089440
54-7	033630
54-7	080850
54-7	152780
54-7	089690
54-7	026600
54-7	088980
54-7	040410
54-8	089490
54-8	243930
54-8	055750
54-8	089370
54-8	090320
54-8	432180
54-8	279270
54-8	089750
54-8	304520
54-8	400240
54-9	289770
54-9	089980
54-9	090250
54-9	089530
54-9	284430
54-9	289420
54-9	036140
54-9	080290
54-9	003490
54-9	130460
54-10	090050
54-10	315510
54-10	091450
54-10	089930
54-10	080510
54-10	090980
54-10	092850
54-10	284510
54-10	289590
54-10	090770
54-11	090120
54-11	056230
54-11	094180
54-11	245550
54-11	099770
54-11	117520
54-11	352380
54-11	244040
54-11	069220
54-11	245620
54-12	070100
54-12	069850
54-12	073150
54-12	090790
54-12	071400
54-12	395100
54-12	090250
54-12	089740
54-12	070190
54-12	071010
54-13	163100
54-13	164780
54-13	388720
54-13	275640
54-13	091640
54-13	090660
54-13	133250
54-13	374570
54-13	090890
54-13	374400
54-14	090840
54-14	056060
54-14	089960
54-14	373830
54-14	099670
54-14	275260
54-14	057040
54-14	070360
54-14	432660
54-14	374440
54-15	090730
54-15	100230
54-15	099850
54-15	091660
54-15	234460
54-15	090890
54-15	01016350
54-15	093090
54-15	094290
54-15	099950
54-16	090960
54-16	090880
54-16	089580
54-16	057320
54-16	099580
54-16	135650
54-16	133990
54-16	090900
54-16	055620
54-16	094240
54-17	101260
54-17	101430
54-17	092200
54-17	057650
54-17	432890
54-17	059180
54-17	090750
54-17	093260
54-17	093860
54-17	213740
54-18	090870
54-18	089920
54-18	057350
54-18	165760
54-18	01001240
54-18	100530
54-18	093060
54-18	434440
54-18	305660
54-18	377560
54-19	100240
54-19	090890
54-19	538080
54-19	521110
54-19	338220
54-19	432810
54-19	398300
54-19	374820
54-19	090590
54-19	457040
54-20	090980
54-20	092850
54-20	091320
54-20	090050
54-20	081000
54-20	01025480
54-20	091140
54-20	315510
54-20	089040
54-20	081190
54-21	091290
54-21	244920
54-21	280200
54-21	301210
54-21	089920
54-21	114000
54-21	057910
54-21	118610
54-21	01031910
54-21	135170
54-22	091540
54-22	094730
54-22	348950
54-22	104730
54-22	093460
54-22	081830
54-22	094160
54-22	092280
54-22	093670
54-22	091680
54-23	376200
54-23	099860
54-23	090180
54-23	099810
54-23	245260
54-23	101040
54-23	100270
54-23	056460
54-23	227660
54-23	091170
54-24	091960
54-24	058880
54-24	100670
54-24	101810
54-24	100930
54-24	120090
54-24	215120
54-24	214230
54-24	166720
54-24	056720
54-25	091660
54-25	235790
54-25	100900
54-25	093310
54-25	092820
54-25	376790
54-25	091640
54-25	375640
54-25	094770
54-25	376150
54-26	095390
54-26	505590
54-26	528200
54-26	082100
54-26	082640
54-26	082110
54-26	357880
54-26	044500
54-26	505710
54-26	081750
54-27	091550
54-27	245380
54-27	458980
54-27	100830
54-27	433590
54-27	376160
54-27	058790
54-27	094070
54-27	168000
54-27	095680
54-28	092300
54-28	373460
54-28	162670
54-28	01001390
54-28	080990
54-28	093340
54-28	081230
54-28	289920
54-28	080890
54-28	006260
54-29	092650
54-29	059610
54-29	120980
54-29	398360
54-29	033670
54-29	01017220
54-29	090950
54-29	072880
54-29	060400
54-29	511670
54-30	093080
54-30	091160
54-30	089260
54-30	467860
54-30	469790
54-30	469360
54-30	017780
54-30	470620
54-30	469030
54-30	467960
54-31	184840
54-31	094140
54-31	042360
54-31	082420
54-31	041930
54-31	093300
54-31	089060
54-31	338860
54-31	222180
54-31	082410
54-32	091320
54-32	092850
54-32	091140
54-32	090050
54-32	01042760
54-32	092310
54-32	091450
54-32	090980
54-32	091300
54-32	315510
54-33	092710
54-33	101830
54-33	090950
54-33	01017180
54-33	060200
54-33	060980
54-33	169220
54-33	092530
54-33	057690
54-33	137710
54-34	292450
54-34	093870
54-34	092590
54-34	015750
54-34	294590
54-34	395640
54-34	081510
54-34	349540
54-34	081070
54-34	01006910
54-35	092640
54-35	349880
54-35	082040
54-35	316130
54-35	476460
54-35	351680
54-35	154860
54-35	113520
54-35	184880
54-35	000050
54-36	092890
54-36	101810
54-36	091640
54-36	093560
54-36	01024790
54-36	101240
54-36	057120
54-36	460210
54-36	01058460
54-36	093720
54-37	092700
54-37	058820
54-37	092270
54-37	101460
54-37	093270
54-37	390030
54-37	091970
54-37	101310
54-37	063440
54-37	090040
54-38	092690
54-38	040180
54-38	165240
54-38	291950
54-38	064730
54-38	038270
54-38	008730
54-38	092240
54-38	244540
54-38	093480
54-39	245490
54-39	059080
54-39	281030
54-39	092680
54-39	377180
54-39	323130
54-39	137490
54-39	092060
54-39	101580
54-39	090610
54-40	093750
54-40	292810
54-40	331090
54-40	096490
54-40	092570
54-40	01024960
54-40	096170
54-40	091810
54-40	092800
54-40	242870
54-41	093880
54-41	045490
54-41	094180
54-41	098920
54-41	157260
54-41	467810
54-41	064750
54-41	356370
54-41	002710
54-41	092000
54-42	101230
54-42	093960
54-42	060020
54-42	323270
54-42	101840
54-42	281200
54-42	058430
54-42	170980
54-42	169820
54-42	058660
54-43	060880
54-43	236530
54-43	060200
54-43	216310
54-43	172080
54-43	262910
54-43	093740
54-43	101740
54-43	087270
54-43	092710
54-44	355260
54-44	094560
54-44	015480
54-44	517770
54-44	092160
54-44	246860
54-44	01037920
54-44	243010
54-44	455460
54-44	092780
54-45	094640
54-45	288120
54-45	326070
54-45	002910
54-45	080930
54-45	044670
54-45	031420
54-45	078970
54-45	01037920
54-45	081360
54-46	094790
54-46	245900
54-46	024130
54-46	091040
54-46	01010020
54-46	023690
54-46	024100
54-46	091150
54-46	092960
54-46	203740
54-47	095530
54-47	095300
54-47	102340
54-47	175500
54-47	061690
54-47	046870
54-47	242850
54-47	141720
54-47	323740
54-47	311390
54-48	095170
54-48	354070
54-48	081790
54-48	097240
54-48	432520
54-48	485040
54-48	003690
54-48	349480
54-48	359810
54-48	299630
54-49	102610
54-49	102820
54-49	095140
54-49	174750
54-49	237720
54-49	102630
54-49	095670
54-49	142020
54-49	096130
54-49	102880
54-50	311920
54-50	062330
54-50	288880
54-50	435720
54-50	096000
54-50	058180
54-50	254620
54-50	01025400
54-50	100930
54-50	062250
54-51	090010
54-51	089920
54-51	435620
54-51	01026890
54-51	062660
54-51	090060
54-51	100590
54-51	103030
54-51	057910
54-51	090300
54-52	097290
54-52	093310
54-52	096230
54-52	094290
54-52	094670
54-52	092920
54-52	094010
54-52	095630
54-52	091550
54-52	092820
54-53	090010
54-53	103030
54-53	177800
54-53	100590
54-53	091550
54-53	090870
54-53	143520
54-53	060500
54-53	057610
54-53	171090
54-54	096380
54-54	096820
54-54	189590
54-54	083060
54-54	031490
54-54	081130
54-54	082530
54-54	005020
54-54	01011920
54-54	031470
54-55	01079980
54-55	094830
54-55	093810
54-55	095580
54-55	097400
54-55	01068730
54-55	094840
54-55	287130
54-55	01011930
54-55	043940
54-56	096620
54-56	083550
54-56	365020
54-56	073210
54-56	192610
54-56	250840
54-56	095870
54-56	105400
54-56	314700
54-56	365630
54-57	058240
54-57	093220
54-57	064120
54-57	090380
54-57	057430
54-57	094360
54-57	103170
54-57	101710
54-57	093860
54-57	378710
54-58	062250
54-58	095750
54-58	093560
54-58	093220
54-58	530160
54-58	100840
54-58	095680
54-58	060270
54-58	060510
54-58	057340
54-59	097600
54-59	370150
54-59	01082440
54-59	097580
54-59	095060
54-59	243050
54-59	486660
54-59	064630
54-59	094640
54-59	518620
54-60	096700
54-60	01026070
54-60	097030
54-60	096260
54-60	096780
54-60	285580
54-60	01082140
54-60	095700
54-60	083930
54-60	096690
54-61	097650
54-61	513760
54-61	387510
54-61	031680
54-61	091220
54-61	160880
54-61	090690
54-61	018080
54-61	514270
54-61	01025100
54-62	097750
54-62	01026190
54-62	097490
54-62	370560
54-62	01001910
54-62	319250
54-62	476250
54-62	336590
54-62	319300
54-62	370830
54-63	098000
54-63	098030
54-63	098050
54-63	097980
54-63	041950
54-63	01002700
54-63	007420
54-63	098040
54-63	005020
54-63	425360
54-64	098810
54-64	233650
54-64	060760
54-64	103690
54-64	088890
54-64	000140
54-64	056390
54-64	055560
54-64	01003160
54-64	098650
54-65	099040
54-65	099030
54-65	099050
54-65	099060
54-65	342210
54-65	089390
54-65	098730
54-65	002080
54-65	037810
54-65	004810
54-66	099140
54-66	131850
54-66	131900
54-66	01012610
54-66	259190
54-66	099070
54-66	475720
54-66	038220
54-66	033610
54-66	099130
54-67	101200
54-67	192570
54-67	099830
54-67	102090
54-67	102250
54-67	100180
54-67	513820
54-67	336860
54-67	102530
54-67	090650
54-68	100290
54-68	100400
54-68	035660
54-68	101570
54-68	102010
54-68	100750
54-68	099620
54-68	101090
54-68	100410
54-68	101370
54-69	100270
54-69	117950
54-69	099810
54-69	164900
54-69	099790
54-69	117240
54-69	099860
54-69	134170
54-69	388010
54-69	388820
54-70	100950
54-70	101480
54-70	100100
54-70	374840
54-70	100700
54-70	101380
54-70	100920
54-70	100130
54-70	100970
54-70	101130
54-71	100300
54-71	154690
54-71	100370
54-71	155650
54-71	244730
54-71	278800
54-71	100520
54-71	155170
54-71	244280
54-71	099990
54-72	101130
54-72	101370
54-72	100920
54-72	101570
54-72	100970
54-72	170130
54-72	352730
54-72	349720
54-72	100620
54-72	101090
54-73	101410
54-73	476990
54-73	100530
54-73	099540
54-73	100220
54-73	476340
54-73	162540
54-73	01076120
54-73	099660
54-73	01092300
54-74	101830
54-74	170510
54-74	309560
54-74	281550
54-74	392670
54-74	302410
54-74	136360
54-74	102690
54-74	391160
54-74	101340
54-75	277020
54-75	01027210
54-75	277730
54-75	01093590
54-75	489170
54-75	391480
54-75	191380
54-75	277260
54-75	101260
54-75	101710
54-76	101710
54-76	277190
54-76	434460
54-76	276930
54-76	103210
54-76	103170
54-76	101730
54-76	389380
54-76	103080
54-76	491000
54-77	302620
54-77	102140
54-77	391960
54-77	094300
54-77	380220
54-77	277550
54-77	172310
54-77	01027190
54-77	093220
54-77	435080
54-78	119050
54-78	168670
54-78	166350
54-78	174070
54-78	102510
54-78	033010
54-78	435050
54-78	491480
54-78	006590
54-78	116800
54-79	102620
54-79	174180
54-79	135510
54-79	173390
54-79	01046410
54-79	388130
54-79	275180
54-79	392500
54-79	103560
54-79	101300
54-80	102750
54-80	102950
54-80	206300
54-80	311770
54-80	393100
54-80	142380
54-80	175540
54-80	242850
54-80	103240
54-80	177730
54-81	435770
54-81	102820
54-81	102610
54-81	102630
54-81	464250
54-81	01035290
54-81	391140
54-81	323480
54-81	100770
54-81	283430
54-82	01027270
54-82	102940
54-82	102930
54-82	102830
54-82	103500
54-82	101930
54-82	264670
54-82	102390
54-82	381050
54-82	265170
54-83	101880
54-83	102390
54-83	101000
54-83	099800
54-83	102420
54-83	350460
54-83	103420
54-83	488420
54-83	102090
54-83	101870
54-84	103720
54-84	01011830
54-84	279220
54-84	133070
54-84	162710
54-84	031550
54-84	234110
54-84	432160
54-84	279350
54-84	055740
54-85	108520
54-85	108570
54-85	108460
54-85	103730
54-85	003120
54-85	108440
54-85	01001200
54-85	344320
54-85	032240
54-85	001150
54-86	103990
54-86	003080
54-86	035410
54-86	001420
54-86	233540
54-86	085680
54-86	035360
54-86	104440
54-86	001450
54-86	01061380
54-87	541870
54-87	519300
54-87	541880
54-87	272980
54-87	542050
54-87	142210
54-87	104540
54-87	541940
54-87	483040
54-87	542040
54-88	104400
54-88	033510
54-88	104690
54-88	030110
54-88	247060
54-88	105190
54-88	104720
54-88	104520
54-88	104590
54-88	104550
54-89	105190
54-89	248510
54-89	104720
54-89	142210
54-89	436810
54-89	104880
54-89	142200
54-89	243160
54-89	105500
54-89	034100
54-90	105080
54-90	105010
54-90	106450
54-90	332030
54-90	107280
54-90	361070
54-90	040380
54-90	269070
54-90	329300
54-90	041400
54-91	106510
54-91	01027760
54-91	538620
54-91	322480
54-91	043580
54-91	053840
54-91	324360
54-91	538670
54-91	01000170
54-91	01000230
54-92	106840
54-92	104760
54-92	01028150
54-92	106740
54-92	417610
54-92	106970
54-92	105060
54-92	105890
54-92	106770
54-92	106110
54-93	106930
54-93	034760
54-93	107150
54-93	01028460
54-93	034890
54-93	552620
54-93	117830
54-93	107420
54-93	092280
54-93	105100
54-94	106920
54-94	106980
54-94	01028280
54-94	264940
54-94	107410
54-94	251480
54-94	107280
54-94	298770
54-94	248460
54-94	542080
55-1	106340
55-1	105710
55-1	105850
55-1	01001500
55-1	079490
55-1	01001420
55-1	512910
55-1	104720
55-1	371580
55-1	106010
55-2	107160
55-2	107140
55-2	106060
55-2	01028240
55-2	01012960
55-2	107340
55-2	105440
55-2	01012980
55-2	01028320
55-2	542040
55-3	107280
55-3	105610
55-3	252030
55-3	095170
55-3	264940
55-3	106480
55-3	042190
55-3	324470
55-3	248430
55-3	105540
55-4	107210
55-4	416580
55-4	01028320
55-4	034740
55-4	106480
55-4	106580
55-4	107260
55-4	01028240
55-4	063190
55-4	070640
55-5	034800
55-5	034480
55-5	108110
55-5	034140
55-5	034690
55-5	033940
55-5	539140
55-5	160530
55-5	065090
55-5	106770
55-6	107330
55-6	034170
55-6	104840
55-6	034460
55-6	01028310
55-6	437390
55-6	035140
55-6	034680
55-6	104590
55-6	034380
55-7	107320
55-7	105000
55-7	330160
55-7	324740
55-7	104660
55-7	482850
55-7	034380
55-7	042010
55-7	072770
55-7	104990
55-8	107550
55-8	106580
55-8	106060
55-8	107710
55-8	264940
55-8	107500
55-8	106480
55-8	548920
55-8	106940
55-8	397500
55-9	107600
55-9	252760
55-9	106530
55-9	105870
55-9	106470
55-9	106970
55-9	106840
55-9	105660
55-9	105680
55-9	142200
55-10	107810
55-10	253240
55-10	107510
55-10	105310
55-10	104640
55-10	105300
55-10	01027600
55-10	106100
55-10	105200
55-10	107480
55-11	108010
55-11	108020
55-11	106270
55-11	107230
55-11	476250
55-11	253490
55-11	551610
55-11	106970
55-11	105440
55-11	482850
55-12	108090
55-12	107980
55-12	105080
55-12	105360
55-12	104750
55-12	106060
55-12	106820
55-12	331670
55-12	106740
55-12	106480
55-13	107980
55-13	106480
55-13	108090
55-13	105360
55-13	106060
55-13	105080
55-13	107250
55-13	049920
55-13	106240
55-13	272970
55-14	437570
55-14	437580
55-14	437630
55-14	108130
55-14	108240
55-14	108170
55-14	437590
55-14	341560
55-14	269060
55-14	004680
55-15	108230
55-15	439060
55-15	438690
55-15	437930
55-15	438560
55-15	437780
55-15	108250
55-15	373480
55-15	438640
55-15	116550
55-16	108430
55-16	108420
55-16	003150
55-16	032240
55-16	108390
55-16	108520
55-16	031310
55-16	108570
55-16	001150
55-16	343650
55-17	108600
55-17	108450
55-17	347940
55-17	108530
55-17	289350
55-17	016660
55-17	108670
55-17	242720
55-17	108540
55-17	395110
55-18	108880
55-18	108520
55-18	032240
55-18	01029040
55-18	347010
55-18	345200
55-18	161680
55-18	327450
55-18	347050
55-18	031270
55-19	01030130
55-19	112600
55-19	112570
55-19	01030140
55-19	357800
55-19	01101890
55-19	227850
55-19	004380
55-19	169800
55-19	279890
55-20	01030130
55-20	112570
55-20	000090
55-20	227850
55-20	112560
55-20	084620
55-20	367640
55-20	112600
55-20	169800
55-20	360390
55-21	109230
55-21	129960
55-21	01034510
55-21	085680
55-21	01057180
55-21	065130
55-21	016680
55-21	001230
55-21	066870
55-21	004290
55-22	457940
55-22	433160
55-22	011520
55-22	109520
55-22	389400
55-22	167760
55-22	460630
55-22	109470
55-22	530710
55-22	140340
55-23	109710
55-23	109740
55-23	415730
55-23	01000090
55-23	344700
55-23	000310
55-23	109600
55-23	354160
55-23	084260
55-23	293460
55-24	110310
55-24	330410
55-24	042360
55-24	260170
55-24	331990
55-24	328250
55-24	262140
55-24	219150
55-24	328110
55-24	110730
55-25	110410
55-25	306280
55-25	166900
55-25	402600
55-25	260600
55-25	163550
55-25	041740
55-25	135550
55-25	186560
55-25	259100
55-26	110980
55-26	110930
55-26	271480
55-26	111100
55-26	110580
55-26	111170
55-26	098010
55-26	472810
55-26	111070
55-26	110760
55-27	111310
55-27	110650
55-27	406340
55-27	231160
55-27	111090
55-27	203370
55-27	111330
55-27	110410
55-27	111510
55-27	110290
55-28	111330
55-28	333370
55-28	111180
55-28	111500
55-28	474630
55-28	262840
55-28	111950
55-28	111450
55-28	110200
55-28	254850
55-29	01029670
55-29	111630
55-29	334570
55-29	01029680
55-29	133500
55-29	01029970
55-29	232850
55-29	004990
55-29	111450
55-29	134590
55-30	111930
55-30	337930
55-30	111670
55-30	436630
55-30	080180
55-30	335470
55-30	111850
55-30	418060
55-30	313890
55-30	111910
55-31	110610
55-31	110450
55-31	326780
55-31	110440
55-31	531030
55-31	315680
55-31	018330
55-31	326540
55-31	346790
55-31	395160
55-32	01001140
55-32	111990
55-32	240390
55-32	003200
55-32	01001160
55-32	240380
55-32	098700
55-32	069220
55-32	016910
55-32	256880
55-33	112230
55-33	412610
55-33	412660
55-33	412690
55-33	112210
55-33	413020
55-33	412830
55-33	413000
55-33	412980
55-33	412670
55-34	112330
55-34	112280
55-34	003770
55-34	01041240
55-34	244800
55-34	109690
55-34	244280
55-34	112320
55-34	041470
55-34	043620
55-35	112400
55-35	158960
55-35	068370
55-35	173320
55-35	355550
55-35	066670
55-35	175100
55-35	068520
55-35	035990
55-35	268300
55-36	112710
55-36	345940
55-36	289210
55-36	289770
55-36	184970
55-36	198800
55-36	004910
55-36	01001740
55-36	016650
55-36	084160
55-37	113140
55-37	498480
55-37	482500
55-37	482480
55-37	067050
55-37	113100
55-37	113130
55-37	037180
55-37	113370
55-37	516860
55-38	113510
55-38	004490
55-38	032250
55-38	000070
55-38	000100
55-38	274920
55-38	01002400
55-38	002760
55-38	016600
55-38	032260
55-39	113670
55-39	116860
55-39	026730
55-39	224440
55-39	390170
55-39	114170
55-39	118820
55-39	01064980
55-39	133550
55-39	116300
55-40	118240
55-40	134320
55-40	113880
55-40	01030420
55-40	01003090
55-40	114810
55-40	004990
55-40	132860
55-40	113540
55-40	113870
55-41	388670
55-41	056730
55-41	031680
55-41	117600
55-41	113920
55-41	275570
55-41	275410
55-41	005830
55-41	113530
55-41	113630
55-42	006180
55-42	194900
55-42	113850
55-42	118030
55-42	115140
55-42	056900
55-42	134280
55-42	006030
55-42	114420
55-42	388650
55-43	006590
55-43	196020
55-43	113970
55-43	166350
55-43	213540
55-43	114100
55-43	119050
55-43	135440
55-43	118910
55-43	01003180
55-44	114080
55-44	134900
55-44	113550
55-44	113750
55-44	235040
55-44	166100
55-44	113920
55-44	119020
55-44	323020
55-44	117850
55-45	008100
55-45	120020
55-45	114660
55-45	000040
55-45	114230
55-45	113880
55-45	009790
55-45	114090
55-45	01003350
55-45	019640
55-46	196630
55-46	01003760
55-46	006210
55-46	005930
55-46	006400
55-46	01002600
55-46	007160
55-46	114060
55-46	114410
55-46	135700
55-47	114710
55-47	114490
55-47	007890
55-47	137130
55-47	114090
55-47	114390
55-47	114180
55-47	197850
55-47	01004350
55-47	114610
55-48	114610
55-48	114390
55-48	114710
55-48	197850
55-48	007890
55-48	198780
55-48	113880
55-48	007910
55-48	009200
55-48	114140
55-49	114600
55-49	168510
55-49	199930
55-49	390590
55-49	120850
55-49	113900
55-49	137640
55-49	301620
55-49	01005770
55-49	164090
55-50	114740
55-50	120140
55-50	01030710
55-50	01004230
55-50	199580
55-50	019680
55-50	118900
55-50	136540
55-50	196300
55-50	009360
55-51	114970
55-51	114250
55-51	010140
55-51	114900
55-51	007620
55-51	201370
55-51	008220
55-51	01032030
55-51	113950
55-51	199550
55-52	011310
55-52	114350
55-52	140180
55-52	113950
55-52	115210
55-52	01005040
55-52	248120
55-52	290520
55-52	172370
55-52	007090
55-53	01009100
55-53	207850
55-53	115880
55-53	209150
55-53	115570
55-53	115890
55-53	115660
55-53	127520
55-53	115640
55-53	013840
55-54	300220
55-54	132840
55-54	017790
55-54	117600
55-54	162860
55-54	116470
55-54	01031910
55-54	134660
55-54	166730
55-54	119160
55-55	056000
55-55	117600
55-55	133770
55-55	118580
55-55	005420
55-55	163720
55-55	01031910
55-55	031680
55-55	300440
55-55	100030
55-56	116830
55-56	132950
55-56	116420
55-56	116410
55-56	117130
55-56	456010
55-56	004350
55-56	133900
55-56	163310
55-56	116400
55-57	163590
55-57	133660
55-57	01031450
55-57	000530
55-57	113630
55-57	117110
55-57	133210
55-57	165750
55-57	388240
55-57	169700
55-58	117000
55-58	133630
55-58	116460
55-58	114070
55-58	163800
55-58	133480
55-58	01043220
55-58	195890
55-58	01002590
55-58	099960
55-59	119250
55-59	117350
55-59	197020
55-59	085200
55-59	039540
55-59	195930
55-59	002240
55-59	245160
55-59	036290
55-59	01014030
55-60	121740
55-60	122230
55-60	120490
55-60	125490
55-60	123510
55-60	127930
55-60	119700
55-60	091840
55-60	125730
55-60	123290
55-61	117520
55-61	117490
55-61	119450
55-61	117460
55-61	056230
55-61	117430
55-61	256930
55-61	118440
55-61	119420
55-61	118410
55-62	117940
55-62	134040
55-62	01064700
55-62	322980
55-62	280070
55-62	164300
55-62	276030
55-62	300760
55-62	121470
55-62	389320
55-63	117160
55-63	118950
55-63	165900
55-63	166770
55-63	005240
55-63	301190
55-63	119140
55-63	118580
55-63	009310
55-63	118820
55-64	118060
55-64	121660
55-64	056820
55-64	119040
55-64	117820
55-64	118620
55-64	122860
55-64	164280
55-64	005680
55-64	121090
55-65	006210
55-65	007160
55-65	01003760
55-65	117710
55-65	118600
55-65	117800
55-65	122710
55-65	117280
55-65	118720
55-65	116910
55-66	118000
55-66	119030
55-66	122470
55-66	119940
55-66	120160
55-66	301410
55-66	133850
55-66	133830
55-66	116830
55-66	133400
55-67	118290
55-67	117540
55-67	118440
55-67	119750
55-67	120680
55-67	118480
55-67	118400
55-67	119340
55-67	119200
55-67	116630
55-68	118480
55-68	117510
55-68	121670
55-68	118450
55-68	119450
55-68	119430
55-68	118290
55-68	116680
55-68	119750
55-68	122030
55-69	117860
55-69	117850
55-69	056740
55-69	164930
55-69	116330
55-69	121630
55-69	005830
55-69	117830
55-69	122470
55-69	117620
55-70	117780
55-70	124220
55-70	117940
55-70	005670
55-70	163100
55-70	117810
55-70	195120
55-70	116370
55-70	01002640
55-70	123710
55-71	118030
55-71	120850
55-71	056900
55-71	006180
55-71	134280
55-71	113850
55-71	388030
55-71	135900
55-71	114600
55-71	110160
55-72	116410
55-72	117720
55-72	116810
55-72	116420
55-72	133990
55-72	116400
55-72	135650
55-72	116430
55-72	117230
55-72	117970
55-73	134090
55-73	118840
55-73	117240
55-73	171280
55-73	099860
55-73	119970
55-73	167510
55-73	117950
55-73	122250
55-73	125000
55-74	117610
55-74	118220
55-74	120250
55-74	117030
55-74	120140
55-74	119140
55-74	116930
55-74	136280
55-74	121040
55-74	116550
55-75	119520
55-75	119390
55-75	091840
55-75	120680
55-75	123400
55-75	119700
55-75	119710
55-75	123640
55-75	120830
55-75	116690
55-76	119370
55-76	119900
55-76	123650
55-76	117500
55-76	122030
55-76	120470
55-76	118560
55-76	123010
55-76	118550
55-76	120780
55-77	119040
55-77	057450
55-77	122350
55-77	166140
55-77	196320
55-77	225060
55-77	006610
55-77	118620
55-77	118580
55-77	138400
55-78	120410
55-78	122030
55-78	124760
55-78	213970
55-78	118550
55-78	118560
55-78	127580
55-78	119900
55-78	119320
55-78	118320
55-79	117280
55-79	118940
55-79	116560
55-79	118600
55-79	117120
55-79	005560
55-79	139130
55-79	124220
55-79	118800
55-79	122710
55-80	225090
55-80	118750
55-80	031940
55-80	031830
55-80	165680
55-80	119290
55-80	031820
55-80	100440
55-80	135090
55-80	118020
55-81	117600
55-81	117850
55-81	117110
55-81	118580
55-81	018040
55-81	01031380
55-81	056730
55-81	031680
55-81	005830
55-81	322920
55-82	135270
55-82	117010
55-82	118810
55-82	118730
55-82	166230
55-82	01031600
55-82	133480
55-82	057570
55-82	133310
55-82	01002550
55-83	117510
55-83	119570
55-83	116680
55-83	01031440
55-83	057490
55-83	117260
55-83	118520
55-83	118480
55-83	116710
55-83	116700
55-84	114000
55-84	118610
55-84	01031910
55-84	301210
55-84	118580
55-84	007010
55-84	117060
55-84	135170
55-84	280200
55-84	196250
55-85	119000
55-85	057890
55-85	116550
55-85	301180
55-85	122690
55-85	117830
55-85	116370
55-85	213890
55-85	117640
55-85	122840
55-86	01003760
55-86	117800
55-86	117900
55-86	225780
55-86	119990
55-86	007160
55-86	118600
55-86	116810
55-86	057240
55-86	122250
55-87	166840
55-87	120060
55-87	134910
55-87	119060
55-87	165720
55-87	279740
55-87	280210
55-87	117820
55-87	118090
55-87	164280
55-88	119050
55-88	225130
55-88	119010
55-88	113970
55-88	166350
55-88	122370
55-88	006590
55-88	135440
55-88	120920
55-88	117750
55-89	119510
55-89	348720
55-89	317540
55-89	317530
55-89	347800
55-89	002930
55-89	317790
55-89	317660
55-89	119710
55-89	118520
55-90	119780
55-90	118720
55-90	119030
55-90	122540
55-90	117860
55-90	118820
55-90	117830
55-90	119940
55-90	214820
55-90	007160
55-91	119940
55-91	120160
55-91	008370
55-91	01032020
55-91	116830
55-91	136430
55-91	280820
55-91	280830
55-91	135980
55-91	125280
55-92	119940
55-92	121230
55-92	117860
55-92	117850
55-92	121630
55-92	301650
55-92	009620
55-92	122460
55-92	010560
55-92	124000
55-93	117750
55-93	138170
55-93	119770
55-93	120990
55-93	136310
55-93	161130
55-93	137960
55-93	167770
55-93	119190
55-93	004600
55-94	120140
55-94	122800
55-94	118900
55-94	117610
55-94	121300
55-94	137420
55-94	01003470
55-94	114620
55-94	171030
55-94	120120
56-1	121470
56-1	118820
56-1	117830
56-1	121410
56-1	122310
56-1	01031670
56-1	116440
56-1	390160
56-1	140470
56-1	01035290
56-2	120420
56-2	168110
56-2	136780
56-2	01030800
56-2	114510
56-2	116940
56-2	117690
56-2	120320
56-2	165790
56-2	122700
56-3	135940
56-3	120070
56-3	301400
56-3	214810
56-3	166990
56-3	280630
56-3	117030
56-3	092100
56-3	389970
56-3	134590
56-4	136120
56-4	120080
56-4	138130
56-4	01032400
56-4	120310
56-4	390000
56-4	168370
56-4	167490
56-4	100850
56-4	119830
56-5	119030
56-5	117640
56-5	086760
56-5	116370
56-5	058490
56-5	120300
56-5	123710
56-5	166020
56-5	120500
56-5	116550
56-6	023240
56-6	042550
56-6	023040
56-6	118600
56-6	024570
56-6	162770
56-6	023930
56-6	022930
56-6	388970
56-6	132720
56-7	119040
56-7	234970
56-7	01031670
56-7	122350
56-7	196320
56-7	323000
56-7	118580
56-7	389420
56-7	041950
56-7	121470
56-8	122050
56-8	120830
56-8	059500
56-8	123580
56-8	119200
56-8	118470
56-8	118310
56-8	121670
56-8	121800
56-8	121860
56-9	120940
56-9	119940
56-9	117030
56-9	120070
56-9	136730
56-9	166590
56-9	122290
56-9	118210
56-9	116930
56-9	167870
56-10	122040
56-10	123170
56-10	243780
56-10	121800
56-10	127150
56-10	119750
56-10	123460
56-10	093570
56-10	002920
56-10	084580
56-11	139580
56-11	121340
56-11	225630
56-11	379510
56-11	01051090
56-11	118580
56-11	124220
56-11	010720
56-11	202210
56-11	141120
56-12	116990
56-12	120890
56-12	114270
56-12	117910
56-12	169390
56-12	133220
56-12	006430
56-12	124260
56-12	122660
56-12	01003770
56-13	056630
56-13	01003190
56-13	124260
56-13	225400
56-13	164080
56-13	380000
56-13	117030
56-13	116990
56-13	101240
56-13	120860
56-14	121000
56-14	390930
56-14	137370
56-14	169000
56-14	121100
56-14	01004080
56-14	01012210
56-14	460130
56-14	121090
56-14	124020
56-15	124220
56-15	137660
56-15	118090
56-15	377240
56-15	01067440
56-15	101340
56-15	301760
56-15	281330
56-15	169310
56-15	01070880
56-16	121630
56-16	117600
56-16	059180
56-16	118720
56-16	120900
56-16	301710
56-16	117860
56-16	031680
56-16	000530
56-16	118820
56-17	117780
56-17	121550
56-17	118090
56-17	124220
56-17	119780
56-17	117080
56-17	122310
56-17	119890
56-17	01002640
56-17	195540
56-18	391640
56-18	435090
56-18	434890
56-18	117860
56-18	122970
56-18	310200
56-18	117830
56-18	226360
56-18	119780
56-18	237000
56-19	123240
56-19	122880
56-19	01031910
56-19	171110
56-19	118880
56-19	120130
56-19	100420
56-19	139380
56-19	116440
56-19	122730
56-20	123390
56-20	123400
56-20	119620
56-20	119740
56-20	119280
56-20	019040
56-20	119720
56-20	118550
56-20	119660
56-20	120630
56-21	120160
56-21	122670
56-21	120970
56-21	119940
56-21	120120
56-21	378470
56-21	126620
56-21	01032030
56-21	122470
56-21	120190
56-22	123280
56-22	121980
56-22	117460
56-22	116770
56-22	117310
56-22	121850
56-22	121730
56-22	120720
56-22	117540
56-22	117410
56-23	171400
56-23	122490
56-23	01031710
56-23	010170
56-23	139040
56-23	135300
56-23	263260
56-23	320210
56-23	121280
56-23	116960
56-24	124220
56-24	434580
56-24	281740
56-24	117820
56-24	302050
56-24	118170
56-24	216130
56-24	01032010
56-24	01031590
56-24	136680
56-25	122360
56-25	118240
56-25	124450
56-25	280820
56-25	126340
56-25	120160
56-25	116830
56-25	226530
56-25	303300
56-25	391450
56-26	01035290
56-26	117860
56-26	125050
56-26	126390
56-26	122840
56-26	117600
56-26	141120
56-26	118580
56-26	461370
56-26	01031450
56-27	121450
56-27	138730
56-27	171120
56-27	217200
56-27	101650
56-27	168980
56-27	122990
56-27	121400
56-27	266960
56-27	120000
56-28	010420
56-28	200710
56-28	142620
56-28	01004660
56-28	126310
56-28	169900
56-28	023630
56-28	138470
56-28	006590
56-28	177080
56-29	122280
56-29	120390
56-29	119150
56-29	236800
56-29	177000
56-29	01032990
56-29	117820
56-29	119850
56-29	123040
56-29	01032010
56-30	123420
56-30	123150
56-30	01033310
56-30	127850
56-30	01032080
56-30	122000
56-30	119400
56-30	120650
56-30	126880
56-30	121840
56-31	115150
56-31	01004880
56-31	171730
56-31	391600
56-31	121000
56-31	117860
56-31	434860
56-31	010530
56-31	123120
56-31	117010
56-32	127910
56-32	01033310
56-32	124650
56-32	125770
56-32	126910
56-32	123420
56-32	124480
56-32	125490
56-32	116740
56-32	120490
56-33	011100
56-33	124030
56-33	117110
56-33	203250
56-33	090190
56-33	335540
56-33	121500
56-33	124000
56-33	079780
56-33	123120
56-34	124480
56-34	125770
56-34	126030
56-34	118330
56-34	125980
56-34	01033310
56-34	119620
56-34	120650
56-34	126910
56-34	124600
56-35	120190
56-35	123690
56-35	008060
56-35	120140
56-35	114810
56-35	125160
56-35	118100
56-35	128310
56-35	005070
56-35	01031960
56-36	01005890
56-36	121300
56-36	123840
56-36	122800
56-36	01032820
56-36	126340
56-36	302540
56-36	158590
56-36	124980
56-36	01005270
56-37	124610
56-37	122000
56-37	01032900
56-37	120660
56-37	119380
56-37	120830
56-37	118310
56-37	122050
56-37	121740
56-37	119200
56-38	140580
56-38	122400
56-38	172950
56-38	120880
56-38	01032820
56-38	061190
56-38	126510
56-38	124460
56-38	118620
56-38	128610
56-39	124490
56-39	120670
56-39	061490
56-39	121790
56-39	119530
56-39	121860
56-39	060920
56-39	120760
56-39	120780
56-39	126950
56-40	124960
56-40	123710
56-40	126360
56-40	140570
56-40	094350
56-40	123700
56-40	122270
56-40	126460
56-40	117690
56-40	173280
56-41	01005420
56-41	01004950
56-41	302520
56-41	217100
56-41	01012170
56-41	140050
56-41	310340
56-41	172110
56-41	01012070
56-41	302870
56-42	124640
56-42	123580
56-42	440570
56-42	124340
56-42	483100
56-42	126950
56-42	128370
56-42	437930
56-42	438280
56-42	123290
56-43	124100
56-43	011020
56-43	120140
56-43	01004230
56-43	121300
56-43	119870
56-43	117910
56-43	117610
56-43	126300
56-43	137940
56-44	175070
56-44	122360
56-44	120020
56-44	128220
56-44	168260
56-44	122330
56-44	311000
56-44	141810
56-44	125180
56-44	125420
56-45	125220
56-45	122770
56-45	204840
56-45	139940
56-45	125460
56-45	117240
56-45	116410
56-45	120290
56-45	117130
56-45	120250
56-46	118580
56-46	121610
56-46	01005890
56-46	01012090
56-46	124910
56-46	116830
56-46	117880
56-46	119040
56-46	118720
56-46	124270
56-47	125720
56-47	061700
56-47	127910
56-47	119200
56-47	120690
56-47	121820
56-47	123400
56-47	125710
56-47	127940
56-47	127210
56-48	124920
56-48	012010
56-48	141710
56-48	012350
56-48	01009030
56-48	204950
56-48	148080
56-48	123730
56-48	117940
56-48	126560
56-49	120780
56-49	119560
56-49	125830
56-49	121860
56-49	119620
56-49	123390
56-49	120660
56-49	121710
56-49	122240
56-49	122150
56-50	125200
56-50	124220
56-50	121470
56-50	142070
56-50	121550
56-50	122600
56-50	117940
56-50	122310
56-50	117820
56-50	125620
56-51	303060
56-51	01031910
56-51	128570
56-51	116440
56-51	432070
56-51	118580
56-51	117180
56-51	118820
56-51	172040
56-51	126650
56-52	119990
56-52	121410
56-52	121470
56-52	125030
56-52	119210
56-52	122630
56-52	116550
56-52	139650
56-52	121090
56-52	124930
56-53	226690
56-53	01046040
56-53	01012070
56-53	125160
56-53	079880
56-53	237490
56-53	302870
56-53	126630
56-53	175690
56-53	01005420
56-54	142010
56-54	124970
56-54	117710
56-54	126720
56-54	138540
56-54	123830
56-54	117120
56-54	169920
56-54	126700
56-54	023080
56-55	125490
56-55	125730
56-55	126900
56-55	123510
56-55	123290
56-55	123520
56-55	349200
56-55	125660
56-55	127940
56-55	127930
56-56	392550
56-56	381140
56-56	119940
56-56	128610
56-56	126620
56-56	125620
56-56	124230
56-56	117030
56-56	119030
56-56	120970
56-57	125210
56-57	125220
56-57	128630
56-57	208260
56-57	127510
56-57	263560
56-57	125330
56-57	128620
56-57	516570
56-57	129440
56-58	127060
56-58	218290
56-58	01018400
56-58	065020
56-58	363100
56-58	124790
56-58	124780
56-58	157930
56-58	412050
56-58	125570
56-59	125850
56-59	062680
56-59	215170
56-59	121870
56-59	125920
56-59	124560
56-59	123360
56-59	128340
56-59	128510
56-59	123350
56-60	126050
56-60	127120
56-60	124520
56-60	119400
56-60	118560
56-60	121860
56-60	118320
56-60	120670
56-60	127220
56-60	121960
56-61	117860
56-61	121630
56-61	124960
56-61	126510
56-61	000530
56-61	124450
56-61	122460
56-61	121230
56-61	117600
56-61	102680
56-62	175550
56-62	102730
56-62	303220
56-62	277980
56-62	126210
56-62	311790
56-62	218200
56-62	218590
56-62	009130
56-62	126450
56-63	117800
56-63	123180
56-63	126260
56-63	187960
56-63	173510
56-63	123200
56-63	122290
56-63	126620
56-63	169120
56-63	225890
56-64	120660
56-64	121850
56-64	120410
56-64	121740
56-64	126960
56-64	122000
56-64	121890
56-64	01012830
56-64	034110
56-64	128830
56-65	120730
56-65	01032080
56-65	121850
56-65	119400
56-65	122020
56-65	349200
56-65	119750
56-65	121670
56-65	127140
56-65	119200
56-66	121690
56-66	121430
56-66	126470
56-66	009020
56-66	179460
56-66	137070
56-66	120920
56-66	142390
56-66	120400
56-66	145700
56-67	126530
56-67	012990
56-67	175790
56-67	218980
56-67	102760
56-67	142990
56-67	205620
56-67	237930
56-67	062670
56-67	102730
56-68	303470
56-68	455420
56-68	323600
56-68	116420
56-68	122320
56-68	177790
56-68	125620
56-68	127650
56-68	116830
56-68	116400
56-69	127640
56-69	121430
56-69	119800
56-69	119050
56-69	121110
56-69	118840
56-69	126740
56-69	120190
56-69	122950
56-69	121330
56-70	106280
56-70	253000
56-70	033730
56-70	123530
56-70	034330
56-70	528400
56-70	127900
56-70	034660
56-70	033520
56-70	034520
56-71	063990
56-71	129080
56-71	063380
56-71	210400
56-71	014860
56-71	145550
56-71	127730
56-71	118850
56-71	126860
56-71	180070
56-72	177750
56-72	01006170
56-72	174000
56-72	126150
56-72	127630
56-72	126490
56-72	226940
56-72	122880
56-72	398370
56-72	121580
56-73	126980
56-73	127860
56-73	124560
56-73	119450
56-73	127260
56-73	123380
56-73	119420
56-73	01034050
56-73	128340
56-73	123590
56-74	122320
56-74	143730
56-74	120080
56-74	312420
56-74	103010
56-74	219250
56-74	01004170
56-74	122430
56-74	393610
56-74	302170
56-75	127430
56-75	177550
56-75	013830
56-75	143940
56-75	312400
56-75	125020
56-75	122400
56-75	063250
56-75	126890
56-75	278290
56-76	118400
56-76	127920
56-76	020590
56-76	119620
56-76	119610
56-76	117570
56-76	01033520
56-76	119260
56-76	117380
56-76	120660
56-77	316700
56-77	316610
56-77	357950
56-77	316850
56-77	226200
56-77	261040
56-77	317200
56-77	358880
56-77	011230
56-77	124940
56-78	126340
56-78	122670
56-78	122840
56-78	125130
56-78	120970
56-78	120160
56-78	125280
56-78	120190
56-78	127470
56-78	121390
56-79	303750
56-79	178660
56-79	227010
56-79	219720
56-79	117820
56-79	267280
56-79	128260
56-79	394040
56-79	123760
56-79	063650
56-80	128450
56-80	01034070
56-80	01034050
56-80	122000
56-80	121740
56-80	126950
56-80	019140
56-80	123650
56-80	127230
56-80	125830
56-81	129060
56-81	117600
56-81	124920
56-81	117710
56-81	220510
56-81	118600
56-81	008590
56-81	164360
56-81	117080
56-81	394290
56-82	129380
56-82	145050
56-82	313750
56-82	128540
56-82	116470
56-82	078460
56-82	128300
56-82	126310
56-82	127520
56-82	394330
56-83	145050
56-83	128540
56-83	129380
56-83	210050
56-83	313380
56-83	188230
56-83	078460
56-83	127520
56-83	175560
56-83	011490
56-84	129220
56-84	129640
56-84	01034500
56-84	406100
56-84	401290
56-84	483660
56-84	168270
56-84	402360
56-84	400020
56-84	522210
56-85	126360
56-85	117760
56-85	121550
56-85	122690
56-85	123890
56-85	129510
56-85	126870
56-85	220050
56-85	227020
56-85	120900
56-86	180870
56-86	227020
56-86	126360
56-86	129310
56-86	146000
56-86	129510
56-86	121550
56-86	220050
56-86	141530
56-86	123890
56-87	064300
56-87	220850
56-87	180960
56-87	120880
56-87	122280
56-87	129570
56-87	138160
56-87	119210
56-87	121060
56-87	117110
56-88	129690
56-88	129740
56-88	119200
56-88	120410
56-88	119750
56-88	118560
56-88	118440
56-88	119560
56-88	120680
56-88	122110
56-89	129960
56-89	01034510
56-89	109230
56-89	130010
56-89	065130
56-89	001100
56-89	036140
56-89	002010
56-89	036350
56-89	066890
56-90	129980
56-90	130330
56-90	130040
56-90	130020
56-90	129970
56-90	130140
56-90	130160
56-90	041040
56-90	01034650
56-90	130090
56-91	130120
56-91	130330
56-91	130090
56-91	130040
56-91	129980
56-91	130140
56-91	130350
56-91	130430
56-91	130060
56-91	130200
56-92	130120
56-92	130330
56-92	130090
56-92	130040
56-92	129980
56-92	130140
56-92	130060
56-92	130020
56-92	130430
56-92	130350
56-93	130290
56-93	151040
56-93	241930
56-93	130220
56-93	347640
56-93	068650
56-93	345490
56-93	068340
56-93	345940
56-93	016070
56-94	065530
56-94	130680
56-94	065490
56-94	335940
56-94	335990
56-94	065510
56-94	528180
56-94	528200
56-94	130780
56-94	067660
57-1	065530
57-1	335940
57-1	130680
57-1	065490
57-1	335990
57-1	259230
57-1	003750
57-1	156980
57-1	335950
57-1	528200
57-2	130930
57-2	130810
57-2	148090
57-2	151550
57-2	319770
57-2	195510
57-2	149490
57-2	131110
57-2	130280
57-2	130940
57-3	448810
57-3	366140
57-3	131100
57-3	131180
57-3	452280
57-3	449290
57-3	130500
57-3	245050
57-3	361180
57-3	131780
57-4	131350
57-4	164600
57-4	134270
57-4	130280
57-4	131240
57-4	131680
57-4	131300
57-4	131780
57-4	131040
57-4	375400
57-5	131490
57-5	131090
57-5	130760
57-5	150740
57-5	130660
57-5	131460
57-5	131310
57-5	431970
57-5	149940
57-5	149550
57-6	131620
57-6	131670
57-6	130520
57-6	100670
57-6	131470
57-6	130660
57-6	131050
57-6	224420
57-6	130480
57-6	131280
57-7	131780
57-7	455610
57-7	109580
57-7	009420
57-7	070650
57-7	007170
57-7	01004270
57-7	269400
57-7	130810
57-7	097150
57-8	551610
57-8	329520
57-8	223440
57-8	132130
57-8	289840
57-8	087790
57-8	551560
57-8	311430
57-8	042270
57-8	551620
57-9	132660
57-9	162370
57-9	133120
57-9	163170
57-9	274970
57-9	274950
57-9	055880
57-9	01000890
57-9	116380
57-9	189760
57-10	079010
57-10	134590
57-10	132920
57-10	162710
57-10	132950
57-10	116420
57-10	387850
57-10	163640
57-10	133070
57-10	164290
57-11	132720
57-11	134310
57-11	164930
57-11	134330
57-11	134080
57-11	134990
57-11	133580
57-11	135580
57-11	133610
57-11	117830
57-12	132860
57-12	163640
57-12	132910
57-12	162710
57-12	134320
57-12	113540
57-12	134590
57-12	079010
57-12	132740
57-12	162990
57-13	162730
57-13	133570
57-13	162660
57-13	01035100
57-13	116530
57-13	164150
57-13	137980
57-13	387890
57-13	132970
57-13	138040
57-14	133660
57-14	165750
57-14	164090
57-14	133210
57-14	01009770
57-14	163460
57-14	132960
57-14	132800
57-14	133090
57-14	136250
57-15	133400
57-15	133830
57-15	136360
57-15	163880
57-15	133720
57-15	133850
57-15	137130
57-15	135450
57-15	137260
57-15	136490
57-16	132860
57-16	079010
57-16	163640
57-16	132920
57-16	134590
57-16	162710
57-16	134180
57-16	132950
57-16	164290
57-16	387850
57-17	133600
57-17	133330
57-17	163420
57-17	136190
57-17	135710
57-17	167510
57-17	163700
57-17	133340
57-17	388250
57-17	134090
57-18	133330
57-18	134490
57-18	01043140
57-18	01043540
57-18	133490
57-18	01035250
57-18	134760
57-18	133430
57-18	137770
57-18	136970
57-19	079010
57-19	132860
57-19	162700
57-19	134420
57-19	164720
57-19	163470
57-19	132950
57-19	133710
57-19	162710
57-19	162990
57-20	133720
57-20	133830
57-20	136160
57-20	134100
57-20	135520
57-20	133030
57-20	388310
57-20	079200
57-20	167460
57-20	143810
57-21	133750
57-21	017790
57-21	133660
57-21	388020
57-21	132840
57-21	137460
57-21	165760
57-21	134570
57-21	134660
57-21	133310
57-22	01035100
57-22	01035270
57-22	165040
57-22	133860
57-22	117690
57-22	134490
57-22	163870
57-22	133570
57-22	147100
57-22	388760
57-23	133500
57-23	116930
57-23	133490
57-23	135180
57-23	133900
57-23	117030
57-23	117290
57-23	134320
57-23	163840
57-23	166590
57-24	133730
57-24	079010
57-24	163310
57-24	117230
57-24	133490
57-24	279370
57-24	005390
57-24	133100
57-24	116410
57-24	133060
57-25	118260
57-25	134520
57-25	136110
57-25	005810
57-25	195210
57-25	056910
57-25	388580
57-25	171020
57-25	120280
57-25	137340
57-26	134460
57-26	134390
57-26	117600
57-26	163710
57-26	164910
57-26	133890
57-26	279830
57-26	138750
57-26	000530
57-26	031680
57-27	134220
57-27	164790
57-27	134420
57-27	136200
57-27	132850
57-27	389030
57-27	136370
57-27	279820
57-27	133470
57-27	135100
57-28	134820
57-28	139800
57-28	079210
57-28	136840
57-28	135820
57-28	143430
57-28	139830
57-28	134880
57-28	138350
57-28	135800
57-29	01005160
57-29	135770
57-29	351890
57-29	142260
57-29	235320
57-29	008920
57-29	012510
57-29	144200
57-29	040620
57-29	007610
57-30	134350
57-30	164820
57-30	163720
57-30	134230
57-30	117150
57-30	133770
57-30	134670
57-30	137020
57-30	057080
57-30	005370
57-31	177550
57-31	127430
57-31	013830
57-31	143940
57-31	143320
57-31	138080
57-31	312400
57-31	139220
57-31	144020
57-31	137920
57-32	388930
57-32	164280
57-32	134930
57-32	134370
57-32	167350
57-32	137010
57-32	164270
57-32	168410
57-32	118620
57-32	279910
57-33	134830
57-33	135740
57-33	279220
57-33	133070
57-33	423970
57-33	242710
57-33	056720
57-33	234050
57-33	279820
57-33	164570
57-34	133780
57-34	01043430
57-34	135650
57-34	134420
57-34	132950
57-34	005060
57-34	135100
57-34	164570
57-34	133990
57-34	117720
57-35	134390
57-35	133410
57-35	195570
57-35	113750
57-35	139290
57-35	166810
57-35	134080
57-35	164650
57-35	140120
57-35	195250
57-36	118030
57-36	113850
57-36	006180
57-36	194900
57-36	135020
57-36	134280
57-36	162770
57-36	133810
57-36	448200
57-36	388650
57-37	138750
57-37	134390
57-37	134460
57-37	163710
57-37	164190
57-37	164650
57-37	133590
57-37	164910
57-37	279830
57-37	133410
57-38	133850
57-38	133400
57-38	142090
57-38	164540
57-38	145090
57-38	126430
57-38	134700
57-38	134400
57-38	144760
57-38	167400
57-39	164550
57-39	388600
57-39	134380
57-39	133450
57-39	134960
57-39	300560
57-39	133460
57-39	133570
57-39	134570
57-39	165790
57-40	166140
57-40	119040
57-40	225060
57-40	136250
57-40	139560
57-40	135410
57-40	057450
57-40	168530
57-40	172240
57-40	138400
57-41	134930
57-41	136240
57-41	166400
57-41	168530
57-41	167350
57-41	133450
57-41	139520
57-41	138840
57-41	135600
57-41	114170
57-42	165970
57-42	300980
57-42	134970
57-42	01035100
57-42	323010
57-42	057990
57-42	168450
57-42	132750
57-42	137920
57-42	163870
57-43	165870
57-43	169900
57-43	01043840
57-43	137850
57-43	320090
57-43	390800
57-43	01071780
57-43	168630
57-43	165930
57-43	136410
57-44	134420
57-44	132860
57-44	162990
57-44	132910
57-44	136470
57-44	01043430
57-44	133420
57-44	164570
57-44	166200
57-44	138210
57-45	136840
57-45	136880
57-45	135780
57-45	136850
57-45	225220
57-45	225120
57-45	135840
57-45	143430
57-45	139790
57-45	136860
57-46	134940
57-46	132860
57-46	079010
57-46	134640
57-46	141760
57-46	134420
57-46	162990
57-46	055720
57-46	135920
57-46	164290
57-47	135010
57-47	165900
57-47	280170
57-47	389360
57-47	234840
57-47	01035320
57-47	136170
57-47	336520
57-47	139340
57-47	133810
57-48	136570
57-48	168540
57-48	138550
57-48	165800
57-48	137920
57-48	139500
57-48	136430
57-48	132720
57-48	137360
57-48	168410
57-49	134090
57-49	167510
57-49	135710
57-49	137770
57-49	164640
57-49	162900
57-49	114340
57-49	388820
57-49	174360
57-49	376200
57-50	136430
57-50	135980
57-50	280820
57-50	132950
57-50	138970
57-50	134590
57-50	136690
57-50	176120
57-50	135360
57-50	136730
57-51	136760
57-51	140250
57-51	173000
57-51	139620
57-51	224790
57-51	133450
57-51	134030
57-51	136060
57-51	167680
57-51	137990
57-52	139750
57-52	138680
57-52	135450
57-52	136690
57-52	167680
57-52	136490
57-52	136430
57-52	058140
57-52	136370
57-52	167850
57-53	168910
57-53	137690
57-53	235890
57-53	390540
57-53	142970
57-53	066250
57-53	165800
57-53	163530
57-53	377090
57-53	139900
57-54	137590
57-54	114670
57-54	141120
57-54	172040
57-54	135140
57-54	01035860
57-54	169290
57-54	138060
57-54	010770
57-54	139540
57-55	137400
57-55	008750
57-55	121500
57-55	172860
57-55	242840
57-55	215520
57-55	174590
57-55	183170
57-55	183840
57-55	140230
57-56	137930
57-56	008880
57-56	142660
57-56	169100
57-56	135160
57-56	061830
57-56	175170
57-56	072740
57-56	177730
57-56	254100
57-57	389460
57-57	136690
57-57	137250
57-57	132860
57-57	114810
57-57	167680
57-57	134320
57-57	164290
57-57	135180
57-57	138700
57-58	138290
57-58	225540
57-58	139840
57-58	136850
57-58	139810
57-58	143390
57-58	225430
57-58	136840
57-58	139820
57-58	135750
57-59	139130
57-59	01036010
57-59	134740
57-59	122710
57-59	139590
57-59	137950
57-59	118940
57-59	134450
57-59	136130
57-59	141470
57-60	137540
57-60	169120
57-60	137680
57-60	225560
57-60	136650
57-60	138420
57-60	120970
57-60	391630
57-60	137440
57-60	376220
57-61	169790
57-61	136440
57-61	058920
57-61	167220
57-61	137790
57-61	136360
57-61	01004560
57-61	281020
57-61	134420
57-61	170170
57-62	138160
57-62	169890
57-62	137490
57-62	139430
57-62	281030
57-62	168390
57-62	059080
57-62	137000
57-62	121050
57-62	135430
57-63	137070
57-63	120920
57-63	139930
57-63	166350
57-63	004550
57-63	177080
57-63	193970
57-63	135440
57-63	033010
57-63	142400
57-64	136790
57-64	135130
57-64	136490
57-64	137980
57-64	137020
57-64	168610
57-64	136590
57-64	135500
57-64	137770
57-64	135110
57-65	170830
57-65	01012090
57-65	139640
57-65	135210
57-65	143730
57-65	170420
57-65	138390
57-65	172360
57-65	142020
57-65	125240
57-66	139030
57-66	141120
57-66	138430
57-66	302110
57-66	171390
57-66	134160
57-66	138090
57-66	137050
57-66	281730
57-66	309200
57-67	137990
57-67	168700
57-67	136650
57-67	169030
57-67	137160
57-67	137540
57-67	137420
57-67	134090
57-67	134230
57-67	164770
57-68	170770
57-68	168940
57-68	140830
57-68	166670
57-68	122660
57-68	01044230
57-68	01035100
57-68	136930
57-68	230340
57-68	135880
57-69	281740
57-69	136680
57-69	138940
57-69	166350
57-69	134550
57-69	124220
57-69	136230
57-69	138930
57-69	170260
57-69	169820
57-70	138570
57-70	122580
57-70	302020
57-70	114940
57-70	141960
57-70	171430
57-70	281860
57-70	010570
57-70	137330
57-70	133390
57-71	138710
57-71	281710
57-71	010090
57-71	138690
57-71	059960
57-71	138700
57-71	114990
57-71	136720
57-71	01003050
57-71	137730
57-72	170270
57-72	139470
57-72	010710
57-72	135900
57-72	136550
57-72	165130
57-72	236370
57-72	203470
57-72	127810
57-72	013290
57-73	139630
57-73	138160
57-73	139430
57-73	01044910
57-73	138460
57-73	140570
57-73	168390
57-73	005680
57-73	137490
57-73	140380
57-74	140180
57-74	172370
57-74	123750
57-74	237090
57-74	137350
57-74	390060
57-74	135180
57-74	226180
57-74	173210
57-74	435060
57-75	141010
57-75	082950
57-75	138270
57-75	392370
57-75	225310
57-75	111220
57-75	379870
57-75	284480
57-75	225810
57-75	150890
57-76	140900
57-76	323370
57-76	142670
57-76	282380
57-76	102180
57-76	173440
57-76	124180
57-76	173020
57-76	01032950
57-76	283080
57-77	392030
57-77	173050
57-77	140970
57-77	132950
57-77	310150
57-77	137100
57-77	133490
57-77	132910
57-77	136800
57-77	01035250
57-78	140370
57-78	172130
57-78	202990
57-78	123900
57-78	169900
57-78	137850
57-78	203740
57-78	168630
57-78	137930
57-78	023690
57-79	140570
57-79	173040
57-79	203140
57-79	282070
57-79	135140
57-79	166240
57-79	138530
57-79	393040
57-79	142870
57-79	138080
57-80	138160
57-80	168490
57-80	180960
57-80	064300
57-80	145280
57-80	144860
57-80	394630
57-80	133210
57-80	173460
57-80	244250
57-81	174790
57-81	140190
57-81	173460
57-81	140270
57-81	141500
57-81	139070
57-81	139980
57-81	140780
57-81	122850
57-81	528480
57-82	140860
57-82	176880
57-82	171690
57-82	173620
57-82	140400
57-82	172770
57-82	145280
57-82	146030
57-82	141720
57-82	203000
57-83	140050
57-83	172110
57-83	01004950
57-83	01005420
57-83	01012170
57-83	310340
57-83	302520
57-83	01046040
57-83	282150
57-83	217100
57-84	316700
57-84	141530
57-84	357950
57-84	165230
57-84	132860
57-84	133260
57-84	133420
57-84	137690
57-84	138120
57-84	180120
57-85	142270
57-85	142280
57-85	143400
57-85	142240
57-85	294660
57-85	140820
57-85	142310
57-85	144230
57-85	142290
57-85	142260
57-86	01046040
57-86	226690
57-86	079880
57-86	175690
57-86	141750
57-86	175530
57-86	01012070
57-86	302870
57-86	135130
57-86	237490
57-87	174690
57-87	141110
57-87	01035320
57-87	125370
57-87	264220
57-87	141940
57-87	135080
57-87	165370
57-87	142810
57-87	139880
57-88	181310
57-88	146360
57-88	176170
57-88	143250
57-88	143070
57-88	142470
57-88	140800
57-88	140090
57-88	143260
57-88	01046970
57-89	175850
57-89	142620
57-89	137240
57-89	377150
57-89	01043820
57-89	165130
57-89	01036170
57-89	013130
57-89	010420
57-89	177090
57-90	139110
57-90	142120
57-90	142550
57-90	137880
57-90	283240
57-90	133760
57-90	137980
57-90	178390
57-90	165790
57-90	134380
57-91	01002550
57-91	133560
57-91	113650
57-91	118730
57-91	138130
57-91	133480
57-91	01035850
57-91	01043980
57-91	138190
57-91	167790
57-92	175990
57-92	139710
57-92	137440
57-92	102680
57-92	142970
57-92	139480
57-92	126520
57-92	137940
57-92	140770
57-92	138010
57-93	176650
57-93	133170
57-93	171750
57-93	126400
57-93	382230
57-93	144630
57-93	171040
57-93	143950
57-93	173690
57-93	167350
57-94	127490
57-94	144640
57-94	137320
57-94	144310
57-94	178650
57-94	145380
57-94	140730
57-94	139540
57-94	144660
57-94	142530
58-1	144160
58-1	144020
58-1	136540
58-1	146010
58-1	178600
58-1	141460
58-1	01036100
58-1	137100
58-1	137120
58-1	140050
58-2	178520
58-2	323630
58-2	142120
58-2	136720
58-2	140380
58-2	393040
58-2	140180
58-2	01033390
58-2	126090
58-2	173360
58-3	167690
58-3	140720
58-3	134160
58-3	146570
58-3	165750
58-3	179150
58-3	139380
58-3	136400
58-3	136250
58-3	135630
58-4	303470
58-4	455420
58-4	177790
58-4	323600
58-4	135450
58-4	173510
58-4	141600
58-4	079010
58-4	132950
58-4	283470
58-5	143300
58-5	140920
58-5	143480
58-5	013680
58-5	173670
58-5	177240
58-5	219610
58-5	207090
58-5	139610
58-5	207810
58-6	080070
58-6	144230
58-6	080130
58-6	246380
58-6	177650
58-6	037310
58-6	312500
58-6	356350
58-6	145360
58-6	464810
58-7	136570
58-7	139550
58-7	117820
58-7	140110
58-7	143010
58-7	137910
58-7	126370
58-7	141790
58-7	222590
58-7	119990
58-8	142390
58-8	180990
58-8	137070
58-8	146170
58-8	143340
58-8	142620
58-8	145700
58-8	135440
58-8	01047000
58-8	139590
58-9	144790
58-9	337660
58-9	409420
58-9	178570
58-9	080060
58-9	337610
58-9	319320
58-9	279920
58-9	197030
58-9	093050
58-10	337610
58-10	178570
58-10	144790
58-10	226920
58-10	145360
58-10	180370
58-10	337660
58-10	319320
58-10	274030
58-10	079980
58-11	548930
58-11	283760
58-11	144280
58-11	219930
58-11	179180
58-11	238820
58-11	393940
58-11	126680
58-11	172550
58-11	465280
58-12	144310
58-12	145770
58-12	126510
58-12	135000
58-12	145470
58-12	140110
58-12	181410
58-12	145910
58-12	181550
58-12	138760
58-13	134040
58-13	01064700
58-13	164300
58-13	117940
58-13	133170
58-13	280070
58-13	079160
58-13	389320
58-13	390680
58-13	138550
58-14	227000
58-14	278360
58-14	173040
58-14	143550
58-14	137000
58-14	313010
58-14	146530
58-14	128260
58-14	138750
58-14	103290
58-15	141360
58-15	142430
58-15	174400
58-15	140890
58-15	140070
58-15	145180
58-15	176620
58-15	176500
58-15	145130
58-15	142470
58-16	180590
58-16	181310
58-16	146410
58-16	167490
58-16	176560
58-16	139370
58-16	173440
58-16	01036170
58-16	220440
58-16	146380
58-17	145280
58-17	179790
58-17	144860
58-17	139150
58-17	138450
58-17	139630
58-17	139590
58-17	01005660
58-17	171920
58-17	145950
58-18	01034080
58-18	01036220
58-18	01036210
58-18	144740
58-18	542310
58-18	01036270
58-18	262730
58-18	144940
58-18	392160
58-18	174740
58-19	144650
58-19	449670
58-19	139470
58-19	173860
58-19	137640
58-19	01035700
58-19	172150
58-19	170350
58-19	142620
58-19	143140
58-20	144980
58-20	449670
58-20	284040
58-20	138450
58-20	139590
58-20	143680
58-20	178090
58-20	135440
58-20	242850
58-20	140280
58-21	336170
58-21	145350
58-21	484870
58-21	138270
58-21	142220
58-21	150900
58-21	144230
58-21	253900
58-21	150890
58-21	290660
58-22	179540
58-22	145070
58-22	140450
58-22	144720
58-22	178400
58-22	178070
58-22	140660
58-22	136750
58-22	144630
58-22	126300
58-23	063400
58-23	180070
58-23	145550
58-23	145810
58-23	139870
58-23	139600
58-23	077400
58-23	143790
58-23	144740
58-23	303990
58-24	145110
58-24	141320
58-24	139630
58-24	171920
58-24	145280
58-24	180150
58-24	138690
58-24	144330
58-24	146010
58-24	143970
58-25	145180
58-25	141360
58-25	179340
58-25	140890
58-25	171220
58-25	141400
58-25	133410
58-25	174400
58-25	179210
58-25	283960
58-26	144950
58-26	181010
58-26	179320
58-26	145600
58-26	140890
58-26	179870
58-26	01047220
58-26	144390
58-26	139290
58-26	173810
58-27	146310
58-27	142310
58-27	144200
58-27	138310
58-27	142330
58-27	144230
58-27	143410
58-27	138230
58-27	138330
58-27	142260
58-28	181180
58-28	146380
58-28	181120
58-28	284370
58-28	129780
58-28	145880
58-28	116210
58-28	142690
58-28	146180
58-28	180770
58-29	146580
58-29	146590
58-29	146610
58-29	01013360
58-29	540040
58-29	004780
58-29	015540
58-29	065250
58-29	01001360
58-29	038440
58-30	146600
58-30	150850
58-30	003610
58-30	222140
58-30	01036470
58-30	001230
58-30	150860
58-30	036100
58-30	029140
58-30	341990
58-31	146650
58-31	147020
58-31	400600
58-31	243100
58-31	146780
58-31	424030
58-31	01029300
58-31	146680
58-31	01035100
58-31	130150
58-32	146640
58-32	036330
58-32	323850
58-32	326620
58-32	327390
58-32	326710
58-32	323990
58-32	146810
58-32	146950
58-32	324530
58-33	146680
58-33	005620
58-33	01002930
58-33	01035100
58-33	181790
58-33	039210
58-33	146770
58-33	400600
58-33	268680
58-33	005770
58-34	244170
58-34	146700
58-34	089950
58-34	244010
58-34	146760
58-34	432270
58-34	147370
58-34	147330
58-34	244890
58-34	147010
58-35	149590
58-35	147590
58-35	148700
58-35	148730
58-35	148900
58-35	148740
58-35	147390
58-35	147490
58-35	149720
58-35	148720
58-36	148110
58-36	148900
58-36	146940
58-36	147560
58-36	148520
58-36	005620
58-36	148090
58-36	338120
58-36	147390
58-36	147520
58-37	148100
58-37	148700
58-37	147820
58-37	147490
58-37	147560
58-37	147190
58-37	147850
58-37	149240
58-37	432270
58-37	149730
58-38	147910
58-38	148270
58-38	147410
58-38	148250
58-38	148140
58-38	147800
58-38	147850
58-38	147920
58-38	148890
58-38	455780
58-39	147920
58-39	147260
58-39	147560
58-39	036680
58-39	130720
58-39	148100
58-39	147970
58-39	036560
58-39	149860
58-39	147490
58-40	148790
58-40	149490
58-40	148400
58-40	185840
58-40	148770
58-40	149190
58-40	148470
58-40	147110
58-40	149680
58-40	149250
58-41	148470
58-41	149860
58-41	149940
58-41	148450
58-41	147260
58-41	259220
58-41	243030
58-41	147700
58-41	148770
58-41	148790
58-42	516980
58-42	149490
58-42	150050
58-42	149230
58-42	147210
58-42	148890
58-42	149480
58-42	546370
58-42	513330
58-42	149200
58-43	149770
58-43	149790
58-43	149210
58-43	147490
58-43	149960
58-43	149730
58-43	540340
58-43	148450
58-43	149720
58-43	148180
58-44	150940
58-44	148260
58-44	147310
58-44	149240
58-44	148090
58-44	148820
58-44	148290
58-44	148220
58-44	149250
58-44	148860
58-45	188110
58-45	420900
58-45	015730
58-45	187780
58-45	309990
58-45	477270
58-45	150500
58-45	188270
58-45	232450
58-45	364460
58-46	410050
58-46	409940
58-46	036520
58-46	409590
58-46	065580
58-46	01037520
58-46	540040
58-46	409930
58-46	150800
58-46	124430
58-47	397810
58-47	398790
58-47	398090
58-47	520500
58-47	398120
58-47	397860
58-47	151350
58-47	151550
58-47	423980
58-47	398110
58-48	151550
58-48	151580
58-48	423980
58-48	151600
58-48	151290
58-48	108660
58-48	161120
58-48	151670
58-48	151640
58-48	520500
58-49	151880
58-49	268950
58-49	268540
58-49	268700
58-49	268470
58-49	268790
58-49	151780
58-49	269130
58-49	151830
58-49	01063690
58-50	152560
58-50	152520
58-50	157050
58-50	157490
58-50	261660
58-50	042190
58-50	152340
58-50	152390
58-50	261970
58-50	329300
58-51	153170
58-51	153210
58-51	153230
58-51	153360
58-51	153020
58-51	153500
58-51	153650
58-51	153010
58-51	01005090
58-51	153460
58-52	153230
58-52	153460
58-52	153450
58-52	153020
58-52	153390
58-52	153040
58-52	153360
58-52	153710
58-52	153150
58-52	006180
58-53	153140
58-53	027010
58-53	347780
58-53	028830
58-53	342990
58-53	343690
58-53	027000
58-53	349640
58-53	315350
58-53	104750
58-54	153410
58-54	153190
58-54	153540
58-54	153600
58-54	517980
58-54	153630
58-54	104660
58-54	153390
58-54	153690
58-54	153760
58-55	153410
58-55	153010
58-55	153600
58-55	153440
58-55	153580
58-55	153480
58-55	153460
58-55	153540
58-55	153920
58-55	086290
58-56	153630
58-56	153540
58-56	153730
58-56	153900
58-56	153950
58-56	153220
58-56	153810
58-56	01037960
58-56	249180
58-56	153750
58-57	153920
58-57	154010
58-57	153410
58-57	154030
58-57	153540
58-57	01037960
58-57	153810
58-57	153990
58-57	153560
58-57	153800
58-58	153850
58-58	153170
58-58	153600
58-58	340860
58-58	153580
58-58	153710
58-58	273400
58-58	153410
58-58	095730
58-58	153620
58-59	154130
58-59	066860
58-59	085680
58-59	227440
58-59	004290
58-59	154140
58-59	001280
58-59	016100
58-59	317530
58-59	01006720
58-60	154130
58-60	015480
58-60	000740
58-60	015530
58-60	020820
58-60	154140
58-60	085750
58-60	317530
58-60	000180
58-60	015770
58-61	154590
58-61	243880
58-61	317520
58-61	067660
58-61	154840
58-61	031560
58-61	436800
58-61	243770
58-61	436940
58-61	154810
58-62	165210
58-62	154600
58-62	155020
58-62	163890
58-62	163340
58-62	164760
58-62	01038340
58-62	154430
58-62	162840
58-62	040270
58-63	155130
58-63	038940
58-63	067660
58-63	154990
58-63	154800
58-63	317600
58-63	228700
58-63	01013780
58-63	317810
58-63	01077010
58-64	154990
58-64	214660
58-64	157130
58-64	345090
58-64	343880
58-64	373510
58-64	028090
58-64	347990
58-64	192560
58-64	166110
58-65	154900
58-65	259230
58-65	154800
58-65	036610
58-65	070780
58-65	155110
58-65	188370
58-65	154500
58-65	253750
58-65	066020
58-66	163350
58-66	162830
58-66	081190
58-66	039300
58-66	194720
58-66	067810
58-66	156010
58-66	164920
58-66	155050
58-66	038110
58-67	259990
58-67	042040
58-67	039760
58-67	156360
58-67	327770
58-67	039870
58-67	155890
58-67	158550
58-67	040530
58-67	044650
58-68	156220
58-68	339410
58-68	155900
58-68	446370
58-68	221610
58-68	446760
58-68	161260
58-68	327370
58-68	320500
58-68	022030
58-69	155880
58-69	157970
58-69	154970
58-69	213470
58-69	006270
58-69	156450
58-69	01010130
58-69	189350
58-69	156710
58-69	500410
58-70	156090
58-70	155560
58-70	101440
58-70	263810
58-70	173200
58-70	038560
58-70	351340
58-70	112130
58-70	041440
58-70	343170
58-71	156540
58-71	070460
58-71	071010
58-71	347380
58-71	084280
58-71	070530
58-71	071710
58-71	065470
58-71	154770
58-71	070970
58-72	040710
58-72	01061490
58-72	416740
58-72	01062800
58-72	337150
58-72	156330
58-72	039800
58-72	258970
58-72	044310
58-72	485320
58-73	156390
58-73	156780
58-73	386370
58-73	490120
58-73	154880
58-73	347540
58-73	156010
58-73	263990
58-73	016720
58-73	273790
58-74	156300
58-74	336930
58-74	154770
58-74	254560
58-74	01013760
58-74	155540
58-74	258940
58-74	015550
58-74	155930
58-74	003180
58-75	261560
58-75	157000
58-75	329450
58-75	091760
58-75	417390
58-75	042560
58-75	01038490
58-75	038020
58-75	155860
58-75	039790
58-76	245810
58-76	417180
58-76	336580
58-76	038140
58-76	155140
58-76	257360
58-76	504890
58-76	156720
58-76	327490
58-76	004060
58-77	042900
58-77	329680
58-77	039500
58-77	157070
58-77	225340
58-77	324450
58-77	038450
58-77	155290
58-77	259020
58-77	158630
58-78	157290
58-78	157120
58-78	161560
58-78	254680
58-78	158460
58-78	045230
58-78	040850
58-78	254580
58-78	041820
58-78	472390
58-79	157130
58-79	437450
58-79	285780
58-79	158020
58-79	357280
58-79	158370
58-79	359180
58-79	539010
58-79	389890
58-79	003980
58-80	156710
58-80	018420
58-80	157130
58-80	546370
58-80	156150
58-80	154990
58-80	157010
58-80	040000
58-80	292110
58-80	118390
58-81	042180
58-81	254750
58-81	261380
58-81	260230
58-81	118580
58-81	260490
58-81	163740
58-81	004390
58-81	221550
58-81	01031910
58-82	157490
58-82	157050
58-82	042190
58-82	043380
58-82	261660
58-82	329300
58-82	152520
58-82	417200
58-82	159170
58-82	324470
58-83	157970
58-83	244180
58-83	260140
58-83	156070
58-83	157150
58-83	084280
58-83	155080
58-83	154770
58-83	156700
58-83	155540
58-84	060670
58-84	158190
58-84	479170
58-84	354490
58-84	434280
58-84	217480
58-84	434010
58-84	455510
58-84	042680
58-84	432790
58-85	161850
58-85	158060
58-85	159330
58-85	01039370
58-85	01085390
58-85	01027100
58-85	262880
58-85	246080
58-85	01062960
58-85	041060
58-86	418040
58-86	331280
58-86	254850
58-86	045200
58-86	262840
58-86	434040
58-86	331300
58-86	333370
58-86	159540
58-86	261930
58-87	263020
58-87	041390
58-87	045230
58-87	156340
58-87	158460
58-87	156100
58-87	155550
58-87	254880
58-87	158630
58-87	042810
58-88	158470
58-88	044610
58-88	331540
58-88	038430
58-88	262930
58-88	158630
58-88	044910
58-88	254860
58-88	473220
58-88	157690
58-89	158700
58-89	263780
58-89	325180
58-89	039380
58-89	102140
58-89	417840
58-89	075600
58-89	044870
58-89	158730
58-89	047690
58-90	159680
58-90	01038100
58-90	01040710
58-90	01056870
58-90	01100210
58-90	411950
58-90	316330
58-90	412050
58-90	155140
58-90	316400
58-91	159470
58-91	440860
58-91	159530
58-91	438250
58-91	442610
58-91	441600
58-91	441630
58-91	441690
58-91	438080
58-91	441700
58-92	264900
58-92	042720
58-92	255100
58-92	048850
58-92	157080
58-92	333300
58-92	157480
58-92	039320
58-92	045520
58-92	044310
58-93	047960
58-93	049260
58-93	048320
58-93	159600
58-93	048550
58-93	048720
58-93	487440
58-93	159990
58-93	159630
58-93	159800
58-94	265170
58-94	264670
58-94	102930
58-94	260230
58-94	01062930
58-94	254820
58-94	260490
58-94	159160
58-94	264170
58-94	01002370
59-1	333780
59-1	255010
59-1	037990
59-1	159720
59-1	01061810
59-1	042770
59-1	255110
59-1	261930
59-1	045420
59-1	154580
59-2	047380
59-2	264150
59-2	040170
59-2	047400
59-2	041430
59-2	040350
59-2	048600
59-2	043990
59-2	044970
59-2	043040
59-3	158620
59-3	160120
59-3	265590
59-3	045290
59-3	160270
59-3	157270
59-3	052480
59-3	049890
59-3	156830
59-3	158890
59-4	160280
59-4	265760
59-4	265600
59-4	044810
59-4	051200
59-4	160360
59-4	051560
59-4	273930
59-4	503930
59-4	255280
59-5	482510
59-5	155890
59-5	262060
59-5	047310
59-5	159650
59-5	043250
59-5	01041280
59-5	160610
59-5	050260
59-5	223620
59-6	01014140
59-6	156180
59-6	038410
59-6	041080
59-6	039580
59-6	041720
59-6	269660
59-6	044000
59-6	01039500
59-6	038340
59-7	160720
59-7	474780
59-7	160160
59-7	482510
59-7	334250
59-7	049310
59-7	157540
59-7	158910
59-7	265350
59-7	159790
59-8	160800
59-8	392930
59-8	160600
59-8	393970
59-8	392950
59-8	465630
59-8	215220
59-8	01084090
59-8	531540
59-8	296120
59-9	053420
59-9	054260
59-9	053790
59-9	154320
59-9	053580
59-9	054090
59-9	053630
59-9	053450
59-9	038180
59-9	054340
59-10	154540
59-10	154830
59-10	154870
59-10	01005650
59-10	336780
59-10	336820
59-10	519840
59-10	373110
59-10	036470
59-10	036270
59-11	156130
59-11	01038420
59-11	156260
59-11	01038540
59-11	214040
59-11	001770
59-11	156070
59-11	345730
59-11	157970
59-11	155830
59-12	328130
59-12	327740
59-12	326750
59-12	161310
59-12	329210
59-12	324220
59-12	327990
59-12	416900
59-12	324290
59-12	328910
59-13	161500
59-13	223390
59-13	328600
59-13	329940
59-13	161240
59-13	041670
59-13	339780
59-13	327050
59-13	431070
59-13	511900
59-14	161680
59-14	032240
59-14	003150
59-14	161810
59-14	031270
59-14	108420
59-14	01011780
59-14	108390
59-14	032820
59-14	326730
59-15	334490
59-15	341240
59-15	341200
59-15	332450
59-15	162180
59-15	273930
59-15	325920
59-15	162160
59-15	331940
59-15	334850
59-16	551640
59-16	325970
59-16	162250
59-16	551690
59-16	162210
59-16	551590
59-16	01094930
59-16	100390
59-16	326000
59-16	335100
59-17	480700
59-17	481650
59-17	351330
59-17	344800
59-17	480060
59-17	482200
59-17	479350
59-17	482030
59-17	01069760
59-17	480020
59-18	162380
59-18	274910
59-18	162300
59-18	098020
59-18	031390
59-18	032260
59-18	01009280
59-18	080410
59-18	098750
59-18	546980
59-19	162580
59-19	163020
59-19	163330
59-19	162670
59-19	165030
59-19	058130
59-19	322720
59-19	243410
59-19	031840
59-19	163120
59-20	162470
59-20	164760
59-20	164040
59-20	035840
59-20	112100
59-20	317540
59-20	168430
59-20	344290
59-20	195960
59-20	067270
59-21	162900
59-21	116460
59-21	162650
59-21	132810
59-21	133080
59-21	004900
59-21	01002590
59-21	300500
59-21	099980
59-21	163830
59-22	163660
59-22	162500
59-22	224310
59-22	275170
59-22	113770
59-22	022450
59-22	163130
59-22	132730
59-22	133170
59-22	279540
59-23	163660
59-23	162490
59-23	022450
59-23	163110
59-23	004650
59-23	026730
59-23	007800
59-23	164220
59-23	022440
59-23	162870
59-24	162710
59-24	163640
59-24	162700
59-24	116400
59-24	099580
59-24	116430
59-24	224350
59-24	116420
59-24	004660
59-24	162800
59-25	163220
59-25	279280
59-25	304410
59-25	304410
59-25	275040
59-25	163010
59-25	322770
59-25	01064460
59-25	164750
59-25	089720
59-26	163640
59-26	162710
59-26	163030
59-26	113540
59-26	132860
59-26	162990
59-26	275210
59-26	116420
59-26	165230
59-26	164250
59-27	387820
59-27	116540
59-27	163360
59-27	162950
59-27	133080
59-27	01043540
59-27	166650
59-27	224420
59-27	162900
59-27	279250
59-28	164780
59-28	163100
59-28	388720
59-28	275640
59-28	163250
59-28	279240
59-28	133250
59-28	279840
59-28	134240
59-28	300770
59-29	026730
59-29	162490
59-29	021940
59-29	163110
59-29	163200
59-29	116300
59-29	132940
59-29	300260
59-29	133090
59-29	165750
59-30	163640
59-30	165230
59-30	162710
59-30	387850
59-30	116420
59-30	305040
59-30	234110
59-30	305450
59-30	164290
59-30	162990
59-31	01042760
59-31	163320
59-31	118520
59-31	162830
59-31	163090
59-31	000050
59-31	004440
59-31	089170
59-31	001170
59-31	066990
59-32	164130
59-32	166870
59-32	067000
59-32	213100
59-32	166860
59-32	212560
59-32	01001420
59-32	165410
59-32	169880
59-32	165240
59-33	162800
59-33	162710
59-33	164720
59-33	162700
59-33	163470
59-33	163640
59-33	079010
59-33	117770
59-33	162990
59-33	004320
59-34	163240
59-34	133520
59-34	234220
59-34	165790
59-34	104120
59-34	279500
59-34	304950
59-34	213110
59-34	135920
59-34	099910
59-35	163680
59-35	133240
59-35	279410
59-35	165760
59-35	166730
59-35	01042970
59-35	117200
59-35	224500
59-35	01064490
59-35	165750
59-36	163660
59-36	116860
59-36	026730
59-36	133550
59-36	113670
59-36	279540
59-36	275170
59-36	390170
59-36	162500
59-36	224440
59-37	166380
59-37	164120
59-37	01071490
59-37	056640
59-37	005420
59-37	173280
59-37	133880
59-37	169330
59-37	164320
59-37	167420
59-38	133660
59-38	164090
59-38	279420
59-38	01042970
59-38	163590
59-38	165750
59-38	301620
59-38	388290
59-38	275100
59-38	165760
59-39	279420
59-39	163590
59-39	133660
59-39	165750
59-39	165760
59-39	01042970
59-39	388290
59-39	164090
59-39	432460
59-39	275100
59-40	164360
59-40	169900
59-40	177080
59-40	174670
59-40	165100
59-40	01044360
59-40	234570
59-40	165930
59-40	168130
59-40	136320
59-41	305670
59-41	224910
59-41	134130
59-41	166380
59-41	056970
59-41	165800
59-41	280100
59-41	267690
59-41	165060
59-41	164650
59-42	134450
59-42	165360
59-42	134730
59-42	164330
59-42	171230
59-42	134740
59-42	171690
59-42	172770
59-42	133020
59-42	169820
59-43	163960
59-43	163020
59-43	01042860
59-43	163330
59-43	478690
59-43	165030
59-43	322730
59-43	01000730
59-43	090160
59-43	162980
59-44	167420
59-44	164320
59-44	169330
59-44	280080
59-44	133890
59-44	167470
59-44	134770
59-44	170120
59-44	166100
59-44	167690
59-45	164980
59-45	166970
59-45	164410
59-45	163390
59-45	136270
59-45	004880
59-45	164800
59-45	000450
59-45	117850
59-45	164930
59-46	164370
59-46	388910
59-46	305880
59-46	389490
59-46	117280
59-46	100220
59-46	165550
59-46	163570
59-46	005560
59-46	118600
59-47	031680
59-47	388670
59-47	056730
59-47	117600
59-47	135630
59-47	243390
59-47	098010
59-47	275570
59-47	322920
59-47	005830
59-48	164850
59-48	117030
59-48	134300
59-48	117680
59-48	166590
59-48	305690
59-48	166070
59-48	167000
59-48	004320
59-48	166200
59-49	164820
59-49	279690
59-49	389000
59-49	305250
59-49	162520
59-49	134350
59-49	163720
59-49	100030
59-49	280030
59-49	01042970
59-50	224950
59-50	134160
59-50	164890
59-50	275520
59-50	388780
59-50	133380
59-50	163670
59-50	134670
59-50	116960
59-50	374440
59-51	165050
59-51	170980
59-51	168420
59-51	167480
59-51	135920
59-51	280020
59-51	136240
59-51	136680
59-51	166200
59-51	162990
59-52	134120
59-52	164380
59-52	134110
59-52	166020
59-52	165920
59-52	166810
59-52	01044340
59-52	163390
59-52	133610
59-52	01043490
59-53	164650
59-53	279830
59-53	388810
59-53	134390
59-53	163710
59-53	134460
59-53	117600
59-53	275570
59-53	000530
59-53	164910
59-54	164550
59-54	388600
59-54	300560
59-54	134380
59-54	165790
59-54	300370
59-54	166730
59-54	057310
59-54	01043220
59-54	167510
59-55	388310
59-55	167460
59-55	134100
59-55	079200
59-55	165540
59-55	133720
59-55	136160
59-55	165430
59-55	133830
59-55	01043800
59-56	01046670
59-56	177100
59-56	323610
59-56	176490
59-56	177720
59-56	063410
59-56	141880
59-56	173040
59-56	172110
59-56	283480
59-57	168430
59-57	164760
59-57	162840
59-57	163340
59-57	214020
59-57	039250
59-57	01061380
59-57	317540
59-57	163890
59-57	165740
59-58	000450
59-58	169440
59-58	164490
59-58	057290
59-58	166970
59-58	163250
59-58	167350
59-58	134670
59-58	279720
59-58	165230
59-59	165870
59-59	01043840
59-59	032880
59-59	169900
59-59	390430
59-59	319730
59-59	01071780
59-59	165930
59-59	390800
59-59	166350
59-60	168090
59-60	168500
59-60	335980
59-60	01044850
59-60	166310
59-60	166690
59-60	165390
59-60	166180
59-60	301430
59-60	170850
59-61	389290
59-61	390170
59-61	166320
59-61	391670
59-61	01064980
59-61	306860
59-61	173690
59-61	100420
59-61	006970
59-61	140130
59-62	007420
59-62	135060
59-62	165990
59-62	170150
59-62	171260
59-62	375950
59-62	168790
59-62	138550
59-62	026730
59-62	308620
59-63	276040
59-63	389570
59-63	280330
59-63	306590
59-63	165560
59-63	135230
59-63	270470
59-63	166660
59-63	100640
59-63	306360
59-64	171950
59-64	135910
59-64	01002700
59-64	01045230
59-64	136170
59-64	389530
59-64	173590
59-64	01042970
59-64	169370
59-64	100770
59-65	389360
59-65	165900
59-65	234840
59-65	166770
59-65	118580
59-65	135010
59-65	136170
59-65	280170
59-65	133810
59-65	389300
59-66	275980
59-66	166470
59-66	007090
59-66	134300
59-66	164850
59-66	166070
59-66	169390
59-66	275530
59-66	134420
59-66	164790
59-67	166640
59-67	01070760
59-67	167350
59-67	166400
59-67	164390
59-67	162500
59-67	165270
59-67	135180
59-67	136240
59-67	167710
59-68	167070
59-68	164370
59-68	177410
59-68	136560
59-68	169680
59-68	058360
59-68	138130
59-68	168690
59-68	163100
59-68	168750
59-69	136430
59-69	119940
59-69	167170
59-69	169120
59-69	135450
59-69	169820
59-69	137680
59-69	137440
59-69	170900
59-69	169030
59-70	174800
59-70	432560
59-70	167550
59-70	301930
59-70	390190
59-70	01043770
59-70	286010
59-70	175340
59-70	316600
59-70	353130
59-71	167350
59-71	136240
59-71	134930
59-71	168530
59-71	166400
59-71	164900
59-71	01065200
59-71	01031670
59-71	165000
59-71	168410
59-72	168110
59-72	165790
59-72	169910
59-72	01030800
59-72	163870
59-72	136780
59-72	167720
59-72	114510
59-72	390030
59-72	178270
59-73	171270
59-73	01043800
59-73	167400
59-73	133400
59-73	166240
59-73	135480
59-73	137020
59-73	163860
59-73	165300
59-73	071780
59-74	167530
59-74	009710
59-74	010650
59-74	259520
59-74	320690
59-74	329440
59-74	270720
59-74	261150
59-74	101980
59-74	047130
59-75	168130
59-75	307500
59-75	072650
59-75	072100
59-75	139470
59-75	01044360
59-75	390430
59-75	449670
59-75	135900
59-75	236790
59-76	167210
59-76	136080
59-76	01042970
59-76	01002550
59-76	133680
59-76	164910
59-76	300290
59-76	113650
59-76	133010
59-76	163810
59-77	227000
59-77	313010
59-77	278360
59-77	173040
59-77	144330
59-77	103290
59-77	384140
59-77	177560
59-77	165940
59-77	176880
59-78	165970
59-78	163140
59-78	168020
59-78	134970
59-78	388820
59-78	163710
59-78	057990
59-78	163670
59-78	323010
59-78	221350
59-79	168240
59-79	008200
59-79	167010
59-79	006430
59-79	005760
59-79	171540
59-79	133220
59-79	011400
59-79	135450
59-79	169390
59-80	342470
59-80	167820
59-80	176410
59-80	343650
59-80	170960
59-80	343420
59-80	177380
59-80	168270
59-80	345330
59-80	357050
59-81	167560
59-81	169820
59-81	280700
59-81	280700
59-81	01031590
59-81	119850
59-81	031730
59-81	101230
59-81	005900
59-81	306960
59-82	168030
59-82	342450
59-82	342430
59-82	342440
59-82	346770
59-82	168960
59-82	345990
59-82	276820
59-82	342330
59-82	342590
59-83	121530
59-83	079540
59-83	268040
59-83	167690
59-83	137700
59-83	01043630
59-83	169450
59-83	280970
59-83	059510
59-83	166800
59-84	167330
59-84	166660
59-84	136490
59-84	169390
59-84	169710
59-84	167270
59-84	137350
59-84	167420
59-84	167390
59-84	169230
59-85	167150
59-85	101100
59-85	163460
59-85	007600
59-85	390040
59-85	301050
59-85	169930
59-85	168790
59-85	164090
59-85	164680
59-86	137440
59-86	169230
59-86	390970
59-86	136450
59-86	167390
59-86	167270
59-86	101240
59-86	136730
59-86	176120
59-86	166710
59-87	168440
59-87	101440
59-87	164670
59-87	138270
59-87	345930
59-87	165980
59-87	01079860
59-87	165510
59-87	347070
59-87	354900
59-88	169340
59-88	389490
59-88	164370
59-88	139130
59-88	301610
59-88	137950
59-88	163570
59-88	388910
59-88	01043190
59-88	170430
59-89	173750
59-89	168600
59-89	176740
59-89	357320
59-89	159000
59-89	434140
59-89	518800
59-89	432120
59-89	432250
59-89	433110
59-90	138170
59-90	168680
59-90	137960
59-90	168760
59-90	161130
59-90	136330
59-90	166350
59-90	137510
59-90	136310
59-90	137040
59-91	169990
59-91	137970
59-91	173690
59-91	170970
59-91	171290
59-91	166590
59-91	009400
59-91	280990
59-91	017840
59-91	139580
59-92	309760
59-92	308070
59-92	168680
59-92	166350
59-92	167970
59-92	139930
59-92	139420
59-92	195540
59-92	166060
59-92	093070
59-93	138210
59-93	169410
59-93	137890
59-93	281270
59-93	215300
59-93	101220
59-93	121020
59-93	167390
59-93	170090
59-93	376980
59-94	101430
59-94	390390
59-94	164910
59-94	168580
59-94	167470
59-94	135630
59-94	137430
59-94	236100
59-94	308270
59-94	000530
60-1	280870
60-1	166970
60-1	434250
60-1	136270
60-1	308360
60-1	179310
60-1	168540
60-1	235920
60-1	140070
60-1	01065140
60-2	168840
60-2	101300
60-2	163940
60-2	165790
60-2	166650
60-2	390810
60-2	133450
60-2	01045230
60-2	168110
60-2	163600
60-3	168560
60-3	114550
60-3	301730
60-3	169400
60-3	389620
60-3	01043360
60-3	137800
60-3	166990
60-3	138970
60-3	164390
60-4	391400
60-4	174180
60-4	01046410
60-4	282490
60-4	172350
60-4	140350
60-4	323340
60-4	01004880
60-4	173430
60-4	173390
60-5	137650
60-5	059190
60-5	236040
60-5	169490
60-5	163580
60-5	167420
60-5	135630
60-5	392990
60-5	099470
60-5	164800
60-6	101460
60-6	167390
60-6	167910
60-6	169280
60-6	306730
60-6	137860
60-6	138800
60-6	170240
60-6	01045830
60-6	168530
60-7	166090
60-7	168590
60-7	173720
60-7	224260
60-7	203900
60-7	165660
60-7	376350
60-7	477570
60-7	004070
60-7	056730
60-8	168700
60-8	166990
60-8	164440
60-8	169120
60-8	163640
60-8	164570
60-8	01045970
60-8	165850
60-8	167680
60-8	171030
60-9	121250
60-9	163650
60-9	169960
60-9	134550
60-9	114690
60-9	164780
60-9	163100
60-9	133250
60-9	162770
60-9	135020
60-10	169120
60-10	137540
60-10	137680
60-10	136650
60-10	164440
60-10	268090
60-10	168700
60-10	308210
60-10	169400
60-10	137440
60-11	168740
60-11	081410
60-11	018940
60-11	101420
60-11	01022000
60-11	245550
60-11	164310
60-11	059420
60-11	046000
60-11	164430
60-12	168980
60-12	281100
60-12	137320
60-12	01065470
60-12	166670
60-12	173520
60-12	175880
60-12	163250
60-12	01083910
60-12	170800
60-13	169970
60-13	137080
60-13	008580
60-13	171380
60-13	135970
60-13	467830
60-13	133400
60-13	175790
60-13	468050
60-13	468180
60-14	169980
60-14	165760
60-14	135120
60-14	059740
60-14	01004140
60-14	173650
60-14	01071030
60-14	170270
60-14	235080
60-14	01043630
60-15	137070
60-15	004550
60-15	120920
60-15	166350
60-15	193970
60-15	033010
60-15	177080
60-15	139930
60-15	142400
60-15	01043950
60-16	171270
60-16	170820
60-16	166760
60-16	460390
60-16	167090
60-16	175210
60-16	165140
60-16	173450
60-16	166380
60-16	179210
60-17	169920
60-17	135470
60-17	136820
60-17	170680
60-17	434400
60-17	100470
60-17	022180
60-17	197460
60-17	137150
60-17	375300
60-18	281030
60-18	137490
60-18	177720
60-18	059080
60-18	139430
60-18	177100
60-18	173040
60-18	137000
60-18	137010
60-18	140570
60-19	179310
60-19	171410
60-19	167350
60-19	175060
60-19	175210
60-19	309150
60-19	163570
60-19	177410
60-19	172940
60-19	170990
60-20	168790
60-20	434490
60-20	268110
60-20	139030
60-20	309200
60-20	267030
60-20	486280
60-20	01004250
60-20	094020
60-20	179310
60-21	391420
60-21	174240
60-21	023930
60-21	236810
60-21	216830
60-21	171020
60-21	302210
60-21	023040
60-21	009490
60-21	162770
60-22	171400
60-22	139040
60-22	174590
60-22	201560
60-22	010170
60-22	101680
60-22	122490
60-22	389260
60-22	121290
60-22	390400
60-23	310320
60-23	435110
60-23	389550
60-23	138750
60-23	000530
60-23	164680
60-23	308920
60-23	171220
60-23	164090
60-23	388810
60-24	01065660
60-24	391200
60-24	171440
60-24	171970
60-24	276990
60-24	171740
60-24	010380
60-24	139210
60-24	282010
60-24	167420
60-25	169030
60-25	169240
60-25	171670
60-25	168700
60-25	301790
60-25	172470
60-25	137940
60-25	168420
60-25	167270
60-25	01045970
60-26	170150
60-26	171260
60-26	138550
60-26	165940
60-26	010020
60-26	115090
60-26	308810
60-26	391520
60-26	308620
60-26	168790
60-27	138740
60-27	175310
60-27	168790
60-27	171810
60-27	01042970
60-27	301990
60-27	309800
60-27	170130
60-27	168450
60-27	093620
60-28	167390
60-28	226000
60-28	171330
60-28	168410
60-28	391140
60-28	168530
60-28	165800
60-28	168420
60-28	277050
60-28	388560
60-29	01012090
60-29	302470
60-29	165710
60-29	170830
60-29	175060
60-29	01005890
60-29	172360
60-29	139640
60-29	171960
60-29	282300
60-30	170950
60-30	174990
60-30	246910
60-30	032030
60-30	173150
60-30	168800
60-30	174960
60-30	01043780
60-30	307680
60-30	164680
60-31	139470
60-31	167460
60-31	236790
60-31	168130
60-31	169900
60-31	010710
60-31	172150
60-31	171780
60-31	142620
60-31	01044740
60-32	281030
60-32	137490
60-32	175670
60-32	01044910
60-32	01065620
60-32	168410
60-32	139430
60-32	175210
60-32	173040
60-32	177720
60-33	171750
60-33	171040
60-33	163660
60-33	165360
60-33	167350
60-33	170800
60-33	169770
60-33	176650
60-33	177010
60-33	177790
60-34	168700
60-34	171030
60-34	167180
60-34	302060
60-34	281540
60-34	169030
60-34	164440
60-34	167430
60-34	137990
60-34	114620
60-35	138970
60-35	167680
60-35	136690
60-35	167850
60-35	114810
60-35	379090
60-35	167270
60-35	136490
60-35	270470
60-35	174130
60-36	277030
60-36	391260
60-36	173310
60-36	176920
60-36	101750
60-36	167170
60-36	122320
60-36	302170
60-36	309050
60-36	168490
60-37	391640
60-37	310200
60-37	169820
60-37	435090
60-37	171910
60-37	391830
60-37	434890
60-37	309470
60-37	168470
60-37	006480
60-38	172580
60-38	392360
60-38	354900
60-38	01044850
60-38	165660
60-38	197030
60-38	165390
60-38	462310
60-38	094390
60-38	203880
60-39	169470
60-39	137100
60-39	01067950
60-39	175190
60-39	060830
60-39	310170
60-39	390380
60-39	167680
60-39	173080
60-39	301690
60-40	172830
60-40	01005380
60-40	175640
60-40	392590
60-40	167610
60-40	168410
60-40	177760
60-40	142470
60-40	01065670
60-40	303530
60-41	175310
60-41	168410
60-41	282330
60-41	01065910
60-41	173170
60-41	01072630
60-41	175380
60-41	176310
60-41	01046330
60-41	173460
60-42	173280
60-42	123700
60-42	139720
60-42	281630
60-42	126360
60-42	176680
60-42	272150
60-42	174180
60-42	01035290
60-42	140070
60-43	172820
60-43	226250
60-43	164680
60-43	392150
60-43	310090
60-43	000530
60-43	318860
60-43	300580
60-43	163710
60-43	388670
60-44	310150
60-44	178020
60-44	392030
60-44	163370
60-44	164390
60-44	075300
60-44	173050
60-44	163640
60-44	305040
60-44	164720
60-45	141010
60-45	01079860
60-45	168440
60-45	082950
60-45	355540
60-45	082280
60-45	094470
60-45	082720
60-45	287020
60-45	061130
60-46	173010
60-46	168350
60-46	350860
60-46	166160
60-46	01046370
60-46	167670
60-46	01001750
60-46	276820
60-46	281440
60-46	165520
60-47	140190
60-47	174790
60-47	173460
60-47	168490
60-47	009990
60-47	009880
60-47	122850
60-47	140270
60-47	172410
60-47	120910
60-48	173620
60-48	165360
60-48	172770
60-48	170260
60-48	138940
60-48	176880
60-48	140860
60-48	177000
60-48	169200
60-48	124170
60-49	172880
60-49	102090
60-49	174970
60-49	189120
60-49	168860
60-49	392340
60-49	177620
60-49	01045460
60-49	200550
60-49	383100
60-50	117630
60-50	282160
60-50	134150
60-50	005750
60-50	234340
60-50	006550
60-50	195050
60-50	031430
60-50	123870
60-50	018020
60-51	170820
60-51	168880
60-51	135500
60-51	167690
60-51	173430
60-51	169750
60-51	138790
60-51	136060
60-51	166380
60-51	177420
60-52	172110
60-52	310340
60-52	01005420
60-52	01004950
60-52	140050
60-52	302520
60-52	01045740
60-52	01012170
60-52	391870
60-52	217100
60-53	302620
60-53	172310
60-53	391960
60-53	169130
60-53	168580
60-53	380220
60-53	137980
60-53	166380
60-53	140060
60-53	102140
60-54	302670
60-54	282050
60-54	310070
60-54	140130
60-54	237170
60-54	323390
60-54	173690
60-54	171040
60-54	168220
60-54	140840
60-55	172170
60-55	170470
60-55	169130
60-55	139880
60-55	217510
60-55	141940
60-55	138890
60-55	434910
60-55	391940
60-55	168530
60-56	140670
60-56	282170
60-56	01035930
60-56	172200
60-56	173250
60-56	142560
60-56	139030
60-56	168550
60-56	124220
60-56	123890
60-57	173470
60-57	323480
60-57	176420
60-57	283290
60-57	164440
60-57	168410
60-57	079960
60-57	393240
60-57	171330
60-57	283430
60-58	173860
60-58	144650
60-58	062000
60-58	01044360
60-58	168130
60-58	143140
60-58	173340
60-58	135900
60-58	01035700
60-58	177600
60-59	01046370
60-59	174230
60-59	174150
60-59	082950
60-59	301820
60-59	177650
60-59	171660
60-59	277470
60-59	302310
60-59	280460
60-60	174690
60-60	311290
60-60	165370
60-60	125370
60-60	012270
60-60	176100
60-60	264220
60-60	141110
60-60	168790
60-60	163200
60-61	171950
60-61	172110
60-61	167680
60-61	083130
60-61	178130
60-61	283430
60-61	170790
60-61	173510
60-61	142020
60-61	168370
60-62	180840
60-62	180870
60-62	180670
60-62	175050
60-62	141530
60-62	01043470
60-62	227290
60-62	168410
60-62	172910
60-62	171950
60-63	175700
60-63	171540
60-63	173850
60-63	137680
60-63	137440
60-63	170900
60-63	168700
60-63	010750
60-63	134230
60-63	135450
60-64	174000
60-64	175700
60-64	398370
60-64	171470
60-64	169940
60-64	017850
60-64	469810
60-64	168680
60-64	178600
60-64	174090
60-65	173830
60-65	061700
60-65	303020
60-65	102420
60-65	335980
60-65	173010
60-65	170440
60-65	280460
60-65	422520
60-65	543740
60-66	01045780
60-66	174280
60-66	310930
60-66	165930
60-66	011880
60-66	061720
60-66	282880
60-66	237500
60-66	310650
60-66	141130
60-67	172610
60-67	172310
60-67	310240
60-67	169130
60-67	168580
60-67	179160
60-67	172500
60-67	171290
60-67	171730
60-67	168410
60-68	175500
60-68	095530
60-68	141720
60-68	125110
60-68	392090
60-68	168670
60-68	01044740
60-68	168470
60-68	142160
60-68	170600
60-69	173940
60-69	302860
60-69	310860
60-69	276330
60-69	142110
60-69	392640
60-69	309730
60-69	171310
60-69	167760
60-69	177170
60-70	168700
60-70	174570
60-70	169030
60-70	173310
60-70	171280
60-70	391630
60-70	178110
60-70	276950
60-70	176920
60-70	301790
60-71	01046040
60-71	226690
60-71	079880
60-71	302870
60-71	175690
60-71	175530
60-71	01012070
60-71	171540
60-71	172110
60-71	237490
60-72	175420
60-72	177200
60-72	174380
60-72	067470
60-72	218700
60-72	175430
60-72	069170
60-72	01041080
60-72	067660
60-72	003700
60-73	174520
60-73	169130
60-73	179830
60-73	310960
60-73	168410
60-73	167350
60-73	173840
60-73	165800
60-73	179520
60-73	392080
60-74	174520
60-74	169130
60-74	179830
60-74	176310
60-74	168560
60-74	01045970
60-74	167390
60-74	179520
60-74	180670
60-74	167350
60-75	013040
60-75	175390
60-75	124980
60-75	177210
60-75	01005890
60-75	171210
60-75	178020
60-75	174810
60-75	141780
60-75	171430
60-76	175440
60-76	174540
60-76	141400
60-76	076180
60-76	392490
60-76	125270
60-76	282790
60-76	173910
60-76	125600
60-76	012210
60-77	142660
60-77	175780
60-77	177170
60-77	175170
60-77	126430
60-77	01045870
60-77	148080
60-77	013010
60-77	276330
60-77	169950
60-78	174400
60-78	123710
60-78	142430
60-78	140470
60-78	176500
60-78	139980
60-78	181070
60-78	283960
60-78	01005600
60-78	280650
60-79	312090
60-79	168410
60-79	169130
60-79	01068220
60-79	170140
60-79	176600
60-79	172310
60-79	164550
60-79	168700
60-79	172500
60-80	143020
60-80	176860
60-80	283370
60-80	126510
60-80	049730
60-80	174400
60-80	164340
60-80	218250
60-80	175570
60-80	076570
60-81	176880
60-81	170630
60-81	171690
60-81	173620
60-81	171910
60-81	172770
60-81	165360
60-81	180960
60-81	01044460
60-81	169820
60-82	165760
60-82	175310
60-82	01043010
60-82	164280
60-82	136210
60-82	164550
60-82	393040
60-82	01042970
60-82	01046670
60-82	173280
60-83	393190
60-83	176290
60-83	126280
60-83	174100
60-83	174740
60-83	143080
60-83	176310
60-83	174530
60-83	062630
60-83	170600
60-84	133290
60-84	176170
60-84	165790
60-84	135430
60-84	168490
60-84	164550
60-84	435620
60-84	166660
60-84	164830
60-84	163460
60-85	174750
60-85	142740
60-85	176420
60-85	126410
60-85	226780
60-85	283430
60-85	283290
60-85	013150
60-85	102820
60-85	177520
60-86	311920
60-86	283240
60-86	165790
60-86	01044870
60-86	288880
60-86	172350
60-86	142120
60-86	301280
60-86	173460
60-86	166230
60-87	175610
60-87	177540
60-87	143090
60-87	062450
60-87	127540
60-87	143660
60-87	303280
60-87	392970
60-87	173490
60-87	013620
60-88	174790
60-88	102500
60-88	392620
60-88	173460
60-88	528480
60-88	528530
60-88	311020
60-88	01072610
60-88	277000
60-88	168580
60-89	177550
60-89	312400
60-89	175550
60-89	01044840
60-89	171270
60-89	143940
60-89	170590
60-89	167240
60-89	393680
60-89	171100
60-90	174750
60-90	141640
60-90	177520
60-90	169130
60-90	283670
60-90	168980
60-90	01083910
60-90	180610
60-90	180710
60-90	303050
60-91	176890
60-91	177770
60-91	178010
60-91	170930
60-91	174430
60-91	349440
60-91	301870
60-91	177650
60-91	01046370
60-91	357670
60-92	127520
60-92	115880
60-92	01009100
60-92	175170
60-92	238480
60-92	393600
60-92	145030
60-92	176060
60-92	063050
60-92	115570
60-93	143520
60-93	127370
60-93	393690
60-93	179540
60-93	167100
60-93	116990
60-93	165100
60-93	137640
60-93	168510
60-93	169850
60-94	167350
60-94	168410
60-94	283540
60-94	166970
60-94	134930
60-94	172200
60-94	138850
60-94	170640
60-94	277970
60-94	175250
61-1	177650
61-1	025880
61-1	01043770
61-1	303500
61-1	301820
61-1	175590
61-1	037310
61-1	063130
61-1	167550
61-1	176750
61-2	369260
61-2	369250
61-2	303980
61-2	369100
61-2	304030
61-2	360900
61-2	01021340
61-2	363900
61-2	303250
61-2	266200
61-3	167350
61-3	303730
61-3	063550
61-3	167740
61-3	166970
61-3	139030
61-3	168790
61-3	465390
61-3	278420
61-3	137920
61-4	178750
61-4	178550
61-4	138860
61-4	165130
61-4	128050
61-4	170390
61-4	173890
61-4	170320
61-4	181220
61-4	242910
61-5	180870
61-5	227020
61-5	146000
61-5	115970
61-5	227290
61-5	144700
61-5	180840
61-5	116170
61-5	394650
61-5	144320
61-6	174750
61-6	171540
61-6	137440
61-6	176310
61-6	174130
61-6	173850
61-6	172700
61-6	138010
61-6	168560
61-6	139480
61-7	178530
61-7	169130
61-7	171730
61-7	313420
61-7	392990
61-7	177230
61-7	168120
61-7	140470
61-7	176620
61-7	166380
61-8	283830
61-8	164870
61-8	178400
61-8	178140
61-8	168380
61-8	176760
61-8	178100
61-8	165890
61-8	176770
61-8	177220
61-9	163010
61-9	121290
61-9	145590
61-9	175250
61-9	134390
61-9	391360
61-9	181380
61-9	179090
61-9	254160
61-9	180440
61-10	179290
61-10	167470
61-10	176880
61-10	014490
61-10	180420
61-10	238990
61-10	171220
61-10	010040
61-10	063840
61-10	171910
61-11	179540
61-11	239010
61-11	274320
61-11	303810
61-11	209280
61-11	061060
61-11	145070
61-11	313210
61-11	178400
61-11	436340
61-12	179540
61-12	116990
61-12	178070
61-12	167530
61-12	303810
61-12	172270
61-12	164080
61-12	061060
61-12	209280
61-12	122320
61-13	179460
61-13	01047000
61-13	137070
61-13	142390
61-13	175930
61-13	022130
61-13	180990
61-13	009020
61-13	177060
61-13	177080
61-14	173460
61-14	220380
61-14	01044740
61-14	078340
61-14	179140
61-14	176880
61-14	122970
61-14	171910
61-14	172970
61-14	284120
61-15	145780
61-15	394390
61-15	180430
61-15	177490
61-15	174180
61-15	171730
61-15	227240
61-15	181090
61-15	391220
61-15	391180
61-16	391630
61-16	390970
61-16	276950
61-16	169230
61-16	308580
61-16	101240
61-16	137680
61-16	166470
61-16	01045750
61-16	169120
61-17	369260
61-17	369250
61-17	304030
61-17	303980
61-17	369020
61-17	369030
61-17	358840
61-17	383500
61-17	026390
61-17	365030
61-18	163640
61-18	178660
61-18	175110
61-18	138940
61-18	303750
61-18	177560
61-18	166640
61-18	136240
61-18	173520
61-18	136590
61-19	211790
61-19	175860
61-19	514540
61-19	294550
61-19	01046510
61-19	313890
61-19	322750
61-19	280880
61-19	180080
61-19	098410
61-20	180590
61-20	181310
61-20	466040
61-20	313520
61-20	167490
61-20	176170
61-20	220440
61-20	01031770
61-20	146360
61-20	173050
61-21	516910
61-21	003130
61-21	380430
61-21	516890
61-21	516900
61-21	102010
61-21	289810
61-21	290010
61-21	122350
61-21	294150
61-22	181570
61-22	537900
61-22	014250
61-22	01047220
61-22	177170
61-22	174660
61-22	191810
61-22	126430
61-22	142540
61-22	178200
61-23	182690
61-23	183020
61-23	182710
61-23	183030
61-23	182020
61-23	01047250
61-23	165830
61-23	067490
61-23	181900
61-23	182640
61-24	230320
61-24	182660
61-24	182250
61-24	183850
61-24	182840
61-24	182910
61-24	183250
61-24	182020
61-24	181910
61-24	229670
61-25	257470
61-25	256970
61-25	257450
61-25	386550
61-25	257080
61-25	257400
61-25	257150
61-25	257140
61-25	257540
61-25	257910
61-26	183510
61-26	182730
61-26	183230
61-26	182040
61-26	182020
61-26	181900
61-26	182620
61-26	230950
61-26	184000
61-26	184120
61-27	498760
61-27	498270
61-27	181900
61-27	006840
61-27	184340
61-27	182530
61-27	498770
61-27	499060
61-27	005300
61-27	182880
61-28	183250
61-28	183010
61-28	418510
61-28	181950
61-28	183460
61-28	01065010
61-28	184020
61-28	183510
61-28	183780
61-28	182880
61-29	182250
61-29	182130
61-29	183150
61-29	182190
61-29	182680
61-29	183340
61-29	182000
61-29	244400
61-29	182420
61-29	182020
61-30	181960
61-30	182160
61-30	161100
61-30	181950
61-30	067440
61-30	01065010
61-30	183090
61-30	183850
61-30	182200
61-30	229670
61-31	181980
61-31	181660
61-31	181720
61-31	181760
61-31	471680
61-31	182990
61-31	182360
61-31	01047340
61-31	183730
61-31	183890
61-32	183950
61-32	182530
61-32	182220
61-32	01047280
61-32	01065010
61-32	181710
61-32	389260
61-32	119270
61-32	182300
61-32	182900
61-33	182130
61-33	183880
61-33	182000
61-33	181720
61-33	182990
61-33	182620
61-33	183860
61-33	182050
61-33	183340
61-33	230880
61-34	184040
61-34	01013600
61-34	181900
61-34	498760
61-34	150380
61-34	182220
61-34	182610
61-34	182690
61-34	181940
61-34	131610
61-35	184190
61-35	182390
61-35	182780
61-35	183030
61-35	182710
61-35	182690
61-35	184140
61-35	182320
61-35	183360
61-35	229690
61-36	183850
61-36	184340
61-36	498760
61-36	184030
61-36	165830
61-36	181950
61-36	183250
61-36	181680
61-36	181960
61-36	269000
61-37	460000
61-37	532450
61-37	01027330
61-37	185600
61-37	185500
61-37	455530
61-37	523080
61-37	103150
61-37	489160
61-37	335630
61-38	185710
61-38	185720
61-38	034110
61-38	247150
61-38	004370
61-38	01000400
61-38	036280
61-38	036210
61-38	349700
61-38	129990
61-39	186460
61-39	326890
61-39	185990
61-39	186370
61-39	186000
61-39	188440
61-39	234060
61-39	194430
61-39	187570
61-39	222600
61-40	069770
61-40	186030
61-40	108400
61-40	388320
61-40	071790
61-40	279570
61-40	224520
61-40	185780
61-40	323970
61-40	016920
61-41	186270
61-41	388730
61-41	318030
61-41	305790
61-41	498960
61-41	070540
61-41	499330
61-41	416220
61-41	070550
61-41	324130
61-42	186830
61-42	071790
61-42	117240
61-42	186240
61-42	187570
61-42	376200
61-42	213070
61-42	071220
61-42	070680
61-42	288420
61-43	186770
61-43	071910
61-43	070490
61-43	188030
61-43	168240
61-43	073240
61-43	187430
61-43	214480
61-43	167010
61-43	376470
61-44	187190
61-44	101300
61-44	271140
61-44	425980
61-44	186370
61-44	235900
61-44	186710
61-44	390810
61-44	072160
61-44	187670
61-45	072950
61-45	187120
61-45	426370
61-45	168530
61-45	071370
61-45	187170
61-45	271430
61-45	500630
61-45	501050
61-45	281150
61-46	187600
61-46	186560
61-46	379880
61-46	066360
61-46	187510
61-46	071380
61-46	267910
61-46	074470
61-46	075110
61-46	075000
61-47	187730
61-47	073920
61-47	072370
61-47	502590
61-47	075540
61-47	071350
61-47	070120
61-47	380910
61-47	186100
61-47	187500
61-48	01020270
61-48	187930
61-48	181890
61-48	074090
61-48	186110
61-48	076530
61-48	073060
61-48	075840
61-48	187890
61-48	075820
61-49	187960
61-49	076700
61-49	489520
61-49	01066190
61-49	187450
61-49	01065900
61-49	186670
61-49	188030
61-49	382370
61-49	052410
61-50	187760
61-50	188160
61-50	498420
61-50	187880
61-50	187770
61-50	186110
61-50	078070
61-50	073850
61-50	187870
61-50	074470
61-51	078460
61-51	188230
61-51	129380
61-51	01001820
61-51	072300
61-51	313750
61-51	145050
61-51	188300
61-51	410340
61-51	078180
61-52	188230
61-52	078460
61-52	145050
61-52	078180
61-52	210050
61-52	313380
61-52	01001820
61-52	128540
61-52	078050
61-52	072300
61-53	188350
61-53	188360
61-53	154800
61-53	036240
61-53	01076560
61-53	01013380
61-53	342410
61-53	01076310
61-53	259230
61-53	341990
61-54	188520
61-54	111270
61-54	339220
61-54	188460
61-54	188620
61-54	188530
61-54	262450
61-54	188840
61-54	188810
61-54	511340
61-55	188770
61-55	188700
61-55	413530
61-55	189100
61-55	189110
61-55	203870
61-55	188680
61-55	189030
61-55	079750
61-55	189150
61-56	473310
61-56	01060090
61-56	189090
61-56	451810
61-56	189140
61-56	149810
61-56	188610
61-56	188810
61-56	188990
61-56	188870
61-57	189530
61-57	189540
61-57	189550
61-57	005380
61-57	000400
61-57	031290
61-57	01047990
61-57	004930
61-57	189640
61-57	098020
61-58	356710
61-58	524170
61-58	526590
61-58	525210
61-58	222630
61-58	501420
61-58	326500
61-58	01048060
61-58	434330
61-58	314490
61-59	190200
61-59	322230
61-59	098690
61-59	317580
61-59	190510
61-59	080680
61-59	080320
61-59	000070
61-59	056680
61-59	440860
61-60	190660
61-60	190560
61-60	190690
61-60	01002770
61-60	190310
61-60	190860
61-60	004350
61-60	01003150
61-60	190080
61-60	190480
61-61	004000
61-61	003900
61-61	190600
61-61	191170
61-61	322230
61-61	065580
61-61	413340
61-61	237810
61-61	336580
61-61	085260
61-62	190990
61-62	132860
61-62	136440
61-62	01000190
61-62	136210
61-62	136490
61-62	000690
61-62	156740
61-62	353420
61-62	235140
61-63	190860
61-63	190560
61-63	190920
61-63	006840
61-63	190380
61-63	190640
61-63	190690
61-63	009040
61-63	192320
61-63	121370
61-64	142210
61-64	142200
61-64	226470
61-64	542040
61-64	01048170
61-64	519300
61-64	105680
61-64	104560
61-64	541940
61-64	519290
61-65	192180
61-65	01048200
61-65	410790
61-65	498400
61-65	190780
61-65	505020
61-65	002590
61-65	451740
61-65	01001050
61-65	191910
61-66	192600
61-66	192620
61-66	288060
61-66	213740
61-66	070470
61-66	269220
61-66	401420
61-66	499740
61-66	432890
61-66	059180
61-67	192750
61-67	192780
61-67	192760
61-67	192840
61-67	192790
61-67	343150
61-67	192870
61-67	192810
61-67	192830
61-67	043050
61-68	192810
61-68	192820
61-68	198430
61-68	192870
61-68	192830
61-68	192780
61-68	192840
61-68	031990
61-68	192930
61-68	192950
61-69	192930
61-69	193120
61-69	192800
61-69	192820
61-69	192870
61-69	193030
61-69	192950
61-69	192860
61-69	192830
61-69	373810
61-70	192820
61-70	192920
61-70	193110
61-70	192800
61-70	192930
61-70	192810
61-70	193120
61-70	192870
61-70	193040
61-70	192780
61-71	193890
61-71	193880
61-71	193900
61-71	193460
61-71	162640
61-71	193910
61-71	032260
61-71	032290
61-71	193780
61-71	165350
61-72	194910
61-72	193650
61-72	055940
61-72	004600
61-72	005800
61-72	01049630
61-72	194500
61-72	195120
61-72	194570
61-72	195080
61-73	193850
61-73	193370
61-73	01048390
61-73	193660
61-73	437750
61-73	195850
61-73	194300
61-73	193980
61-73	01008530
61-73	345640
61-74	193850
61-74	193980
61-74	193630
61-74	01048390
61-74	193660
61-74	193600
61-74	01008530
61-74	01048800
61-74	004670
61-74	055920
61-75	194240
61-75	193450
61-75	195360
61-75	117150
61-75	213170
61-75	193570
61-75	005370
61-75	194550
61-75	194270
61-75	195350
61-76	194350
61-76	005140
61-76	193450
61-76	194270
61-76	193570
61-76	184520
61-76	01002500
61-76	038280
61-76	000040
61-76	019290
61-77	195410
61-77	056050
61-77	005920
61-77	194360
61-77	002210
61-77	438490
61-77	194910
61-77	194500
61-77	195530
61-77	194510
61-78	117040
61-78	019340
61-78	133620
61-78	194230
61-78	163450
61-78	193310
61-78	085010
61-78	005230
61-78	01066560
61-78	038640
61-79	194530
61-79	005640
61-79	195850
61-79	199770
61-79	197310
61-79	195800
61-79	198740
61-79	196240
61-79	01049800
61-79	291860
61-80	005130
61-80	056220
61-80	184700
61-80	234030
61-80	208100
61-80	203360
61-80	279410
61-80	300520
61-80	163680
61-80	200200
61-81	033010
61-81	193970
61-81	004550
61-81	195080
61-81	154370
61-81	195120
61-81	01002640
61-81	005510
61-81	155180
61-81	195900
61-82	194070
61-82	194350
61-82	194650
61-82	197180
61-82	194610
61-82	056070
61-82	199120
61-82	163520
61-82	146940
61-82	198540
61-83	194430
61-83	194100
61-83	194120
61-83	194640
61-83	196960
61-83	194160
61-83	197590
61-83	194670
61-83	194890
61-83	058030
61-84	194400
61-84	194660
61-84	195170
61-84	194080
61-84	006100
61-84	005330
61-84	193850
61-84	213800
61-84	195810
61-84	195850
61-85	195800
61-85	195050
61-85	194600
61-85	193760
61-85	234340
61-85	017860
61-85	222590
61-85	031430
61-85	193340
61-85	199770
61-86	196550
61-86	196910
61-86	195610
61-86	01008650
61-86	198250
61-86	197870
61-86	204970
61-86	197610
61-86	114340
61-86	019660
61-87	195240
61-87	039680
61-87	118020
61-87	437770
61-87	214170
61-87	205600
61-87	438010
61-87	193860
61-87	089480
61-87	199380
61-88	194960
61-88	199600
61-88	156110
61-88	019950
61-88	195990
61-88	199610
61-88	194970
61-88	056820
61-88	01049150
61-88	006080
61-89	195300
61-89	196230
61-89	451600
61-89	451550
61-89	01049410
61-89	195030
61-89	005780
61-89	009020
61-89	118040
61-89	01089220
61-90	019530
61-90	194140
61-90	399980
61-90	195080
61-90	195300
61-90	196830
61-90	196070
61-90	196340
61-90	399920
61-90	01050160
61-91	194240
61-91	195360
61-91	193450
61-91	193570
61-91	117150
61-91	213170
61-91	005370
61-91	134350
61-91	194550
61-91	194270
61-92	005830
61-92	194780
61-92	117850
61-92	194410
61-92	194630
61-92	198200
61-92	01049100
61-92	203360
61-92	234560
61-92	288100
61-93	194820
61-93	006140
61-93	224770
61-93	228400
61-93	213420
61-93	196080
61-93	269100
61-93	300710
61-93	197260
61-93	184580
61-94	194960
61-94	194970
61-94	117810
61-94	006110
61-94	01002970
61-94	196700
61-94	056820
61-94	117820
61-94	199920
61-94	194980
62-1	194910
62-1	228280
62-1	194920
62-1	195080
62-1	138170
62-1	194570
62-1	193650
62-1	195820
62-1	197740
62-1	01049630
62-2	195340
62-2	134190
62-2	193850
62-2	196700
62-2	255610
62-2	070440
62-2	036610
62-2	193600
62-2	200160
62-2	194040
62-3	195600
62-3	019460
62-3	194650
62-3	117660
62-3	195970
62-3	195490
62-3	007900
62-3	039660
62-3	156960
62-3	01008560
62-4	01048800
62-4	195850
62-4	193660
62-4	195320
62-4	01008660
62-4	200140
62-4	057120
62-4	004670
62-4	193980
62-4	195310
62-5	194600
62-5	197820
62-5	195430
62-5	195250
62-5	194780
62-5	195540
62-5	197680
62-5	056740
62-5	058490
62-5	202320
62-6	195610
62-6	196550
62-6	200300
62-6	01008650
62-6	200470
62-6	01051730
62-6	208250
62-6	202670
62-6	196850
62-6	196350
62-7	01083490
62-7	387070
62-7	000890
62-7	01083480
62-7	511180
62-7	387200
62-7	000770
62-7	007550
62-7	005140
62-7	118580
62-8	196630
62-8	195040
62-8	199100
62-8	194010
62-8	118940
62-8	198240
62-8	01049630
62-8	196640
62-8	01008500
62-8	137600
62-9	196180
62-9	119000
62-9	197830
62-9	166420
62-9	204750
62-9	199980
62-9	197310
62-9	195980
62-9	194600
62-9	206100
62-10	194940
62-10	135140
62-10	196730
62-10	057730
62-10	197450
62-10	019380
62-10	201150
62-10	119110
62-10	213560
62-10	006650
62-11	196280
62-11	196660
62-11	057570
62-11	198340
62-11	118810
62-11	135270
62-11	234860
62-11	328420
62-11	306240
62-11	019520
62-12	196300
62-12	194760
62-12	01008730
62-12	194750
62-12	007040
62-12	195630
62-12	195850
62-12	194400
62-12	006420
62-12	019610
62-13	196630
62-13	195040
62-13	195430
62-13	007160
62-13	117710
62-13	114060
62-13	194010
62-13	113790
62-13	118600
62-13	402570
62-14	101010
62-14	200710
62-14	194140
62-14	196610
62-14	202760
62-14	498490
62-14	091270
62-14	195060
62-14	195290
62-14	022120
62-15	118860
62-15	196020
62-15	01049410
62-15	007450
62-15	199850
62-15	451600
62-15	006590
62-15	195120
62-15	270230
62-15	134890
62-16	006990
62-16	196130
62-16	200710
62-16	057750
62-16	01049410
62-16	019560
62-16	026350
62-16	118800
62-16	025410
62-16	024970
62-17	197260
62-17	008090
62-17	197250
62-17	136580
62-17	200100
62-17	01058340
62-17	307080
62-17	254620
62-17	167590
62-17	196280
62-18	200030
62-18	200530
62-18	197310
62-18	008050
62-18	195800
62-18	198460
62-18	199920
62-18	201030
62-18	194990
62-18	200730
62-19	197270
62-19	195390
62-19	196330
62-19	195630
62-19	200590
62-19	01039500
62-19	193850
62-19	01051720
62-19	01008690
62-19	195560
62-20	01008770
62-20	198310
62-20	114510
62-20	229660
62-20	194120
62-20	136780
62-20	194100
62-20	01030800
62-20	194160
62-20	120420
62-21	196910
62-21	195610
62-21	195090
62-21	195850
62-21	196550
62-21	114340
62-21	200470
62-21	058380
62-21	005490
62-21	005440
62-22	197160
62-22	198850
62-22	008120
62-22	152030
62-22	157050
62-22	079440
62-22	195800
62-22	440130
62-22	410760
62-22	194600
62-23	194270
62-23	193570
62-23	007670
62-23	193450
62-23	196800
62-23	197910
62-23	058450
62-23	194200
62-23	195350
62-23	007750
62-24	197960
62-24	119930
62-24	194530
62-24	201010
62-24	079430
62-24	261240
62-24	196630
62-24	214890
62-24	114310
62-24	167750
62-25	208700
62-25	014200
62-25	209180
62-25	084770
62-25	208660
62-25	064950
62-25	205140
62-25	199400
62-25	084830
62-25	201030
62-26	197760
62-26	202220
62-26	198260
62-26	196030
62-26	197810
62-26	197420
62-26	202000
62-26	197150
62-26	197440
62-26	059830
62-27	199620
62-27	01049810
62-27	137910
62-27	059160
62-27	120870
62-27	203660
62-27	404360
62-27	215460
62-27	114540
62-27	264570
62-28	01008820
62-28	200010
62-28	200710
62-28	195000
62-28	01048890
62-28	200000
62-28	023570
62-28	025020
62-28	024550
62-28	209680
62-29	200080
62-29	194530
62-29	01050160
62-29	200710
62-29	208460
62-29	194140
62-29	202950
62-29	01049630
62-29	399980
62-29	006540
62-30	198630
62-30	200280
62-30	114650
62-30	203520
62-30	207030
62-30	207190
62-30	195300
62-30	203350
62-30	195200
62-30	451600
62-31	198880
62-31	236120
62-31	168450
62-31	098020
62-31	200890
62-31	202720
62-31	01051020
62-31	234890
62-31	460340
62-31	199660
62-32	01008780
62-32	193850
62-32	01008700
62-32	208200
62-32	196430
62-32	136930
62-32	199620
62-32	005710
62-32	121210
62-32	200590
62-33	198690
62-33	200340
62-33	194140
62-33	01050160
62-33	195840
62-33	024380
62-33	195030
62-33	196190
62-33	022130
62-33	196340
62-34	121360
62-34	198870
62-34	008850
62-34	404030
62-34	153000
62-34	197220
62-34	390680
62-34	200490
62-34	500770
62-34	060510
62-35	200940
62-35	194370
62-35	215270
62-35	196810
62-35	195320
62-35	019850
62-35	204760
62-35	201290
62-35	006430
62-35	116990
62-36	199190
62-36	009340
62-36	01049020
62-36	114730
62-36	121280
62-36	210230
62-36	193340
62-36	193870
62-36	194480
62-36	194800
62-37	198970
62-37	201160
62-37	059930
62-37	009140
62-37	123080
62-37	209710
62-37	357470
62-37	203210
62-37	210670
62-37	01004650
62-38	200310
62-38	199350
62-38	196950
62-38	200140
62-38	01048800
62-38	200910
62-38	195850
62-38	059090
62-38	195980
62-38	194660
62-39	019750
62-39	199030
62-39	01004080
62-39	121000
62-39	169000
62-39	390930
62-39	194160
62-39	194040
62-39	201850
62-39	199760
62-40	197160
62-40	198850
62-40	152030
62-40	204950
62-40	195800
62-40	198860
62-40	157050
62-40	199980
62-40	440130
62-40	194600
62-41	199630
62-41	114570
62-41	196960
62-41	200320
62-41	205280
62-41	201680
62-41	01051860
62-41	198310
62-41	168840
62-41	197590
62-42	199110
62-42	195390
62-42	114550
62-42	198740
62-42	168560
62-42	197260
62-42	200590
62-42	01003740
62-42	197330
62-42	404020
62-43	200830
62-43	121570
62-43	01050140
62-43	196740
62-43	199310
62-43	044410
62-43	01014670
62-43	198250
62-43	202910
62-43	207680
62-44	199060
62-44	019780
62-44	198470
62-44	281050
62-44	019760
62-44	200590
62-44	197890
62-44	169660
62-44	009070
62-44	441730
62-45	01004100
62-45	198730
62-45	01003680
62-45	199400
62-45	010790
62-45	035900
62-45	195980
62-45	202130
62-45	01049800
62-45	400130
62-46	199470
62-46	121520
62-46	210030
62-46	009180
62-46	137900
62-46	281230
62-46	019790
62-46	215360
62-46	169440
62-46	194500
62-47	200720
62-47	199480
62-47	200030
62-47	115030
62-47	196210
62-47	197820
62-47	060510
62-47	262720
62-47	201510
62-47	198830
62-48	201970
62-48	197760
62-48	201620
62-48	196030
62-48	202220
62-48	195390
62-48	196430
62-48	201500
62-48	200590
62-48	196680
62-49	200200
62-49	347290
62-49	208100
62-49	202540
62-49	290910
62-49	197830
62-49	203710
62-49	197580
62-49	195980
62-49	01051860
62-50	200460
62-50	138810
62-50	207060
62-50	200480
62-50	01051860
62-50	202900
62-50	203760
62-50	197690
62-50	204280
62-50	207620
62-51	201660
62-51	196330
62-51	194890
62-51	201310
62-51	236770
62-51	200320
62-51	201840
62-51	194160
62-51	352590
62-51	201720
62-52	114970
62-52	010140
62-52	201500
62-52	205890
62-52	201370
62-52	204760
62-52	011980
62-52	122330
62-52	201400
62-52	196440
62-53	059870
62-53	200910
62-53	01065700
62-53	391290
62-53	01005280
62-53	230910
62-53	393120
62-53	225890
62-53	455560
62-53	331280
62-54	202920
62-54	01050460
62-54	292560
62-54	199480
62-54	199920
62-54	196780
62-54	208950
62-54	201150
62-54	196460
62-54	01050990
62-55	201560
62-55	202330
62-55	198080
62-55	122490
62-55	200900
62-55	010170
62-55	198940
62-55	198950
62-55	195050
62-55	044690
62-56	201060
62-56	200690
62-56	405130
62-56	139200
62-56	203670
62-56	194760
62-56	309050
62-56	200940
62-56	204320
62-56	122430
62-57	197200
62-57	201780
62-57	201500
62-57	201370
62-57	008250
62-57	194610
62-57	195970
62-57	199550
62-57	195320
62-57	201400
62-58	060060
62-58	201160
62-58	195230
62-58	01049630
62-58	194950
62-58	236860
62-58	138930
62-58	195080
62-58	205950
62-58	201390
62-59	200540
62-59	011720
62-59	203500
62-59	199550
62-59	01048800
62-59	010100
62-59	121120
62-59	01050260
62-59	208510
62-59	193980
62-60	194410
62-60	196590
62-60	196480
62-60	194630
62-60	198890
62-60	200990
62-60	198200
62-60	194600
62-60	002770
62-60	193830
62-61	200850
62-61	199790
62-61	010700
62-61	085550
62-61	204430
62-61	205250
62-61	206610
62-61	209390
62-61	209080
62-61	203320
62-62	006590
62-62	010350
62-62	196450
62-62	122760
62-62	196020
62-62	001200
62-62	200340
62-62	195080
62-62	091270
62-62	199850
62-63	200600
62-63	195210
62-63	204350
62-63	206050
62-63	01010960
62-63	206060
62-63	204950
62-63	202090
62-63	195040
62-63	01011300
62-64	205230
62-64	204210
62-64	01051790
62-64	01051070
62-64	01052310
62-64	201290
62-64	01052300
62-64	202340
62-64	200280
62-64	212080
62-65	202130
62-65	010790
62-65	208970
62-65	200520
62-65	196210
62-65	168390
62-65	483110
62-65	248430
62-65	198970
62-65	01005100
62-66	200830
62-66	442210
62-66	204800
62-66	152940
62-66	441620
62-66	062260
62-66	404140
62-66	01050140
62-66	151830
62-66	195490
62-67	202090
62-67	206050
62-67	206060
62-67	044850
62-67	204950
62-67	022840
62-67	025620
62-67	346850
62-67	197460
62-67	024640
62-68	01057520
62-68	194100
62-68	200940
62-68	203380
62-68	196910
62-68	206100
62-68	205660
62-68	208900
62-68	01051710
62-68	01009080
62-69	202460
62-69	207930
62-69	197830
62-69	194960
62-69	124280
62-69	206900
62-69	01049800
62-69	199600
62-69	351100
62-69	206290
62-70	203230
62-70	197690
62-70	123800
62-70	197260
62-70	019660
62-70	01049180
62-70	197250
62-70	197980
62-70	198340
62-70	197590
62-71	202950
62-71	207190
62-71	207030
62-71	203350
62-71	007130
62-71	01053190
62-71	199240
62-71	023560
62-71	202340
62-71	200280
62-72	203380
62-72	01048800
62-72	019780
62-72	199550
62-72	009070
62-72	205210
62-72	196440
62-72	200590
62-72	199080
62-72	200130
62-73	203040
62-73	206470
62-73	208470
62-73	202670
62-73	193700
62-73	200890
62-73	201910
62-73	200760
62-73	062530
62-73	197950
62-74	200010
62-74	01008820
62-74	195000
62-74	195540
62-74	202840
62-74	206050
62-74	01048890
62-74	197460
62-74	200710
62-74	200030
62-75	203140
62-75	231420
62-75	140570
62-75	498230
62-75	207320
62-75	282070
62-75	226160
62-75	201150
62-75	01051670
62-75	019950
62-76	197420
62-76	01051110
62-76	200320
62-76	195380
62-76	199230
62-76	140250
62-76	202880
62-76	01085750
62-76	008560
62-76	195440
62-77	202190
62-77	200800
62-77	01036000
62-77	198920
62-77	202060
62-77	203390
62-77	196100
62-77	200030
62-77	195080
62-77	194950
62-78	332960
62-78	028050
62-78	172750
62-78	206930
62-78	027970
62-78	333250
62-78	330010
62-78	327280
62-78	060870
62-78	074990
62-79	202350
62-79	011130
62-79	061500
62-79	01051730
62-79	202660
62-79	204930
62-79	357350
62-79	359090
62-79	502190
62-79	345650
62-80	202670
62-80	198810
62-80	01012210
62-80	032070
62-80	01051690
62-80	140050
62-80	01004950
62-80	032060
62-80	204550
62-80	01045240
62-81	203100
62-81	237170
62-81	123780
62-81	140130
62-81	203990
62-81	172280
62-81	302670
62-81	196290
62-81	201910
62-81	046900
62-82	020110
62-82	202570
62-82	011160
62-82	202230
62-82	140060
62-82	302620
62-82	202900
62-82	158700
62-82	200940
62-82	198810
62-83	277930
62-83	282860
62-83	205450
62-83	174830
62-83	492580
62-83	493450
62-83	492000
62-83	491170
62-83	492160
62-83	311460
62-84	207120
62-84	205360
62-84	206940
62-84	205320
62-84	124330
62-84	124420
62-84	125080
62-84	125670
62-84	222630
62-84	061990
62-85	211380
62-85	208910
62-85	205260
62-85	210030
62-85	209120
62-85	201510
62-85	211130
62-85	444190
62-85	144700
62-85	200800
62-86	205270
62-86	204150
62-86	197150
62-86	197260
62-86	208470
62-86	202780
62-86	198250
62-86	204520
62-86	203020
62-86	203940
62-87	204110
62-87	207960
62-87	199360
62-87	200200
62-87	193990
62-87	203060
62-87	405650
62-87	403300
62-87	200830
62-87	195150
62-88	204200
62-88	062130
62-88	207930
62-88	01051670
62-88	207620
62-88	208230
62-88	203460
62-88	210400
62-88	197390
62-88	205890
62-89	205440
62-89	381390
62-89	174030
62-89	422610
62-89	068820
62-89	062010
62-89	109040
62-89	231940
62-89	345550
62-89	063310
62-90	01004390
62-90	200180
62-90	121610
62-90	01004330
62-90	01051710
62-90	201550
62-90	059780
62-90	194160
62-90	200740
62-90	197960
62-91	200900
62-91	204870
62-91	206490
62-91	047710
62-91	182770
62-91	210440
62-91	181950
62-91	193380
62-91	183350
62-91	204880
62-92	203970
62-92	193660
62-92	211440
62-92	202170
62-92	196700
62-92	201290
62-92	194530
62-92	141240
62-92	184910
62-92	197960
62-93	195410
62-93	204890
62-93	446710
62-93	194910
62-93	197160
62-93	194180
62-93	199660
62-93	446810
62-93	446770
62-93	323750
62-94	203910
62-94	203920
62-94	161590
62-94	203930
62-94	205480
62-94	204120
62-94	264430
62-94	404490
62-94	406680
62-94	036550
63-1	203610
63-1	205000
63-1	01052240
63-1	174810
63-1	013040
63-1	201290
63-1	208540
63-1	201880
63-1	201720
63-1	193850
63-2	204460
63-2	011910
63-2	209710
63-2	124880
63-2	203210
63-2	199970
63-2	203430
63-2	201160
63-2	205760
63-2	205370
63-3	199970
63-3	199650
63-3	195300
63-3	204100
63-3	440240
63-3	200340
63-3	020000
63-3	451600
63-3	197310
63-3	008840
63-4	197260
63-4	201490
63-4	01051090
63-4	205280
63-4	01051710
63-4	01082610
63-4	200100
63-4	196080
63-4	194100
63-4	311920
63-5	206260
63-5	195490
63-5	208240
63-5	197150
63-5	203020
63-5	198250
63-5	212040
63-5	440850
63-5	199780
63-5	196740
63-6	206240
63-6	203360
63-6	194600
63-6	019950
63-6	01060350
63-6	198200
63-6	195250
63-6	201200
63-6	201030
63-6	201220
63-7	206380
63-7	203360
63-7	01050460
63-7	184700
63-7	195140
63-7	194780
63-7	197390
63-7	197820
63-7	194410
63-7	204600
63-8	208370
63-8	115960
63-8	206380
63-8	206370
63-8	128060
63-8	014050
63-8	204520
63-8	01050460
63-8	197860
63-8	205790
63-9	206090
63-9	01051690
63-9	201290
63-9	142480
63-9	062530
63-9	202670
63-9	206470
63-9	201850
63-9	200890
63-9	200730
63-10	205700
63-10	205710
63-10	012940
63-10	129150
63-10	199980
63-10	176570
63-10	250490
63-10	238080
63-10	126550
63-10	200060
63-11	205700
63-11	205710
63-11	129150
63-11	012940
63-11	199980
63-11	200060
63-11	176570
63-11	126550
63-11	01049310
63-11	428630
63-12	205990
63-12	126890
63-12	115730
63-12	206960
63-12	204490
63-12	061910
63-12	204520
63-12	408500
63-12	200720
63-12	219140
63-13	202260
63-13	115620
63-13	010450
63-13	115920
63-13	102350
63-13	115660
63-13	204920
63-13	01052360
63-13	01009100
63-13	206390
63-14	206290
63-14	201150
63-14	115700
63-14	013150
63-14	203990
63-14	232150
63-14	206900
63-14	267190
63-14	207510
63-14	207930
63-15	205660
63-15	01049800
63-15	218740
63-15	199610
63-15	012900
63-15	203670
63-15	194960
63-15	319050
63-15	01049310
63-15	126370
63-16	197960
63-16	01051860
63-16	01052400
63-16	196700
63-16	206560
63-16	197010
63-16	204360
63-16	204060
63-16	552580
63-16	200670
63-17	201380
63-17	01049630
63-17	205950
63-17	200030
63-17	211590
63-17	201430
63-17	196630
63-17	237030
63-17	195120
63-17	194950
63-18	207880
63-18	357350
63-18	205180
63-18	200470
63-18	210950
63-18	207910
63-18	211930
63-18	199950
63-18	199650
63-18	014570
63-19	205870
63-19	012830
63-19	126520
63-19	202470
63-19	01051670
63-19	199550
63-19	196430
63-19	444290
63-19	159510
63-19	412130
63-20	202900
63-20	393400
63-20	196550
63-20	273600
63-20	063010
63-20	393550
63-20	01009080
63-20	208250
63-20	144010
63-20	199770
63-21	207330
63-21	143530
63-21	198940
63-21	505010
63-21	194800
63-21	199200
63-21	203060
63-21	203800
63-21	050550
63-21	201850
63-22	207300
63-22	219250
63-22	204230
63-22	127620
63-22	020060
63-22	200690
63-22	238440
63-22	429130
63-22	212240
63-22	232720
63-23	207340
63-23	127650
63-23	200910
63-23	207780
63-23	126260
63-23	200690
63-23	063080
63-23	200330
63-23	203500
63-23	160020
63-24	207680
63-24	127430
63-24	013830
63-24	199570
63-24	490670
63-24	115860
63-24	198250
63-24	200940
63-24	199800
63-24	201620
63-25	207930
63-25	01051670
63-25	195120
63-25	206100
63-25	063440
63-25	201150
63-25	204750
63-25	062690
63-25	115480
63-25	464950
63-26	205190
63-26	196440
63-26	207470
63-26	200130
63-26	197950
63-26	019580
63-26	199550
63-26	208380
63-26	201290
63-26	199790
63-27	208610
63-27	199610
63-27	465280
63-27	283760
63-27	01049800
63-27	200060
63-27	128190
63-27	019950
63-27	199980
63-27	201030
63-28	208470
63-28	063480
63-28	210260
63-28	144460
63-28	194650
63-28	050840
63-28	195020
63-28	01051230
63-28	195910
63-28	198810
63-29	197310
63-29	209520
63-29	208840
63-29	205140
63-29	199980
63-29	207470
63-29	201030
63-29	201510
63-29	209610
63-29	198760
63-30	014400
63-30	208460
63-30	322480
63-30	193660
63-30	197310
63-30	000730
63-30	01000250
63-30	194570
63-30	196300
63-30	01000140
63-31	208510
63-31	01031320
63-31	144740
63-31	204900
63-31	01051670
63-31	115940
63-31	467610
63-31	204550
63-31	203380
63-31	200540
63-32	201150
63-32	206100
63-32	208050
63-32	01009200
63-32	206900
63-32	199600
63-32	194600
63-32	204750
63-32	210040
63-32	207500
63-33	208860
63-33	394030
63-33	201250
63-33	195510
63-33	196540
63-33	144400
63-33	197940
63-33	197150
63-33	146810
63-33	063530
63-34	196850
63-34	208330
63-34	063740
63-34	144340
63-34	203760
63-34	204230
63-34	128180
63-34	127780
63-34	127570
63-34	195370
63-35	207740
63-35	465750
63-35	01051670
63-35	409670
63-35	207060
63-35	209570
63-35	207070
63-35	203460
63-35	195230
63-35	203210
63-36	209610
63-36	367260
63-36	252100
63-36	199610
63-36	196700
63-36	199910
63-36	366470
63-36	199600
63-36	208480
63-36	202920
63-37	209220
63-37	206210
63-37	195390
63-37	203620
63-37	201070
63-37	014990
63-37	200940
63-37	01051670
63-37	195430
63-37	401890
63-38	209700
63-38	201400
63-38	128570
63-38	014540
63-38	160550
63-38	145150
63-38	220120
63-38	394320
63-38	199550
63-38	197590
63-39	204830
63-39	209370
63-39	207930
63-39	201150
63-39	206100
63-39	207510
63-39	204700
63-39	205260
63-39	204750
63-39	203750
63-40	209680
63-40	211100
63-40	401750
63-40	200010
63-40	195000
63-40	207190
63-40	01054050
63-40	026350
63-40	025620
63-40	402320
63-41	01048570
63-41	195370
63-41	197760
63-41	194650
63-41	000620
63-41	000870
63-41	01048580
63-41	194070
63-41	195010
63-41	206100
63-42	210280
63-42	211110
63-42	210600
63-42	210610
63-42	146090
63-42	145540
63-42	146230
63-42	383190
63-42	419100
63-42	179960
63-43	210250
63-43	194800
63-43	204680
63-43	196580
63-43	200670
63-43	206050
63-43	200120
63-43	399950
63-43	205950
63-43	194360
63-44	202060
63-44	206160
63-44	01052350
63-44	01077400
63-44	346910
63-44	199770
63-44	200950
63-44	197310
63-44	290520
63-44	197160
63-45	020520
63-45	128980
63-45	179930
63-45	210300
63-45	116090
63-45	370570
63-45	014790
63-45	01015680
63-45	203320
63-45	057700
63-46	210190
63-46	209300
63-46	207260
63-46	204190
63-46	011820
63-46	205360
63-46	444710
63-46	503340
63-46	211800
63-46	444600
63-47	322480
63-47	000620
63-47	000870
63-47	194610
63-47	207060
63-47	198250
63-47	210320
63-47	194910
63-47	201430
63-47	210570
63-48	199240
63-48	424230
63-48	326750
63-48	405720
63-48	161310
63-48	327740
63-48	405550
63-48	405080
63-48	100790
63-48	321650
63-49	211010
63-49	210140
63-49	01054050
63-49	01053960
63-49	015270
63-49	209020
63-49	01053950
63-49	01053190
63-49	205840
63-49	210130
63-50	01009100
63-50	209150
63-50	207850
63-50	199670
63-50	012800
63-50	150130
63-50	150420
63-50	210720
63-50	203280
63-50	150080
63-51	211620
63-51	196190
63-51	199380
63-51	064090
63-51	198130
63-51	01049410
63-51	196770
63-51	01050090
63-51	209310
63-51	195300
63-52	201470
63-52	212240
63-52	201030
63-52	195980
63-52	212130
63-52	201220
63-52	202250
63-52	208610
63-52	203360
63-52	208950
63-53	213180
63-53	212850
63-53	212560
63-53	213870
63-53	213060
63-53	212490
63-53	343580
63-53	213100
63-53	212630
63-53	004440
63-54	163240
63-54	213110
63-54	374030
63-54	322820
63-54	133520
63-54	099910
63-54	090020
63-54	01074260
63-54	085230
63-54	300360
63-55	213540
63-55	214110
63-55	213830
63-55	216330
63-55	213250
63-55	01054240
63-55	056880
63-55	234170
63-55	165160
63-55	379210
63-56	214110
63-56	213540
63-56	216330
63-56	213830
63-56	01054240
63-56	216130
63-56	379210
63-56	451790
63-56	213250
63-56	124220
63-57	01054390
63-57	213280
63-57	090300
63-57	213460
63-57	090330
63-57	213480
63-57	214240
63-57	213660
63-57	117600
63-57	267610
63-58	213760
63-58	117030
63-58	212620
63-58	213080
63-58	117680
63-58	374410
63-58	213800
63-58	116930
63-58	117910
63-58	212600
63-59	01054240
63-59	118090
63-59	01000360
63-59	213610
63-59	374800
63-59	214110
63-59	133690
63-59	01016350
63-59	165730
63-59	234910
63-60	213840
63-60	214310
63-60	217200
63-60	164380
63-60	212840
63-60	057340
63-60	057390
63-60	216370
63-60	212680
63-60	215190
63-61	214280
63-61	118090
63-61	213830
63-61	216130
63-61	01054240
63-61	021930
63-61	214110
63-61	216330
63-61	234910
63-61	216790
63-62	213970
63-62	01002410
63-62	01003150
63-62	008500
63-62	317210
63-62	006850
63-62	009200
63-62	214090
63-62	009660
63-62	009360
63-63	214250
63-63	01054310
63-63	215820
63-63	317740
63-63	068930
63-63	235730
63-63	035670
63-63	216950
63-63	317690
63-63	195700
63-64	214200
63-64	234970
63-64	090990
63-64	216710
63-64	041950
63-64	323000
63-64	389420
63-64	166140
63-64	119040
63-64	329440
63-65	214850
63-65	01013860
63-65	233670
63-65	020820
63-65	040550
63-65	018050
63-65	042680
63-65	057580
63-65	01018460
63-65	109690
63-66	091750
63-66	214680
63-66	058330
63-66	376310
63-66	459070
63-66	213760
63-66	156190
63-66	213080
63-66	197490
63-66	114350
63-67	215190
63-67	059180
63-67	235520
63-67	214310
63-67	01084420
63-67	055960
63-67	058140
63-67	243010
63-67	098020
63-67	101430
63-68	168530
63-68	215150
63-68	092810
63-68	060250
63-68	500630
63-68	459920
63-68	323100
63-68	118620
63-68	281150
63-68	225570
63-69	216460
63-69	216510
63-69	216200
63-69	217740
63-69	219000
63-69	216890
63-69	01054580
63-69	01055640
63-69	216530
63-69	216550
63-70	217590
63-70	01055390
63-70	216150
63-70	01055320
63-70	01055310
63-70	216480
63-70	473020
63-70	447020
63-70	447000
63-70	215720
63-71	217250
63-71	01055590
63-71	01055660
63-71	01055940
63-71	01055580
63-71	01056160
63-71	01056150
63-71	216640
63-71	229690
63-71	230930
63-72	045450
63-72	216470
63-72	216720
63-72	262750
63-72	261350
63-72	041070
63-72	039970
63-72	215410
63-72	157210
63-72	260680
63-73	216880
63-73	216390
63-73	411950
63-73	325150
63-73	332330
63-73	000670
63-73	263790
63-73	397030
63-73	482520
63-73	332610
63-74	378470
63-74	216890
63-74	215540
63-74	086470
63-74	217200
63-74	215230
63-74	216050
63-74	058140
63-74	058270
63-74	059720
63-75	216190
63-75	215770
63-75	216130
63-75	212620
63-75	214100
63-75	134760
63-75	139240
63-75	213080
63-75	201660
63-75	122730
63-76	380050
63-76	01017560
63-76	060210
63-76	216570
63-76	059800
63-76	093850
63-76	243880
63-76	214180
63-76	059180
63-76	216960
63-77	455520
63-77	257260
63-77	089200
63-77	01007270
63-77	216850
63-77	01007760
63-77	338560
63-77	455450
63-77	082460
63-77	543670
63-78	213080
63-78	214230
63-78	213400
63-78	213760
63-78	219780
63-78	217750
63-78	214100
63-78	212800
63-78	217880
63-78	156190
63-79	217200
63-79	01084420
63-79	216000
63-79	217130
63-79	395710
63-79	212530
63-79	217700
63-79	216120
63-79	01055970
63-79	215540
63-80	173280
63-80	217530
63-80	123700
63-80	216510
63-80	094290
63-80	126360
63-80	214240
63-80	216340
63-80	075110
63-80	272150
63-81	217900
63-81	392900
63-81	381100
63-81	214030
63-81	038230
63-81	038440
63-81	519840
63-81	226500
63-81	337670
63-81	218730
63-82	217960
63-82	127850
63-82	095180
63-82	430970
63-82	125750
63-82	153300
63-82	220770
63-82	025190
63-82	058290
63-82	301050
63-83	214490
63-83	213540
63-83	01056140
63-83	213250
63-83	219020
63-83	218780
63-83	119050
63-83	220470
63-83	215630
63-83	076950
63-84	218290
63-84	127060
63-84	156680
63-84	01017810
63-84	416030
63-84	051770
63-84	004070
63-84	059340
63-84	01014960
63-84	156730
63-85	218340
63-85	215600
63-85	214670
63-85	213120
63-85	206300
63-85	215420
63-85	214070
63-85	219130
63-85	220490
63-85	218250
63-86	216510
63-86	214560
63-86	01084420
63-86	216000
63-86	215770
63-86	062330
63-86	215190
63-86	214310
63-86	213880
63-86	311920
63-87	218520
63-87	382350
63-87	126290
63-87	217920
63-87	214670
63-87	176060
63-87	01064120
63-87	393130
63-87	212880
63-87	162050
63-88	216780
63-88	238120
63-88	216450
63-88	095730
63-88	303160
63-88	212680
63-88	215680
63-88	273400
63-88	215210
63-88	216340
63-89	382120
63-89	215230
63-89	102680
63-89	216050
63-89	218630
63-89	217690
63-89	220060
63-89	122480
63-89	213400
63-89	311870
63-90	122250
63-90	219160
63-90	215660
63-90	216460
63-90	216050
63-90	217100
63-90	057240
63-90	216230
63-90	058840
63-90	219210
63-91	219360
63-91	213740
63-91	214630
63-91	01083280
63-91	214620
63-91	216330
63-91	212910
63-91	216180
63-91	214730
63-91	213730
63-92	217640
63-92	214110
63-92	213140
63-92	217810
63-92	217630
63-92	213250
63-92	216660
63-92	212840
63-92	01054580
63-92	213410
63-93	217790
63-93	216970
63-93	217630
63-93	212840
63-93	140920
63-93	086760
63-93	217640
63-93	216930
63-93	383080
63-93	217240
63-94	217790
63-94	216130
63-94	216780
63-94	213400
63-94	219750
63-94	063790
63-94	219400
63-94	086330
63-94	217360
63-94	216910
64-1	413660
64-1	218700
64-1	01055330
64-1	215750
64-1	214870
64-1	175430
64-1	219730
64-1	253810
64-1	216590
64-1	317860
64-2	383920
64-2	219850
64-2	465210
64-2	303950
64-2	214310
64-2	01054250
64-2	216330
64-2	304120
64-2	322050
64-2	216340
64-3	215620
64-3	213400
64-3	216020
64-3	178070
64-3	219210
64-3	057590
64-3	137940
64-3	121270
64-3	059910
64-3	122800
64-4	220390
64-4	465970
64-4	217910
64-4	125250
64-4	384710
64-4	220150
64-4	125340
64-4	061900
64-4	219780
64-4	213890
64-5	220870
64-5	218790
64-5	220760
64-5	218780
64-5	059480
64-5	220430
64-5	01018030
64-5	062920
64-5	043980
64-5	326630
64-6	221290
64-6	221300
64-6	325780
64-6	508680
64-6	317160
64-6	01013120
64-6	507230
64-6	01025120
64-6	372350
64-6	513740
64-7	221450
64-7	002840
64-7	326050
64-7	017050
64-7	031560
64-7	002890
64-7	006260
64-7	289460
64-7	031320
64-7	343110
64-8	221440
64-8	221610
64-8	221390
64-8	239930
64-8	221630
64-8	221620
64-8	240090
64-8	221380
64-8	221690
64-8	155000
64-9	221560
64-9	317830
64-9	036610
64-9	01073470
64-9	036290
64-9	01013360
64-9	065450
64-9	540040
64-9	065400
64-9	065550
64-10	221710
64-10	032380
64-10	001670
64-10	514590
64-10	083190
64-10	234430
64-10	178520
64-10	038780
64-10	118170
64-10	086910
64-11	341990
64-11	342100
64-11	146590
64-11	01076560
64-11	289170
64-11	342410
64-11	01076310
64-11	01036470
64-11	222290
64-11	217180
64-12	186220
64-12	222630
64-12	070630
64-12	222340
64-12	412740
64-12	269030
64-12	098370
64-12	275780
64-12	040120
64-12	056730
64-13	222520
64-13	000370
64-13	000350
64-13	032440
64-13	227610
64-13	031330
64-13	109830
64-13	511140
64-13	430530
64-13	000510
64-14	039270
64-14	032240
64-14	222580
64-14	224430
64-14	224810
64-14	064600
64-14	227850
64-14	222570
64-14	446260
64-14	164250
64-15	170260
64-15	226970
64-15	178960
64-15	282280
64-15	226190
64-15	227000
64-15	223030
64-15	138940
64-15	172200
64-15	117980
64-16	222800
64-16	326860
64-16	395730
64-16	223210
64-16	223150
64-16	437360
64-16	326890
64-16	146850
64-16	328490
64-16	223280
64-17	335410
64-17	224090
64-17	224060
64-17	223680
64-17	223480
64-17	334750
64-17	223350
64-17	222910
64-17	223880
64-17	223940
64-18	224950
64-18	134160
64-18	133380
64-18	164890
64-18	388780
64-18	116960
64-18	275520
64-18	374440
64-18	134670
64-18	275380
64-19	235420
64-19	167660
64-19	136260
64-19	225340
64-19	01031670
64-19	043680
64-19	135600
64-19	133600
64-19	136230
64-19	134930
64-20	225530
64-20	225430
64-20	301640
64-20	138240
64-20	542950
64-20	139820
64-20	190910
64-20	080010
64-20	168350
64-20	225210
64-21	225430
64-21	225530
64-21	225540
64-21	225120
64-21	136850
64-21	139820
64-21	139840
64-21	225900
64-21	135750
64-21	167670
64-22	225620
64-22	327100
64-22	018280
64-22	482470
64-22	031460
64-22	037570
64-22	081190
64-22	326780
64-22	018270
64-22	292770
64-23	175310
64-23	168410
64-23	226190
64-23	282330
64-23	173170
64-23	175380
64-23	01065910
64-23	176310
64-23	282710
64-23	276980
64-24	172580
64-24	226300
64-24	254530
64-24	462310
64-24	224590
64-24	065200
64-24	317560
64-24	317580
64-24	065240
64-24	380270
64-25	140040
64-25	176620
64-25	167690
64-25	173280
64-25	179520
64-25	134990
64-25	138620
64-25	227170
64-25	140890
64-25	283070
64-26	180500
64-26	227180
64-26	384730
64-26	172340
64-26	103170
64-26	180160
64-26	171950
64-26	167510
64-26	01036010
64-26	176120
64-27	227750
64-27	227690
64-27	228320
64-27	228430
64-27	227880
64-27	155210
64-27	413100
64-27	227990
64-27	412530
64-27	228090
64-28	227570
64-28	133040
64-28	162860
64-28	228610
64-28	162850
64-28	227610
64-28	229010
64-28	163770
64-28	151330
64-28	456140
64-29	227790
64-29	227510
64-29	227530
64-29	326940
64-29	227960
64-29	266650
64-29	319720
64-29	229730
64-29	412650
64-29	227550
64-30	227980
64-30	116810
64-30	228380
64-30	228320
64-30	228640
64-30	227590
64-30	227930
64-30	279400
64-30	230030
64-30	229500
64-31	227950
64-31	212730
64-31	162420
64-31	228450
64-31	229170
64-31	078910
64-31	224680
64-31	229760
64-31	01091690
64-31	317550
64-32	228380
64-32	227980
64-32	227740
64-32	228890
64-32	225030
64-32	039970
64-32	227590
64-32	327900
64-32	229500
64-32	228280
64-33	228470
64-33	113850
64-33	006180
64-33	118030
64-33	110160
64-33	163060
64-33	229730
64-33	134280
64-33	388030
64-33	275560
64-34	228780
64-34	225060
64-34	229350
64-34	006610
64-34	166140
64-34	231260
64-34	139560
64-34	113980
64-34	196320
64-34	057450
64-35	228740
64-35	323020
64-35	230160
64-35	114080
64-35	227650
64-35	01029340
64-35	228550
64-35	166100
64-35	186620
64-35	227940
64-36	228770
64-36	133940
64-36	165790
64-36	301070
64-36	01003290
64-36	279670
64-36	163900
64-36	134790
64-36	279510
64-36	230090
64-37	114340
64-37	229410
64-37	228450
64-37	229170
64-37	227950
64-37	279930
64-37	230200
64-37	228750
64-37	228310
64-37	261430
64-38	229390
64-38	229970
64-38	230150
64-38	504600
64-38	230500
64-38	230210
64-38	228740
64-38	230390
64-38	229300
64-38	230060
64-39	008980
64-39	008990
64-39	010830
64-39	01004980
64-39	010650
64-39	329440
64-39	009710
64-39	01002930
64-39	01002580
64-39	01037960
64-40	230000
64-40	330110
64-40	230390
64-40	230060
64-40	231280
64-40	229750
64-40	114670
64-40	232540
64-40	229390
64-40	230770
64-41	229560
64-41	01057360
64-41	229830
64-41	229130
64-41	229510
64-41	003220
64-41	228890
64-41	230600
64-41	230040
64-41	227990
64-42	230060
64-42	281630
64-42	230190
64-42	231080
64-42	282850
64-42	282460
64-42	060510
64-42	121100
64-42	232370
64-42	301780
64-43	229970
64-43	229390
64-43	281200
64-43	230640
64-43	331530
64-43	110680
64-43	232320
64-43	229960
64-43	330300
64-43	228740
64-44	230070
64-44	137350
64-44	169390
64-44	114270
64-44	225390
64-44	007580
64-44	133220
64-44	230030
64-44	006440
64-44	171060
64-45	044890
64-45	230670
64-45	139350
64-45	153440
64-45	010550
64-45	005300
64-45	153480
64-45	153300
64-45	122560
64-45	144400
64-46	230550
64-46	010410
64-46	138930
64-46	113970
64-46	228810
64-46	138940
64-46	231190
64-46	022200
64-46	232440
64-46	232280
64-47	230460
64-47	230450
64-47	228890
64-47	229580
64-47	331120
64-47	228380
64-47	232150
64-47	281680
64-47	228740
64-47	230030
64-48	230360
64-48	271750
64-48	413360
64-48	229970
64-48	138600
64-48	391330
64-48	232260
64-48	231160
64-48	122540
64-48	231280
64-49	231080
64-49	226250
64-49	172820
64-49	462710
64-49	134460
64-49	282080
64-49	282460
64-49	318860
64-49	140470
64-49	279830
64-50	231940
64-50	109040
64-50	068820
64-50	01019910
64-50	01019640
64-50	230280
64-50	174030
64-50	475920
64-50	303100
64-50	067860
64-51	231660
64-51	174770
64-51	229630
64-51	140850
64-51	232220
64-51	311060
64-51	267010
64-51	137980
64-51	141770
64-51	303090
64-52	543700
64-52	543750
64-52	543570
64-52	229690
64-52	543540
64-52	543690
64-52	184010
64-52	432110
64-52	232830
64-52	544340
64-53	232020
64-53	176210
64-53	137400
64-53	174590
64-53	461210
64-53	144450
64-53	013230
64-53	319060
64-53	176010
64-53	137300
64-54	232650
64-54	230390
64-54	230140
64-54	141880
64-54	225060
64-54	008190
64-54	229750
64-54	138060
64-54	173110
64-54	134120
64-55	232620
64-55	139420
64-55	137880
64-55	134450
64-55	229960
64-55	177000
64-55	376290
64-55	320370
64-55	320220
64-55	225930
64-56	230030
64-56	171540
64-56	010750
64-56	230190
64-56	230460
64-56	171060
64-56	231330
64-56	231170
64-56	137440
64-56	138010
64-57	233150
64-57	232830
64-57	230950
64-57	232810
64-57	232510
64-57	109540
64-57	232470
64-57	132520
64-57	135300
64-57	389260
64-58	179350
64-58	227060
64-58	233040
64-58	465710
64-58	232950
64-58	014460
64-58	156120
64-58	063690
64-58	144900
64-58	386200
64-59	233390
64-59	009150
64-59	232420
64-59	232810
64-59	233260
64-59	009690
64-59	548420
64-59	183880
64-59	132520
64-59	230880
64-60	233240
64-60	022200
64-60	446920
64-60	163650
64-60	493930
64-60	134550
64-60	01003760
64-60	022510
64-60	022330
64-60	022360
64-61	234570
64-61	091270
64-61	236790
64-61	234600
64-61	164360
64-61	022850
64-61	195100
64-61	059690
64-61	01009840
64-61	491610
64-62	234320
64-62	056060
64-62	057560
64-62	057680
64-62	221350
64-62	234180
64-62	221360
64-62	01076480
64-62	319770
64-62	022930
64-63	234630
64-63	234770
64-63	235060
64-63	01058100
64-63	01058000
64-63	236490
64-63	280120
64-63	233970
64-63	213760
64-63	057050
64-64	234410
64-64	300850
64-64	134030
64-64	388960
64-64	269440
64-64	147230
64-64	318070
64-64	006010
64-64	113800
64-64	235890
64-65	234460
64-65	228570
64-65	195120
64-65	090730
64-65	01058050
64-65	235790
64-65	234720
64-65	117780
64-65	055940
64-65	235580
64-66	235070
64-66	021300
64-66	053710
64-66	032890
64-66	306280
64-66	021380
64-66	000490
64-66	023120
64-66	031680
64-66	466940
64-67	235190
64-67	060290
64-67	337520
64-67	532490
64-67	324360
64-67	006460
64-67	200570
64-67	031870
64-67	152790
64-67	215990
64-68	057450
64-68	234970
64-68	119040
64-68	060610
64-68	244940
64-68	238120
64-68	196320
64-68	058010
64-68	238530
64-68	006610
64-69	237030
64-69	238140
64-69	059690
64-69	060400
64-69	059880
64-69	060050
64-69	062310
64-69	236650
64-69	132540
64-69	033010
64-70	197390
64-70	058410
64-70	235610
64-70	119020
64-70	214620
64-70	167090
64-70	039660
64-70	186820
64-70	280610
64-70	234460
64-71	237190
64-71	448140
64-71	449920
64-71	323830
64-71	236370
64-71	324510
64-71	235740
64-71	170270
64-71	010710
64-71	449590
64-72	058980
64-72	236080
64-72	236630
64-72	01058590
64-72	057780
64-72	056690
64-72	056950
64-72	238670
64-72	199540
64-72	118160
64-73	235420
64-73	215150
64-73	059300
64-73	229290
64-73	088140
64-73	060610
64-73	01059040
64-73	167660
64-73	120210
64-73	058690
64-74	114600
64-74	056350
64-74	236200
64-74	301620
64-74	120850
64-74	330460
64-74	199930
64-74	168510
64-74	229730
64-74	057950
64-75	236320
64-75	236650
64-75	235060
64-75	01002740
64-75	237030
64-75	234740
64-75	016410
64-75	540400
64-75	238620
64-75	238140
64-76	236750
64-76	009820
64-76	328800
64-76	215970
64-76	324360
64-76	161120
64-76	122750
64-76	061830
64-76	036260
64-76	230650
64-77	236490
64-77	059870
64-77	01005280
64-77	233990
64-77	230910
64-77	391290
64-77	234440
64-77	01065700
64-77	237480
64-77	215950
64-78	236880
64-78	342840
64-78	343470
64-78	348160
64-78	344710
64-78	171570
64-78	346650
64-78	067700
64-78	402350
64-78	119510
64-79	236860
64-79	236800
64-79	238790
64-79	124120
64-79	236510
64-79	055940
64-79	238140
64-79	236650
64-79	237030
64-79	234720
64-80	236520
64-80	121550
64-80	122530
64-80	215400
64-80	235420
64-80	234640
64-80	238530
64-80	062230
64-80	216330
64-80	237080
64-81	01058830
64-81	010790
64-81	139630
64-81	202130
64-81	171920
64-81	01058620
64-81	236840
64-81	009760
64-81	168390
64-81	238670
64-82	462310
64-82	380270
64-82	203880
64-82	314770
64-82	349070
64-82	237410
64-82	094390
64-82	411950
64-82	172580
64-82	079710
64-83	123690
64-83	060750
64-83	237200
64-83	173080
64-83	203050
64-83	060830
64-83	237480
64-83	238400
64-83	010880
64-83	217170
64-84	491000
64-84	491090
64-84	236280
64-84	062100
64-84	061100
64-84	122840
64-84	237080
64-84	216510
64-84	238590
64-84	237070
64-85	237150
64-85	046730
64-85	011070
64-85	172460
64-85	202660
64-85	236190
64-85	231200
64-85	226330
64-85	446710
64-85	237560
64-86	236980
64-86	236850
64-86	236510
64-86	235950
64-86	239050
64-86	058230
64-86	237560
64-86	01058100
64-86	01058000
64-86	01059070
64-87	01059020
64-87	062150
64-87	01055600
64-87	062020
64-87	01005910
64-87	237750
64-87	218390
64-87	238870
64-87	345070
64-87	236380
64-88	237720
64-88	237850
64-88	236620
64-88	238090
64-88	174750
64-88	095140
64-88	237370
64-88	474280
64-88	237480
64-88	01058550
64-89	062450
64-89	238100
64-89	219570
64-89	237820
64-89	127540
64-89	177540
64-89	303280
64-89	013620
64-89	264760
64-89	143090
64-90	063130
64-90	037310
64-90	025880
64-90	177650
64-90	238690
64-90	464810
64-90	185580
64-90	247040
64-90	515560
64-90	124930
64-91	239080
64-91	239180
64-91	238870
64-91	237670
64-91	236490
64-91	238680
64-91	236650
64-91	236520
64-91	239040
64-91	236760
64-92	210430
64-92	01053890
64-92	324190
64-92	323830
64-92	210590
64-92	180130
64-92	220550
64-92	323930
64-92	01053810
64-92	323980
64-93	239330
64-93	239440
64-93	236770
64-93	268360
64-93	234600
64-93	238210
64-93	239490
64-93	238390
64-93	01059650
64-93	032880
64-94	235260
64-94	235500
64-94	234090
64-94	238390
64-94	236770
64-94	033590
64-94	166600
64-94	033690
64-94	239030
64-94	087020
65-1	239940
65-1	239880
65-1	269030
65-1	008040
65-1	01037960
65-1	240040
65-1	240010
65-1	388880
65-1	239980
65-1	239830
65-2	240220
65-2	240230
65-2	240210
65-2	437220
65-2	437170
65-2	437260
65-2	437210
65-2	527040
65-2	437080
65-2	437310
65-3	240450
65-3	056080
65-3	240540
65-3	240730
65-3	240720
65-3	056590
65-3	324310
65-3	323830
65-3	241490
65-3	085830
65-4	240540
65-4	085830
65-4	056080
65-4	240750
65-4	240450
65-4	056590
65-4	323940
65-4	240720
65-4	323830
65-4	498540
65-5	241340
65-5	240830
65-5	020620
65-5	415980
65-5	01009240
65-5	228890
65-5	240890
65-5	240810
65-5	240960
65-5	240980
65-6	240720
65-6	240710
65-6	240730
65-6	240700
65-6	241060
65-6	240790
65-6	240450
65-6	240680
65-6	446840
65-6	166250
65-7	240700
65-7	241060
65-7	240710
65-7	033610
65-7	020830
65-7	240650
65-7	326410
65-7	01037720
65-7	151800
65-7	01060070
65-8	240710
65-8	240730
65-8	240700
65-8	240790
65-8	241060
65-8	240720
65-8	326360
65-8	240540
65-8	037760
65-8	030240
65-9	241060
65-9	254610
65-9	545610
65-9	352550
65-9	030210
65-9	033560
65-9	240710
65-9	326790
65-9	353690
65-9	240720
65-10	240980
65-10	242400
65-10	241670
65-10	064670
65-10	166860
65-10	289560
65-10	240830
65-10	01009450
65-10	499750
65-10	241070
65-11	241750
65-11	241080
65-11	241210
65-11	132960
65-11	241180
65-11	065950
65-11	240950
65-11	240970
65-11	241440
65-11	033780
65-12	241960
65-12	241650
65-12	242480
65-12	167820
65-12	168270
65-12	241330
65-12	282560
65-12	379070
65-12	241310
65-12	074840
65-13	241720
65-13	033640
65-13	033520
65-13	323800
65-13	086040
65-13	240550
65-13	085890
65-13	240480
65-13	241060
65-13	399960
65-14	01060020
65-14	01060090
65-14	240690
65-14	242050
65-14	099730
65-14	030410
65-14	472860
65-14	471600
65-14	240920
65-14	240860
65-15	242080
65-15	099730
65-15	241300
65-15	241230
65-15	259480
65-15	01000140
65-15	241410
65-15	432090
65-15	493310
65-15	01060090
65-16	020990
65-16	241930
65-16	363270
65-16	349890
65-16	241950
65-16	264410
65-16	264390
65-16	241740
65-16	241270
65-16	003830
65-17	242410
65-17	01002130
65-17	020820
65-17	314920
65-17	000740
65-17	241070
65-17	368700
65-17	059340
65-17	241670
65-17	240830
65-18	077040
65-18	037310
65-18	238690
65-18	247040
65-18	177650
65-18	025880
65-18	437130
65-18	165910
65-18	334690
65-18	01006790
65-19	242890
65-19	242710
65-19	514140
65-19	511080
65-19	081260
65-19	003500
65-19	260710
65-19	000970
65-19	226830
65-19	391000
65-20	243240
65-20	088920
65-20	518560
65-20	01100210
65-20	146890
65-20	518160
65-20	517960
65-20	458050
65-20	420750
65-20	476450
65-21	243410
65-21	018080
65-21	478670
65-21	099450
65-21	089260
65-21	344600
65-21	100280
65-21	099500
65-21	342900
65-21	478680
65-22	243770
65-22	243880
65-22	163890
65-22	254010
65-22	154430
65-22	031760
65-22	224260
65-22	152880
65-22	244840
65-22	154810
65-23	244000
65-23	335540
65-23	343840
65-23	344570
65-23	031680
65-23	021400
65-23	243670
65-23	089420
65-23	005830
65-23	037540
65-24	099840
65-24	244190
65-24	089920
65-24	244160
65-24	244270
65-24	244940
65-24	244050
65-24	398110
65-24	275230
65-24	244920
65-25	244160
65-25	521740
65-25	244890
65-25	323900
65-25	01001240
65-25	433170
65-25	244940
65-25	260920
65-25	425060
65-25	089840
65-26	244110
65-26	099810
65-26	244200
65-26	155230
65-26	245110
65-26	244150
65-26	244920
65-26	244860
65-26	090180
65-26	244870
65-27	244580
65-27	100610
65-27	245190
65-27	259750
65-27	416220
65-27	244940
65-27	244270
65-27	499330
65-27	432710
65-27	424120
65-28	244060
65-28	244400
65-28	01001560
65-28	329030
65-28	009150
65-28	027020
65-28	260270
65-28	009690
65-28	042820
65-28	547140
65-29	067970
65-29	244570
65-29	035750
65-29	245010
65-29	035760
65-29	067950
65-29	035860
65-29	01039900
65-29	100550
65-29	055780
65-30	245110
65-30	044190
65-30	044920
65-30	244110
65-30	090920
65-30	244920
65-30	244870
65-30	244580
65-30	045980
65-30	244860
65-31	244920
65-31	091290
65-31	244480
65-31	245190
65-31	245580
65-31	048670
65-31	244860
65-31	244080
65-31	244050
65-31	245460
65-32	244950
65-32	155970
65-32	091000
65-32	290480
65-32	156570
65-32	01078830
65-32	246300
65-32	156610
65-32	259580
65-32	122010
65-33	245810
65-33	326120
65-33	041930
65-33	336580
65-33	099440
65-33	245170
65-33	062580
65-33	479080
65-33	165240
65-33	244960
65-34	245190
65-34	091930
65-34	376530
65-34	433770
65-34	425650
65-34	244080
65-34	244880
65-34	045080
65-34	244690
65-34	235510
65-35	434170
65-35	245580
65-35	507980
65-35	094190
65-35	01040870
65-35	01041280
65-35	276740
65-35	01097970
65-35	244860
65-35	045210
65-36	245550
65-36	101420
65-36	100370
65-36	244540
65-36	244800
65-36	038630
65-36	478760
65-36	242890
65-36	038140
65-36	041440
65-37	325560
65-37	222910
65-37	330780
65-37	111310
65-37	110180
65-37	406340
65-37	246390
65-37	551920
65-37	273820
65-37	331030
65-38	265680
65-38	429480
65-38	278410
65-38	246450
65-38	103290
65-38	384140
65-38	504020
65-38	238780
65-38	219830
65-38	337850
65-39	245360
65-39	244920
65-39	245580
65-39	050000
65-39	051650
65-39	052580
65-39	01087730
65-39	158520
65-39	475020
65-39	245660
65-40	160670
65-40	246300
65-40	246140
65-40	246660
65-40	246480
65-40	274290
65-40	246650
65-40	004230
65-40	156980
65-40	037200
65-41	246650
65-41	246660
65-41	160580
65-41	271540
65-41	159420
65-41	246480
65-41	108600
65-41	028690
65-41	005480
65-41	046390
65-42	156980
65-42	246140
65-42	157870
65-42	245320
65-42	246300
65-42	000300
65-42	01098810
65-42	087550
65-42	000290
65-42	000170
65-43	151720
65-43	247100
65-43	247600
65-43	01002220
65-43	247190
65-43	247060
65-43	248130
65-43	247580
65-43	004350
65-43	247280
65-44	247240
65-44	247580
65-44	247400
65-44	249430
65-44	247060
65-44	248600
65-44	248230
65-44	247480
65-44	249370
65-44	249930
65-45	247920
65-45	247310
65-45	247510
65-45	249760
65-45	251240
65-45	252100
65-45	248120
65-45	248140
65-45	247840
65-45	247380
65-46	247440
65-46	104670
65-46	250470
65-46	247430
65-46	247090
65-46	249250
65-46	248550
65-46	247260
65-46	213040
65-46	247930
65-47	247580
65-47	247660
65-47	249440
65-47	247280
65-47	247370
65-47	249520
65-47	249780
65-47	004740
65-47	151720
65-47	248390
65-48	248090
65-48	248280
65-48	248610
65-48	249350
65-48	248430
65-48	249490
65-48	250690
65-48	250130
65-48	250890
65-48	252180
65-49	247730
65-49	250980
65-49	248030
65-49	249470
65-49	248190
65-49	249460
65-49	247930
65-49	007550
65-49	251010
65-49	249420
65-50	247890
65-50	248560
65-50	247200
65-50	247530
65-50	248110
65-50	033840
65-50	250720
65-50	247650
65-50	247230
65-50	247060
65-51	247770
65-51	033670
65-51	247280
65-51	249580
65-51	247580
65-51	248190
65-51	247660
65-51	242740
65-51	000450
65-51	249440
65-52	247930
65-52	247820
65-52	248030
65-52	249250
65-52	247160
65-52	249980
65-52	250470
65-52	249420
65-52	249160
65-52	248590
65-53	247930
65-53	247160
65-53	249250
65-53	247820
65-53	249980
65-53	249160
65-53	248030
65-53	033540
65-53	249600
65-53	248590
65-54	248270
65-54	033830
65-54	248350
65-54	247580
65-54	248810
65-54	248550
65-54	247060
65-54	247520
65-54	247600
65-54	01061090
65-55	247700
65-55	247930
65-55	247880
65-55	247970
65-55	247890
65-55	447920
65-55	247910
65-55	247670
65-55	247760
65-55	248030
65-56	248360
65-56	250500
65-56	250620
65-56	252770
65-56	249020
65-56	248990
65-56	249530
65-56	251520
65-56	250370
65-56	252170
65-57	248010
65-57	249050
65-57	249410
65-57	248290
65-57	248570
65-57	247520
65-57	034050
65-57	247170
65-57	247360
65-57	248520
65-58	248510
65-58	105190
65-58	249320
65-58	247520
65-58	249840
65-58	247170
65-58	247190
65-58	247300
65-58	248130
65-58	251030
65-59	248750
65-59	248780
65-59	251930
65-59	247300
65-59	251670
65-59	247930
65-59	252920
65-59	248900
65-59	248510
65-59	248120
65-60	251160
65-60	248080
65-60	251570
65-60	249260
65-60	251190
65-60	247530
65-60	249040
65-60	248490
65-60	247200
65-60	250570
65-61	248950
65-61	253010
65-61	252100
65-61	249260
65-61	248370
65-61	247300
65-61	252770
65-61	250430
65-61	248750
65-61	248570
65-62	248450
65-62	249920
65-62	250150
65-62	248440
65-62	249800
65-62	249350
65-62	248330
65-62	250270
65-62	248460
65-62	248540
65-63	249810
65-63	250700
65-63	249140
65-63	251190
65-63	504940
65-63	248370
65-63	251120
65-63	250670
65-63	248850
65-63	252100
65-64	249760
65-64	249800
65-64	252180
65-64	249920
65-64	250160
65-64	248140
65-64	252100
65-64	087280
65-64	249230
65-64	247920
65-65	249840
65-65	249860
65-65	248810
65-65	247520
65-65	105900
65-65	247300
65-65	249710
65-65	247190
65-65	250000
65-65	248900
65-66	249430
65-66	248590
65-66	250540
65-66	248830
65-66	247830
65-66	249140
65-66	248560
65-66	248020
65-66	250620
65-66	252770
65-67	105840
65-67	249710
65-67	251570
65-67	251730
65-67	250990
65-67	248810
65-67	249860
65-67	249840
65-67	248400
65-67	247380
65-68	249460
65-68	249470
65-68	247730
65-68	248190
65-68	248030
65-68	249780
65-68	247180
65-68	250320
65-68	252040
65-68	034370
65-69	249470
65-69	249460
65-69	248190
65-69	247730
65-69	248030
65-69	034370
65-69	252040
65-69	253360
65-69	250320
65-69	250980
65-70	250140
65-70	250370
65-70	250880
65-70	250670
65-70	251470
65-70	251120
65-70	034170
65-70	247780
65-70	248780
65-70	248910
65-71	250190
65-71	250720
65-71	247520
65-71	250400
65-71	247580
65-71	252370
65-71	248220
65-71	250430
65-71	247080
65-71	251850
65-72	252640
65-72	250100
65-72	249750
65-72	249920
65-72	252180
65-72	144860
65-72	248430
65-72	247840
65-72	248280
65-72	249930
65-73	251470
65-73	247930
65-73	252100
65-73	247580
65-73	249950
65-73	248760
65-73	362730
65-73	250100
65-73	252770
65-73	252020
65-74	251160
65-74	251570
65-74	252750
65-74	251670
65-74	252280
65-74	247720
65-74	247890
65-74	251190
65-74	249240
65-74	253270
65-75	250720
65-75	250980
65-75	252330
65-75	250760
65-75	248570
65-75	248030
65-75	249410
65-75	249980
65-75	252190
65-75	249420
65-76	251010
65-76	250720
65-76	251160
65-76	252750
65-76	247890
65-76	252330
65-76	249420
65-76	252190
65-76	249250
65-76	252020
65-77	251020
65-77	033730
65-77	249060
65-77	253160
65-77	252080
65-77	248090
65-77	251990
65-77	253540
65-77	251880
65-77	250440
65-78	251050
65-78	247890
65-78	251240
65-78	247910
65-78	249510
65-78	251770
65-78	250220
65-78	249800
65-78	251490
65-78	247840
65-79	251550
65-79	251910
65-79	251930
65-79	247220
65-79	252920
65-79	252430
65-79	249840
65-79	034220
65-79	251380
65-79	252390
65-80	251470
65-80	249980
65-80	252700
65-80	034110
65-80	251920
65-80	249860
65-80	250370
65-80	248860
65-80	250880
65-80	250500
65-81	251670
65-81	249980
65-81	249500
65-81	252700
65-81	249700
65-81	250950
65-81	251700
65-81	250630
65-81	251340
65-81	034110
65-82	252180
65-82	249800
65-82	249760
65-82	248090
65-82	218780
65-82	252410
65-82	248330
65-82	247380
65-82	250160
65-82	089780
65-83	247580
65-83	247660
65-83	248560
65-83	01082610
65-83	247770
65-83	247480
65-83	033670
65-83	250980
65-83	249410
65-83	248570
65-84	252120
65-84	250430
65-84	080340
65-84	253380
65-84	250620
65-84	250720
65-84	248570
65-84	249250
65-84	247970
65-84	251850
65-85	252440
65-85	251880
65-85	251020
65-85	250240
65-85	251480
65-85	250160
65-85	251680
65-85	252080
65-85	253160
65-85	250790
65-86	252670
65-86	250820
65-86	250620
65-86	252390
65-86	250500
65-86	249400
65-86	253080
65-86	248760
65-86	251450
65-86	250290
65-87	248590
65-87	252970
65-87	250470
65-87	247930
65-87	253270
65-87	252920
65-87	252590
65-87	251450
65-87	247390
65-87	252200
65-88	253070
65-88	252100
65-88	253100
65-88	252150
65-88	253280
65-88	250720
65-88	253360
65-88	251010
65-88	250980
65-88	252650
65-89	249510
65-89	247890
65-89	249660
65-89	220940
65-89	251220
65-89	252940
65-89	253380
65-89	249420
65-89	251490
65-89	064140
65-90	250660
65-90	252040
65-90	250580
65-90	252000
65-90	253250
65-90	247220
65-90	052700
65-90	250210
65-90	252770
65-90	248530
65-91	253360
65-91	249780
65-91	251240
65-91	250320
65-91	247470
65-91	247970
65-91	252770
65-91	252100
65-91	250470
65-91	248590
65-92	250140
65-92	253270
65-92	251900
65-92	249950
65-92	251120
65-92	250670
65-92	250900
65-92	250940
65-92	248750
65-92	253490
65-93	253390
65-93	247220
65-93	250540
65-93	251880
65-93	247970
65-93	251570
65-93	249140
65-93	247390
65-93	247960
65-93	250000
65-94	253490
65-94	248220
65-94	251990
65-94	249460
65-94	247830
65-94	250840
65-94	248330
65-94	250160
65-94	250430
65-94	251050
66-1	253250
66-1	249610
66-1	250660
66-1	248430
66-1	248280
66-1	251200
66-1	248610
66-1	253160
66-1	252060
66-1	250580
66-2	253700
66-2	01042760
66-2	284510
66-2	080520
66-2	030040
66-2	410740
66-2	035590
66-2	035750
66-2	039540
66-2	284520
66-3	253810
66-3	253760
66-3	344930
66-3	344920
66-3	067080
66-3	01001410
66-3	090410
66-3	017040
66-3	212560
66-3	342730
66-4	253860
66-4	007460
66-4	417770
66-4	067720
66-4	212490
66-4	068310
66-4	068050
66-4	360140
66-4	040620
66-4	01083950
66-5	01061230
66-5	254060
66-5	254240
66-5	254110
66-5	099040
66-5	117570
66-5	184760
66-5	116760
66-5	031780
66-5	254330
66-6	254070
66-6	517770
66-6	015750
66-6	015730
66-6	017140
66-6	015940
66-6	080490
66-6	015480
66-6	01006540
66-6	015820
66-7	039180
66-7	336020
66-7	416000
66-7	472270
66-7	089830
66-7	326930
66-7	254280
66-7	374310
66-7	040470
66-7	090480
66-8	336940
66-8	244310
66-8	254380
66-8	254530
66-8	156160
66-8	263070
66-8	337420
66-8	154430
66-8	254310
66-8	336110
66-9	254500
66-9	041660
66-9	499530
66-9	01061490
66-9	089950
66-9	156380
66-9	071100
66-9	090000
66-9	254340
66-9	499690
66-10	157080
66-10	254620
66-10	329110
66-10	157090
66-10	261180
66-10	042720
66-10	157480
66-10	042540
66-10	040480
66-10	044240
66-11	157290
66-11	254680
66-11	091990
66-11	324350
66-11	254580
66-11	161560
66-11	254720
66-11	269890
66-11	157120
66-11	094770
66-12	157500
66-12	254750
66-12	157510
66-12	261380
66-12	157040
66-12	01014690
66-12	079790
66-12	379270
66-12	427800
66-12	159160
66-13	330990
66-13	255040
66-13	255020
66-13	046670
66-13	042730
66-13	155240
66-13	158460
66-13	157290
66-13	263460
66-13	156830
66-14	341670
66-14	255720
66-14	498890
66-14	498990
66-14	552570
66-14	01098490
66-14	029200
66-14	352550
66-14	499450
66-14	104860
66-15	255970
66-15	256020
66-15	255730
66-15	01061940
66-15	255680
66-15	255890
66-15	255780
66-15	255660
66-15	255700
66-15	255980
66-16	484780
66-16	256200
66-16	483280
66-16	133450
66-16	262470
66-16	414460
66-16	305620
66-16	255680
66-16	256160
66-16	255760
66-17	256280
66-17	523740
66-17	501300
66-17	219590
66-17	501500
66-17	277080
66-17	431300
66-17	489090
66-17	526350
66-17	331280
66-18	256330
66-18	256130
66-18	256480
66-18	256180
66-18	256090
66-18	256080
66-18	548480
66-18	256110
66-18	256310
66-18	256140
66-19	256810
66-19	257080
66-19	257030
66-19	256760
66-19	079140
66-19	386380
66-19	257190
66-19	256820
66-19	256880
66-19	257040
66-20	257190
66-20	257080
66-20	257350
66-20	256970
66-20	081880
66-20	257450
66-20	064730
66-20	285070
66-20	058120
66-20	058080
66-21	257360
66-21	098880
66-21	098890
66-21	256830
66-21	317650
66-21	256840
66-21	01079320
66-21	01006960
66-21	257060
66-21	256950
66-22	257280
66-22	258010
66-22	005460
66-22	038770
66-22	007110
66-22	008920
66-22	257590
66-22	067480
66-22	068480
66-22	119670
66-23	257610
66-23	257270
66-23	358080
66-23	366470
66-23	257810
66-23	357900
66-23	365250
66-23	346660
66-23	356530
66-23	257690
66-24	257740
66-24	386760
66-24	064870
66-24	245310
66-24	257260
66-24	294050
66-24	365080
66-24	000040
66-24	366050
66-24	046170
66-25	257820
66-25	257910
66-25	258070
66-25	256910
66-25	257650
66-25	386870
66-25	386570
66-25	257040
66-25	257120
66-25	257700
66-26	517030
66-26	257990
66-26	372250
66-26	250730
66-26	107260
66-26	107370
66-26	332840
66-26	106650
66-26	107520
66-26	106940
66-27	238330
66-27	386750
66-27	258120
66-27	258080
66-27	257540
66-27	257830
66-27	258010
66-27	257850
66-27	079140
66-27	382490
66-28	369110
66-28	360620
66-28	369760
66-28	386810
66-28	370020
66-28	000040
66-28	364570
66-28	363590
66-28	356980
66-28	382870
66-29	259140
66-29	155220
66-29	038480
66-29	326840
66-29	328400
66-29	260420
66-29	040360
66-29	156800
66-29	156370
66-29	155240
66-30	259370
66-30	416070
66-30	155210
66-30	155350
66-30	327190
66-30	161220
66-30	157080
66-30	038490
66-30	157480
66-30	326900
66-31	259360
66-31	038960
66-31	327270
66-31	038340
66-31	041720
66-31	040520
66-31	327920
66-31	260300
66-31	155870
66-31	243070
66-32	259300
66-32	260080
66-32	042110
66-32	040680
66-32	259530
66-32	038370
66-32	040020
66-32	039120
66-32	260450
66-32	262720
66-33	090920
66-33	038530
66-33	156040
66-33	090140
66-33	326660
66-33	01039500
66-33	056590
66-33	039990
66-33	326710
66-33	039430
66-34	259990
66-34	042040
66-34	327770
66-34	039760
66-34	155890
66-34	156860
66-34	184530
66-34	261700
66-34	039620
66-34	259820
66-35	259880
66-35	082500
66-35	260340
66-35	017440
66-35	528400
66-35	01007500
66-35	260350
66-35	417610
66-35	091350
66-35	335910
66-36	260020
66-36	328110
66-36	262640
66-36	01061440
66-36	334080
66-36	269170
66-36	262140
66-36	155300
66-36	336050
66-36	134810
66-37	260030
66-37	039900
66-37	471940
66-37	099780
66-37	483220
66-37	401340
66-37	189920
66-37	189990
66-37	373680
66-37	189860
66-38	259830
66-38	155700
66-38	259840
66-38	155720
66-38	039910
66-38	039920
66-38	261690
66-38	040820
66-38	039270
66-38	327520
66-39	260710
66-39	01007650
66-39	479530
66-39	029940
66-39	099280
66-39	068060
66-39	01012450
66-39	260900
66-39	023170
66-39	067670
66-40	260720
66-40	039650
66-40	01062460
66-40	328570
66-40	157360
66-40	038340
66-40	260770
66-40	157100
66-40	038470
66-40	157180
66-41	042000
66-41	329290
66-41	261240
66-41	339750
66-41	260770
66-41	411700
66-41	328190
66-41	259390
66-41	157000
66-41	259330
66-42	417750
66-42	417040
66-42	040080
66-42	156590
66-42	260700
66-42	330040
66-42	038100
66-42	040580
66-42	156360
66-42	037850
66-43	039800
66-43	155530
66-43	157480
66-43	254800
66-43	01062800
66-43	263700
66-43	039870
66-43	041010
66-43	157090
66-43	259760
66-44	329970
66-44	262070
66-44	157520
66-44	157540
66-44	040520
66-44	156480
66-44	043730
66-44	110860
66-44	155210
66-44	482510
66-45	157530
66-45	157540
66-45	262070
66-45	482510
66-45	265050
66-45	262590
66-45	254720
66-45	482490
66-45	045380
66-45	417710
66-46	330030
66-46	262280
66-46	044320
66-46	330040
66-46	042910
66-46	223600
66-46	223510
66-46	325190
66-46	157100
66-46	324710
66-47	242890
66-47	479530
66-47	263080
66-47	081490
66-47	164920
66-47	108730
66-47	300180
66-47	081950
66-47	481840
66-47	039540
66-48	263070
66-48	352660
66-48	263340
66-48	436860
66-48	285640
66-48	01068600
66-48	264000
66-48	262350
66-48	375240
66-48	141010
66-49	417860
66-49	473210
66-49	185310
66-49	426840
66-49	262920
66-49	331470
66-49	040280
66-49	156100
66-49	158320
66-49	417940
66-50	263980
66-50	263640
66-50	262070
66-50	046740
66-50	156110
66-50	473760
66-50	264470
66-50	038390
66-50	263470
66-50	332030
66-51	261930
66-51	265050
66-51	264600
66-51	01085570
66-51	01040270
66-51	156340
66-51	157530
66-51	157540
66-51	364730
66-51	482510
66-52	263780
66-52	158700
66-52	325180
66-52	156340
66-52	231040
66-52	102140
66-52	259450
66-52	417840
66-52	075600
66-52	158730
66-53	264370
66-53	264800
66-53	156860
66-53	325750
66-53	260720
66-53	334010
66-53	043570
66-53	261930
66-53	364730
66-53	330160
66-54	159150
66-54	264350
66-54	428200
66-54	174760
66-54	044120
66-54	302940
66-54	157720
66-54	044790
66-54	535030
66-54	107300
66-55	264970
66-55	159640
66-55	418840
66-55	048360
66-55	044190
66-55	273230
66-55	159600
66-55	263480
66-55	01015490
66-55	044410
66-56	255020
66-56	264050
66-56	265050
66-56	482490
66-56	333270
66-56	262590
66-56	332830
66-56	474600
66-56	265950
66-56	334880
66-57	265590
66-57	01061860
66-57	160120
66-57	158620
66-57	049890
66-57	265580
66-57	160270
66-57	156830
66-57	045290
66-57	255220
66-58	477200
66-58	477470
66-58	478260
66-58	479850
66-58	476380
66-58	265420
66-58	359230
66-58	478240
66-58	476470
66-58	330260
66-59	265390
66-59	01062960
66-59	155220
66-59	261270
66-59	334160
66-59	156340
66-59	041900
66-59	044340
66-59	261930
66-59	154790
66-60	265400
66-60	353520
66-60	353530
66-60	546470
66-60	351550
66-60	546530
66-60	343960
66-60	345760
66-60	408440
66-60	355060
66-61	419000
66-61	419310
66-61	160100
66-61	156340
66-61	333980
66-61	260010
66-61	503860
66-61	333500
66-61	039580
66-61	046670
66-62	038100
66-62	154680
66-62	01062960
66-62	259850
66-62	260770
66-62	261270
66-62	157120
66-62	154580
66-62	156830
66-62	263280
66-63	265970
66-63	297770
66-63	455550
66-63	294120
66-63	316860
66-63	477570
66-63	297860
66-63	049040
66-63	316800
66-63	265610
66-64	266460
66-64	387010
66-64	406200
66-64	156580
66-64	406310
66-64	490980
66-64	385470
66-64	546280
66-64	432580
66-64	214850
66-65	160970
66-65	053180
66-65	266520
66-65	092680
66-65	093770
66-65	091660
66-65	01025180
66-65	418230
66-65	245070
66-65	341080
66-66	266670
66-66	163790
66-66	01066610
66-66	423650
66-66	279480
66-66	234130
66-66	163690
66-66	01002370
66-66	280230
66-66	056040
66-67	267450
66-67	067470
66-67	038940
66-67	267470
66-67	067080
66-67	089860
66-67	067780
66-67	067570
66-67	253810
66-67	267500
66-68	268070
66-68	318560
66-68	137330
66-68	323150
66-68	271270
66-68	121160
66-68	171650
66-68	377440
66-68	215430
66-68	169420
66-69	268590
66-69	268530
66-69	323830
66-69	268430
66-69	268510
66-69	269260
66-69	268730
66-69	258610
66-69	270340
66-69	324390
66-70	268770
66-70	324010
66-70	270880
66-70	269860
66-70	273300
66-70	034390
66-70	270230
66-70	501510
66-70	01048890
66-70	023160
66-71	069930
66-71	269130
66-71	151880
66-71	268830
66-71	01063690
66-71	339240
66-71	006030
66-71	400550
66-71	189840
66-71	269030
66-72	274240
66-72	01064280
66-72	542830
66-72	272020
66-72	01064270
66-72	274340
66-72	489400
66-72	223620
66-72	273550
66-72	334770
66-73	269030
66-73	222630
66-73	271630
66-73	186220
66-73	01063770
66-73	272350
66-73	070630
66-73	327790
66-73	275780
66-73	269130
66-74	274130
66-74	051570
66-74	274310
66-74	429790
66-74	465080
66-74	264830
66-74	273290
66-74	529860
66-74	531570
66-74	529790
66-75	268730
66-75	269330
66-75	268590
66-75	269260
66-75	268530
66-75	268750
66-75	270160
66-75	269750
66-75	323830
66-75	271090
66-76	271180
66-76	436880
66-76	268750
66-76	268960
66-76	270320
66-76	417700
66-76	271430
66-76	276780
66-76	329420
66-76	329960
66-77	270770
66-77	271490
66-77	508130
66-77	268540
66-77	269130
66-77	161710
66-77	268700
66-77	271210
66-77	086880
66-77	270090
66-78	271070
66-78	345760
66-78	043820
66-78	358190
66-78	074690
66-78	034990
66-78	262520
66-78	546590
66-78	072970
66-78	245880
66-79	271480
66-79	270880
66-79	01058530
66-79	059690
66-79	390800
66-79	169900
66-79	273290
66-79	022850
66-79	187160
66-79	273550
66-80	271430
66-80	501050
66-80	500630
66-80	272090
66-80	274270
66-80	269890
66-80	269950
66-80	417600
66-80	270670
66-80	472720
66-81	01063910
66-81	271160
66-81	268730
66-81	270080
66-81	271260
66-81	271590
66-81	271000
66-81	269710
66-81	269000
66-81	269770
66-82	271650
66-82	01063920
66-82	273740
66-82	271810
66-82	270620
66-82	270920
66-82	271680
66-82	270300
66-82	272130
66-82	272340
66-83	272070
66-83	271770
66-83	491340
66-83	491050
66-83	272110
66-83	272430
66-83	270370
66-83	271150
66-83	272150
66-83	270990
66-84	271780
66-84	268540
66-84	271630
66-84	271210
66-84	268700
66-84	273740
66-84	270770
66-84	272220
66-84	274700
66-84	271430
66-85	271890
66-85	331150
66-85	269860
66-85	272800
66-85	01063860
66-85	272200
66-85	270230
66-85	271810
66-85	272360
66-85	270330
66-86	272480
66-86	272110
66-86	274220
66-86	009220
66-86	490200
66-86	272540
66-86	269690
66-86	270920
66-86	271430
66-86	273280
66-87	272350
66-87	106030
66-87	187600
66-87	269030
66-87	070630
66-87	231080
66-87	105630
66-87	069680
66-87	270580
66-87	270010
66-88	272410
66-88	272040
66-88	187620
66-88	270870
66-88	269770
66-88	270740
66-88	271230
66-88	270440
66-88	270940
66-88	268730
66-89	271580
66-89	272640
66-89	273090
66-89	271550
66-89	273200
66-89	272940
66-89	406330
66-89	272730
66-89	009710
66-89	427600
66-90	272160
66-90	075170
66-90	01064280
66-90	274240
66-90	272610
66-90	269630
66-90	272760
66-90	273040
66-90	274840
66-90	274130
66-91	272140
66-91	473400
66-91	271810
66-91	157400
66-91	075140
66-91	269630
66-91	272020
66-91	271750
66-91	273300
66-91	323760
66-92	272320
66-92	272650
66-92	331930
66-92	111210
66-92	272010
66-92	223740
66-92	473750
66-92	273190
66-92	427350
66-92	406520
66-93	272400
66-93	01120320
66-93	041600
66-93	256840
66-93	256830
66-93	035900
66-93	154800
66-93	155280
66-93	155930
66-93	257060
66-94	273030
66-94	189260
66-94	189220
66-94	255070
66-94	174970
66-94	189120
66-94	189340
66-94	546470
66-94	273640
66-94	102090
67-1	274220
67-1	271770
67-1	270310
67-1	270580
67-1	503070
67-1	418050
67-1	270920
67-1	269960
67-1	269720
67-1	272430
67-2	272670
67-2	332930
67-2	269070
67-2	270560
67-2	271810
67-2	272150
67-2	270460
67-2	261500
67-2	271230
67-2	288830
67-3	272130
67-3	271650
67-3	273280
67-3	269100
67-3	270460
67-3	272480
67-3	272020
67-3	270590
67-3	272420
67-3	272450
67-4	273280
67-4	272540
67-4	272150
67-4	270580
67-4	270770
67-4	269680
67-4	273610
67-4	272350
67-4	269890
67-4	270960
67-5	273600
67-5	272050
67-5	408620
67-5	269780
67-5	272360
67-5	333960
67-5	271670
67-5	269860
67-5	272020
67-5	331460
67-6	273810
67-6	274680
67-6	474780
67-6	01069210
67-6	271640
67-6	270580
67-6	272960
67-6	334250
67-6	272590
67-6	271450
67-7	273690
67-7	273400
67-7	272150
67-7	273010
67-7	077450
67-7	273800
67-7	272630
67-7	272200
67-7	272660
67-7	272440
67-8	274000
67-8	272020
67-8	334480
67-8	272010
67-8	283700
67-8	087600
67-8	271450
67-8	271670
67-8	273440
67-8	272360
67-9	145350
67-9	274330
67-9	336180
67-9	159870
67-9	01014840
67-9	292780
67-9	179170
67-9	393970
67-9	395200
67-9	080370
67-10	271580
67-10	167530
67-10	272730
67-10	273200
67-10	274320
67-10	271180
67-10	01064220
67-10	271590
67-10	272010
67-10	273090
67-11	275040
67-11	274970
67-11	01064460
67-11	322770
67-11	113520
67-11	275410
67-11	275630
67-11	163220
67-11	01019980
67-11	275420
67-12	388690
67-12	275510
67-12	388950
67-12	01064650
67-12	01064620
67-12	387870
67-12	389490
67-12	275040
67-12	113970
67-12	457720
67-13	275520
67-13	134160
67-13	388340
67-13	388780
67-13	275120
67-13	305380
67-13	388280
67-13	224950
67-13	275160
67-13	163670
67-14	275880
67-14	301540
67-14	165220
67-14	096890
67-14	300830
67-14	082200
67-14	092400
67-14	185220
67-14	093050
67-14	031420
67-15	275210
67-15	275980
67-15	275530
67-15	01064570
67-15	01064600
67-15	133470
67-15	164850
67-15	389620
67-15	300450
67-15	389460
67-16	388620
67-16	274970
67-16	275550
67-16	300650
67-16	274940
67-16	134540
67-16	388240
67-16	388890
67-16	163450
67-16	488510
67-17	147100
67-17	275490
67-17	165040
67-17	388760
67-17	388300
67-17	117690
67-17	300860
67-17	133860
67-17	163870
67-17	390030
67-18	276620
67-18	388240
67-18	147100
67-18	300100
67-18	275540
67-18	132960
67-18	389550
67-18	387950
67-18	275490
67-18	390780
67-19	01065460
67-19	390420
67-19	276580
67-19	169240
67-19	236150
67-19	307720
67-19	390060
67-19	277030
67-19	459860
67-19	393440
67-20	276990
67-20	01065660
67-20	391440
67-20	391200
67-20	282010
67-20	139210
67-20	01050300
67-20	388980
67-20	139660
67-20	171740
67-21	391400
67-21	01065480
67-21	277420
67-21	169910
67-21	390440
67-21	140350
67-21	172350
67-21	390030
67-21	282490
67-21	281510
67-22	01065140
67-22	390620
67-22	277970
67-22	393540
67-22	01066110
67-22	01065710
67-22	388590
67-22	275550
67-22	389560
67-22	276360
67-23	548960
67-23	548870
67-23	548880
67-23	548940
67-23	261600
67-23	548910
67-23	151020
67-23	549070
67-23	260490
67-23	01001950
67-24	01065900
67-24	01066190
67-24	275430
67-24	391290
67-24	01064600
67-24	391190
67-24	01064570
67-24	391140
67-24	390110
67-24	388710
67-25	276300
67-25	393820
67-25	388660
67-25	394940
67-25	277990
67-25	278020
67-25	01065670
67-25	393020
67-25	278210
67-25	200540
67-26	394230
67-26	394490
67-26	394440
67-26	391550
67-26	276360
67-26	394910
67-26	283660
67-26	01065710
67-26	394860
67-26	278560
67-27	278800
67-27	131970
67-27	002930
67-27	505430
67-27	154810
67-27	214980
67-27	067680
67-27	163890
67-27	278810
67-27	100010
67-28	505430
67-28	031760
67-28	214980
67-28	243770
67-28	068030
67-28	278810
67-28	018160
67-28	154430
67-28	100520
67-28	278800
67-29	279290
67-29	01066540
67-29	300920
67-29	455450
67-29	163330
67-29	163020
67-29	455460
67-29	164010
67-29	279700
67-29	317650
67-30	388340
67-30	275160
67-30	163620
67-30	164680
67-30	098020
67-30	300290
67-30	169840
67-30	162520
67-30	280030
67-30	165970
67-31	134090
67-31	171280
67-31	164640
67-31	167510
67-31	280790
67-31	174360
67-31	279930
67-31	164900
67-31	162900
67-31	165850
67-32	279990
67-32	280510
67-32	164800
67-32	01043470
67-32	163220
67-32	279320
67-32	163710
67-32	163010
67-32	172000
67-32	134460
67-33	165040
67-33	117690
67-33	133860
67-33	163870
67-33	162660
67-33	300860
67-33	01035100
67-33	01066640
67-33	279870
67-33	01002660
67-34	279890
67-34	134200
67-34	164390
67-34	134210
67-34	164400
67-34	167200
67-34	133470
67-34	165890
67-34	100190
67-34	165710
67-35	280750
67-35	176120
67-35	167170
67-35	280820
67-35	282610
67-35	166470
67-35	279940
67-35	169710
67-35	164840
67-35	01066970
67-36	167600
67-36	168120
67-36	136480
67-36	280850
67-36	166410
67-36	01083800
67-36	281620
67-36	164780
67-36	163100
67-36	162770
67-37	168450
67-37	01044220
67-37	281210
67-37	164020
67-37	168210
67-37	01042970
67-37	281380
67-37	163590
67-37	460340
67-37	276620
67-38	165600
67-38	170640
67-38	172550
67-38	165800
67-38	283570
67-38	141120
67-38	173660
67-38	176660
67-38	276870
67-38	276870
67-39	168670
67-39	01067390
67-39	137660
67-39	169310
67-39	01044830
67-39	135440
67-39	119050
67-39	166350
67-39	164520
67-39	009140
67-40	281300
67-40	098410
67-40	258640
67-40	166090
67-40	432560
67-40	354620
67-40	283410
67-40	280490
67-40	169380
67-40	282320
67-41	258640
67-41	336070
67-41	281300
67-41	165610
67-41	276810
67-41	336110
67-41	336090
67-41	156160
67-41	276160
67-41	432580
67-42	282000
67-42	01044340
67-42	281830
67-42	280960
67-42	281850
67-42	175970
67-42	172040
67-42	168300
67-42	172480
67-42	01045670
67-43	172900
67-43	01045820
67-43	166410
67-43	01067960
67-43	163390
67-43	282290
67-43	281200
67-43	280220
67-43	279910
67-43	279590
67-44	282320
67-44	513430
67-44	513380
67-44	112550
67-44	513410
67-44	052940
67-44	004050
67-44	513440
67-44	282950
67-44	159420
67-45	282490
67-45	173760
67-45	281970
67-45	281510
67-45	281260
67-45	391400
67-45	323340
67-45	281640
67-45	169910
67-45	140350
67-46	172170
67-46	139880
67-46	167260
67-46	282500
67-46	170470
67-46	167300
67-46	163590
67-46	217510
67-46	167380
67-46	169130
67-47	283210
67-47	173520
67-47	01046500
67-47	281290
67-47	167710
67-47	176250
67-47	179410
67-47	01012240
67-47	01068210
67-47	170170
67-48	283030
67-48	283050
67-48	175510
67-48	060980
67-48	062290
67-48	062280
67-48	142340
67-48	172080
67-48	178090
67-48	168130
67-49	283540
67-49	167350
67-49	172200
67-49	170640
67-49	134930
67-49	138850
67-49	164280
67-49	280640
67-49	283610
67-49	279740
67-50	175520
67-50	166170
67-50	165190
67-50	177370
67-50	165830
67-50	282880
67-50	283070
67-50	174640
67-50	127610
67-50	180830
67-51	174440
67-51	164550
67-51	173690
67-51	283200
67-51	283480
67-51	170640
67-51	281400
67-51	172830
67-51	283000
67-51	163200
67-52	552230
67-52	284170
67-52	164540
67-52	179560
67-52	180010
67-52	180310
67-52	177570
67-52	143760
67-52	175810
67-52	284400
67-53	176550
67-53	173390
67-53	177420
67-53	167660
67-53	284150
67-53	173280
67-53	180700
67-53	283660
67-53	145810
67-53	181160
67-54	110610
67-54	284550
67-54	110450
67-54	080340
67-54	326780
67-54	285430
67-54	284830
67-54	110440
67-54	285820
67-54	285210
67-55	284750
67-55	285300
67-55	103900
67-55	285810
67-55	108870
67-55	284740
67-55	068490
67-55	108970
67-55	081400
67-55	302340
67-56	284880
67-56	285050
67-56	284960
67-56	286330
67-56	285300
67-56	286270
67-56	286680
67-56	284900
67-56	284940
67-56	284550
67-57	286090
67-57	003780
67-57	019020
67-57	115320
67-57	285210
67-57	286260
67-57	285680
67-57	008490
67-57	287050
67-57	054810
67-58	285410
67-58	288610
67-58	166850
67-58	284850
67-58	068050
67-58	288620
67-58	284720
67-58	285700
67-58	285070
67-58	254560
67-59	285630
67-59	01003980
67-59	091680
67-59	009650
67-59	01004210
67-59	285150
67-59	316240
67-59	286640
67-59	291390
67-59	316390
67-60	285600
67-60	285510
67-60	285360
67-60	285000
67-60	284660
67-60	285180
67-60	284770
67-60	284810
67-60	044630
67-60	045320
67-61	286230
67-61	01080350
67-61	052510
67-61	01001580
67-61	355520
67-61	285710
67-61	01068730
67-61	287190
67-61	352290
67-61	516680
67-62	287740
67-62	287580
67-62	287320
67-62	545690
67-62	545830
67-62	151250
67-62	545760
67-62	034250
67-62	545870
67-62	258190
67-63	286420
67-63	287410
67-63	285350
67-63	082490
67-63	286590
67-63	286660
67-63	285880
67-63	01004210
67-63	285360
67-63	285960
67-64	286770
67-64	036020
67-64	286930
67-64	287320
67-64	316860
67-64	358170
67-64	355390
67-64	359600
67-64	316720
67-64	286580
67-65	285920
67-65	287000
67-65	286990
67-65	395500
67-65	01084340
67-65	287410
67-65	287350
67-65	287220
67-65	037330
67-65	336210
67-66	287400
67-66	287340
67-66	380750
67-66	286280
67-66	285960
67-66	285700
67-66	287020
67-66	287410
67-66	286840
67-66	285420
67-67	01068730
67-67	287130
67-67	01070390
67-67	471300
67-67	472580
67-67	030400
67-67	285810
67-67	030310
67-67	039720
67-67	285090
67-68	443820
67-68	445090
67-68	437790
67-68	445310
67-68	440050
67-68	098110
67-68	441690
67-68	441590
67-68	440110
67-68	441680
67-69	317310
67-69	287510
67-69	360660
67-69	368890
67-69	357490
67-69	361080
67-69	151240
67-69	359310
67-69	417970
67-69	453680
67-70	287690
67-70	287720
67-70	037540
67-70	116410
67-70	287380
67-70	286970
67-70	079480
67-70	430470
67-70	116490
67-70	085690
67-71	287870
67-71	069320
67-71	069980
67-71	288050
67-71	242710
67-71	287920
67-71	254090
67-71	373670
67-71	288500
67-71	031270
67-72	287920
67-72	287870
67-72	069320
67-72	133070
67-72	069450
67-72	288050
67-72	055740
67-72	242710
67-72	069270
67-72	498400
67-73	288010
67-73	288000
67-73	288690
67-73	069920
67-73	056040
67-73	155220
67-73	133240
67-73	254200
67-73	288440
67-73	288890
67-74	056380
67-74	224460
67-74	288390
67-74	484410
67-74	287990
67-74	387900
67-74	305270
67-74	069630
67-74	01038410
67-74	133780
67-75	090710
67-75	070660
67-75	186410
67-75	499030
67-75	498920
67-75	254720
67-75	288030
67-75	039830
67-75	288280
67-75	070380
67-76	288050
67-76	300810
67-76	242710
67-76	374420
67-76	317980
67-76	401810
67-76	318200
67-76	222320
67-76	305640
67-76	520870
67-77	288130
67-77	288230
67-77	069740
67-77	499530
67-77	147120
67-77	017000
67-77	069610
67-77	071970
67-77	017540
67-77	017530
67-78	389380
67-78	482540
67-78	267850
67-78	306190
67-78	165800
67-78	491050
67-78	288280
67-78	267610
67-78	414630
67-78	071270
67-79	288330
67-79	072390
67-79	153480
67-79	261270
67-79	267960
67-79	214720
67-79	072660
67-79	225260
67-79	153440
67-79	042510
67-80	288390
67-80	071990
67-80	246880
67-80	01058370
67-80	425630
67-80	301340
67-80	072850
67-80	074360
67-80	216020
67-80	112420
67-81	254840
67-81	073730
67-81	254860
67-81	01063920
67-81	271650
67-81	288680
67-81	243860
67-81	262850
67-81	187380
67-81	529680
67-82	288730
67-82	171830
67-82	115800
67-82	045940
67-82	243740
67-82	045150
67-82	045340
67-82	040140
67-82	331020
67-82	088920
67-83	289330
67-83	341980
67-83	342080
67-83	342380
67-83	289140
67-83	290560
67-83	289720
67-83	342240
67-83	289400
67-83	295460
67-84	289550
67-84	343520
67-84	293410
67-84	289670
67-84	080880
67-84	290240
67-84	294500
67-84	342850
67-84	294760
67-84	297180
67-85	289450
67-85	290360
67-85	289990
67-85	289470
67-85	342970
67-85	289920
67-85	291140
67-85	290810
67-85	290350
67-85	289650
67-86	289230
67-86	289380
67-86	290320
67-86	343450
67-86	341560
67-86	290280
67-86	342830
67-86	293450
67-86	342560
67-86	341580
67-87	344260
67-87	290260
67-87	345110
67-87	290770
67-87	291860
67-87	293980
67-87	292300
67-87	290220
67-87	290520
67-87	292430
67-88	289880
67-88	344120
67-88	343860
67-88	290060
67-88	290690
67-88	291630
67-88	289970
67-88	344730
67-88	346560
67-88	292230
67-89	289900
67-89	291790
67-89	289650
67-89	01079320
67-89	290340
67-89	348800
67-89	289890
67-89	289920
67-89	343910
67-89	290360
67-90	289970
67-90	291470
67-90	290690
67-90	344540
67-90	292660
67-90	293790
67-90	291930
67-90	291350
67-90	346830
67-90	291830
67-91	290280
67-91	344250
67-91	289230
67-91	292560
67-91	290360
67-91	289890
67-91	345100
67-91	349730
67-91	290340
67-91	01069490
67-92	289410
67-92	290660
67-92	290150
67-92	343810
67-92	285160
67-92	293390
67-92	103670
67-92	289440
67-92	289660
67-92	296530
67-93	290300
67-93	290370
67-93	344930
67-93	289800
67-93	344920
67-93	289690
67-93	01001410
67-93	291020
67-93	289670
67-93	080900
67-94	346230
67-94	291500
67-94	290800
67-94	295500
67-94	290570
67-94	291690
67-94	092660
67-94	293140
67-94	293670
67-94	290030
68-1	291500
68-1	346230
68-1	290570
68-1	290800
68-1	291890
68-1	293390
68-1	293670
68-1	290430
68-1	293140
68-1	316320
68-2	289350
68-2	289270
68-2	347940
68-2	108600
68-2	291990
68-2	003100
68-2	289510
68-2	345360
68-2	353220
68-2	108790
68-3	290240
68-3	290760
68-3	289630
68-3	293820
68-3	292400
68-3	289260
68-3	345730
68-3	290770
68-3	344660
68-3	290050
68-4	289460
68-4	289920
68-4	343110
68-4	294020
68-4	290690
68-4	289480
68-4	292600
68-4	290950
68-4	295480
68-4	293210
68-5	347930
68-5	290740
68-5	289590
68-5	289650
68-5	290510
68-5	290090
68-5	291230
68-5	350810
68-5	292700
68-5	346620
68-6	290650
68-6	01076830
68-6	016070
68-6	346460
68-6	254320
68-6	317530
68-6	081220
68-6	016190
68-6	290820
68-6	284850
68-7	291660
68-7	291640
68-7	289510
68-7	01077990
68-7	081660
68-7	347550
68-7	177380
68-7	296000
68-7	438790
68-7	002060
68-8	290170
68-8	290320
68-8	290070
68-8	347480
68-8	356180
68-8	291380
68-8	291090
68-8	289950
68-8	347190
68-8	348640
68-9	290370
68-9	291020
68-9	289800
68-9	289670
68-9	347610
68-9	348870
68-9	291940
68-9	290300
68-9	342700
68-9	343090
68-10	291450
68-10	083210
68-10	01022210
68-10	01077860
68-10	288820
68-10	294340
68-10	292870
68-10	292760
68-10	288180
68-10	288300
68-11	291600
68-11	290160
68-11	290680
68-11	290790
68-11	275550
68-11	114120
68-11	289600
68-11	01064790
68-11	290770
68-11	292400
68-12	345790
68-12	289670
68-12	291620
68-12	293780
68-12	269980
68-12	348790
68-12	346630
68-12	346930
68-12	297840
68-12	268720
68-13	291100
68-13	291530
68-13	292110
68-13	348290
68-13	092110
68-13	291620
68-13	068200
68-13	291960
68-13	01024960
68-13	01068500
68-14	290360
68-14	291560
68-14	289890
68-14	289650
68-14	289310
68-14	290340
68-14	290350
68-14	289900
68-14	291940
68-14	348310
68-15	293060
68-15	461730
68-15	297660
68-15	355380
68-15	133210
68-15	276360
68-15	356720
68-15	344570
68-15	296760
68-15	306110
68-16	293390
68-16	347210
68-16	289960
68-16	292050
68-16	350090
68-16	295250
68-16	350580
68-16	292080
68-16	290830
68-16	292680
68-17	292450
68-17	294590
68-17	291450
68-17	294000
68-17	355480
68-17	293470
68-17	292760
68-17	294140
68-17	294110
68-17	346180
68-18	297710
68-18	297350
68-18	356890
68-18	296990
68-18	294420
68-18	292180
68-18	296590
68-18	289400
68-18	296000
68-18	298390
68-19	292390
68-19	289400
68-19	291090
68-19	344090
68-19	351210
68-19	289900
68-19	003210
68-19	290170
68-19	291790
68-19	462310
68-20	292370
68-20	292430
68-20	291290
68-20	292170
68-20	296020
68-20	289520
68-20	292520
68-20	295050
68-20	290520
68-20	289150
68-21	292310
68-21	295990
68-21	293600
68-21	294850
68-21	291920
68-21	293100
68-21	290510
68-21	297420
68-21	299970
68-21	297850
68-22	351310
68-22	313050
68-22	293790
68-22	359360
68-22	296280
68-22	293900
68-22	292670
68-22	299030
68-22	291470
68-22	291480
68-23	292210
68-23	291120
68-23	002910
68-23	350180
68-23	002920
68-23	291480
68-23	155450
68-23	289910
68-23	289210
68-23	291850
68-24	291120
68-24	290660
68-24	291480
68-24	291150
68-24	289220
68-24	290210
68-24	292210
68-24	295080
68-24	002920
68-24	292160
68-25	295250
68-25	295660
68-25	106340
68-25	292790
68-25	290800
68-25	327790
68-25	299140
68-25	295090
68-25	292050
68-25	501460
68-26	293670
68-26	291500
68-26	293630
68-26	290570
68-26	291690
68-26	293390
68-26	503410
68-26	346230
68-26	290430
68-26	295500
68-27	293460
68-27	291850
68-27	352950
68-27	291540
68-27	294340
68-27	293160
68-27	293280
68-27	051770
68-27	294540
68-27	294680
68-28	293670
68-28	293680
68-28	01051860
68-28	289670
68-28	392970
68-28	296590
68-28	291540
68-28	353940
68-28	175610
68-28	290330
68-29	293780
68-29	293640
68-29	295930
68-29	290400
68-29	293870
68-29	295660
68-29	366230
68-29	346210
68-29	289670
68-29	104780
68-30	292110
68-30	293110
68-30	290550
68-30	345090
68-30	351130
68-30	293780
68-30	068200
68-30	291100
68-30	348290
68-30	299770
68-31	293530
68-31	292280
68-31	01079860
68-31	354860
68-31	294010
68-31	436140
68-31	295500
68-31	292210
68-31	289420
68-31	295780
68-32	292850
68-32	294920
68-32	292660
68-32	294240
68-32	294940
68-32	293280
68-32	295830
68-32	294740
68-32	291540
68-32	293910
68-33	294620
68-33	490170
68-33	521180
68-33	101160
68-33	289350
68-33	401370
68-33	501500
68-33	291770
68-33	376230
68-33	100780
68-34	296120
68-34	294150
68-34	294880
68-34	390230
68-34	355660
68-34	292870
68-34	290890
68-34	292910
68-34	389220
68-34	295340
68-35	294880
68-35	296120
68-35	355660
68-35	390230
68-35	259890
68-35	389220
68-35	294150
68-35	155380
68-35	390280
68-35	362170
68-36	294590
68-36	292450
68-36	355480
68-36	294000
68-36	291450
68-36	292760
68-36	289600
68-36	291740
68-36	294140
68-36	293470
68-37	294550
68-37	362930
68-37	01081320
68-37	346370
68-37	295980
68-37	292280
68-37	303920
68-37	362920
68-37	362410
68-37	367210
68-38	299010
68-38	299180
68-38	299170
68-38	083790
68-38	000870
68-38	001200
68-38	083710
68-38	000620
68-38	369200
68-38	322480
68-39	292850
68-39	296420
68-39	295340
68-39	316800
68-39	403460
68-39	363120
68-39	294920
68-39	417830
68-39	297790
68-39	298060
68-40	359620
68-40	295520
68-40	293310
68-40	358180
68-40	297130
68-40	294380
68-40	292130
68-40	293780
68-40	294970
68-40	294160
68-41	296070
68-41	290570
68-41	290190
68-41	290660
68-41	032110
68-41	295250
68-41	292190
68-41	151450
68-41	289690
68-41	289480
68-42	295080
68-42	296100
68-42	292210
68-42	291120
68-42	358950
68-42	002910
68-42	244840
68-42	297720
68-42	479740
68-42	297090
68-43	294990
68-43	437860
68-43	358300
68-43	01089320
68-43	297250
68-43	290170
68-43	437900
68-43	439380
68-43	442700
68-43	355960
68-44	295780
68-44	296110
68-44	353760
68-44	353740
68-44	292590
68-44	01081320
68-44	354620
68-44	01080790
68-44	356640
68-44	294010
68-45	286770
68-45	036020
68-45	295330
68-45	362910
68-45	292850
68-45	316860
68-45	358170
68-45	298060
68-45	01069400
68-45	294820
68-46	295180
68-46	295030
68-46	358240
68-46	357880
68-46	350200
68-46	294350
68-46	082610
68-46	362190
68-46	359840
68-46	349830
68-47	296420
68-47	292850
68-47	297790
68-47	316800
68-47	295340
68-47	359970
68-47	293590
68-47	246310
68-47	350200
68-47	360660
68-48	01101360
68-48	295170
68-48	296530
68-48	294740
68-48	101440
68-48	296610
68-48	291540
68-48	348080
68-48	356050
68-48	416480
68-49	296780
68-49	298220
68-49	352960
68-49	356850
68-49	297180
68-49	355040
68-49	357250
68-49	345760
68-49	286390
68-49	293590
68-50	296300
68-50	297120
68-50	434280
68-50	032170
68-50	434240
68-50	433980
68-50	361170
68-50	095720
68-50	360470
68-50	361570
68-51	364270
68-51	403890
68-51	363200
68-51	131940
68-51	297340
68-51	405420
68-51	490950
68-51	437790
68-51	410080
68-51	253660
68-52	358520
68-52	362390
68-52	478670
68-52	289460
68-52	290880
68-52	361120
68-52	342900
68-52	099450
68-52	369940
68-52	298930
68-53	297410
68-53	289500
68-53	291470
68-53	289670
68-53	292020
68-53	296420
68-53	455270
68-53	292570
68-53	297890
68-53	353350
68-54	295340
68-54	361080
68-54	296420
68-54	360660
68-54	509330
68-54	299800
68-54	365810
68-54	294940
68-54	295080
68-54	418660
68-55	297800
68-55	160450
68-55	366480
68-55	299920
68-55	366010
68-55	299660
68-55	363780
68-55	489820
68-55	293710
68-55	193850
68-56	296080
68-56	298460
68-56	01070470
68-56	358160
68-56	293780
68-56	299190
68-56	296170
68-56	291620
68-56	353310
68-56	299490
68-57	294160
68-57	295520
68-57	297130
68-57	359620
68-57	298240
68-57	358180
68-57	293480
68-57	293310
68-57	324180
68-57	293820
68-58	297710
68-58	298400
68-58	364020
68-58	298180
68-58	365440
68-58	294130
68-58	295120
68-58	292180
68-58	125530
68-58	299090
68-59	298710
68-59	01081830
68-59	298310
68-59	299140
68-59	01082170
68-59	01081790
68-59	01082180
68-59	01081980
68-59	01070560
68-59	367200
68-60	01070560
68-60	299140
68-60	01082180
68-60	367200
68-60	333490
68-60	324950
68-60	01082170
68-60	298710
68-60	298820
68-60	295250
68-61	01082140
68-61	299150
68-61	367740
68-61	299000
68-61	297820
68-61	293820
68-61	290770
68-61	01088330
68-61	292400
68-61	368290
68-62	298720
68-62	352790
68-62	299190
68-62	299520
68-62	138220
68-62	296080
68-62	293390
68-62	294060
68-62	01081050
68-62	293490
68-63	298720
68-63	352790
68-63	299190
68-63	293490
68-63	294060
68-63	138220
68-63	296080
68-63	293390
68-63	01081050
68-63	299520
68-64	295150
68-64	290140
68-64	121100
68-64	294500
68-64	350750
68-64	299030
68-64	299260
68-64	295970
68-64	292660
68-64	296710
68-65	299660
68-65	299770
68-65	370330
68-65	097720
68-65	370480
68-65	299460
68-65	317440
68-65	298510
68-65	298410
68-65	01088330
68-66	055620
68-66	300060
68-66	162700
68-66	162710
68-66	116400
68-66	162990
68-66	099580
68-66	163310
68-66	116430
68-66	275210
68-67	163250
68-67	275160
68-67	163620
68-67	279680
68-67	300540
68-67	163100
68-67	163950
68-67	133260
68-67	300770
68-67	164780
68-68	300550
68-68	164210
68-68	01088120
68-68	165750
68-68	300700
68-68	172290
68-68	270470
68-68	164320
68-68	01066560
68-68	432980
68-69	093600
68-69	094210
68-69	332310
68-69	096120
68-69	330140
68-69	087350
68-69	300940
68-69	334530
68-69	353540
68-69	468390
68-70	135140
68-70	165570
68-70	167380
68-70	134040
68-70	322980
68-70	170020
68-70	164300
68-70	057730
68-70	168530
68-70	119110
68-71	301060
68-71	301870
68-71	168360
68-71	167630
68-71	349440
68-71	168010
68-71	300790
68-71	301630
68-71	170160
68-71	150980
68-72	301230
68-72	302120
68-72	165420
68-72	165160
68-72	300770
68-72	170570
68-72	226050
68-72	136130
68-72	167230
68-72	389410
68-73	301020
68-73	280160
68-73	166350
68-73	389510
68-73	165160
68-73	225130
68-73	301230
68-73	301080
68-73	100560
68-73	279590
68-74	301220
68-74	134430
68-74	301810
68-74	388750
68-74	280230
68-74	300630
68-74	164300
68-74	389380
68-74	134990
68-74	301670
68-75	166720
68-75	280760
68-75	165850
68-75	301110
68-75	280320
68-75	224790
68-75	171280
68-75	135130
68-75	058880
68-75	091960
68-76	303720
68-76	301870
68-76	300840
68-76	168740
68-76	303420
68-76	301260
68-76	301100
68-76	300270
68-76	300930
68-76	01043770
68-77	167190
68-77	301390
68-77	280880
68-77	301030
68-77	01070630
68-77	301870
68-77	300830
68-77	302310
68-77	301630
68-77	303020
68-78	389950
68-78	301290
68-78	280610
68-78	167090
68-78	269970
68-78	091850
68-78	168580
68-78	235610
68-78	301710
68-78	133890
68-79	281340
68-79	167390
68-79	101240
68-79	169390
68-79	390970
68-79	301680
68-79	301400
68-79	01070820
68-79	166990
68-79	390560
68-80	301730
68-80	168560
68-80	114550
68-80	169400
68-80	389620
68-80	166990
68-80	166710
68-80	301400
68-80	01043360
68-80	01025320
68-81	169840
68-81	301570
68-81	301940
68-81	138190
68-81	168150
68-81	058770
68-81	301880
68-81	168830
68-81	163250
68-81	300540
68-82	302020
68-82	281860
68-82	114940
68-82	122580
68-82	427110
68-82	173310
68-82	162900
68-82	280530
68-82	061310
68-82	166070
68-83	093620
68-83	301990
68-83	163590
68-83	175310
68-83	300980
68-83	172240
68-83	169300
68-83	460980
68-83	01065860
68-83	138740
68-84	282300
68-84	01012090
68-84	302470
68-84	170010
68-84	281290
68-84	301360
68-84	300990
68-84	302680
68-84	300810
68-84	281540
68-85	302550
68-85	302780
68-85	168190
68-85	301560
68-85	303080
68-85	280040
68-85	177440
68-85	167460
68-85	175210
68-85	166900
68-86	01028500
68-86	302920
68-86	249320
68-86	282760
68-86	311130
68-86	104680
68-86	101060
68-86	253120
68-86	107320
68-86	249620
68-87	303090
68-87	01027190
68-87	302780
68-87	174770
68-87	302610
68-87	102460
68-87	302030
68-87	140850
68-87	173580
68-87	01068180
68-88	517260
68-88	517280
68-88	517460
68-88	517400
68-88	517590
68-88	517410
68-88	517050
68-88	517360
68-88	517390
68-88	513670
68-89	226430
68-89	279910
68-89	283710
68-89	172480
68-89	388930
68-89	303750
68-89	226320
68-89	177560
68-89	392080
68-89	303260
68-90	302550
68-90	302410
68-90	174790
68-90	173430
68-90	281620
68-90	01046990
68-90	392710
68-90	169330
68-90	303800
68-90	282510
68-91	303950
68-91	265420
68-91	304120
68-91	461780
68-91	391270
68-91	476050
68-91	476620
68-91	465210
68-91	383920
68-91	462380
68-92	304120
68-92	265420
68-92	465210
68-92	383920
68-92	434180
68-92	322150
68-92	476620
68-92	476050
68-92	391270
68-92	315060
68-93	274990
68-93	274950
68-93	01071220
68-93	055550
68-93	133120
68-93	274970
68-93	162550
68-93	484590
68-93	304410
68-93	304410
68-94	304440
68-94	304340
68-94	162710
68-94	304360
68-94	304430
68-94	01071240
68-94	305040
68-94	304870
68-94	304500
68-94	304330
69-1	304460
69-1	162860
69-1	304330
69-1	456140
69-1	304800
69-1	084380
69-1	373380
69-1	304370
69-1	300220
69-1	162850
69-2	304870
69-2	305400
69-2	304590
69-2	306760
69-2	304500
69-2	305040
69-2	304440
69-2	304410
69-2	304410
69-2	306360
69-3	304900
69-3	304620
69-3	388340
69-3	305250
69-3	304910
69-3	306090
69-3	275290
69-3	189840
69-3	308270
69-3	099780
69-4	305070
69-4	304740
69-4	168010
69-4	150980
69-4	353130
69-4	167630
69-4	170160
69-4	305520
69-4	346370
69-4	167550
69-5	306920
69-5	304820
69-5	305210
69-5	306470
69-5	102240
69-5	305470
69-5	132720
69-5	307700
69-5	309240
69-5	306960
69-6	308460
69-6	306450
69-6	304450
69-6	304910
69-6	304350
69-6	313810
69-6	305620
69-6	307170
69-6	306040
69-6	305920
69-7	305280
69-7	305520
69-7	306570
69-7	01071930
69-7	301630
69-7	167550
69-7	305070
69-7	172010
69-7	276820
69-7	306100
69-8	305580
69-8	306140
69-8	275680
69-8	484710
69-8	305390
69-8	01083720
69-8	117600
69-8	01071310
69-8	312150
69-8	307690
69-9	305800
69-9	308810
69-9	306460
69-9	306810
69-9	322980
69-9	306370
69-9	305940
69-9	307740
69-9	308700
69-9	322890
69-10	305640
69-10	118080
69-10	300810
69-10	164870
69-10	304500
69-10	305260
69-10	245410
69-10	305040
69-10	100120
69-10	310440
69-11	305270
69-11	305710
69-11	01071670
69-11	01043430
69-11	01071580
69-11	307280
69-11	308320
69-11	304590
69-11	305860
69-11	305860
69-12	01072140
69-12	306630
69-12	307410
69-12	305240
69-12	307710
69-12	433240
69-12	309290
69-12	165630
69-12	197490
69-12	305860
69-13	306240
69-13	306800
69-13	307540
69-13	485320
69-13	01061490
69-13	433310
69-13	306610
69-13	305000
69-13	308500
69-13	166230
69-14	306110
69-14	280510
69-14	389630
69-14	375870
69-14	166190
69-14	118580
69-14	387180
69-14	425190
69-14	305730
69-14	166810
69-15	306620
69-15	035960
69-15	304470
69-15	304330
69-15	307600
69-15	306000
69-15	304360
69-15	01071730
69-15	304430
69-15	305590
69-16	306490
69-16	389560
69-16	306500
69-16	308700
69-16	306970
69-16	308850
69-16	389400
69-16	306810
69-16	308390
69-16	305000
69-17	306570
69-17	307640
69-17	305410
69-17	166260
69-17	01071930
69-17	100580
69-17	190520
69-17	521850
69-17	312500
69-17	313400
69-18	306120
69-18	100670
69-18	310080
69-18	389330
69-18	01071740
69-18	165850
69-18	305740
69-18	01072600
69-18	311070
69-18	305080
69-19	304810
69-19	304860
69-19	268700
69-19	304800
69-19	163590
69-19	304530
69-19	308020
69-19	432460
69-19	305000
69-19	304460
69-20	307290
69-20	306180
69-20	305040
69-20	305450
69-20	307360
69-20	306290
69-20	433780
69-20	306010
69-20	01072990
69-20	306360
69-21	307150
69-21	305120
69-21	136610
69-21	306130
69-21	311820
69-21	304540
69-21	306980
69-21	305940
69-21	306610
69-21	308700
69-22	306870
69-22	010650
69-22	328970
69-22	011820
69-22	01004130
69-22	425370
69-22	01004700
69-22	485530
69-22	008980
69-22	294970
69-23	307230
69-23	01071390
69-23	306780
69-23	307960
69-23	01071920
69-23	305570
69-23	305080
69-23	01071740
69-23	304710
69-23	304750
69-24	306960
69-24	304410
69-24	304410
69-24	308230
69-24	305800
69-24	306220
69-24	305720
69-24	310360
69-24	164810
69-24	167560
69-25	307570
69-25	304410
69-25	304410
69-25	307310
69-25	305400
69-25	100980
69-25	306900
69-25	307550
69-25	308430
69-25	309080
69-26	308170
69-26	114670
69-26	172040
69-26	305670
69-26	306110
69-26	308700
69-26	306140
69-26	304860
69-26	304590
69-26	306290
69-27	308480
69-27	311230
69-27	308000
69-27	310630
69-27	311850
69-27	308660
69-27	306690
69-27	311240
69-27	310760
69-27	312500
69-28	01083200
69-28	305000
69-28	01093180
69-28	305260
69-28	308810
69-28	01071740
69-28	306580
69-28	305080
69-28	307040
69-28	311920
69-29	306150
69-29	308120
69-29	308110
69-29	308320
69-29	305650
69-29	305600
69-29	305110
69-29	307730
69-29	307280
69-29	169030
69-30	305490
69-30	304450
69-30	308460
69-30	460160
69-30	304910
69-30	305800
69-30	309680
69-30	305820
69-30	310400
69-30	309440
69-31	308210
69-31	169120
69-31	137540
69-31	268090
69-31	01072600
69-31	309810
69-31	308320
69-31	091560
69-31	137680
69-31	307900
69-32	307950
69-32	01071740
69-32	168840
69-32	305090
69-32	101300
69-32	307960
69-32	305080
69-32	304870
69-32	305140
69-32	304620
69-33	311180
69-33	307780
69-33	305860
69-33	305860
69-33	305300
69-33	01072750
69-33	308070
69-33	307510
69-33	309080
69-33	309810
69-34	01072300
69-34	312700
69-34	308670
69-34	01072170
69-34	307270
69-34	01067440
69-34	01072370
69-34	307780
69-34	307200
69-34	305970
69-35	308040
69-35	308750
69-35	304540
69-35	118940
69-35	304820
69-35	114640
69-35	276690
69-35	390410
69-35	305880
69-35	310840
69-36	308910
69-36	311300
69-36	338340
69-36	432770
69-36	359390
69-36	521000
69-36	430820
69-36	314260
69-36	102600
69-36	310470
69-37	281030
69-37	312150
69-37	01072910
69-37	308140
69-37	309790
69-37	323130
69-37	309220
69-37	059080
69-37	307070
69-37	245490
69-38	307430
69-38	307110
69-38	308880
69-38	305620
69-38	311790
69-38	305250
69-38	308250
69-38	308230
69-38	309440
69-38	308270
69-39	308060
69-39	304810
69-39	305940
69-39	304750
69-39	163860
69-39	308810
69-39	01072390
69-39	501460
69-39	01072630
69-39	304530
69-40	309730
69-40	308850
69-40	173940
69-40	170340
69-40	139220
69-40	171310
69-40	281760
69-40	122960
69-40	302150
69-40	074220
69-41	305730
69-41	310320
69-41	308920
69-41	305150
69-41	306280
69-41	304800
69-41	308020
69-41	164680
69-41	323310
69-41	304810
69-42	308880
69-42	308120
69-42	308230
69-42	01071670
69-42	305710
69-42	307730
69-42	308210
69-42	306670
69-42	311760
69-42	308540
69-43	308930
69-43	305580
69-43	489070
69-43	486270
69-43	308940
69-43	167580
69-43	309400
69-43	164650
69-43	236760
69-43	306210
69-44	173130
69-44	139280
69-44	309460
69-44	486300
69-44	311810
69-44	313420
69-44	202260
69-44	312620
69-44	313660
69-44	313270
69-45	309340
69-45	307620
69-45	311310
69-45	304460
69-45	323010
69-45	017960
69-45	310860
69-45	308020
69-45	309540
69-45	300980
69-46	306400
69-46	305730
69-46	309610
69-46	308810
69-46	307740
69-46	309370
69-46	310090
69-46	304410
69-46	304410
69-46	306810
69-47	308850
69-47	309730
69-47	310860
69-47	122960
69-47	281760
69-47	139220
69-47	140340
69-47	391510
69-47	171310
69-47	170340
69-48	310200
69-48	462780
69-48	306290
69-48	310690
69-48	306880
69-48	307190
69-48	309800
69-48	308020
69-48	312150
69-48	01076000
69-49	310470
69-49	308910
69-49	172420
69-49	01005980
69-49	432220
69-49	244690
69-49	359390
69-49	173230
69-49	191510
69-49	521000
69-50	308320
69-50	302680
69-50	308210
69-50	305950
69-50	308400
69-50	307900
69-50	172560
69-50	305260
69-50	311250
69-50	305270
69-51	310150
69-51	306230
69-51	392030
69-51	305270
69-51	305110
69-51	308320
69-51	305040
69-51	308200
69-51	304490
69-51	377120
69-52	310930
69-52	310650
69-52	116060
69-52	435380
69-52	381230
69-52	141130
69-52	174280
69-52	463380
69-52	310610
69-52	061720
69-53	289010
69-53	306980
69-53	305730
69-53	310970
69-53	308040
69-53	310850
69-53	308700
69-53	305670
69-53	306140
69-53	310340
69-54	310010
69-54	308730
69-54	306290
69-54	306400
69-54	309700
69-54	311730
69-54	310360
69-54	312290
69-54	312090
69-54	312150
69-55	312990
69-55	307360
69-55	310040
69-55	139650
69-55	305860
69-55	305860
69-55	307270
69-55	312010
69-55	116550
69-55	308070
69-56	328840
69-56	329960
69-56	334000
69-56	329420
69-56	328860
69-56	329600
69-56	329190
69-56	331070
69-56	330580
69-56	327280
69-57	311290
69-57	306050
69-57	305830
69-57	308620
69-57	308100
69-57	305700
69-57	313150
69-57	309860
69-57	306400
69-57	310440
69-58	312190
69-58	311310
69-58	303070
69-58	392600
69-58	463550
69-58	309620
69-58	166730
69-58	460190
69-58	305000
69-58	141840
69-59	01028500
69-59	311130
69-59	282760
69-59	104680
69-59	105440
69-59	106800
69-59	309350
69-59	106560
69-59	105190
69-59	272980
69-60	311520
69-60	311030
69-60	463610
69-60	307960
69-60	282870
69-60	525970
69-60	323440
69-60	289010
69-60	310360
69-60	392500
69-61	311870
69-61	305860
69-61	305860
69-61	305260
69-61	01071670
69-61	01072990
69-61	311100
69-61	01071580
69-61	305590
69-61	305240
69-62	311500
69-62	01072170
69-62	01071950
69-62	306260
69-62	311260
69-62	308140
69-62	307530
69-62	309220
69-62	311910
69-62	306660
69-63	311560
69-63	312160
69-63	310970
69-63	306700
69-63	01071740
69-63	311540
69-63	305080
69-63	311670
69-63	306180
69-63	310670
69-64	01071670
69-64	312420
69-64	306170
69-64	307280
69-64	305860
69-64	305860
69-64	01072090
69-64	308880
69-64	309360
69-64	311680
69-65	306090
69-65	310750
69-65	308270
69-65	304600
69-65	309920
69-65	392780
69-65	304330
69-65	308350
69-65	304910
69-65	311790
69-66	312160
69-66	310560
69-66	175110
69-66	310220
69-66	312660
69-66	311070
69-66	308590
69-66	305920
69-66	308700
69-66	140520
69-67	311910
69-67	312250
69-67	143340
69-67	166350
69-67	177080
69-67	188000
69-67	308670
69-67	196020
69-67	113970
69-67	120920
69-68	311800
69-68	310210
69-68	323540
69-68	313540
69-68	306970
69-68	175170
69-68	311810
69-68	463820
69-68	310860
69-68	143750
69-69	311920
69-69	307060
69-69	305000
69-69	307960
69-69	304750
69-69	307540
69-69	308570
69-69	307040
69-69	304410
69-69	304410
69-70	311840
69-70	308730
69-70	305920
69-70	307740
69-70	307190
69-70	303160
69-70	01071670
69-70	306130
69-70	01072910
69-70	278030
69-71	311870
69-71	312810
69-71	278070
69-71	102680
69-71	312940
69-71	175990
69-71	307290
69-71	304590
69-71	310820
69-71	309160
69-72	312630
69-72	464880
69-72	01071670
69-72	306170
69-72	312420
69-72	305860
69-72	305860
69-72	305640
69-72	304500
69-72	01072990
69-73	01072910
69-73	312150
69-73	306370
69-73	278250
69-73	308620
69-73	312290
69-73	312830
69-73	01045940
69-73	311730
69-73	305940
69-74	312270
69-74	312260
69-74	464710
69-74	383670
69-74	312990
69-74	313120
69-74	309850
69-74	308710
69-74	312820
69-74	305960
69-75	031430
69-75	309960
69-75	311320
69-75	312110
69-75	311800
69-75	311390
69-75	312730
69-75	313570
69-75	309870
69-75	172620
69-76	283710
69-76	063650
69-76	312890
69-76	312700
69-76	436150
69-76	312160
69-76	178660
69-76	01072630
69-76	307200
69-76	383850
69-77	096870
69-77	308730
69-77	309250
69-77	313330
69-77	313130
69-77	308170
69-77	307740
69-77	307940
69-77	313420
69-77	306290
69-78	308700
69-78	306110
69-78	308810
69-78	304810
69-78	308170
69-78	306400
69-78	305730
69-78	01072390
69-78	306280
69-78	304860
69-79	313420
69-79	308700
69-79	313660
69-79	309700
69-79	01072910
69-79	313180
69-79	312150
69-79	306290
69-79	310320
69-79	305730
69-80	312840
69-80	209200
69-80	208880
69-80	031290
69-80	151020
69-80	342970
69-80	437080
69-80	151200
69-80	306110
69-80	118580
69-81	063550
69-81	465390
69-81	278420
69-81	238810
69-81	313020
69-81	431840
69-81	303730
69-81	312620
69-81	306130
69-81	308150
69-82	313260
69-82	493210
69-82	493240
69-82	394290
69-82	313440
69-82	307130
69-82	311610
69-82	144880
69-82	493180
69-82	492720
69-83	306810
69-83	306370
69-83	305730
69-83	304410
69-83	304410
69-83	312830
69-83	309010
69-83	305880
69-83	311540
69-83	308620
69-84	306810
69-84	313420
69-84	307960
69-84	308700
69-84	304410
69-84	304410
69-84	01072390
69-84	307110
69-84	308320
69-84	313740
69-85	313930
69-85	313570
69-85	312260
69-85	310390
69-85	307520
69-85	127430
69-85	312270
69-85	308850
69-85	146000
69-85	171900
69-86	313440
69-86	493930
69-86	493210
69-86	162770
69-86	122710
69-86	224370
69-86	305930
69-86	313260
69-86	01071550
69-86	01071730
69-87	145780
69-87	313700
69-87	312260
69-87	311100
69-87	180430
69-87	394390
69-87	227240
69-87	309170
69-87	309780
69-87	312270
69-88	308990
69-88	311840
69-88	312830
69-88	304620
69-88	306290
69-88	304410
69-88	304410
69-88	313420
69-88	307230
69-88	311730
69-89	180440
69-89	313380
69-89	313750
69-89	310210
69-89	311470
69-89	305480
69-89	078460
69-89	311800
69-89	313860
69-89	466090
69-90	313380
69-90	180440
69-90	311470
69-90	145050
69-90	169670
69-90	128540
69-90	175560
69-90	313750
69-90	01072760
69-90	312490
69-91	313820
69-91	326230
69-91	409210
69-91	326140
69-91	246010
69-91	545830
69-91	481630
69-91	321270
69-91	437350
69-91	385650
69-92	313520
69-92	312620
69-92	313270
69-92	313940
69-92	310320
69-92	314060
69-92	180920
69-92	307250
69-92	306290
69-92	313180
69-93	314210
69-93	314260
69-93	261370
69-93	420180
69-93	420130
69-93	432100
69-93	432850
69-93	410790
69-93	304490
69-93	314500
69-94	314300
69-94	314460
69-94	314250
69-94	056450
69-94	234760
69-94	484860
69-94	245280
69-94	01060420
69-94	228120
69-94	041720
70-1	314800
70-1	237710
70-1	125250
70-1	272890
70-1	235880
70-1	377880
70-1	527710
70-1	238420
70-1	141450
70-1	01092730
70-2	409360
70-2	314950
70-2	315870
70-2	059500
70-2	056570
70-2	265520
70-2	001050
70-2	395300
70-2	082570
70-2	245240
70-3	336070
70-3	356860
70-3	314990
70-3	180210
70-3	028430
70-3	246530
70-3	356180
70-3	317580
70-3	028690
70-3	361320
70-4	315010
70-4	314730
70-4	314840
70-4	314500
70-4	235930
70-4	236150
70-4	239420
70-4	314650
70-4	000100
70-4	490070
70-5	315060
70-5	315070
70-5	314790
70-5	236540
70-5	01073150
70-5	392850
70-5	058770
70-5	410420
70-5	000100
70-5	245840
70-6	315210
70-6	021360
70-6	467770
70-6	017870
70-6	053930
70-6	043690
70-6	037880
70-6	053550
70-6	467830
70-6	017780
70-7	315280
70-7	344430
70-7	284460
70-7	284660
70-7	284610
70-7	315440
70-7	01077330
70-7	067280
70-7	284810
70-7	01073190
70-8	018200
70-8	043690
70-8	315390
70-8	468360
70-8	017780
70-8	017770
70-8	467920
70-8	018100
70-8	017910
70-8	468930
70-9	315480
70-9	315500
70-9	315870
70-9	261050
70-9	315270
70-9	315720
70-9	315670
70-9	315330
70-9	259740
70-9	162600
70-10	315700
70-10	315820
70-10	040410
70-10	315670
70-10	098290
70-10	315840
70-10	315560
70-10	038140
70-10	401490
70-10	041440
70-11	315710
70-11	315830
70-11	290030
70-11	344040
70-11	344670
70-11	315660
70-11	257050
70-11	244210
70-11	257520
70-11	046580
70-12	067950
70-12	292750
70-12	316110
70-12	353110
70-12	349700
70-12	315480
70-12	316300
70-12	347830
70-12	067970
70-12	316790
70-13	316120
70-13	316020
70-13	395290
70-13	292160
70-13	290660
70-13	347430
70-13	395270
70-13	352660
70-13	315600
70-13	345540
70-14	316080
70-14	316310
70-14	173090
70-14	285950
70-14	301200
70-14	082050
70-14	349740
70-14	01011990
70-14	304360
70-14	093610
70-15	316590
70-15	316340
70-15	087490
70-15	400420
70-15	399930
70-15	326450
70-15	511290
70-15	400480
70-15	023620
70-15	400130
70-16	317090
70-16	317200
70-16	317280
70-16	316370
70-16	316350
70-16	316900
70-16	317410
70-16	088590
70-16	402300
70-16	317170
70-17	317210
70-17	366310
70-17	317270
70-17	489810
70-17	316190
70-17	01000390
70-17	132480
70-17	022360
70-17	324360
70-17	234820
70-18	317120
70-18	317160
70-18	298160
70-18	354660
70-18	484060
70-18	318340
70-18	062060
70-18	068990
70-18	356390
70-18	345420
70-19	317410
70-19	316120
70-19	317390
70-19	317090
70-19	395560
70-19	317200
70-19	317370
70-19	317300
70-19	316000
70-19	316420
70-20	317370
70-20	214980
70-20	317150
70-20	317100
70-20	317300
70-20	477070
70-20	317410
70-20	088060
70-20	317390
70-20	401490
70-21	080490
70-21	01006750
70-21	317660
70-21	317530
70-21	317790
70-21	343420
70-21	029840
70-21	346450
70-21	342810
70-21	154770
70-22	317690
70-22	317500
70-22	01055180
70-22	317510
70-22	216850
70-22	344930
70-22	317740
70-22	214690
70-22	031420
70-22	152740
70-23	318020
70-23	318140
70-23	317830
70-23	156010
70-23	351150
70-23	345420
70-23	030020
70-23	154880
70-23	01073470
70-23	317620
70-24	318010
70-24	224950
70-24	221350
70-24	163670
70-24	275520
70-24	134160
70-24	424100
70-24	305380
70-24	373830
70-24	279970
70-25	234310
70-25	300910
70-25	314340
70-25	134440
70-25	317940
70-25	318420
70-25	057090
70-25	01026960
70-25	224840
70-25	318030
70-26	318340
70-26	488680
70-26	359920
70-26	348630
70-26	363490
70-26	290660
70-26	01080370
70-26	355710
70-26	356060
70-26	347880
70-27	318270
70-27	282020
70-27	318860
70-27	390940
70-27	318510
70-27	318780
70-27	318960
70-27	318790
70-27	486340
70-27	318880
70-28	318920
70-28	319030
70-28	148280
70-28	522820
70-28	349640
70-28	318770
70-28	351030
70-28	319190
70-28	217080
70-28	318480
70-29	319260
70-29	517260
70-29	068520
70-29	475920
70-29	479280
70-29	435210
70-29	539130
70-29	069140
70-29	361080
70-29	319590
70-30	356940
70-30	318770
70-30	068370
70-30	068520
70-30	158600
70-30	173320
70-30	068470
70-30	083500
70-30	011600
70-30	267880
70-31	318230
70-31	319230
70-31	174730
70-31	318410
70-31	238510
70-31	318960
70-31	318320
70-31	167690
70-31	319440
70-31	318280
70-32	01020870
70-32	177920
70-32	077500
70-32	319300
70-32	319250
70-32	077510
70-32	077780
70-32	419100
70-32	132260
70-32	303350
70-33	408940
70-33	361120
70-33	318480
70-33	522820
70-33	362390
70-33	000080
70-33	517040
70-33	326180
70-33	347510
70-33	354490
70-34	319930
70-34	108320
70-34	108220
70-34	108330
70-34	033050
70-34	01012420
70-34	108250
70-34	085770
70-34	108290
70-34	116300
70-35	321010
70-35	01076570
70-35	347530
70-35	356700
70-35	020140
70-35	345420
70-35	133960
70-35	057420
70-35	245240
70-35	079980
70-36	320610
70-36	01071780
70-36	320090
70-36	01043840
70-36	306420
70-36	319730
70-36	114210
70-36	234960
70-36	446270
70-36	305310
70-37	319860
70-37	320480
70-37	008490
70-37	01005010
70-37	009700
70-37	319850
70-37	498750
70-37	255820
70-37	01004810
70-37	011480
70-38	320610
70-38	01043840
70-38	320460
70-38	01071780
70-38	319440
70-38	319730
70-38	234960
70-38	276100
70-38	319210
70-38	319180
70-39	482840
70-39	236450
70-39	482950
70-39	320910
70-39	196700
70-39	482880
70-39	352530
70-39	023760
70-39	01044850
70-39	293970
70-40	357440
70-40	321140
70-40	024460
70-40	159220
70-40	355600
70-40	017740
70-40	361460
70-40	352310
70-40	357290
70-40	250400
70-41	321340
70-41	321240
70-41	320980
70-41	321160
70-41	320190
70-41	321350
70-41	321810
70-41	320760
70-41	330620
70-41	320800
70-42	321630
70-42	01079870
70-42	238320
70-42	264170
70-42	479300
70-42	005680
70-42	01086310
70-42	217590
70-42	433330
70-42	321660
70-43	405040
70-43	124520
70-43	319930
70-43	493410
70-43	420820
70-43	127120
70-43	121960
70-43	087130
70-43	402040
70-43	493630
70-44	498020
70-44	508390
70-44	276720
70-44	356150
70-44	350330
70-44	410770
70-44	338060
70-44	280470
70-44	475500
70-44	490220
70-45	322300
70-45	399870
70-45	260490
70-45	083140
70-45	345760
70-45	356820
70-45	158580
70-45	156680
70-45	037830
70-45	01005450
70-46	322290
70-46	098690
70-46	322300
70-46	440780
70-46	001470
70-46	371620
70-46	216100
70-46	441920
70-46	488360
70-46	257590
70-47	322390
70-47	322290
70-47	254820
70-47	359910
70-47	336590
70-47	336660
70-47	456730
70-47	455470
70-47	336620
70-47	062240
70-48	162670
70-48	322720
70-48	163120
70-48	322730
70-48	080480
70-48	162640
70-48	058130
70-48	163040
70-48	345050
70-48	006930
70-49	322850
70-49	005550
70-49	116400
70-49	004810
70-49	079000
70-49	323080
70-49	117210
70-49	004630
70-49	117070
70-49	055760
70-50	322770
70-50	432410
70-50	01071220
70-50	322860
70-50	01070670
70-50	275040
70-50	304410
70-50	304410
70-50	484340
70-50	116270
70-51	322900
70-51	322770
70-51	322960
70-51	322920
70-51	457400
70-51	304990
70-51	322890
70-51	322980
70-51	323210
70-51	234350
70-52	120280
70-52	323030
70-52	168190
70-52	126310
70-52	118260
70-52	027610
70-52	142620
70-52	195210
70-52	028500
70-52	459300
70-53	124210
70-53	310420
70-53	392000
70-53	172970
70-53	222590
70-53	023760
70-53	140210
70-53	323360
70-53	034530
70-53	017930
70-54	324000
70-54	327120
70-54	323970
70-54	324530
70-54	223180
70-54	228150
70-54	328950
70-54	328060
70-54	327230
70-54	327530
70-55	323930
70-55	323830
70-55	324190
70-55	268760
70-55	327540
70-55	324220
70-55	326660
70-55	327740
70-55	223230
70-55	184770
70-56	223350
70-56	329140
70-56	324230
70-56	506610
70-56	025950
70-56	223520
70-56	324590
70-56	329250
70-56	023160
70-56	01012500
70-57	324170
70-57	161280
70-57	222650
70-57	324130
70-57	323910
70-57	339280
70-57	401430
70-57	324180
70-57	471810
70-57	327820
70-58	324370
70-58	223230
70-58	328350
70-58	511680
70-58	430910
70-58	424860
70-58	499660
70-58	01074760
70-58	329810
70-58	327630
70-59	324550
70-59	330690
70-59	324710
70-59	325540
70-59	01074910
70-59	331960
70-59	327740
70-59	324510
70-59	332090
70-59	042110
70-60	169110
70-60	324700
70-60	225680
70-60	451870
70-60	306690
70-60	301100
70-60	308340
70-60	139800
70-60	280460
70-60	018160
70-61	324820
70-61	325300
70-61	150960
70-61	417540
70-61	325790
70-61	325850
70-61	325380
70-61	324560
70-61	352690
70-61	293360
70-62	324880
70-62	327190
70-62	323830
70-62	424060
70-62	327740
70-62	324220
70-62	323980
70-62	431110
70-62	327480
70-62	331030
70-63	328830
70-63	223520
70-63	325010
70-63	325110
70-63	324410
70-63	222780
70-63	161280
70-63	417800
70-63	330460
70-63	330350
70-64	325460
70-64	150960
70-64	01074890
70-64	325850
70-64	241990
70-64	325300
70-64	324820
70-64	323840
70-64	358370
70-64	325790
70-65	325450
70-65	325720
70-65	325550
70-65	324820
70-65	325380
70-65	189210
70-65	325020
70-65	325790
70-65	325630
70-65	324870
70-66	01074910
70-66	331350
70-66	325330
70-66	418570
70-66	327900
70-66	223930
70-66	01074950
70-66	330730
70-66	260470
70-66	259300
70-67	157600
70-67	259350
70-67	325600
70-67	451700
70-67	344110
70-67	007500
70-67	362900
70-67	346890
70-67	346910
70-67	065880
70-68	324950
70-68	334380
70-68	333490
70-68	467610
70-68	328400
70-68	223840
70-68	330730
70-68	504040
70-68	330010
70-68	01001650
70-69	326010
70-69	325950
70-69	01074950
70-69	01074910
70-69	332090
70-69	324550
70-69	032240
70-69	328410
70-69	417920
70-69	325330
70-70	031920
70-70	090110
70-70	279300
70-70	031810
70-70	431960
70-70	224970
70-70	032260
70-70	254530
70-70	01012000
70-70	326070
70-71	326170
70-71	326110
70-71	326110
70-71	424920
70-71	339550
70-71	268020
70-71	402830
70-71	414530
70-71	375210
70-71	326190
70-72	326190
70-72	132200
70-72	466840
70-72	467090
70-72	379190
70-72	424920
70-72	448950
70-72	436990
70-72	269010
70-72	171760
70-73	326180
70-73	099450
70-73	244650
70-73	326260
70-73	361120
70-73	099500
70-73	243410
70-73	099620
70-73	326160
70-73	003360
70-74	326670
70-74	01041460
70-74	01075190
70-74	326560
70-74	326730
70-74	327860
70-74	326660
70-74	323830
70-74	326950
70-74	056590
70-75	327500
70-75	482460
70-75	327060
70-75	328500
70-75	327070
70-75	156720
70-75	154360
70-75	258810
70-75	258950
70-75	018230
70-76	326670
70-76	327860
70-76	01041460
70-76	326660
70-76	01075190
70-76	326560
70-76	064610
70-76	056590
70-76	326730
70-76	055990
70-77	01041670
70-77	327040
70-77	328450
70-77	227900
70-77	161200
70-77	223350
70-77	329310
70-77	154940
70-77	223450
70-77	259110
70-78	395160
70-78	326700
70-78	018240
70-78	018210
70-78	315550
70-78	258950
70-78	258960
70-78	315810
70-78	337060
70-78	327110
70-79	327120
70-79	326870
70-79	161160
70-79	228150
70-79	327230
70-79	327190
70-79	326830
70-79	161220
70-79	327030
70-79	324330
70-80	327900
70-80	327480
70-80	327000
70-80	328130
70-80	269380
70-80	328850
70-80	324290
70-80	324510
70-80	326470
70-80	330040
70-81	055780
70-81	042680
70-81	184840
70-81	328040
70-81	374990
70-81	156270
70-81	259430
70-81	009170
70-81	327680
70-81	259810
70-82	327850
70-82	317800
70-82	326980
70-82	327450
70-82	161190
70-82	222680
70-82	326670
70-82	327780
70-82	416360
70-82	327520
70-83	326390
70-83	324150
70-83	161360
70-83	327090
70-83	327220
70-83	161160
70-83	327930
70-83	01074580
70-83	326870
70-83	242840
70-84	327500
70-84	259810
70-84	482450
70-84	482460
70-84	081360
70-84	018230
70-84	320540
70-84	082190
70-84	156720
70-84	064810
70-85	01041460
70-85	326970
70-85	01075190
70-85	326670
70-85	223200
70-85	327880
70-85	326560
70-85	326730
70-85	327860
70-85	323830
70-86	326670
70-86	327780
70-86	327450
70-86	01075200
70-86	326980
70-86	327860
70-86	01041460
70-86	223260
70-86	01075190
70-86	328950
70-87	223420
70-87	222720
70-87	329120
70-87	222570
70-87	222580
70-87	328170
70-87	327520
70-87	161800
70-87	222710
70-87	222790
70-88	328400
70-88	161280
70-88	430940
70-88	260420
70-88	269820
70-88	329960
70-88	041760
70-88	156800
70-88	027970
70-88	331070
70-89	416740
70-89	161160
70-89	326870
70-89	161300
70-89	327190
70-89	327650
70-89	326860
70-89	329220
70-89	327120
70-89	329110
70-90	329150
70-90	01041460
70-90	01020270
70-90	034290
70-90	511940
70-90	270290
70-90	327450
70-90	161800
70-90	437390
70-90	331120
70-91	329440
70-91	260870
70-91	261640
70-91	320690
70-91	01004740
70-91	156500
70-91	501590
70-91	501340
70-91	265550
70-91	271640
70-92	329360
70-92	479530
70-92	347130
70-92	265320
70-92	316330
70-92	259030
70-92	331990
70-92	399870
70-92	298220
70-92	337060
70-93	329520
70-93	330580
70-93	329310
70-93	042270
70-93	331260
70-93	223440
70-93	224900
70-93	259330
70-93	223670
70-93	327900
70-94	330230
70-94	330360
70-94	223390
70-94	330580
70-94	222910
70-94	332790
70-94	333910
70-94	333250
70-94	223280
70-94	327810
71-1	473480
71-1	262590
71-1	157540
71-1	473210
71-1	482510
71-1	157530
71-1	471990
71-1	474820
71-1	472070
71-1	473490
71-2	332520
71-2	328450
71-2	404470
71-2	334840
71-2	330580
71-2	331460
71-2	328410
71-2	271410
71-2	330170
71-2	01075270
71-3	330030
71-3	223600
71-3	262280
71-3	223510
71-3	330040
71-3	331350
71-3	328840
71-3	332930
71-3	327900
71-3	324440
71-4	330460
71-4	404100
71-4	223520
71-4	339930
71-4	222670
71-4	100380
71-4	331940
71-4	472730
71-4	508050
71-4	108660
71-5	330430
71-5	432880
71-5	275760
71-5	275550
71-5	101910
71-5	433010
71-5	275450
71-5	374850
71-5	101530
71-5	314490
71-6	324410
71-6	416780
71-6	151810
71-6	339580
71-6	326390
71-6	326870
71-6	328610
71-6	511870
71-6	330090
71-6	223520
71-7	331410
71-7	266980
71-7	473420
71-7	045910
71-7	432840
71-7	446730
71-7	300060
71-7	216380
71-7	133070
71-7	506670
71-8	331350
71-8	326910
71-8	329200
71-8	327900
71-8	327740
71-8	327750
71-8	326580
71-8	161310
71-8	455500
71-8	327780
71-9	331030
71-9	327830
71-9	395730
71-9	331540
71-9	424060
71-9	328980
71-9	329210
71-9	330950
71-9	161590
71-9	431110
71-10	331150
71-10	271890
71-10	331820
71-10	01041670
71-10	328530
71-10	331260
71-10	329940
71-10	331050
71-10	331160
71-10	328360
71-11	328640
71-11	328850
71-11	327530
71-11	328950
71-11	333960
71-11	328100
71-11	327270
71-11	329590
71-11	327480
71-11	331460
71-12	331830
71-12	331530
71-12	261990
71-12	330070
71-12	395810
71-12	332140
71-12	332150
71-12	334930
71-12	222990
71-12	161470
71-13	272200
71-13	333820
71-13	331050
71-13	332140
71-13	330600
71-13	333910
71-13	01041670
71-13	331150
71-13	329520
71-13	329250
71-14	223750
71-14	333960
71-14	329530
71-14	327900
71-14	327530
71-14	162010
71-14	328410
71-14	332240
71-14	327480
71-14	334580
71-15	331930
71-15	223740
71-15	222780
71-15	325270
71-15	512540
71-15	332930
71-15	328400
71-15	161430
71-15	332580
71-15	222820
71-16	331990
71-16	263910
71-16	261600
71-16	265320
71-16	260490
71-16	041490
71-16	337060
71-16	327870
71-16	260170
71-16	263230
71-17	332950
71-17	418470
71-17	223000
71-17	333480
71-17	159140
71-17	222750
71-17	222660
71-17	331380
71-17	331330
71-17	264220
71-18	332720
71-18	332230
71-18	161660
71-18	328450
71-18	272790
71-18	033010
71-18	022850
71-18	335160
71-18	022560
71-18	273290
71-19	333510
71-19	162040
71-19	333110
71-19	223000
71-19	333020
71-19	334930
71-19	330580
71-19	328410
71-19	325490
71-19	223740
71-20	333020
71-20	330730
71-20	331120
71-20	330010
71-20	325360
71-20	060870
71-20	222750
71-20	327280
71-20	161630
71-20	264140
71-21	331010
71-21	333750
71-21	332940
71-21	327880
71-21	333940
71-21	329500
71-21	042010
71-21	060870
71-21	327860
71-21	330160
71-22	332670
71-22	502760
71-22	502590
71-22	330230
71-22	334150
71-22	530980
71-22	332180
71-22	329960
71-22	330650
71-22	399380
71-23	333220
71-23	333470
71-23	222660
71-23	161760
71-23	333840
71-23	328770
71-23	334910
71-23	222820
71-23	331770
71-23	020690
71-24	333420
71-24	162040
71-24	333110
71-24	334510
71-24	222710
71-24	111510
71-24	330650
71-24	329680
71-24	273400
71-24	222790
71-25	333780
71-25	222750
71-25	332620
71-25	333750
71-25	334360
71-25	331490
71-25	330730
71-25	330200
71-25	330010
71-25	327280
71-26	334020
71-26	330230
71-26	222910
71-26	329310
71-26	222640
71-26	333940
71-26	333710
71-26	332980
71-26	330580
71-26	331690
71-27	333900
71-27	332100
71-27	331070
71-27	326570
71-27	222640
71-27	329580
71-27	329080
71-27	223670
71-27	330000
71-27	161910
71-28	333980
71-28	419000
71-28	335080
71-28	162000
71-28	332770
71-28	223010
71-28	265370
71-28	330220
71-28	503860
71-28	328770
71-29	334040
71-29	330260
71-29	263230
71-29	01097010
71-29	264170
71-29	260230
71-29	017790
71-29	292660
71-29	049040
71-29	337060
71-30	334080
71-30	333390
71-30	437200
71-30	330260
71-30	144240
71-30	514190
71-30	01097010
71-30	478240
71-30	111570
71-30	156580
71-31	264080
71-31	330090
71-31	161120
71-31	106020
71-31	268450
71-31	034340
71-31	01028550
71-31	332840
71-31	326880
71-31	333930
71-32	334160
71-32	332080
71-32	327010
71-32	333910
71-32	328400
71-32	222660
71-32	222670
71-32	330070
71-32	222870
71-32	222960
71-33	332360
71-33	222910
71-33	333940
71-33	333330
71-33	334020
71-33	333130
71-33	222960
71-33	333910
71-33	333110
71-33	222870
71-34	330580
71-34	331260
71-34	223910
71-34	335090
71-34	329640
71-34	331190
71-34	328360
71-34	330070
71-34	01041670
71-34	331150
71-35	334860
71-35	222940
71-35	222820
71-35	332340
71-35	104790
71-35	161760
71-35	334910
71-35	328400
71-35	333500
71-35	417800
71-36	334860
71-36	227060
71-36	334830
71-36	432520
71-36	232950
71-36	233040
71-36	511570
71-36	432090
71-36	240860
71-36	265940
71-37	334150
71-37	331540
71-37	333130
71-37	331530
71-37	034550
71-37	271810
71-37	262930
71-37	328400
71-37	437390
71-37	222660
71-38	334290
71-38	330580
71-38	334770
71-38	161630
71-38	335090
71-38	334920
71-38	222990
71-38	327840
71-38	334130
71-38	334430
71-39	162260
71-39	335270
71-39	419520
71-39	419490
71-39	419540
71-39	227300
71-39	227030
71-39	334600
71-39	334860
71-39	333250
71-40	160880
71-40	335470
71-40	313890
71-40	335320
71-40	103580
71-40	185230
71-40	01099740
71-40	01008190
71-40	121100
71-40	337930
71-41	131060
71-41	131420
71-41	130550
71-41	130910
71-41	335710
71-41	130100
71-41	131480
71-41	451490
71-41	249610
71-41	135030
71-42	336580
71-42	513380
71-42	065020
71-42	336560
71-42	322390
71-42	004640
71-42	336510
71-42	061030
71-42	429080
71-42	245170
71-43	336630
71-43	172270
71-43	187500
71-43	379980
71-43	172340
71-43	075240
71-43	010930
71-43	215840
71-43	061170
71-43	196390
71-44	336780
71-44	336810
71-44	089300
71-44	085080
71-44	032320
71-44	068290
71-44	037720
71-44	068030
71-44	069060
71-44	068270
71-45	154620
71-45	336910
71-45	155080
71-45	337010
71-45	336840
71-45	108550
71-45	108510
71-45	108810
71-45	243920
71-45	244410
71-46	337040
71-46	263370
71-46	01038240
71-46	337110
71-46	320010
71-46	337100
71-46	258930
71-46	332350
71-46	260710
71-46	038110
71-47	045680
71-47	337210
71-47	035850
71-47	316120
71-47	348410
71-47	031990
71-47	068980
71-47	076910
71-47	01084400
71-47	278990
71-48	01075590
71-48	017680
71-48	337310
71-48	337260
71-48	337810
71-48	324020
71-48	337280
71-48	337520
71-48	155000
71-48	017360
71-49	363410
71-49	337650
71-49	362740
71-49	366210
71-49	363280
71-49	337730
71-49	360660
71-49	361320
71-49	000040
71-49	365350
71-50	338040
71-50	01075660
71-50	006680
71-50	158120
71-50	01002940
71-50	01005130
71-50	006260
71-50	158580
71-50	01005800
71-50	039100
71-51	01075670
71-51	338100
71-51	242860
71-51	466810
71-51	091530
71-51	338150
71-51	01067170
71-51	338200
71-51	338400
71-51	057990
71-52	500250
71-52	338470
71-52	338480
71-52	500000
71-52	459410
71-52	091640
71-52	400230
71-52	403560
71-52	403550
71-52	400820
71-53	339180
71-53	397970
71-53	339420
71-53	339500
71-53	267740
71-53	466790
71-53	339510
71-53	340380
71-53	430780
71-53	498770
71-54	339190
71-54	339200
71-54	347100
71-54	345840
71-54	327010
71-54	373590
71-54	01075970
71-54	339350
71-54	511310
71-54	023760
71-55	511480
71-55	006590
71-55	339690
71-55	328000
71-55	529780
71-55	243810
71-55	259260
71-55	452020
71-55	090380
71-55	090850
71-56	339320
71-56	089780
71-56	339050
71-56	430800
71-56	490140
71-56	398460
71-56	378180
71-56	327600
71-56	490160
71-56	521070
71-57	500110
71-57	329490
71-57	499970
71-57	339700
71-57	091710
71-57	079500
71-57	398770
71-57	005370
71-57	007250
71-57	01075950
71-58	340590
71-58	339690
71-58	431480
71-58	427520
71-58	431500
71-58	339500
71-58	01075970
71-58	430850
71-58	545630
71-58	430570
71-59	339870
71-59	340400
71-59	340600
71-59	430620
71-59	502140
71-59	130320
71-59	255690
71-59	340180
71-59	431160
71-59	154230
71-60	339520
71-60	340380
71-60	431010
71-60	01075970
71-60	01076010
71-60	339690
71-60	324350
71-60	339870
71-60	340020
71-60	341250
71-61	340680
71-61	431810
71-61	340390
71-61	525730
71-61	299140
71-61	431480
71-61	431610
71-61	01042250
71-61	407490
71-61	325140
71-62	333190
71-62	512830
71-62	340930
71-62	341050
71-62	162070
71-62	161590
71-62	258970
71-62	338970
71-62	503390
71-62	431210
71-63	334250
71-63	341140
71-63	01069210
71-63	431700
71-63	409500
71-63	222910
71-63	325560
71-63	333490
71-63	331690
71-63	265350
71-64	341080
71-64	327740
71-64	324220
71-64	327990
71-64	430910
71-64	161310
71-64	339430
71-64	161560
71-64	328350
71-64	339320
71-65	341240
71-65	341200
71-65	162180
71-65	339700
71-65	329490
71-65	317800
71-65	327520
71-65	326690
71-65	224140
71-65	327850
71-66	341330
71-66	324550
71-66	340430
71-66	340900
71-66	340610
71-66	339290
71-66	332580
71-66	476480
71-66	431190
71-66	431140
71-67	335080
71-67	341350
71-67	334920
71-67	341130
71-67	328840
71-67	329110
71-67	330580
71-67	341270
71-67	327860
71-67	329410
71-68	339260
71-68	328800
71-68	492240
71-68	339510
71-68	430650
71-68	053840
71-68	339690
71-68	339270
71-68	161120
71-68	430780
71-69	341540
71-69	484320
71-69	152770
71-69	486340
71-69	542710
71-69	484590
71-69	477680
71-69	183620
71-69	01100080
71-69	098010
71-70	341880
71-70	341860
71-70	341930
71-70	341810
71-70	341920
71-70	341730
71-70	341760
71-70	000470
71-70	142860
71-70	342810
71-71	342040
71-71	100390
71-71	343060
71-71	373970
71-71	433830
71-71	374190
71-71	056330
71-71	375630
71-71	033410
71-71	261260
71-72	01076230
71-72	341990
71-72	342100
71-72	01076310
71-72	01076560
71-72	289170
71-72	068340
71-72	146610
71-72	289300
71-72	342640
71-73	342280
71-73	342940
71-73	345730
71-73	344030
71-73	345290
71-73	290240
71-73	289430
71-73	344090
71-73	343930
71-73	289260
71-74	342310
71-74	342570
71-74	342860
71-74	000040
71-74	343210
71-74	346440
71-74	345310
71-74	343450
71-74	342540
71-74	344730
71-75	343420
71-75	342810
71-75	029840
71-75	080490
71-75	01079330
71-75	01006750
71-75	108570
71-75	154770
71-75	346450
71-75	287900
71-76	343160
71-76	342720
71-76	01077290
71-76	01076530
71-76	343230
71-76	01077900
71-76	317670
71-76	068340
71-76	080650
71-76	343480
71-77	346080
71-77	352760
71-77	169270
71-77	380190
71-77	170980
71-77	162970
71-77	283890
71-77	176390
71-77	073860
71-77	167310
71-78	346790
71-78	342620
71-78	342820
71-78	01009810
71-78	356530
71-78	346760
71-78	364750
71-78	360120
71-78	343950
71-78	289500
71-79	344050
71-79	342800
71-79	345790
71-79	344040
71-79	350160
71-79	349340
71-79	363630
71-79	346230
71-79	350050
71-79	344070
71-80	344700
71-80	345530
71-80	344070
71-80	346250
71-80	346240
71-80	345520
71-80	346600
71-80	345650
71-80	349870
71-80	259340
71-81	345730
71-81	290240
71-81	344030
71-81	345290
71-81	289430
71-81	343930
71-81	342940
71-81	351630
71-81	344440
71-81	342280
71-82	344310
71-82	344520
71-82	336050
71-82	343940
71-82	243420
71-82	290120
71-82	344630
71-82	221550
71-82	01008070
71-82	259340
71-83	344890
71-83	344880
71-83	259340
71-83	342090
71-83	344160
71-83	343410
71-83	01077860
71-83	290020
71-83	067480
71-83	335890
71-84	344870
71-84	345460
71-84	343900
71-84	342740
71-84	161680
71-84	346120
71-84	348630
71-84	342620
71-84	343320
71-84	343190
71-85	344200
71-85	189590
71-85	247980
71-85	343610
71-85	350840
71-85	349800
71-85	344680
71-85	348400
71-85	01016780
71-85	352400
71-86	348650
71-86	347490
71-86	01081650
71-86	366220
71-86	367630
71-86	369860
71-86	344200
71-86	346790
71-86	342950
71-86	350180
71-87	349730
71-87	351320
71-87	01076980
71-87	344250
71-87	346060
71-87	352330
71-87	345100
71-87	355920
71-87	290280
71-87	292560
71-88	344210
71-88	345010
71-88	347620
71-88	348420
71-88	352520
71-88	01003580
71-88	154360
71-88	344200
71-88	345780
71-88	343960
71-89	344400
71-89	344990
71-89	344430
71-89	01077330
71-89	344190
71-89	346020
71-89	347720
71-89	031590
71-89	360530
71-89	342440
71-90	344020
71-90	342340
71-90	01076920
71-90	348070
71-90	343940
71-90	344000
71-90	348060
71-90	344880
71-90	01076450
71-90	343450
71-91	344280
71-91	348460
71-91	01078020
71-91	348450
71-91	351180
71-91	347500
71-91	347090
71-91	01000250
71-91	342980
71-91	01077890
71-92	259340
71-92	344630
71-92	344700
71-92	344010
71-92	326780
71-92	336050
71-92	01076450
71-92	347030
71-92	343640
71-92	355380
71-93	344290
71-93	345170
71-93	345620
71-93	345060
71-93	01077930
71-93	349060
71-93	344090
71-93	345050
71-93	165310
71-93	346570
71-94	344590
71-94	343980
71-94	342310
71-94	345950
71-94	342390
71-94	350810
71-94	347330
71-94	343720
71-94	01076930
71-94	350190
72-1	345660
72-1	351640
72-1	350090
72-1	354580
72-1	01076550
72-1	353630
72-1	347500
72-1	354870
72-1	000480
72-1	354500
72-2	345710
72-2	354870
72-2	344580
72-2	345650
72-2	483090
72-2	290830
72-2	347500
72-2	345660
72-2	359740
72-2	345510
72-3	345460
72-3	346120
72-3	01081820
72-3	01077730
72-3	270950
72-3	347590
72-3	355040
72-3	348820
72-3	358890
72-3	349640
72-4	346580
72-4	342310
72-4	344650
72-4	351660
72-4	345630
72-4	342540
72-4	344890
72-4	342620
72-4	343430
72-4	342300
72-5	345620
72-5	344290
72-5	346570
72-5	345990
72-5	346770
72-5	345060
72-5	01077300
72-5	347700
72-5	345410
72-5	355050
72-6	345730
72-6	344030
72-6	342940
72-6	290240
72-6	343930
72-6	345290
72-6	342930
72-6	351630
72-6	342280
72-6	264410
72-7	345690
72-7	346680
72-7	356190
72-7	356470
72-7	350500
72-7	01076690
72-7	345720
72-7	348540
72-7	348450
72-7	01078130
72-8	345820
72-8	346960
72-8	345870
72-8	347960
72-8	01076460
72-8	01077310
72-8	042150
72-8	343050
72-8	350310
72-8	301400
72-9	346830
72-9	345760
72-9	347590
72-9	351060
72-9	346800
72-9	349640
72-9	347930
72-9	348600
72-9	354830
72-9	336050
72-10	346530
72-10	345610
72-10	01076870
72-10	353170
72-10	344350
72-10	346630
72-10	345270
72-10	348420
72-10	356490
72-10	345780
72-11	01077350
72-11	344250
72-11	01076930
72-11	352820
72-11	357920
72-11	342540
72-11	347420
72-11	346470
72-11	345580
72-11	345020
72-12	346130
72-12	345470
72-12	349450
72-12	345460
72-12	352900
72-12	354910
72-12	349650
72-12	345760
72-12	347480
72-12	351060
72-13	346150
72-13	345480
72-13	345490
72-13	346140
72-13	353060
72-13	361500
72-13	346320
72-13	357130
72-13	354080
72-13	349570
72-14	348420
72-14	349880
72-14	353160
72-14	01079060
72-14	343210
72-14	348690
72-14	01076870
72-14	346630
72-14	01076580
72-14	351660
72-15	348770
72-15	01077990
72-15	347550
72-15	353650
72-15	348780
72-15	355940
72-15	081660
72-15	349770
72-15	291660
72-15	345370
72-16	353140
72-16	347660
72-16	348950
72-16	346630
72-16	344650
72-16	342690
72-16	351500
72-16	350870
72-16	01081600
72-16	344350
72-17	347590
72-17	348820
72-17	353010
72-17	345760
72-17	347730
72-17	357060
72-17	347130
72-17	349640
72-17	343500
72-17	244020
72-18	347610
72-18	343870
72-18	342990
72-18	348870
72-18	343090
72-18	344450
72-18	344840
72-18	343690
72-18	068340
72-18	342700
72-19	348060
72-19	347520
72-19	348700
72-19	348310
72-19	345800
72-19	345530
72-19	347350
72-19	355380
72-19	351920
72-19	348190
72-20	349080
72-20	363340
72-20	365770
72-20	355160
72-20	351960
72-20	345420
72-20	017580
72-20	348000
72-20	346900
72-20	348050
72-21	348580
72-21	351620
72-21	355920
72-21	349850
72-21	347470
72-21	349610
72-21	348590
72-21	01079900
72-21	356570
72-21	350870
72-22	347440
72-22	348440
72-22	356680
72-22	343820
72-22	359060
72-22	351390
72-22	342920
72-22	347500
72-22	184510
72-22	357470
72-23	348530
72-23	349460
72-23	032240
72-23	416380
72-23	108520
72-23	353680
72-23	01075190
72-23	344640
72-23	326950
72-23	269260
72-24	348260
72-24	347370
72-24	349290
72-24	352110
72-24	354900
72-24	344170
72-24	351240
72-24	345410
72-24	350150
72-24	354820
72-25	350250
72-25	347680
72-25	01076830
72-25	01006930
72-25	347800
72-25	350290
72-25	342140
72-25	344370
72-25	016070
72-25	015920
72-26	346750
72-26	347330
72-26	348060
72-26	01076680
72-26	344590
72-26	348960
72-26	344880
72-26	344890
72-26	258930
72-26	351750
72-27	349200
72-27	01032880
72-27	347340
72-27	352670
72-27	356520
72-27	119430
72-27	348120
72-27	348720
72-27	357850
72-27	360590
72-28	348830
72-28	347600
72-28	348680
72-28	01078590
72-28	352960
72-28	347510
72-28	353320
72-28	01076830
72-28	350310
72-28	353220
72-29	347450
72-29	348520
72-29	352050
72-29	355010
72-29	081630
72-29	349480
72-29	349270
72-29	357460
72-29	352120
72-29	342920
72-30	348930
72-30	348050
72-30	347640
72-30	343940
72-30	081310
72-30	154360
72-30	360820
72-30	346180
72-30	415820
72-30	348910
72-31	349700
72-31	347830
72-31	353110
72-31	348110
72-31	349160
72-31	067950
72-31	351550
72-31	01007680
72-31	347840
72-31	349030
72-32	344890
72-32	351750
72-32	349890
72-32	01079470
72-32	350190
72-32	344880
72-32	343410
72-32	351550
72-32	347840
72-32	353530
72-33	351080
72-33	349660
72-33	348710
72-33	353420
72-33	349710
72-33	347410
72-33	351840
72-33	059470
72-33	360530
72-33	352160
72-34	349540
72-34	355480
72-34	357050
72-34	350620
72-34	354630
72-34	294590
72-34	352870
72-34	351530
72-34	366530
72-34	01077860
72-35	349760
72-35	351370
72-35	349590
72-35	350870
72-35	344910
72-35	354810
72-35	01080100
72-35	01077730
72-35	344460
72-35	342690
72-36	344990
72-36	349780
72-36	01077330
72-36	344430
72-36	344400
72-36	347720
72-36	346020
72-36	031590
72-36	350180
72-36	347650
72-37	349580
72-37	355380
72-37	342310
72-37	357540
72-37	234400
72-37	348590
72-37	356570
72-37	366700
72-37	01076870
72-37	350790
72-38	351600
72-38	351670
72-38	365340
72-38	356730
72-38	358570
72-38	352700
72-38	01080440
72-38	349830
72-38	355760
72-38	355360
72-39	01078230
72-39	354280
72-39	352970
72-39	263990
72-39	355820
72-39	350200
72-39	349500
72-39	355570
72-39	01079260
72-39	264390
72-40	358120
72-40	355980
72-40	359360
72-40	019080
72-40	101930
72-40	348600
72-40	349640
72-40	101990
72-40	353020
72-40	342440
72-41	349810
72-41	351520
72-41	349540
72-41	354290
72-41	349620
72-41	361840
72-41	415840
72-41	350760
72-41	357880
72-41	348920
72-42	349610
72-42	349400
72-42	350910
72-42	355890
72-42	292740
72-42	356460
72-42	349730
72-42	356330
72-42	350920
72-42	355920
72-43	351180
72-43	349690
72-43	01078590
72-43	348460
72-43	350880
72-43	290230
72-43	345070
72-43	354690
72-43	032240
72-43	347960
72-44	351620
72-44	349850
72-44	360200
72-44	355920
72-44	348450
72-44	348460
72-44	351180
72-44	346590
72-44	01078020
72-44	345140
72-45	349930
72-45	350130
72-45	346060
72-45	349730
72-45	355860
72-45	355920
72-45	351320
72-45	354730
72-45	352840
72-45	355890
72-46	347500
72-46	345840
72-46	349940
72-46	01079020
72-46	01078640
72-46	347100
72-46	483100
72-46	361370
72-46	351720
72-46	346890
72-47	345870
72-47	347960
72-47	342760
72-47	350310
72-47	343300
72-47	01078590
72-47	345820
72-47	347010
72-47	353220
72-47	346960
72-48	345890
72-48	353490
72-48	343110
72-48	343870
72-48	352300
72-48	068340
72-48	01077860
72-48	349430
72-48	349140
72-48	017580
72-49	358040
72-49	361090
72-49	01080410
72-49	366640
72-49	353050
72-49	362520
72-49	350130
72-49	01079900
72-49	363810
72-49	349610
72-50	351340
72-50	349740
72-50	349910
72-50	357530
72-50	348020
72-50	357320
72-50	349620
72-50	352140
72-50	347320
72-50	343050
72-51	352580
72-51	347500
72-51	322480
72-51	000620
72-51	347970
72-51	348660
72-51	000870
72-51	345350
72-51	01000250
72-51	451380
72-52	353290
72-52	352250
72-52	344010
72-52	353700
72-52	356720
72-52	347450
72-52	355380
72-52	355010
72-52	348180
72-52	347290
72-53	353540
72-53	352320
72-53	010610
72-53	293750
72-53	349620
72-53	352160
72-53	040700
72-53	012110
72-53	357870
72-53	360550
72-54	360600
72-54	509330
72-54	361990
72-54	274560
72-54	012110
72-54	271540
72-54	360450
72-54	317160
72-54	317120
72-54	096120
72-55	353360
72-55	352750
72-55	357960
72-55	355810
72-55	344700
72-55	360960
72-55	358920
72-55	542250
72-55	357570
72-55	344000
72-56	352660
72-56	355250
72-56	354490
72-56	350440
72-56	361560
72-56	093440
72-56	358950
72-56	316020
72-56	395290
72-56	352510
72-57	352570
72-57	354320
72-57	347500
72-57	293150
72-57	345840
72-57	344260
72-57	345110
72-57	355010
72-57	346890
72-57	342920
72-58	355400
72-58	356770
72-58	342290
72-58	361840
72-58	352780
72-58	018050
72-58	347540
72-58	348660
72-58	352810
72-58	01013860
72-59	352590
72-59	352580
72-59	358070
72-59	354390
72-59	342290
72-59	500010
72-59	347500
72-59	356810
72-59	293140
72-59	359240
72-60	352730
72-60	354820
72-60	351060
72-60	349720
72-60	348680
72-60	349640
72-60	352970
72-60	348740
72-60	355980
72-60	347430
72-61	352550
72-61	351560
72-61	110340
72-61	352560
72-61	354520
72-61	358410
72-61	367850
72-61	354300
72-61	01079050
72-61	361070
72-62	347290
72-62	363630
72-62	202750
72-62	355920
72-62	352340
72-62	356560
72-62	360030
72-62	208060
72-62	019680
72-62	345350
72-63	353330
72-63	100650
72-63	352260
72-63	355970
72-63	353340
72-63	344240
72-63	355710
72-63	243780
72-63	366530
72-63	352380
72-64	352600
72-64	354400
72-64	293230
72-64	342940
72-64	356920
72-64	01080870
72-64	362050
72-64	342280
72-64	360910
72-64	355280
72-65	359620
72-65	354520
72-65	352680
72-65	363430
72-65	358180
72-65	350950
72-65	359480
72-65	356270
72-65	350250
72-65	355120
72-66	041140
72-66	513270
72-66	513280
72-66	351640
72-66	01008130
72-66	01076550
72-66	349570
72-66	018430
72-66	01011560
72-66	003830
72-67	355600
72-67	352290
72-67	036880
72-67	319850
72-67	355470
72-67	01074010
72-67	357290
72-67	320910
72-67	355520
72-67	000620
72-68	347510
72-68	354210
72-68	348680
72-68	352500
72-68	356070
72-68	351060
72-68	355930
72-68	345870
72-68	345760
72-68	356790
72-69	355930
72-69	017330
72-69	355450
72-69	294560
72-69	01000140
72-69	01000250
72-69	01007560
72-69	000700
72-69	017410
72-69	000730
72-70	355520
72-70	01080350
72-70	357130
72-70	352290
72-70	01070230
72-70	294170
72-70	094500
72-70	294190
72-70	358080
72-70	478690
72-71	342940
72-71	348220
72-71	356470
72-71	354110
72-71	01078300
72-71	350520
72-71	355340
72-71	355280
72-71	364350
72-71	01082210
72-72	357780
72-72	01078510
72-72	346230
72-72	351030
72-72	355680
72-72	034080
72-72	360110
72-72	347890
72-72	361370
72-72	249370
72-73	403640
72-73	370940
72-73	264500
72-73	01078230
72-73	365380
72-73	354280
72-73	349640
72-73	01079260
72-73	102450
72-73	361170
72-74	01079870
72-74	357020
72-74	01073790
72-74	000870
72-74	000620
72-74	355470
72-74	320910
72-74	361460
72-74	366900
72-74	001200
72-75	357860
72-75	355690
72-75	358630
72-75	01080390
72-75	351030
72-75	361260
72-75	01063570
72-75	271700
72-75	362380
72-75	294970
72-76	357380
72-76	355650
72-76	358590
72-76	034320
72-76	156580
72-76	087420
72-76	359470
72-76	01078230
72-76	352780
72-76	01078510
72-77	355540
72-77	01079860
72-77	357180
72-77	345930
72-77	103070
72-77	351300
72-77	355760
72-77	432560
72-77	01078230
72-77	367490
72-78	355560
72-78	349320
72-78	357240
72-78	01078510
72-78	034050
72-78	358340
72-78	268450
72-78	034940
72-78	035290
72-78	034560
72-79	355480
72-79	357050
72-79	348060
72-79	294590
72-79	346180
72-79	01076680
72-79	346750
72-79	345180
72-79	363400
72-79	344700
72-80	356530
72-80	352970
72-80	352430
72-80	294390
72-80	346790
72-80	342710
72-80	347950
72-80	352730
72-80	343110
72-80	289500
72-81	359650
72-81	358190
72-81	347370
72-81	085200
72-81	350690
72-81	348260
72-81	352990
72-81	081300
72-81	344530
72-81	348730
72-82	358000
72-82	358970
72-82	362710
72-82	356400
72-82	295120
72-82	347430
72-82	348690
72-82	121470
72-82	301810
72-82	138090
72-83	357940
72-83	01080440
72-83	348710
72-83	370120
72-83	355390
72-83	355650
72-83	085430
72-83	035850
72-83	084580
72-83	369870
72-84	358130
72-84	359410
72-84	356680
72-84	347950
72-84	345650
72-84	352420
72-84	355780
72-84	354840
72-84	295460
72-84	358560
72-85	101440
72-85	138270
72-85	366020
72-85	035880
72-85	320200
72-85	362140
72-85	362140
72-85	347950
72-85	366720
72-85	342460
72-86	358250
72-86	359860
72-86	423720
72-86	425160
72-86	355920
72-86	423930
72-86	349720
72-86	424220
72-86	423540
72-86	276060
72-87	359620
72-87	358180
72-87	359480
72-87	354520
72-87	354410
72-87	345950
72-87	01081980
72-87	351820
72-87	349360
72-87	01081790
72-88	358120
72-88	347430
72-88	102210
72-88	359360
72-88	156400
72-88	342440
72-88	348600
72-88	039190
72-88	012400
72-88	355980
72-89	358110
72-89	363250
72-89	000620
72-89	000870
72-89	350580
72-89	337730
72-89	348660
72-89	355020
72-89	359320
72-89	345660
72-90	357990
72-90	342290
72-90	370490
72-90	367640
72-90	354280
72-90	370180
72-90	384200
72-90	356780
72-90	156580
72-90	361570
72-91	360430
72-91	361280
72-91	366340
72-91	365490
72-91	162710
72-91	279220
72-91	032520
72-91	01011830
72-91	103720
72-91	353280
72-92	362200
72-92	360670
72-92	01081260
72-92	103760
72-92	109690
72-92	035950
72-92	357250
72-92	368980
72-92	360660
72-92	036550
72-93	352160
72-93	360580
72-93	096010
72-93	355020
72-93	351080
72-93	351900
72-93	349710
72-93	352780
72-93	361940
72-93	350840
72-94	360470
72-94	395420
72-94	395290
72-94	297120
72-94	361570
72-94	432780
72-94	352660
72-94	032170
72-94	434280
72-94	363490
73-1	360440
73-1	358220
73-1	361290
73-1	363670
73-1	018290
73-1	01080310
73-1	364500
73-1	359310
73-1	361990
73-1	01036090
73-2	367770
73-2	368330
73-2	353050
73-2	353740
73-2	01077200
73-2	370210
73-2	362410
73-2	098410
73-2	367490
73-2	365640
73-3	360500
73-3	344890
73-3	346700
73-3	361690
73-3	185260
73-3	357250
73-3	347640
73-3	380420
73-3	361260
73-3	360950
73-4	360570
73-4	356890
73-4	349000
73-4	355850
73-4	010200
73-4	355420
73-4	355860
73-4	364020
73-4	365930
73-4	01080090
73-5	360920
73-5	362730
73-5	363020
73-5	360700
73-5	363740
73-5	01016780
73-5	351320
73-5	353860
73-5	344240
73-5	349570
73-6	363240
73-6	01081680
73-6	357580
73-6	344000
73-6	370030
73-6	342090
73-6	350810
73-6	344980
73-6	01081090
73-6	01080330
73-7	363050
73-7	363940
73-7	552560
73-7	343940
73-7	360660
73-7	352970
73-7	368810
73-7	365810
73-7	362440
73-7	347130
73-8	363120
73-8	361080
73-8	406200
73-8	287320
73-8	410080
73-8	287510
73-8	480620
73-8	316800
73-8	410130
73-8	062060
73-9	353410
73-9	363070
73-9	352560
73-9	363960
73-9	358080
73-9	349480
73-9	349950
73-9	269070
73-9	361030
73-9	416580
73-10	363270
73-10	352160
73-10	360550
73-10	364470
73-10	020990
73-10	321580
73-10	357620
73-10	363250
73-10	361840
73-10	353420
73-11	358520
73-11	360340
73-11	361120
73-11	362390
73-11	099450
73-11	099500
73-11	479080
73-11	350010
73-11	345190
73-11	168590
73-12	363140
73-12	362170
73-12	355300
73-12	549830
73-12	356290
73-12	266790
73-12	351060
73-12	233930
73-12	360660
73-12	355900
73-13	364230
73-13	363180
73-13	367330
73-13	406800
73-13	368910
73-13	404080
73-13	363190
73-13	401990
73-13	364250
73-13	096300
73-14	366580
73-14	367280
73-14	552590
73-14	363300
73-14	298460
73-14	01082190
73-14	01080100
73-14	369070
73-14	097010
73-14	369360
73-15	361180
73-15	361000
73-15	363930
73-15	01081270
73-15	363920
73-15	552650
73-15	01080480
73-15	437410
73-15	366140
73-15	366090
73-16	363190
73-16	364250
73-16	364230
73-16	363180
73-16	367330
73-16	297480
73-16	368910
73-16	323830
73-16	323940
73-16	133910
73-17	362950
73-17	363570
73-17	368570
73-17	491370
73-17	367830
73-17	01082140
73-17	491320
73-17	364050
73-17	364040
73-17	368840
73-18	363700
73-18	363000
73-18	052250
73-18	358520
73-18	233930
73-18	351840
73-18	352350
73-18	360560
73-18	246040
73-18	360530
73-19	363110
73-19	018050
73-19	362720
73-19	361090
73-19	167260
73-19	01081650
73-19	371220
73-19	364090
73-19	018040
73-19	173430
73-20	365050
73-20	367910
73-20	365850
73-20	365860
73-20	369790
73-20	298230
73-20	365870
73-20	043680
73-20	363330
73-20	361730
73-21	364980
73-21	260490
73-21	365520
73-21	098830
73-21	354280
73-21	01079270
73-21	01097010
73-21	351930
73-21	360550
73-21	356540
73-22	366070
73-22	01081050
73-22	01081690
73-22	365090
73-22	368830
73-22	361050
73-22	357890
73-22	359990
73-22	361020
73-22	363470
73-23	364970
73-23	312080
73-23	365200
73-23	365410
73-23	356820
73-23	365480
73-23	345760
73-23	364100
73-23	359360
73-23	370020
73-24	366100
73-24	359180
73-24	370150
73-24	365100
73-24	01082440
73-24	277910
73-24	403600
73-24	363290
73-24	361260
73-24	353050
73-25	366490
73-25	367880
73-25	355420
73-25	01081650
73-25	366790
73-25	323280
73-25	361510
73-25	277200
73-25	363720
73-25	363810
73-26	366520
73-26	358220
73-26	363670
73-26	362990
73-26	367110
73-26	392890
73-26	01001990
73-26	383860
73-26	037540
73-26	393420
73-27	180330
73-27	300960
73-27	01077200
73-27	065340
73-27	355250
73-27	317240
73-27	179280
73-27	367100
73-27	280460
73-27	01011970
73-28	366510
73-28	367070
73-28	367490
73-28	352470
73-28	280460
73-28	355210
73-28	070820
73-28	466240
73-28	360950
73-28	147780
73-29	351080
73-29	368210
73-29	367700
73-29	01082000
73-29	366530
73-29	366540
73-29	363380
73-29	409120
73-29	364360
73-29	355500
73-30	367990
73-30	552600
73-30	362050
73-30	367950
73-30	367910
73-30	01080870
73-30	01077730
73-30	370080
73-30	360770
73-30	365500
73-31	367890
73-31	369220
73-31	369500
73-31	367880
73-31	366700
73-31	01081990
73-31	370220
73-31	370720
73-31	368060
73-31	363290
73-32	368570
73-32	364040
73-32	01082140
73-32	367830
73-32	368840
73-32	368510
73-32	362950
73-32	370890
73-32	365930
73-32	491720
73-33	01082140
73-33	367740
73-33	364040
73-33	365050
73-33	362950
73-33	368570
73-33	368840
73-33	368290
73-33	368510
73-33	365930
73-34	368230
73-34	367710
73-34	358080
73-34	469400
73-34	367050
73-34	359060
73-34	367060
73-34	361830
73-34	368220
73-34	360900
73-35	367800
73-35	368470
73-35	01080170
73-35	352300
73-35	366030
73-35	363200
73-35	356300
73-35	359370
73-35	01078510
73-35	359470
73-36	083790
73-36	368600
73-36	083710
73-36	369200
73-36	000870
73-36	299180
73-36	322480
73-36	000620
73-36	001200
73-36	299010
73-37	299250
73-37	363230
73-37	364390
73-37	354180
73-37	369050
73-37	359390
73-37	356480
73-37	346790
73-37	368020
73-37	368490
73-38	369950
73-38	369830
73-38	368820
73-38	362720
73-38	369230
73-38	369120
73-38	364080
73-38	362050
73-38	366770
73-38	353160
73-39	370580
73-39	370360
73-39	363860
73-39	367530
73-39	476380
73-39	326100
73-39	478080
73-39	476620
73-39	395280
73-39	266200
73-40	371560
73-40	243000
73-40	088860
73-40	246840
73-40	002020
73-40	000070
73-40	031420
73-40	088890
73-40	033600
73-40	088870
73-41	01000690
73-41	371760
73-41	034090
73-41	371770
73-41	01000680
73-41	105970
73-41	152770
73-41	552610
73-41	268450
73-41	087060
73-42	371830
73-42	01082740
73-42	01082800
73-42	01082710
73-42	371620
73-42	371730
73-42	371610
73-42	131930
73-42	372070
73-42	371780
73-43	255660
73-43	162010
73-43	327810
73-43	328850
73-43	401730
73-43	255670
73-43	223280
73-43	161200
73-43	255900
73-43	110280
73-44	372750
73-44	372790
73-44	372860
73-44	099650
73-44	538770
73-44	153050
73-44	314230
73-44	255790
73-44	549350
73-44	034150
73-45	373210
73-45	031250
73-45	132680
73-45	455260
73-45	001020
73-45	055570
73-45	000510
73-45	032440
73-45	154720
73-45	132820
73-46	373820
73-46	374200
73-46	374570
73-46	133440
73-46	163430
73-46	135020
73-46	377960
73-46	379160
73-46	134550
73-46	163100
73-47	374080
73-47	181910
73-47	182270
73-47	375760
73-47	373140
73-47	373400
73-47	373820
73-47	339180
73-47	373750
73-47	374480
73-48	374340
73-48	373410
73-48	374940
73-48	373790
73-48	374180
73-48	373500
73-48	243410
73-48	152880
73-48	081120
73-48	080790
73-49	151340
73-49	374190
73-49	377560
73-49	373200
73-49	373190
73-49	388020
73-49	373270
73-49	103940
73-49	133750
73-49	423980
73-50	373660
73-50	099850
73-50	374400
73-50	375490
73-50	275200
73-50	01016350
73-50	374570
73-50	374820
73-50	388070
73-50	100230
73-51	373670
73-51	374950
73-51	374300
73-51	377920
73-51	374690
73-51	373310
73-51	374190
73-51	242710
73-51	234050
73-51	375260
73-52	373820
73-52	099730
73-52	373270
73-52	373140
73-52	373170
73-52	438130
73-52	374470
73-52	373190
73-52	374910
73-52	157030
73-53	374380
73-53	151840
73-53	518000
73-53	374850
73-53	374190
73-53	090070
73-53	373620
73-53	373180
73-53	184830
73-53	398270
73-54	374820
73-54	090890
73-54	520720
73-54	373450
73-54	374720
73-54	374400
73-54	375990
73-54	373530
73-54	374830
73-54	379530
73-55	374850
73-55	377560
73-55	374380
73-55	373190
73-55	432520
73-55	375420
73-55	090940
73-55	103940
73-55	374470
73-55	090530
73-56	374400
73-56	164780
73-56	163100
73-56	374570
73-56	133250
73-56	388720
73-56	275640
73-56	376340
73-56	376190
73-56	300770
73-57	374910
73-57	224840
73-57	373820
73-57	373990
73-57	457010
73-57	300910
73-57	373940
73-57	538110
73-57	182270
73-57	181910
73-58	097070
73-58	382320
73-58	095310
73-58	381060
73-58	379680
73-58	381080
73-58	382680
73-58	384130
73-58	378960
73-58	381020
73-59	375050
73-59	089370
73-59	380180
73-59	089720
73-59	378870
73-59	373610
73-59	380910
73-59	164380
73-59	01076120
73-59	376530
73-60	375190
73-60	132720
73-60	376740
73-60	375820
73-60	376490
73-60	099950
73-60	234640
73-60	375610
73-60	374290
73-60	375110
73-61	374820
73-61	090890
73-61	374400
73-61	373370
73-61	374250
73-61	378240
73-61	373820
73-61	432110
73-61	181910
73-61	520720
73-62	374730
73-62	375970
73-62	375660
73-62	375960
73-62	374990
73-62	234800
73-62	235300
73-62	376350
73-62	374370
73-62	375060
73-63	375750
73-63	01007680
73-63	375570
73-63	200290
73-63	542240
73-63	245010
73-63	01049640
73-63	346940
73-63	360720
73-63	056340
73-64	373620
73-64	373400
73-64	374190
73-64	433280
73-64	373370
73-64	373650
73-64	375090
73-64	373450
73-64	507030
73-64	373740
73-65	375310
73-65	100190
73-65	269010
73-65	376440
73-65	375940
73-65	186630
73-65	376130
73-65	135200
73-65	100000
73-65	165890
73-66	375890
73-66	373990
73-66	377210
73-66	136290
73-66	375950
73-66	380520
73-66	381940
73-66	134420
73-66	166010
73-66	376530
73-67	373800
73-67	380050
73-67	377030
73-67	375770
73-67	374510
73-67	375700
73-67	167810
73-67	378870
73-67	108380
73-67	376030
73-68	376360
73-68	396000
73-68	395710
73-68	376210
73-68	378870
73-68	089370
73-68	01084420
73-68	379280
73-68	433750
73-68	379390
73-69	377030
73-69	376510
73-69	379850
73-69	375030
73-69	374510
73-69	382270
73-69	373800
73-69	373820
73-69	374630
73-69	380050
73-70	376290
73-70	345730
73-70	349250
73-70	023760
73-70	342930
73-70	344440
73-70	023800
73-70	326800
73-70	317100
73-70	189670
73-71	376320
73-71	380860
73-71	377720
73-71	377950
73-71	354710
73-71	380440
73-71	381800
73-71	383060
73-71	379290
73-71	377130
73-72	376210
73-72	101140
73-72	01044400
73-72	377600
73-72	376360
73-72	377120
73-72	377630
73-72	395710
73-72	378870
73-72	100930
73-73	376620
73-73	381560
73-73	376110
73-73	376540
73-73	380960
73-73	375240
73-73	381900
73-73	479510
73-73	378500
73-73	379130
73-74	374190
73-74	373620
73-74	373200
73-74	374950
73-74	373380
73-74	373960
73-74	342040
73-74	376700
73-74	01088060
73-74	373670
73-75	376530
73-75	091930
73-75	235510
73-75	375850
73-75	375840
73-75	058740
73-75	433770
73-75	137940
73-75	376310
73-75	136350
73-76	376190
73-76	378080
73-76	374570
73-76	164780
73-76	376340
73-76	377310
73-76	377630
73-76	133250
73-76	376440
73-76	374740
73-77	091790
73-77	375580
73-77	376490
73-77	374560
73-77	378010
73-77	379880
73-77	375300
73-77	459080
73-77	376240
73-77	243260
73-78	377480
73-78	378850
73-78	460400
73-78	158820
73-78	059800
73-78	01027150
73-78	376840
73-78	377030
73-78	377560
73-78	376710
73-79	100930
73-79	377600
73-79	092840
73-79	377680
73-79	380180
73-79	380040
73-79	373890
73-79	374460
73-79	380550
73-79	376020
73-80	01083200
73-80	379510
73-80	137180
73-80	090620
73-80	01093180
73-80	384720
73-80	139580
73-80	094010
73-80	434130
73-80	381850
73-81	378380
73-81	381410
73-81	434430
73-81	101530
73-81	375490
73-81	170140
73-81	382160
73-81	093310
73-81	374820
73-81	380050
73-82	377150
73-82	141710
73-82	380030
73-82	380050
73-82	375640
73-82	301670
73-82	377890
73-82	373830
73-82	376400
73-82	376340
73-83	378670
73-83	01088270
73-83	374560
73-83	375190
73-83	162770
73-83	376760
73-83	234170
73-83	376730
73-83	022330
73-83	374460
73-84	482840
73-84	376960
73-84	236450
73-84	374660
73-84	482950
73-84	376260
73-84	376010
73-84	377950
73-84	482830
73-84	375810
73-85	391660
73-85	378680
73-85	377670
73-85	378100
73-85	378870
73-85	277200
73-85	376340
73-85	215370
73-85	374570
73-85	138590
73-86	378670
73-86	379880
73-86	101530
73-86	378380
73-86	138580
73-86	378240
73-86	377500
73-86	376160
73-86	376150
73-86	101610
73-87	380140
73-87	376580
73-87	377850
73-87	01035780
73-87	377590
73-87	377320
73-87	508590
73-87	375490
73-87	376340
73-87	375140
73-88	378280
73-88	377150
73-88	376490
73-88	373700
73-88	376160
73-88	379880
73-88	374460
73-88	376150
73-88	376240
73-88	374630
73-89	380490
73-89	138100
73-89	376610
73-89	378850
73-89	380050
73-89	379840
73-89	376510
73-89	505440
73-89	377480
73-89	383010
73-90	379050
73-90	162770
73-90	376490
73-90	023040
73-90	025020
73-90	374560
73-90	376240
73-90	374460
73-90	266480
73-90	039780
73-91	378470
73-91	380310
73-91	461080
73-91	434770
73-91	379850
73-91	378870
73-91	379880
73-91	375210
73-91	375100
73-91	376850
73-92	378830
73-92	379940
73-92	377870
73-92	379200
73-92	377840
73-92	380420
73-92	246350
73-92	001040
73-92	245930
73-92	383720
73-93	379390
73-93	434860
73-93	382650
73-93	391600
73-93	281640
73-93	381410
73-93	288700
73-93	378870
73-93	171730
73-93	376050
73-94	093380
73-94	379020
73-94	376730
73-94	378510
73-94	378670
73-94	172770
73-94	379380
73-94	377320
73-94	384610
73-94	381760
74-1	380770
74-1	380150
74-1	380600
74-1	374460
74-1	381330
74-1	377380
74-1	377050
74-1	374820
74-1	382220
74-1	379850
74-2	379720
74-2	378720
74-2	373800
74-2	376030
74-2	375700
74-2	374620
74-2	524120
74-2	380870
74-2	374500
74-2	377970
74-3	378850
74-3	377480
74-3	01027150
74-3	391620
74-3	377590
74-3	383010
74-3	376840
74-3	376800
74-3	170670
74-3	376610
74-4	383670
74-4	385610
74-4	312270
74-4	464710
74-4	312260
74-4	379180
74-4	377270
74-4	383240
74-4	375620
74-4	379220
74-5	380270
74-5	373790
74-5	374370
74-5	374990
74-5	375980
74-5	374180
74-5	374660
74-5	374940
74-5	462310
74-5	373500
74-6	377030
74-6	380220
74-6	378870
74-6	379390
74-6	094300
74-6	379850
74-6	376430
74-6	378710
74-6	376180
74-6	381120
74-7	462470
74-7	172150
74-7	449140
74-7	171780
74-7	379580
74-7	01093530
74-7	170350
74-7	376670
74-7	448330
74-7	01044740
74-8	381050
74-8	383060
74-8	380960
74-8	378740
74-8	383080
74-8	380450
74-8	380380
74-8	354710
74-8	377420
74-8	378050
74-9	381590
74-9	380770
74-9	376200
74-9	012200
74-9	374160
74-9	380320
74-9	380150
74-9	376890
74-9	381640
74-9	374720
74-10	381280
74-10	379940
74-10	379200
74-10	384480
74-10	384430
74-10	381370
74-10	385690
74-10	381070
74-10	383210
74-10	383410
74-11	381400
74-11	374010
74-11	377380
74-11	380000
74-11	376220
74-11	376530
74-11	375210
74-11	378140
74-11	377450
74-11	137440
74-12	380010
74-12	463230
74-12	381210
74-12	376470
74-12	096460
74-12	375490
74-12	380490
74-12	376230
74-12	375940
74-12	379620
74-13	477400
74-13	101410
74-13	477170
74-13	477810
74-13	426050
74-13	476390
74-13	377630
74-13	414890
74-13	478010
74-13	475980
74-14	381050
74-14	380960
74-14	380380
74-14	381000
74-14	377720
74-14	378740
74-14	383060
74-14	381460
74-14	383080
74-14	376110
74-15	381460
74-15	377720
74-15	318940
74-15	378050
74-15	380400
74-15	061950
74-15	381050
74-15	377580
74-15	378290
74-15	378740
74-16	381120
74-16	376430
74-16	375260
74-16	378870
74-16	374680
74-16	377450
74-16	381830
74-16	379390
74-16	380000
74-16	377030
74-17	380660
74-17	377020
74-17	381520
74-17	377910
74-17	254730
74-17	130740
74-17	382870
74-17	126830
74-17	157350
74-17	349810
74-18	01027190
74-18	381510
74-18	380650
74-18	379850
74-18	378710
74-18	383280
74-18	462730
74-18	382210
74-18	102460
74-18	383170
74-19	381210
74-19	378960
74-19	379160
74-19	376450
74-19	379850
74-19	379170
74-19	373670
74-19	376440
74-19	375590
74-19	374330
74-20	01083200
74-20	381850
74-20	380220
74-20	373890
74-20	377560
74-20	100930
74-20	377120
74-20	377030
74-20	379020
74-20	376210
74-21	379200
74-21	380250
74-21	245930
74-21	380230
74-21	379990
74-21	379940
74-21	381070
74-21	01083410
74-21	383800
74-21	383870
74-22	374570
74-22	375490
74-22	378840
74-22	383470
74-22	374820
74-22	378080
74-22	101330
74-22	463980
74-22	376190
74-22	164780
74-23	383030
74-23	096390
74-23	474800
74-23	177750
74-23	174000
74-23	127630
74-23	01006170
74-23	312450
74-23	161260
74-23	398370
74-24	383400
74-24	380950
74-24	127500
74-24	183180
74-24	050130
74-24	183940
74-24	184440
74-24	182860
74-24	184380
74-24	144950
74-25	383100
74-25	177550
74-25	278290
74-25	379380
74-25	312400
74-25	375360
74-25	125020
74-25	377490
74-25	096140
74-25	378790
74-26	376220
74-26	375210
74-26	376410
74-26	377380
74-26	379410
74-26	375790
74-26	382370
74-26	378470
74-26	374020
74-26	380560
74-27	380010
74-27	374570
74-27	375490
74-27	378680
74-27	380490
74-27	383470
74-27	143700
74-27	380290
74-27	378840
74-27	374710
74-28	01083400
74-28	381820
74-28	376180
74-28	374510
74-28	377030
74-28	375420
74-28	375770
74-28	380050
74-28	377560
74-28	382770
74-29	380670
74-29	379400
74-29	381890
74-29	381830
74-29	379720
74-29	377030
74-29	139410
74-29	382550
74-29	376090
74-29	375080
74-30	375840
74-30	378220
74-30	376700
74-30	381940
74-30	379170
74-30	137940
74-30	373860
74-30	091210
74-30	376710
74-30	380000
74-31	383880
74-31	383610
74-31	376450
74-31	377630
74-31	378870
74-31	01027190
74-31	380210
74-31	378710
74-31	379850
74-31	381450
74-32	380770
74-32	379620
74-32	375490
74-32	226430
74-32	380190
74-32	374820
74-32	380030
74-32	379850
74-32	380140
74-32	383430
74-33	384440
74-33	383830
74-33	385470
74-33	383950
74-33	284420
74-33	384050
74-33	328040
74-33	385560
74-33	384200
74-33	383480
74-34	384430
74-34	383040
74-34	376140
74-34	254770
74-34	384110
74-34	380380
74-34	018290
74-34	038140
74-34	039100
74-34	162830
74-35	063830
74-35	044530
74-35	064810
74-35	091680
74-35	411510
74-35	063920
74-35	01014980
74-35	01014960
74-35	046220
74-35	259810
74-36	384110
74-36	384660
74-36	384420
74-36	385850
74-36	366350
74-36	109710
74-36	385560
74-36	490120
74-36	385790
74-36	450640
74-37	385650
74-37	383830
74-37	384760
74-37	260110
74-37	332420
74-37	384440
74-37	065000
74-37	257190
74-37	384660
74-37	000310
74-38	384760
74-38	384500
74-38	384440
74-38	361630
74-38	337630
74-38	065040
74-38	383950
74-38	385710
74-38	260110
74-38	384360
74-39	466430
74-39	381740
74-39	514550
74-39	377720
74-39	383160
74-39	383150
74-39	380860
74-39	377550
74-39	375240
74-39	376110
74-40	386320
74-40	386250
74-40	234690
74-40	377210
74-40	548380
74-40	379420
74-40	033130
74-40	379030
74-40	005500
74-40	373820
74-41	386280
74-41	386290
74-41	386230
74-41	095840
74-41	026130
74-41	386240
74-41	133200
74-41	488450
74-41	01010000
74-41	377240
74-42	387270
74-42	387310
74-42	387400
74-42	387230
74-42	387570
74-42	433210
74-42	387480
74-42	387670
74-42	01083560
74-42	458280
74-43	387370
74-43	000620
74-43	387670
74-43	395030
74-43	322480
74-43	387450
74-43	000870
74-43	043580
74-43	291800
74-43	387150
74-44	387540
74-44	387570
74-44	387660
74-44	387680
74-44	387360
74-44	387630
74-44	387480
74-44	387670
74-44	530960
74-44	387400
74-45	387740
74-45	387730
74-45	530960
74-45	387440
74-45	398370
74-45	054520
74-45	387360
74-45	387470
74-45	433210
74-45	209470
74-46	387940
74-46	388260
74-46	389320
74-46	390140
74-46	387830
74-46	388560
74-46	387860
74-46	389970
74-46	387850
74-46	389620
74-47	389220
74-47	388480
74-47	361040
74-47	082010
74-47	058120
74-47	388380
74-47	355660
74-47	416530
74-47	388370
74-47	389040
74-48	388460
74-48	498080
74-48	498750
74-48	01083960
74-48	158580
74-48	498130
74-48	069580
74-48	01003410
74-48	008920
74-48	245130
74-49	389220
74-49	389160
74-49	388420
74-49	388390
74-49	388000
74-49	355660
74-49	389050
74-49	389800
74-49	259890
74-49	389940
74-50	275040
74-50	388120
74-50	275550
74-50	388690
74-50	275630
74-50	392150
74-50	388890
74-50	389550
74-50	390040
74-50	01064990
74-51	388200
74-51	387900
74-51	387830
74-51	387850
74-51	275210
74-51	300090
74-51	387840
74-51	113540
74-51	389620
74-51	390100
74-52	389300
74-52	275570
74-52	388670
74-52	242740
74-52	280390
74-52	389540
74-52	191090
74-52	391360
74-52	306090
74-52	198200
74-53	388070
74-53	275200
74-53	389590
74-53	01054240
74-53	133690
74-53	388750
74-53	227900
74-53	388930
74-53	01016350
74-53	099850
74-54	388010
74-54	388820
74-54	388320
74-54	389850
74-54	275150
74-54	099860
74-54	387820
74-54	389830
74-54	275140
74-54	389440
74-55	388730
74-55	390360
74-55	276310
74-55	388560
74-55	01064790
74-55	391940
74-55	305790
74-55	01008780
74-55	388210
74-55	01064700
74-56	388660
74-56	275040
74-56	388690
74-56	275410
74-56	392150
74-56	389550
74-56	388670
74-56	277010
74-56	305680
74-56	387860
74-57	275580
74-57	275500
74-57	275530
74-57	389020
74-57	01083690
74-57	388610
74-57	01064600
74-57	280120
74-57	388720
74-57	390830
74-58	388750
74-58	388720
74-58	388070
74-58	275200
74-58	388930
74-58	275640
74-58	388970
74-58	390200
74-58	100230
74-58	457330
74-59	388710
74-59	387920
74-59	390110
74-59	387830
74-59	387840
74-59	388860
74-59	389270
74-59	275430
74-59	275190
74-59	01064600
74-60	134120
74-60	164380
74-60	134110
74-60	388880
74-60	01083720
74-60	391180
74-60	275040
74-60	01065140
74-60	388660
74-60	01064620
74-61	390150
74-61	004290
74-61	392380
74-61	389890
74-61	213780
74-61	389060
74-61	066920
74-61	001580
74-61	000600
74-61	432560
74-62	118350
74-62	390960
74-62	256980
74-62	038010
74-62	389690
74-62	507230
74-62	389670
74-62	067570
74-62	389250
74-62	393530
74-63	387830
74-63	389970
74-63	300570
74-63	388590
74-63	389460
74-63	390650
74-63	392480
74-63	390110
74-63	01070680
74-63	388720
74-64	389260
74-64	135300
74-64	390690
74-64	019540
74-64	391470
74-64	057560
74-64	198860
74-64	137900
74-64	275160
74-64	135050
74-65	389620
74-65	135360
74-65	388560
74-65	389970
74-65	275210
74-65	387830
74-65	389270
74-65	392560
74-65	390060
74-65	390110
74-66	389630
74-66	01064990
74-66	166190
74-66	01065170
74-66	306110
74-66	280510
74-66	390770
74-66	118580
74-66	058010
74-66	389980
74-67	041600
74-67	01001580
74-67	387800
74-67	390180
74-67	150970
74-67	041610
74-67	322480
74-67	000540
74-67	018100
74-67	451390
74-68	389790
74-68	389210
74-68	390320
74-68	389060
74-68	389800
74-68	388400
74-68	390960
74-68	01083880
74-68	388360
74-68	391110
74-69	390040
74-69	275550
74-69	389320
74-69	388260
74-69	388890
74-69	433680
74-69	388690
74-69	101100
74-69	388540
74-69	275170
74-70	328950
74-70	389810
74-70	01075550
74-70	01076610
74-70	164670
74-70	072290
74-70	391010
74-70	055990
74-70	343530
74-70	342260
74-71	389890
74-71	391040
74-71	01001860
74-71	066940
74-71	390320
74-71	392350
74-71	380660
74-71	065510
74-71	432070
74-71	389210
74-72	390880
74-72	388270
74-72	389540
74-72	388670
74-72	032030
74-72	275570
74-72	388180
74-72	117110
74-72	388810
74-72	390780
74-73	390720
74-73	059800
74-73	389490
74-73	138780
74-73	137870
74-73	277000
74-73	281390
74-73	01044460
74-73	395860
74-73	302460
74-74	236450
74-74	391020
74-74	482840
74-74	376960
74-74	482870
74-74	391010
74-74	395140
74-74	390310
74-74	482950
74-74	388040
74-75	390380
74-75	437050
74-75	308200
74-75	434020
74-75	389860
74-75	114750
74-75	169470
74-75	389330
74-75	301690
74-75	389360
74-76	390550
74-76	137730
74-76	01066320
74-76	019310
74-76	278350
74-76	392040
74-76	019450
74-76	388860
74-76	193650
74-76	390860
74-77	390930
74-77	390580
74-77	393010
74-77	391870
74-77	388010
74-77	389440
74-77	390600
74-77	137330
74-77	391680
74-77	114950
74-78	391290
74-78	01065700
74-78	393120
74-78	391190
74-78	101770
74-78	392790
74-78	139120
74-78	389910
74-78	059870
74-78	388710
74-79	393330
74-79	391210
74-79	390770
74-79	197460
74-79	138080
74-79	391610
74-79	389590
74-79	392710
74-79	170680
74-79	115030
74-80	391360
74-80	138960
74-80	170380
74-80	393030
74-80	060010
74-80	196580
74-80	201920
74-80	135050
74-80	074760
74-80	118890
74-81	392840
74-81	392920
74-81	393900
74-81	392380
74-81	392430
74-81	390320
74-81	388400
74-81	389750
74-81	388410
74-81	416870
74-82	391640
74-82	309470
74-82	310200
74-82	388660
74-82	502540
74-82	391340
74-82	390720
74-82	390390
74-82	391660
74-82	435090
74-83	392000
74-83	388270
74-83	115320
74-83	195980
74-83	391550
74-83	172970
74-83	389840
74-83	115570
74-83	391870
74-83	393940
74-84	391650
74-84	392050
74-84	390580
74-84	216930
74-84	390070
74-84	216990
74-84	392490
74-84	390670
74-84	389910
74-84	391910
74-85	124050
74-85	392060
74-85	139960
74-85	172730
74-85	277440
74-85	392760
74-85	380020
74-85	391410
74-85	102050
74-85	282040
74-86	392600
74-86	141840
74-86	303070
74-86	393410
74-86	311310
74-86	312190
74-86	176690
74-86	170360
74-86	487290
74-86	390880
74-87	01083950
74-87	388390
74-87	390230
74-87	391030
74-87	067830
74-87	389170
74-87	388410
74-87	01084190
74-87	392930
74-87	392890
74-88	393420
74-88	392890
74-88	392430
74-88	367490
74-88	389690
74-88	392920
74-88	392380
74-88	01001900
74-88	392880
74-88	403450
74-89	391520
74-89	392680
74-89	390770
74-89	123030
74-89	393330
74-89	173780
74-89	390680
74-89	01064700
74-89	388570
74-89	390160
74-90	141400
74-90	392500
74-90	237800
74-90	323450
74-90	272710
74-90	392490
74-90	175440
74-90	392790
74-90	276300
74-90	389910
74-91	391290
74-91	393120
74-91	01065700
74-91	391190
74-91	126260
74-91	390070
74-91	393450
74-91	277990
74-91	01065900
74-91	389010
74-92	391450
74-92	392790
74-92	388710
74-92	393120
74-92	391290
74-92	275430
74-92	01065900
74-92	276950
74-92	137540
74-92	169120
74-93	391890
74-93	391900
74-93	463230
74-93	388720
74-93	393730
74-93	275640
74-93	391660
74-93	143700
74-93	388900
74-93	01065140
74-94	077040
74-94	177650
74-94	01019440
74-94	238690
74-94	025880
74-94	222540
74-94	063130
74-94	118690
74-94	246380
74-94	392290
75-1	394040
75-1	01066370
75-1	392080
75-1	390070
75-1	392240
75-1	392570
75-1	394710
75-1	388930
75-1	391940
75-1	390580
75-2	392570
75-2	063550
75-2	465390
75-2	436170
75-2	390070
75-2	394020
75-2	393730
75-2	391240
75-2	391940
75-2	394000
75-3	394290
75-3	390130
75-3	388270
75-3	144880
75-3	313260
75-3	493920
75-3	389430
75-3	394680
75-3	494520
75-3	391860
75-4	394130
75-4	394380
75-4	394240
75-4	01068340
75-4	391850
75-4	394650
75-4	393800
75-4	313340
75-4	393430
75-4	393260
75-5	394510
75-5	387910
75-5	394380
75-5	391530
75-5	181570
75-5	210220
75-5	174140
75-5	391510
75-5	394130
75-5	391270
75-6	394360
75-6	393030
75-6	393580
75-6	392040
75-6	390900
75-6	390870
75-6	142400
75-6	394930
75-6	394680
75-6	394890
75-7	01084120
75-7	392790
75-7	275580
75-7	390630
75-7	390970
75-7	393730
75-7	115450
75-7	115380
75-7	391450
75-7	394920
75-8	395010
75-8	395030
75-8	322480
75-8	01000250
75-8	053840
75-8	451380
75-8	000760
75-8	000620
75-8	021410
75-8	469350
75-9	395290
75-9	288220
75-9	395270
75-9	348730
75-9	316020
75-9	288290
75-9	058870
75-9	065220
75-9	395280
75-9	316120
75-10	395500
75-10	01084340
75-10	336210
75-10	148280
75-10	366350
75-10	347560
75-10	349590
75-10	430770
75-10	222600
75-10	146810
75-11	395560
75-11	355250
75-11	505980
75-11	01099200
75-11	395290
75-11	355710
75-11	018350
75-11	263340
75-11	293790
75-11	286890
75-12	396050
75-12	01022210
75-12	288300
75-12	015730
75-12	395640
75-12	291450
75-12	395600
75-12	415750
75-12	395840
75-12	395690
75-13	396000
75-13	482620
75-13	396370
75-13	376360
75-13	396280
75-13	089370
75-13	376210
75-13	395710
75-13	270630
75-13	395980
75-14	396350
75-14	395830
75-14	395790
75-14	397260
75-14	396240
75-14	396150
75-14	395740
75-14	544100
75-14	396140
75-14	396850
75-15	01007090
75-15	396720
75-15	396780
75-15	396080
75-15	396700
75-15	396310
75-15	397170
75-15	395930
75-15	007280
75-15	397620
75-16	396630
75-16	396070
75-16	396410
75-16	483540
75-16	396090
75-16	013700
75-16	164860
75-16	113950
75-16	395890
75-16	396620
75-17	396850
75-17	396380
75-17	544100
75-17	397110
75-17	396260
75-17	397260
75-17	397210
75-17	396920
75-17	396610
75-17	397040
75-18	397140
75-18	397050
75-18	188840
75-18	396920
75-18	262450
75-18	396160
75-18	188620
75-18	396580
75-18	396720
75-18	396150
75-19	396850
75-19	395830
75-19	397140
75-19	396380
75-19	341540
75-19	397170
75-19	544100
75-19	397260
75-19	396150
75-19	396240
75-20	397390
75-20	397030
75-20	018400
75-20	01084400
75-20	242400
75-20	395950
75-20	397560
75-20	265320
75-20	366350
75-20	180900
75-21	01084810
75-21	397440
75-21	411820
75-21	417640
75-21	397560
75-21	01008400
75-21	397060
75-21	539390
75-21	018930
75-21	161940
75-22	397140
75-22	397520
75-22	396270
75-22	395890
75-22	397190
75-22	397110
75-22	396920
75-22	396940
75-22	396740
75-22	396860
75-23	397620
75-23	397550
75-23	397350
75-23	396040
75-23	397140
75-23	397000
75-23	397310
75-23	396560
75-23	01010420
75-23	397640
75-24	398500
75-24	398050
75-24	398620
75-24	398360
75-24	398310
75-24	398460
75-24	398440
75-24	398280
75-24	239750
75-24	397880
75-25	398240
75-25	334530
75-25	416280
75-25	482990
75-25	482840
75-25	329010
75-25	482930
75-25	261380
75-25	095150
75-25	260490
75-26	398250
75-26	398270
75-26	398120
75-26	151860
75-26	529930
75-26	398480
75-26	452040
75-26	398110
75-26	398090
75-26	195050
75-27	398490
75-27	01100170
75-27	521830
75-27	398360
75-27	399210
75-27	433500
75-27	318490
75-27	01100110
75-27	318800
75-27	398610
75-28	399380
75-28	380910
75-28	277780
75-28	502590
75-28	187730
75-28	525970
75-28	399040
75-28	399530
75-28	524220
75-28	527140
75-29	512930
75-29	399620
75-29	330820
75-29	276690
75-29	493850
75-29	087770
75-29	395730
75-29	383360
75-29	524670
75-29	527130
75-30	399950
75-30	402360
75-30	258600
75-30	055640
75-30	400160
75-30	401310
75-30	423430
75-30	400930
75-30	032240
75-30	400020
75-31	400240
75-31	400840
75-31	089490
75-31	423610
75-31	373490
75-31	184540
75-31	401640
75-31	304520
75-31	420150
75-31	258860
75-32	400160
75-32	400740
75-32	400150
75-32	326690
75-32	400860
75-32	488440
75-32	456010
75-32	055740
75-32	133070
75-32	400850
75-33	400740
75-33	400100
75-33	000170
75-33	400150
75-33	314210
75-33	323830
75-33	400160
75-33	400860
75-33	103780
75-33	258890
75-34	404100
75-34	400430
75-34	456470
75-34	520200
75-34	423730
75-34	400630
75-34	403850
75-34	400300
75-34	403130
75-34	401340
75-35	400950
75-35	400470
75-35	01063710
75-35	401080
75-35	01092180
75-35	400270
75-35	400290
75-35	402610
75-35	400040
75-35	399970
75-36	259110
75-36	163850
75-36	279590
75-36	227900
75-36	400590
75-36	01092380
75-36	154940
75-36	402520
75-36	407750
75-36	275480
75-37	401170
75-37	267690
75-37	328000
75-37	471830
75-37	222620
75-37	305670
75-37	402740
75-37	402720
75-37	407930
75-37	401890
75-38	401360
75-38	407250
75-38	228670
75-38	401350
75-38	156110
75-38	259870
75-38	402330
75-38	403530
75-38	404720
75-38	195990
75-39	401790
75-39	400710
75-39	401550
75-39	403870
75-39	222630
75-39	327890
75-39	402600
75-39	412740
75-39	269030
75-39	406150
75-40	401650
75-40	405530
75-40	405010
75-40	404030
75-40	322890
75-40	416450
75-40	405600
75-40	327700
75-40	521140
75-40	405230
75-41	224950
75-41	305010
75-41	401940
75-41	275520
75-41	01071400
75-41	305380
75-41	163670
75-41	132780
75-41	400040
75-41	090840
75-42	401490
75-42	348080
75-42	400220
75-42	400910
75-42	044380
75-42	062710
75-42	316200
75-42	291610
75-42	109150
75-42	316400
75-43	228120
75-43	182650
75-43	232430
75-43	01022780
75-43	402880
75-43	181960
75-43	407470
75-43	183230
75-43	182130
75-43	405170
75-44	458030
75-44	424950
75-44	402280
75-44	406980
75-44	406010
75-44	276190
75-44	328750
75-44	318190
75-44	406860
75-44	409100
75-45	402270
75-45	458220
75-45	401440
75-45	402260
75-45	410980
75-45	406070
75-45	408080
75-45	401050
75-45	225160
75-45	403240
75-46	401320
75-46	401020
75-46	328780
75-46	401640
75-46	412710
75-46	389490
75-46	402050
75-46	327610
75-46	471660
75-46	305880
75-47	079300
75-47	228870
75-47	165890
75-47	234990
75-47	135200
75-47	164400
75-47	279890
75-47	458210
75-47	403210
75-47	306150
75-48	057550
75-48	404100
75-48	222670
75-48	260740
75-48	223310
75-48	041000
75-48	402620
75-48	401340
75-48	318160
75-48	306510
75-49	260640
75-49	402640
75-49	405400
75-49	305270
75-49	041360
75-49	460410
75-49	224890
75-49	004320
75-49	359590
75-49	425050
75-50	403570
75-50	01058080
75-50	301330
75-50	407930
75-50	003810
75-50	100860
75-50	389840
75-50	157110
75-50	425620
75-50	225460
75-51	402880
75-51	261200
75-51	405540
75-51	401520
75-51	134270
75-51	403410
75-51	157020
75-51	156280
75-51	405880
75-51	156020
75-52	403130
75-52	402150
75-52	406770
75-52	007950
75-52	458670
75-52	120380
75-52	280390
75-52	389300
75-52	114320
75-52	401940
75-53	403860
75-53	405700
75-53	402330
75-53	401640
75-53	404440
75-53	403530
75-53	276410
75-53	01065140
75-53	506820
75-53	402340
75-54	400230
75-54	403950
75-54	406820
75-54	403550
75-54	458850
75-54	405720
75-54	400630
75-54	401370
75-54	425710
75-54	376190
75-55	403320
75-55	405840
75-55	404440
75-55	403240
75-55	229300
75-55	404030
75-55	406730
75-55	407250
75-55	408200
75-55	404940
75-56	403450
75-56	01084970
75-56	400740
75-56	403440
75-56	408460
75-56	400930
75-56	401990
75-56	401310
75-56	407520
75-56	405310
75-57	404320
75-57	405970
75-57	01085160
75-57	407040
75-57	403670
75-57	108870
75-57	409300
75-57	408380
75-57	404050
75-57	406140
75-58	403070
75-58	404540
75-58	262080
75-58	408460
75-58	403830
75-58	403440
75-58	404090
75-58	400860
75-58	405310
75-58	402360
75-59	404260
75-59	401040
75-59	501020
75-59	403940
75-59	404940
75-59	406820
75-59	400440
75-59	402400
75-59	500610
75-59	408970
75-60	404930
75-60	402240
75-60	407670
75-60	136360
75-60	403650
75-60	262030
75-60	274940
75-60	439600
75-60	342230
75-60	289840
75-61	405400
75-61	223650
75-61	114620
75-61	404530
75-61	402640
75-61	330520
75-61	260640
75-61	329410
75-61	407670
75-61	404110
75-62	405010
75-62	401650
75-62	408200
75-62	405600
75-62	405530
75-62	404030
75-62	405700
75-62	408680
75-62	404920
75-62	407640
75-63	405340
75-63	267030
75-63	460800
75-63	407640
75-63	268110
75-63	486280
75-63	309200
75-63	404550
75-63	094020
75-63	460090
75-64	406110
75-64	407780
75-64	407020
75-64	401530
75-64	407000
75-64	405290
75-64	403620
75-64	408880
75-64	405070
75-64	331330
75-65	277020
75-65	406890
75-65	400530
75-65	404670
75-65	407200
75-65	01086120
75-65	403790
75-65	400950
75-65	405650
75-65	402610
75-66	406470
75-66	406970
75-66	406480
75-66	402880
75-66	141450
75-66	444090
75-66	408070
75-66	406730
75-66	409320
75-66	407780
75-67	405220
75-67	461370
75-67	410330
75-67	439590
75-67	216030
75-67	409460
75-67	171140
75-67	01085310
75-67	263020
75-67	003810
75-68	331280
75-68	405250
75-68	434040
75-68	391290
75-68	254850
75-68	059870
75-68	309410
75-68	407870
75-68	225890
75-68	418040
75-69	405020
75-69	402240
75-69	340210
75-69	110600
75-69	405580
75-69	326290
75-69	079380
75-69	495630
75-69	410580
75-69	01085690
75-70	403220
75-70	508700
75-70	406820
75-70	402520
75-70	391610
75-70	404300
75-70	138770
75-70	409870
75-70	407750
75-70	178880
75-71	331460
75-71	01075270
75-71	01085140
75-71	056450
75-71	405060
75-71	402860
75-71	406300
75-71	228450
75-71	403100
75-71	402110
75-72	406340
75-72	405710
75-72	402480
75-72	401530
75-72	401030
75-72	405860
75-72	409200
75-72	409540
75-72	406150
75-72	403320
75-73	406280
75-73	260710
75-73	364970
75-73	406130
75-73	406360
75-73	263370
75-73	408440
75-73	508830
75-73	332350
75-73	359310
75-74	462780
75-74	406400
75-74	405240
75-74	406590
75-74	405360
75-74	409540
75-74	01057540
75-74	409740
75-74	403630
75-74	01025540
75-75	405240
75-75	406590
75-75	406400
75-75	263090
75-75	407580
75-75	402470
75-75	140940
75-75	460540
75-75	409740
75-75	407930
75-76	406900
75-76	230990
75-76	01072250
75-76	401800
75-76	403340
75-76	123250
75-76	229660
75-76	266990
75-76	226120
75-76	391400
75-77	406400
75-77	402470
75-77	332190
75-77	404690
75-77	404910
75-77	409540
75-77	406730
75-77	407640
75-77	410260
75-77	408200
75-78	406520
75-78	302670
75-78	473750
75-78	237170
75-78	331930
75-78	310070
75-78	282050
75-78	111210
75-78	094590
75-78	223740
75-79	140180
75-79	237090
75-79	408380
75-79	226180
75-79	405980
75-79	427450
75-79	406680
75-79	123750
75-79	409580
75-79	230960
75-80	407350
75-80	01084990
75-80	407930
75-80	111550
75-80	406120
75-80	407750
75-80	474330
75-80	055590
75-80	431630
75-80	233630
75-81	486590
75-81	486410
75-81	485760
75-81	118600
75-81	005580
75-81	276690
75-81	305880
75-81	100220
75-81	434680
75-81	484620
75-82	407060
75-82	405420
75-82	407560
75-82	407280
75-82	189360
75-82	407510
75-82	410130
75-82	408750
75-82	406310
75-82	410590
75-83	323410
75-83	407750
75-83	282710
75-83	302890
75-83	408380
75-83	404690
75-83	408670
75-83	407180
75-83	350400
75-83	463690
75-84	403330
75-84	408350
75-84	055780
75-84	231550
75-84	406860
75-84	114950
75-84	406010
75-84	01085440
75-84	326120
75-84	407740
75-85	01085440
75-85	407140
75-85	406910
75-85	311060
75-85	01085390
75-85	231660
75-85	174770
75-85	408670
75-85	408650
75-85	406860
75-86	406960
75-86	407760
75-86	408570
75-86	406870
75-86	016480
75-86	407500
75-86	333780
75-86	462820
75-86	206690
75-86	408670
75-87	408070
75-87	232100
75-87	406730
75-87	404830
75-87	01085540
75-87	462300
75-87	409460
75-87	184540
75-87	404890
75-87	402220
75-88	408580
75-88	408530
75-88	333230
75-88	109450
75-88	01085320
75-88	406970
75-88	409790
75-88	406580
75-88	278100
75-88	407940
75-89	408120
75-89	264980
75-89	406710
75-89	232120
75-89	408160
75-89	176160
75-89	410260
75-89	407770
75-89	333340
75-89	408840
75-90	237940
75-90	288870
75-90	273280
75-90	408020
75-90	405220
75-90	184540
75-90	095910
75-90	439590
75-90	056730
75-90	409460
75-91	408490
75-91	407640
75-91	408270
75-91	333330
75-91	267220
75-91	407000
75-91	428960
75-91	407930
75-91	460090
75-91	464410
75-92	407640
75-92	408490
75-92	464410
75-92	408270
75-92	312140
75-92	407000
75-92	333330
75-92	428960
75-92	185570
75-92	407390
75-93	408500
75-93	408330
75-93	143370
75-93	177220
75-93	142810
75-93	407680
75-93	264860
75-93	464450
75-93	410330
75-93	409100
75-94	429290
75-94	408830
75-94	503860
75-94	278290
75-94	312400
75-94	405680
75-94	409680
75-94	419000
75-94	393680
75-94	407260
76-1	408660
76-1	429130
76-1	232720
76-1	143730
76-1	405730
76-1	222900
76-1	312420
76-1	405130
76-1	464670
76-1	406870
76-2	408850
76-2	077040
76-2	303500
76-2	410080
76-2	334690
76-2	246380
76-2	407570
76-2	407280
76-2	406200
76-2	410130
76-3	408550
76-3	464880
76-3	510280
76-3	407130
76-3	265360
76-3	407120
76-3	489600
76-3	408890
76-3	455420
76-3	503740
76-4	409740
76-4	407930
76-4	407670
76-4	056360
76-4	406770
76-4	405840
76-4	290360
76-4	403920
76-4	405140
76-4	403650
76-5	409420
76-5	474940
76-5	406250
76-5	285480
76-5	144790
76-5	274030
76-5	262480
76-5	287050
76-5	331850
76-5	409450
76-6	409560
76-6	227050
76-6	410520
76-6	406090
76-6	405530
76-6	408970
76-6	410530
76-6	409750
76-6	335410
76-6	406140
76-7	410090
76-7	334860
76-7	510690
76-7	01085440
76-7	406860
76-7	406010
76-7	409640
76-7	01085570
76-7	408650
76-7	409830
76-8	478370
76-8	410120
76-8	478520
76-8	477840
76-8	510510
76-8	437310
76-8	138380
76-8	001000
76-8	409220
76-8	476200
76-9	409530
76-9	404030
76-9	407930
76-9	184540
76-9	403920
76-9	410270
76-9	408070
76-9	409220
76-9	056730
76-9	408450
76-10	409040
76-10	410290
76-10	407780
76-10	430120
76-10	467710
76-10	504430
76-10	408930
76-10	334510
76-10	510790
76-10	403920
76-11	408290
76-11	406510
76-11	452290
76-11	109520
76-11	409910
76-11	319890
76-11	401870
76-11	409920
76-11	210050
76-11	165110
76-12	410420
76-12	409540
76-12	408450
76-12	401900
76-12	407240
76-12	407930
76-12	405800
76-12	01084990
76-12	180840
76-12	429630
76-13	407370
76-13	407250
76-13	407910
76-13	407930
76-13	402220
76-13	407960
76-13	409690
76-13	405840
76-13	407640
76-13	403920
76-14	410940
76-14	410850
76-14	410770
76-14	410900
76-14	241150
76-14	410840
76-14	410760
76-14	410860
76-14	410870
76-14	031870
76-15	411220
76-15	411210
76-15	01086310
76-15	411170
76-15	411190
76-15	01086280
76-15	410890
76-15	544150
76-15	257760
76-15	01086300
76-16	411150
76-16	01086310
76-16	01086300
76-16	411210
76-16	411170
76-16	411220
76-16	410890
76-16	01086280
76-16	139490
76-16	188110
76-17	411500
76-17	411510
76-17	090370
76-17	154880
76-17	055780
76-17	092780
76-17	168230
76-17	291400
76-17	374340
76-17	058120
76-18	330480
76-18	157090
76-18	417570
76-18	073030
76-18	044310
76-18	261880
76-18	254620
76-18	043810
76-18	271400
76-18	157080
76-19	411820
76-19	330410
76-19	417640
76-19	460780
76-19	241400
76-19	079520
76-19	411860
76-19	412010
76-19	353250
76-19	138280
76-20	082130
76-20	480610
76-20	081230
76-20	336580
76-20	357570
76-20	065000
76-20	359080
76-20	479720
76-20	412050
76-20	354490
76-21	412380
76-21	412350
76-21	412390
76-21	412360
76-21	193270
76-21	412370
76-21	000630
76-21	162310
76-21	004090
76-21	003020
76-22	01029480
76-22	412860
76-22	085460
76-22	300930
76-22	276350
76-22	004440
76-22	162810
76-22	01099170
76-22	163330
76-22	085360
76-23	461390
76-23	060220
76-23	415140
76-23	082990
76-23	170150
76-23	523810
76-23	242910
76-23	171260
76-23	405010
76-23	080020
76-24	080720
76-24	084160
76-24	000200
76-24	250050
76-24	084170
76-24	005360
76-24	151270
76-24	057580
76-24	482780
76-24	323860
76-25	01086600
76-25	414120
76-25	133040
76-25	227610
76-25	162850
76-25	255590
76-25	400130
76-25	414660
76-25	162860
76-25	414160
76-26	414410
76-26	414630
76-26	110290
76-26	415160
76-26	374710
76-26	506170
76-26	401680
76-26	415140
76-26	414620
76-26	414420
76-27	414620
76-27	389420
76-27	375160
76-27	414540
76-27	414380
76-27	457920
76-27	041950
76-27	309990
76-27	471990
76-27	414510
76-28	414550
76-28	458290
76-28	133810
76-28	271020
76-28	307680
76-28	404300
76-28	093280
76-28	071630
76-28	137820
76-28	402290
76-29	414630
76-29	339690
76-29	415160
76-29	414420
76-29	414740
76-29	100430
76-29	389380
76-29	306190
76-29	414500
76-29	415230
76-30	414730
76-30	455500
76-30	323060
76-30	459510
76-30	167680
76-30	136690
76-30	339730
76-30	235620
76-30	414670
76-30	414470
76-31	414860
76-31	275420
76-31	414680
76-31	460710
76-31	395960
76-31	339920
76-31	280150
76-31	330330
76-31	404150
76-31	275860
76-32	415220
76-32	414860
76-32	108860
76-32	272360
76-32	518670
76-32	278260
76-32	414730
76-32	414970
76-32	332380
76-32	415170
76-33	327220
76-33	388340
76-33	400550
76-33	414170
76-33	189840
76-33	339240
76-33	275160
76-33	414550
76-33	098020
76-33	275290
76-34	415320
76-34	415380
76-34	406910
76-34	303090
76-34	381510
76-34	01055640
76-34	414670
76-34	509420
76-34	415180
76-34	01027190
76-35	130730
76-35	130320
76-35	130940
76-35	130820
76-35	146950
76-35	130510
76-35	268890
76-35	148120
76-35	195510
76-35	324000
76-36	416150
76-36	087490
76-36	087630
76-36	034340
76-36	087290
76-36	038220
76-36	330090
76-36	106970
76-36	326500
76-36	034170
76-37	416530
76-37	415980
76-37	416640
76-37	327100
76-37	415990
76-37	416010
76-37	326780
76-37	416080
76-37	416280
76-37	081990
76-38	416450
76-38	327700
76-38	416750
76-38	324910
76-38	401650
76-38	521140
76-38	499080
76-38	328890
76-38	417940
76-38	329810
76-39	416280
76-39	416530
76-39	416850
76-39	416470
76-39	415990
76-39	360820
76-39	260020
76-39	398240
76-39	416800
76-39	415980
76-40	416290
76-40	260100
76-40	416180
76-40	130910
76-40	109430
76-40	451490
76-40	411620
76-40	109530
76-40	007150
76-40	131740
76-41	416180
76-41	130890
76-41	109530
76-41	451490
76-41	130170
76-41	109440
76-41	130600
76-41	182880
76-41	411620
76-41	416290
76-42	416330
76-42	070440
76-42	260050
76-42	416540
76-42	326870
76-42	326760
76-42	323830
76-42	326560
76-42	326670
76-42	326710
76-43	416080
76-43	395290
76-43	417410
76-43	417400
76-43	01086710
76-43	337060
76-43	416200
76-43	417460
76-43	395160
76-43	416160
76-44	260490
76-44	416650
76-44	417460
76-44	416930
76-44	416530
76-44	415990
76-44	416210
76-44	327110
76-44	417000
76-44	417450
76-45	417680
76-45	223460
76-45	417550
76-45	222800
76-45	01041660
76-45	417070
76-45	472930
76-45	327290
76-45	259210
76-45	472630
76-46	417510
76-46	417830
76-46	357300
76-46	418340
76-46	417450
76-46	218210
76-46	417670
76-46	417660
76-46	294360
76-46	049140
76-47	396480
76-47	455600
76-47	417450
76-47	416300
76-47	017970
76-47	417830
76-47	417280
76-47	260490
76-47	261600
76-47	417890
76-48	418360
76-48	155300
76-48	141010
76-48	427380
76-48	406280
76-48	083690
76-48	082950
76-48	332350
76-48	417670
76-48	355820
76-49	416520
76-49	416940
76-49	331940
76-49	340430
76-49	01007940
76-49	416890
76-49	472120
76-49	417060
76-49	222890
76-49	418680
76-50	332240
76-50	418310
76-50	356280
76-50	418570
76-50	332930
76-50	223600
76-50	333490
76-50	231030
76-50	502000
76-50	01045240
76-51	418580
76-51	418200
76-51	419420
76-51	355820
76-51	365260
76-51	360650
76-51	296700
76-51	418620
76-51	360660
76-51	419160
76-52	418590
76-52	418200
76-52	360660
76-52	408440
76-52	418740
76-52	525580
76-52	509570
76-52	525480
76-52	535010
76-52	418880
76-53	418880
76-53	417890
76-53	415950
76-53	417880
76-53	357300
76-53	417820
76-53	417460
76-53	417000
76-53	416160
76-53	017150
76-54	418600
76-54	361080
76-54	360820
76-54	418880
76-54	418660
76-54	360660
76-54	296420
76-54	332420
76-54	295150
76-54	292660
76-55	01020870
76-55	077500
76-55	177920
76-55	077510
76-55	077780
76-55	185190
76-55	01087260
76-55	419100
76-55	293460
76-55	01014960
76-56	419000
76-56	333980
76-56	419310
76-56	160100
76-56	474830
76-56	503860
76-56	260010
76-56	162000
76-56	417320
76-56	473370
76-57	264050
76-57	419110
76-57	01063180
76-57	332170
76-57	157290
76-57	157120
76-57	482490
76-57	417240
76-57	263280
76-57	262590
76-58	549050
76-58	549060
76-58	000770
76-58	332540
76-58	549090
76-58	548970
76-58	039780
76-58	332840
76-58	034560
76-58	351640
76-59	319890
76-59	518800
76-59	223020
76-59	452290
76-59	417370
76-59	332970
76-59	418860
76-59	330170
76-59	417440
76-59	256090
76-60	258580
76-60	417040
76-60	038430
76-60	155310
76-60	416890
76-60	416700
76-60	105010
76-60	223250
76-60	259120
76-60	416270
76-61	409210
76-61	349690
76-61	489810
76-61	181240
76-61	350750
76-61	351180
76-61	065880
76-61	017200
76-61	01007150
76-61	368430
76-62	335410
76-62	491190
76-62	334750
76-62	222960
76-62	419000
76-62	419080
76-62	331690
76-62	222910
76-62	224090
76-62	491990
76-63	419670
76-63	492760
76-63	419830
76-63	068410
76-63	247310
76-63	396080
76-63	060180
76-63	061470
76-63	01000680
76-63	419730
76-64	419840
76-64	447670
76-64	492760
76-64	094010
76-64	419660
76-64	419830
76-64	419610
76-64	419630
76-64	419770
76-64	344640
76-65	420020
76-65	001570
76-65	080670
76-65	055790
76-65	084190
76-65	015540
76-65	057580
76-65	036270
76-65	118420
76-65	065390
76-66	420230
76-66	420940
76-66	420500
76-66	432520
76-66	421590
76-66	133750
76-66	01087400
76-66	432090
76-66	420070
76-66	022650
76-67	420540
76-67	421320
76-67	420270
76-67	420860
76-67	421060
76-67	421520
76-67	421210
76-67	421590
76-67	421640
76-67	420960
76-68	420880
76-68	420100
76-68	422500
76-68	492980
76-68	421090
76-68	420890
76-68	421640
76-68	420200
76-68	421590
76-68	421010
76-69	423880
76-69	456620
76-69	147430
76-69	314310
76-69	424530
76-69	424400
76-69	424760
76-69	275220
76-69	520690
76-69	400400
76-70	423780
76-70	184770
76-70	456880
76-70	424400
76-70	133260
76-70	423500
76-70	425030
76-70	423970
76-70	275280
76-70	426160
76-71	424040
76-71	425410
76-71	424250
76-71	424760
76-71	423640
76-71	424310
76-71	424790
76-71	423880
76-71	423920
76-71	424190
76-72	424320
76-72	01087670
76-72	424130
76-72	322930
76-72	01093110
76-72	279730
76-72	457430
76-72	424110
76-72	429240
76-72	429030
76-73	429110
76-73	01087670
76-73	423710
76-73	425850
76-73	01008180
76-73	01057980
76-73	353100
76-73	427760
76-73	352060
76-73	458640
76-74	423740
76-74	275550
76-74	374770
76-74	457320
76-74	425470
76-74	273410
76-74	424070
76-74	424640
76-74	275650
76-74	424870
76-75	424250
76-75	424310
76-75	275670
76-75	457190
76-75	423640
76-75	457180
76-75	425410
76-75	245270
76-75	506160
76-75	457510
76-76	424530
76-76	423880
76-76	255660
76-76	457060
76-76	416270
76-76	322880
76-76	374620
76-76	318070
76-76	424400
76-76	412760
76-77	424210
76-77	424680
76-77	424220
76-77	424130
76-77	423540
76-77	423700
76-77	424040
76-77	336210
76-77	268670
76-77	01091990
76-78	424950
76-78	458030
76-78	424360
76-78	425500
76-78	424470
76-78	425680
76-78	318190
76-78	425190
76-78	376030
76-78	427760
76-79	424980
76-79	425320
76-79	423600
76-79	064790
76-79	042680
76-79	246980
76-79	039240
76-79	156620
76-79	423380
76-79	314370
76-80	424670
76-80	426220
76-80	423540
76-80	424550
76-80	01091720
76-80	423700
76-80	424700
76-80	424600
76-80	423680
76-80	424090
76-81	424760
76-81	424250
76-81	423880
76-81	423640
76-81	424310
76-81	300970
76-81	424800
76-81	425570
76-81	426140
76-81	458140
76-82	01087710
76-82	425340
76-82	424630
76-82	426360
76-82	425780
76-82	01087780
76-82	197940
76-82	425150
76-82	429240
76-82	427070
76-83	424240
76-83	424150
76-83	425290
76-83	423500
76-83	424960
76-83	423970
76-83	425700
76-83	246880
76-83	488800
76-83	425710
76-84	425690
76-84	424670
76-84	426220
76-84	423540
76-84	318510
76-84	424090
76-84	423690
76-84	425410
76-84	424890
76-84	423780
76-85	425380
76-85	426160
76-85	423500
76-85	423970
76-85	425700
76-85	424400
76-85	423750
76-85	190790
76-85	425210
76-85	423780
76-86	424200
76-86	423500
76-86	426290
76-86	424560
76-86	424620
76-86	423970
76-86	424850
76-86	426550
76-86	424150
76-86	425670
76-87	426300
76-87	426770
76-87	424380
76-87	459720
76-87	424290
76-87	01087710
76-87	423890
76-87	423900
76-87	425850
76-87	424740
76-88	425980
76-88	423880
76-88	423590
76-88	460300
76-88	424790
76-88	423850
76-88	424210
76-88	425820
76-88	424850
76-88	190790
76-89	426330
76-89	426260
76-89	423710
76-89	162770
76-89	114690
76-89	423820
76-89	460620
76-89	425810
76-89	429810
76-89	458380
76-90	424850
76-90	423970
76-90	486190
76-90	423500
76-90	427110
76-90	489050
76-90	423920
76-90	424400
76-90	427980
76-90	424310
76-91	427050
76-91	426070
76-91	423510
76-91	378840
76-91	427440
76-91	457340
76-91	426180
76-91	423780
76-91	524130
76-91	424400
76-92	01087800
76-92	424990
76-92	425040
76-92	426680
76-92	425200
76-92	424520
76-92	427820
76-92	424950
76-92	423520
76-92	424660
76-93	426770
76-93	427220
76-93	427050
76-93	425510
76-93	425600
76-93	424410
76-93	425710
76-93	423760
76-93	423710
76-93	424380
76-94	427440
76-94	426040
76-94	425830
76-94	01087770
76-94	425040
76-94	425680
76-94	424210
76-94	426250
76-94	427260
76-94	429630
77-1	427380
77-1	422260
77-1	082950
77-1	428780
77-1	462510
77-1	359130
77-1	276160
77-1	111220
77-1	102070
77-1	379870
77-2	427420
77-2	01087810
77-2	424180
77-2	263830
77-2	392030
77-2	425060
77-2	423510
77-2	426850
77-2	425430
77-2	429890
77-3	424640
77-3	425040
77-3	423720
77-3	424600
77-3	424210
77-3	426540
77-3	427520
77-3	424270
77-3	424550
77-3	426270
77-4	427620
77-4	425910
77-4	426540
77-4	426430
77-4	425040
77-4	424600
77-4	425330
77-4	423720
77-4	01077120
77-4	289930
77-5	427410
77-5	425200
77-5	425150
77-5	01087710
77-5	424440
77-5	424260
77-5	425470
77-5	424670
77-5	425710
77-5	424420
77-6	427880
77-6	426640
77-6	426980
77-6	427930
77-6	427940
77-6	429420
77-6	429490
77-6	428050
77-6	429280
77-6	428820
77-7	428210
77-7	427480
77-7	310650
77-7	428100
77-7	427130
77-7	426280
77-7	381230
77-7	463380
77-7	425190
77-7	425490
77-8	487160
77-8	246110
77-8	428130
77-8	428370
77-8	424570
77-8	246470
77-8	424470
77-8	424510
77-8	463330
77-8	426690
77-9	523380
77-9	424400
77-9	424200
77-9	424840
77-9	072940
77-9	425050
77-9	425290
77-9	426560
77-9	460680
77-9	425700
77-10	428200
77-10	159150
77-10	264350
77-10	302940
77-10	174760
77-10	282960
77-10	463010
77-10	333080
77-10	061750
77-10	198050
77-11	424240
77-11	427810
77-11	487040
77-11	426290
77-11	423970
77-11	425430
77-11	426880
77-11	426490
77-11	423510
77-11	525740
77-12	428810
77-12	430010
77-12	428680
77-12	463860
77-12	428130
77-12	429130
77-12	429350
77-12	425480
77-12	526400
77-12	430060
77-13	428070
77-13	428750
77-13	426070
77-13	427050
77-13	426760
77-13	424380
77-13	462190
77-13	464090
77-13	423900
77-13	465140
77-14	425860
77-14	424210
77-14	425880
77-14	426800
77-14	427440
77-14	424130
77-14	425020
77-14	425080
77-14	427110
77-14	425280
77-15	464670
77-15	143730
77-15	429130
77-15	425430
77-15	426850
77-15	427110
77-15	462250
77-15	312420
77-15	425280
77-15	408660
77-16	425040
77-16	426620
77-16	429070
77-16	424380
77-16	184660
77-16	428610
77-16	428680
77-16	464470
77-16	426770
77-16	01092390
77-17	428410
77-17	261390
77-17	424900
77-17	426770
77-17	429110
77-17	428760
77-17	428900
77-17	429240
77-17	428190
77-17	425100
77-18	080070
77-18	037310
77-18	429420
77-18	238690
77-18	426640
77-18	144240
77-18	429200
77-18	429280
77-18	437200
77-18	177650
77-19	429560
77-19	096870
77-19	428260
77-19	425040
77-19	425740
77-19	549010
77-19	425920
77-19	424870
77-19	427170
77-19	465280
77-20	429480
77-20	265680
77-20	465230
77-20	465850
77-20	227000
77-20	278360
77-20	409260
77-20	475040
77-20	425190
77-20	278410
77-21	429750
77-21	428750
77-21	465570
77-21	436250
77-21	429060
77-21	095060
77-21	424520
77-21	430410
77-21	424380
77-21	429250
77-22	429710
77-22	466030
77-22	429130
77-22	429950
77-22	430110
77-22	495790
77-22	429910
77-22	427810
77-22	068640
77-22	430250
77-23	419200
77-23	424520
77-23	424990
77-23	427190
77-23	426180
77-23	429240
77-23	424660
77-23	429060
77-23	429760
77-23	429970
77-24	429230
77-24	424900
77-24	425260
77-24	429630
77-24	429240
77-24	426240
77-24	424290
77-24	01087670
77-24	429030
77-24	429600
77-25	430400
77-25	425260
77-25	426680
77-25	429230
77-25	425930
77-25	429030
77-25	426540
77-25	424340
77-25	424130
77-25	428530
77-26	430240
77-26	429630
77-26	01087800
77-26	01087810
77-26	430130
77-26	429970
77-26	466280
77-26	428920
77-26	429240
77-26	424130
77-27	430550
77-27	430650
77-27	431220
77-27	430670
77-27	430780
77-27	431610
77-27	109950
77-27	387870
77-27	431480
77-27	430900
77-28	430820
77-28	430790
77-28	414150
77-28	430620
77-28	506280
77-28	430740
77-28	430640
77-28	431160
77-28	339480
77-28	414450
77-29	431640
77-29	431600
77-29	431610
77-29	430900
77-29	431110
77-29	431420
77-29	431030
77-29	431190
77-29	431810
77-29	430940
77-30	430950
77-30	430960
77-30	431160
77-30	071750
77-30	431200
77-30	328810
77-30	430780
77-30	375840
77-30	186530
77-30	488740
77-31	431030
77-31	153690
77-31	430860
77-31	431400
77-31	431010
77-31	073910
77-31	157100
77-31	01075190
77-31	01041460
77-31	430740
77-32	224070
77-32	431750
77-32	325940
77-32	431910
77-32	072740
77-32	328900
77-32	332510
77-32	322700
77-32	431870
77-32	101890
77-33	431910
77-33	433490
77-33	435260
77-33	266050
77-33	333980
77-33	01032670
77-33	509170
77-33	061970
77-33	385130
77-33	432160
77-34	431970
77-34	037850
77-34	259570
77-34	326470
77-34	002370
77-34	259250
77-34	039230
77-34	032860
77-34	157210
77-34	184570
77-35	099920
77-35	433910
77-35	233950
77-35	434590
77-35	132980
77-35	163380
77-35	133420
77-35	099820
77-35	268690
77-35	433690
77-36	432620
77-36	389890
77-36	066940
77-36	01007270
77-36	01083130
77-36	154530
77-36	432070
77-36	154820
77-36	009540
77-36	166090
77-37	432110
77-37	506160
77-37	433020
77-37	01060420
77-37	275670
77-37	432050
77-37	320210
77-37	009690
77-37	100270
77-37	099560
77-38	042080
77-38	433010
77-38	434520
77-38	431980
77-38	224910
77-38	432130
77-38	099700
77-38	135440
77-38	432120
77-38	275700
77-39	432710
77-39	01026960
77-39	234620
77-39	099940
77-39	01005150
77-39	118570
77-39	134070
77-39	301150
77-39	244580
77-39	433800
77-40	433160
77-40	100450
77-40	375410
77-40	389400
77-40	457940
77-40	166130
77-40	134920
77-40	101920
77-40	300370
77-40	279520
77-41	432120
77-41	432100
77-41	432850
77-41	433080
77-41	433430
77-41	432380
77-41	433420
77-41	01088060
77-41	433490
77-41	099580
77-42	433330
77-42	488730
77-42	433590
77-42	309980
77-42	320450
77-42	485110
77-42	044090
77-42	504830
77-42	309990
77-42	047310
77-43	432120
77-43	432100
77-43	433080
77-43	432850
77-43	433500
77-43	433430
77-43	433780
77-43	432770
77-43	432380
77-43	432160
77-44	433690
77-44	162780
77-44	432080
77-44	099540
77-44	165750
77-44	099720
77-44	113630
77-44	164020
77-44	168450
77-44	280550
77-45	433910
77-45	117830
77-45	01043800
77-45	435580
77-45	235850
77-45	308290
77-45	433680
77-45	102350
77-45	487480
77-45	099820
77-46	01044400
77-46	100930
77-46	235440
77-46	301270
77-46	101140
77-46	433700
77-46	376210
77-46	167490
77-46	280620
77-46	120310
77-47	169520
77-47	434720
77-47	434000
77-47	167600
77-47	100220
77-47	508210
77-47	433740
77-47	486070
77-47	301770
77-47	434430
77-48	169010
77-48	116460
77-48	117240
77-48	227660
77-48	162900
77-48	233980
77-48	434060
77-48	435170
77-48	118060
77-48	244110
77-49	168690
77-49	118280
77-49	116800
77-49	432840
77-49	166350
77-49	116810
77-49	374200
77-49	163100
77-49	01043350
77-49	134220
77-50	374200
77-50	099850
77-50	163850
77-50	163100
77-50	118090
77-50	166350
77-50	433540
77-50	100040
77-50	279590
77-50	169680
77-51	342420
77-51	434240
77-51	434010
77-51	158190
77-51	245600
77-51	395270
77-51	354220
77-51	434280
77-51	436160
77-51	434410
77-52	434600
77-52	171290
77-52	435170
77-52	01027190
77-52	361490
77-52	435200
77-52	379850
77-52	138620
77-52	435670
77-52	434450
77-53	434730
77-53	433660
77-53	434370
77-53	432690
77-53	486290
77-53	492640
77-53	433440
77-53	431980
77-53	434650
77-53	100150
77-54	434860
77-54	379390
77-54	281640
77-54	391600
77-54	171730
77-54	060680
77-54	435200
77-54	486150
77-54	288700
77-54	489020
77-55	435200
77-55	172500
77-55	391970
77-55	172610
77-55	435340
77-55	101710
77-55	435810
77-55	164550
77-55	435070
77-55	166300
77-56	542700
77-56	435150
77-56	01083370
77-56	419880
77-56	188730
77-56	189150
77-56	188660
77-56	282340
77-56	302570
77-56	188850
77-57	435030
77-57	099820
77-57	099920
77-57	433690
77-57	166100
77-57	167560
77-57	233950
77-57	434590
77-57	169820
77-57	433150
77-58	434430
77-58	435190
77-58	434150
77-58	167710
77-58	435600
77-58	434790
77-58	101330
77-58	434490
77-58	434260
77-58	302250
77-59	435450
77-59	435200
77-59	434590
77-59	435630
77-59	310970
77-59	102890
77-59	434970
77-59	379880
77-59	163240
77-59	102480
77-60	435400
77-60	099820
77-60	432900
77-60	102480
77-60	167340
77-60	433690
77-60	436150
77-60	433890
77-60	435710
77-60	435200
77-61	435730
77-61	382060
77-61	139030
77-61	117940
77-61	102720
77-61	138840
77-61	126130
77-61	137920
77-61	235120
77-61	281010
77-62	435940
77-62	435170
77-62	176250
77-62	163310
77-62	435450
77-62	01031910
77-62	176370
77-62	004810
77-62	117670
77-62	099820
77-63	436150
77-63	283710
77-63	435310
77-63	435180
77-63	01088450
77-63	170140
77-63	434090
77-63	434830
77-63	434150
77-63	436250
77-64	433760
77-64	433780
77-64	01043430
77-64	434480
77-64	300570
77-64	174460
77-64	172120
77-64	436240
77-64	373670
77-64	01070680
77-65	433690
77-65	099820
77-65	433780
77-65	373800
77-65	434550
77-65	179410
77-65	117860
77-65	099920
77-65	432910
77-65	435030
77-66	435390
77-66	436420
77-66	100870
77-66	379930
77-66	100930
77-66	436660
77-66	435480
77-66	433780
77-66	436080
77-66	434970
77-67	002920
77-67	436860
77-67	262350
77-67	155450
77-67	153120
77-67	226920
77-67	244840
77-67	092300
77-67	478700
77-67	225500
77-68	436930
77-68	512210
77-68	417700
77-68	059610
77-68	436880
77-68	511620
77-68	436990
77-68	425450
77-68	320670
77-68	522240
77-69	390110
77-69	436970
77-69	389270
77-69	402440
77-69	403100
77-69	458970
77-69	01092310
77-69	302060
77-69	072850
77-69	246880
77-70	437230
77-70	437250
77-70	437070
77-70	437060
77-70	550300
77-70	436910
77-70	437240
77-70	437110
77-70	436980
77-70	451670
77-71	437310
77-71	151200
77-71	437080
77-71	224030
77-71	312840
77-71	437220
77-71	437170
77-71	437210
77-71	437260
77-71	437090
77-72	437590
77-72	437630
77-72	437790
77-72	437570
77-72	184650
77-72	342310
77-72	437660
77-72	098670
77-72	002060
77-72	438090
77-73	439080
77-73	438690
77-73	440080
77-73	438210
77-73	438630
77-73	438130
77-73	437780
77-73	437790
77-73	01088900
77-73	439060
77-74	438970
77-74	438700
77-74	439550
77-74	439360
77-74	442620
77-74	439400
77-74	441220
77-74	440850
77-74	440390
77-74	440050
77-75	438920
77-75	438710
77-75	438780
77-75	441700
77-75	439370
77-75	438730
77-75	441630
77-75	439290
77-75	439450
77-75	440070
77-76	438690
77-76	439060
77-76	438150
77-76	437780
77-76	439080
77-76	438290
77-76	437930
77-76	438140
77-76	442540
77-76	440080
77-77	439500
77-77	439110
77-77	439120
77-77	437720
77-77	440280
77-77	01088990
77-77	01088640
77-77	438090
77-77	01088750
77-77	438190
77-78	438150
77-78	438690
77-78	439080
77-78	441610
77-78	438680
77-78	437790
77-78	440840
77-78	438140
77-78	441630
77-78	440210
77-79	438970
77-79	439360
77-79	438700
77-79	439550
77-79	440390
77-79	438690
77-79	442620
77-79	440050
77-79	440850
77-79	439400
77-80	439820
77-80	440050
77-80	439370
77-80	01088620
77-80	441690
77-80	438100
77-80	440850
77-80	438690
77-80	438640
77-80	442570
77-81	443330
77-81	443210
77-81	439380
77-81	01088780
77-81	439640
77-81	440300
77-81	01088990
77-81	440930
77-81	440080
77-81	443840
77-82	439390
77-82	439680
77-82	440220
77-82	440390
77-82	108300
77-82	451600
77-82	439360
77-82	438970
77-82	01089780
77-82	440050
77-83	440160
77-83	440100
77-83	440080
77-83	438820
77-83	440430
77-83	440840
77-83	438660
77-83	437790
77-83	443840
77-83	441020
77-84	439080
77-84	437790
77-84	440110
77-84	441700
77-84	440880
77-84	440860
77-84	440090
77-84	441630
77-84	440070
77-84	440100
77-85	440140
77-85	440180
77-85	439290
77-85	439320
77-85	443190
77-85	442580
77-85	441660
77-85	440090
77-85	440120
77-85	438230
77-86	01089080
77-86	441800
77-86	440190
77-86	441970
77-86	491000
77-86	440070
77-86	441980
77-86	01089370
77-86	443360
77-86	01089570
77-87	440880
77-87	440110
77-87	440860
77-87	441700
77-87	01089070
77-87	440070
77-87	440270
77-87	441680
77-87	440840
77-87	437790
77-88	440510
77-88	440200
77-88	438230
77-88	438260
77-88	440860
77-88	439300
77-88	443290
77-88	098110
77-88	440990
77-88	439370
77-89	437780
77-89	440070
77-89	440860
77-89	438690
77-89	440100
77-89	440080
77-89	440360
77-89	438730
77-89	438660
77-89	441700
77-90	440890
77-90	440090
77-90	437800
77-90	440120
77-90	441700
77-90	437860
77-90	438920
77-90	01089240
77-90	439290
77-90	441800
77-91	440910
77-91	440090
77-91	441750
77-91	440030
77-91	440120
77-91	439330
77-91	439080
77-91	443820
77-91	437790
77-91	443830
77-92	441670
77-92	441330
77-92	440920
77-92	01089320
77-92	441960
77-92	440840
77-92	439080
77-92	358300
77-92	440070
77-92	443830
77-93	441020
77-93	441960
77-93	441730
77-93	440840
77-93	443270
77-93	01088920
77-93	440100
77-93	441670
77-93	438820
77-93	440080
77-94	440970
77-94	440010
77-94	440120
77-94	439320
77-94	01088750
77-94	437870
77-94	003300
77-94	443820
77-94	439310
77-94	438520
78-1	441980
78-1	441760
78-1	443360
78-1	441740
78-1	437800
78-1	441950
78-1	441700
78-1	442740
78-1	441800
78-1	441840
78-2	441770
78-2	442320
78-2	439360
78-2	086290
78-2	439400
78-2	003350
78-2	323800
78-2	438700
78-2	270630
78-2	086180
78-3	442330
78-3	442610
78-3	441780
78-3	441690
78-3	441630
78-3	441610
78-3	442580
78-3	441680
78-3	440250
78-3	441600
78-4	01089780
78-4	441970
78-4	441660
78-4	438080
78-4	442370
78-4	120880
78-4	443820
78-4	01088990
78-4	01088620
78-4	01089080
78-5	440860
78-5	440070
78-5	01088620
78-5	440390
78-5	438640
78-5	01088990
78-5	441970
78-5	01089080
78-5	440850
78-5	438710
78-6	442200
78-6	439290
78-6	437780
78-6	439300
78-6	438640
78-6	441800
78-6	01089080
78-6	437640
78-6	441630
78-6	441690
78-7	438690
78-7	01088990
78-7	442540
78-7	442620
78-7	441880
78-7	441650
78-7	438660
78-7	01090600
78-7	442580
78-7	086010
78-8	442540
78-8	440240
78-8	438690
78-8	439680
78-8	443180
78-8	438140
78-8	441960
78-8	441020
78-8	439550
78-8	441820
78-9	440070
78-9	443270
78-9	439300
78-9	441630
78-9	439290
78-9	443820
78-9	441890
78-9	440140
78-9	442670
78-9	441690
78-10	442680
78-10	442970
78-10	256880
78-10	439400
78-10	272180
78-10	269000
78-10	003230
78-10	01089400
78-10	416880
78-10	371870
78-11	438670
78-11	443430
78-11	443240
78-11	439000
78-11	441530
78-11	01090230
78-11	444510
78-11	085720
78-11	441620
78-11	01090130
78-12	441470
78-12	443250
78-12	184520
78-12	443580
78-12	395620
78-12	190160
78-12	233630
78-12	440970
78-12	019540
78-12	182070
78-13	440110
78-13	444160
78-13	440090
78-13	439320
78-13	440030
78-13	441980
78-13	440120
78-13	443360
78-13	439300
78-13	439290
78-14	333800
78-14	474850
78-14	473600
78-14	474730
78-14	474840
78-14	473870
78-14	473370
78-14	473250
78-14	474240
78-14	471860
78-15	443210
78-15	442730
78-15	443900
78-15	440300
78-15	01088780
78-15	440050
78-15	443800
78-15	01088840
78-15	439380
78-15	443330
78-16	444810
78-16	177750
78-16	01006170
78-16	438140
78-16	033610
78-16	161260
78-16	127630
78-16	347890
78-16	033980
78-16	443180
78-17	443210
78-17	440100
78-17	443330
78-17	440300
78-17	440080
78-17	441640
78-17	440050
78-17	443800
78-17	440840
78-17	438690
78-18	445060
78-18	441610
78-18	439330
78-18	441680
78-18	01090130
78-18	437780
78-18	444530
78-18	444010
78-18	444560
78-18	442570
78-19	443240
78-19	444610
78-19	441530
78-19	439330
78-19	443430
78-19	438670
78-19	01090130
78-19	444510
78-19	086190
78-19	441620
78-20	444580
78-20	445320
78-20	01090410
78-20	445330
78-20	01089070
78-20	445410
78-20	01090540
78-20	439090
78-20	440930
78-20	443870
78-21	440090
78-21	440120
78-21	01090500
78-21	443830
78-21	445320
78-21	443810
78-21	443800
78-21	440110
78-21	01090540
78-21	444580
78-22	445880
78-22	192490
78-22	445970
78-22	159530
78-22	01090310
78-22	049170
78-22	023800
78-22	445790
78-22	444820
78-22	104860
78-23	446620
78-23	01090660
78-23	446520
78-23	447710
78-23	448050
78-23	446610
78-23	262840
78-23	448280
78-23	224890
78-23	01090850
78-24	446710
78-24	446110
78-24	323810
78-24	446240
78-24	446470
78-24	446910
78-24	000450
78-24	446920
78-24	446450
78-24	446440
78-25	446750
78-25	446470
78-25	386020
78-25	447400
78-25	446710
78-25	446850
78-25	449100
78-25	033000
78-25	446840
78-25	446460
78-26	446710
78-26	446460
78-26	323810
78-26	446610
78-26	446770
78-26	446810
78-26	446110
78-26	446550
78-26	446470
78-26	446240
78-27	447740
78-27	447540
78-27	447440
78-27	01012460
78-27	446770
78-27	448600
78-27	448410
78-27	447060
78-27	446710
78-27	447360
78-28	446710
78-28	01090870
78-28	446610
78-28	446940
78-28	033300
78-28	323810
78-28	447110
78-28	447980
78-28	447610
78-28	268480
78-29	132430
78-29	088390
78-29	125490
78-29	121670
78-29	131890
78-29	132390
78-29	399960
78-29	120700
78-29	121850
78-29	119500
78-30	447650
78-30	447060
78-30	446120
78-30	447740
78-30	447540
78-30	447170
78-30	446620
78-30	446520
78-30	447320
78-30	448600
78-31	448560
78-31	033340
78-31	448580
78-31	446610
78-31	323810
78-31	446450
78-31	446710
78-31	450120
78-31	447070
78-31	450410
78-32	449070
78-32	446610
78-32	446710
78-32	446770
78-32	323810
78-32	448280
78-32	447360
78-32	446460
78-32	446810
78-32	446830
78-33	449430
78-33	446710
78-33	448000
78-33	446460
78-33	447880
78-33	447850
78-33	446770
78-33	323810
78-33	448470
78-33	447180
78-34	450090
78-34	450040
78-34	447540
78-34	447740
78-34	450550
78-34	448460
78-34	447060
78-34	448430
78-34	446520
78-34	447560
78-35	450070
78-35	450530
78-35	317730
78-35	447270
78-35	449390
78-35	416630
78-35	000160
78-35	070450
78-35	321730
78-35	450820
78-36	451400
78-36	451530
78-36	451540
78-36	451670
78-36	194630
78-36	471900
78-36	397850
78-36	451900
78-36	194410
78-36	117850
78-37	398020
78-37	483190
78-37	451760
78-37	371910
78-37	453000
78-37	451850
78-37	452460
78-37	453540
78-37	483210
78-37	451950
78-38	451810
78-38	451920
78-38	188620
78-38	451710
78-38	451880
78-38	188760
78-38	189010
78-38	188710
78-38	01047830
78-38	188840
78-39	452100
78-39	452830
78-39	451620
78-39	451920
78-39	452110
78-39	451890
78-39	451980
78-39	550500
78-39	260920
78-39	452260
78-40	452190
78-40	505020
78-40	549640
78-40	254090
78-40	451530
78-40	283310
78-40	01067870
78-40	504930
78-40	254130
78-40	452160
78-41	452320
78-41	451850
78-41	454480
78-41	452460
78-41	452740
78-41	452030
78-41	453010
78-41	453190
78-41	194360
78-41	452720
78-42	453030
78-42	453130
78-42	452560
78-42	452380
78-42	453440
78-42	451980
78-42	454580
78-42	451920
78-42	454560
78-42	454690
78-43	452550
78-43	453270
78-43	452770
78-43	454840
78-43	452580
78-43	452930
78-43	451920
78-43	454820
78-43	452100
78-43	451810
78-44	453030
78-44	452100
78-44	454470
78-44	453130
78-44	452830
78-44	451980
78-44	550410
78-44	451920
78-44	452380
78-44	452330
78-45	452740
78-45	550300
78-45	452980
78-45	453000
78-45	453520
78-45	398610
78-45	437070
78-45	451910
78-45	453530
78-45	437020
78-46	452830
78-46	374470
78-46	093280
78-46	245440
78-46	244160
78-46	314640
78-46	336000
78-46	471580
78-46	340060
78-46	453340
78-47	453770
78-47	451920
78-47	451860
78-47	453440
78-47	454560
78-47	453540
78-47	452990
78-47	452930
78-47	01091370
78-47	451710
78-48	454990
78-48	405420
78-48	428990
78-48	245520
78-48	407560
78-48	039190
78-48	238320
78-48	320540
78-48	368780
78-48	406250
78-49	452930
78-49	01091370
78-49	453380
78-49	454810
78-49	451860
78-49	451710
78-49	452720
78-49	454840
78-49	453660
78-49	454450
78-50	453990
78-50	454450
78-50	399390
78-50	454460
78-50	452990
78-50	451890
78-50	454480
78-50	454380
78-50	453630
78-50	454830
78-51	454900
78-51	453070
78-51	453000
78-51	454460
78-51	454380
78-51	451890
78-51	453900
78-51	452990
78-51	453940
78-51	454860
78-52	454530
78-52	453900
78-52	453610
78-52	454460
78-52	452840
78-52	454690
78-52	453180
78-52	454440
78-52	455030
78-52	453980
78-53	454720
78-53	131950
78-53	454380
78-53	453010
78-53	454360
78-53	453190
78-53	452790
78-53	452180
78-53	454980
78-53	254090
78-54	455030
78-54	454890
78-54	453440
78-54	452690
78-54	454600
78-54	454650
78-54	453940
78-54	452260
78-54	454210
78-54	454460
78-55	257940
78-55	257940
78-55	479280
78-55	219840
78-55	455110
78-55	160800
78-55	055230
78-55	054400
78-55	317310
78-55	479830
78-56	300770
78-56	388720
78-56	275640
78-56	164780
78-56	163100
78-56	279840
78-56	300170
78-56	134240
78-56	279240
78-56	300780
78-57	455420
78-57	303470
78-57	300570
78-57	464880
78-57	283120
78-57	323600
78-57	01070680
78-57	279220
78-57	300810
78-57	302090
78-58	455650
78-58	150610
78-58	191770
78-58	545980
78-58	295450
78-58	079860
78-58	525760
78-58	546100
78-58	303130
78-58	151120
78-59	455750
78-59	304650
78-59	455810
78-59	456260
78-59	01010000
78-59	519900
78-59	456050
78-59	458390
78-59	456350
78-59	498170
78-60	455850
78-60	456110
78-60	456910
78-60	459530
78-60	456370
78-60	456330
78-60	456900
78-60	460460
78-60	456800
78-60	455870
78-61	351240
78-61	455880
78-61	455820
78-61	031600
78-61	350150
78-61	276350
78-61	276220
78-61	004440
78-61	066990
78-61	017170
78-62	455810
78-62	455750
78-62	456260
78-62	01010430
78-62	304320
78-62	520020
78-62	457540
78-62	224310
78-62	458390
78-62	456500
78-63	456200
78-63	455840
78-63	456090
78-63	432190
78-63	460080
78-63	458440
78-63	457280
78-63	457970
78-63	457600
78-63	456430
78-64	01091660
78-64	456270
78-64	456230
78-64	461160
78-64	456090
78-64	01092000
78-64	457540
78-64	455840
78-64	498220
78-64	01091690
78-65	457230
78-65	456070
78-65	458770
78-65	457260
78-65	456100
78-65	456290
78-65	457400
78-65	456110
78-65	455940
78-65	457910
78-66	456670
78-66	456500
78-66	457520
78-66	457980
78-66	455910
78-66	388220
78-66	456180
78-66	455800
78-66	275020
78-66	456400
78-67	456330
78-67	456370
78-67	456110
78-67	459530
78-67	456800
78-67	152260
78-67	455850
78-67	275100
78-67	456860
78-67	457790
78-68	456570
78-68	104120
78-68	374030
78-68	456810
78-68	458190
78-68	455780
78-68	456780
78-68	463360
78-68	457700
78-68	456390
78-69	456900
78-69	01092000
78-69	457970
78-69	456110
78-69	457400
78-69	401090
78-69	458870
78-69	457790
78-69	01091720
78-69	460950
78-70	456750
78-70	456580
78-70	457600
78-70	456370
78-70	432520
78-70	456140
78-70	457740
78-70	498610
78-70	459540
78-70	455710
78-71	456540
78-71	01092000
78-71	457970
78-71	456900
78-71	498780
78-71	457790
78-71	457630
78-71	459530
78-71	456110
78-71	457200
78-72	457460
78-72	456780
78-72	456290
78-72	460040
78-72	456110
78-72	457330
78-72	458770
78-72	455950
78-72	459520
78-72	456100
78-73	456910
78-73	457910
78-73	456750
78-73	374470
78-73	456800
78-73	457400
78-73	456140
78-73	457780
78-73	457600
78-73	456580
78-74	457200
78-74	424670
78-74	457400
78-74	456830
78-74	458020
78-74	457680
78-74	184860
78-74	457790
78-74	305610
78-74	457970
78-75	457240
78-75	457510
78-75	456290
78-75	456620
78-75	457230
78-75	456860
78-75	01092020
78-75	458360
78-75	456150
78-75	456350
78-76	457520
78-76	457260
78-76	456670
78-76	457980
78-76	458770
78-76	455950
78-76	455800
78-76	521020
78-76	456400
78-76	059570
78-77	457230
78-77	455710
78-77	456290
78-77	456130
78-77	484610
78-77	457240
78-77	432870
78-77	339350
78-77	457510
78-77	457320
78-78	458200
78-78	457480
78-78	459770
78-78	01092430
78-78	460640
78-78	462460
78-78	01094170
78-78	456430
78-78	464640
78-78	459030
78-79	456830
78-79	457680
78-79	457330
78-79	462080
78-79	455950
78-79	456400
78-79	456250
78-79	460040
78-79	458870
78-79	458770
78-80	457260
78-80	458580
78-80	458770
78-80	457230
78-80	457770
78-80	458470
78-80	463360
78-80	459400
78-80	460460
78-80	458480
78-81	457320
78-81	521280
78-81	455710
78-81	456260
78-81	432830
78-81	273410
78-81	456240
78-81	457470
78-81	455810
78-81	456440
78-82	387510
78-82	458280
78-82	387540
78-82	099450
78-82	387270
78-82	387280
78-82	387520
78-82	387230
78-82	375350
78-82	387320
78-83	457100
78-83	457280
78-83	01092310
78-83	457510
78-83	456360
78-83	424800
78-83	455970
78-83	455780
78-83	458040
78-83	460830
78-84	458190
78-84	455970
78-84	456810
78-84	456150
78-84	461080
78-84	458160
78-84	458620
78-84	456360
78-84	456570
78-84	456920
78-85	458270
78-85	457040
78-85	424860
78-85	432810
78-85	459910
78-85	458020
78-85	459680
78-85	457280
78-85	338340
78-85	521260
78-86	457430
78-86	456420
78-86	01093110
78-86	456990
78-86	458640
78-86	457320
78-86	456700
78-86	461000
78-86	463420
78-86	459220
78-87	457190
78-87	01092430
78-87	01091690
78-87	459430
78-87	457510
78-87	488840
78-87	456220
78-87	460830
78-87	455840
78-87	460590
78-88	458790
78-88	456260
78-88	458390
78-88	458770
78-88	459680
78-88	456350
78-88	458650
78-88	455750
78-88	455810
78-88	458360
78-89	458770
78-89	457330
78-89	459910
78-89	456830
78-89	376790
78-89	457680
78-89	458270
78-89	280850
78-89	456400
78-89	462090
78-90	459700
78-90	459400
78-90	460610
78-90	456070
78-90	455970
78-90	461170
78-90	456290
78-90	455710
78-90	460560
78-90	458580
78-91	458590
78-91	458710
78-91	460020
78-91	459220
78-91	456460
78-91	458640
78-91	456310
78-91	523360
78-91	460760
78-91	01092240
78-92	463290
78-92	459740
78-92	01092680
78-92	457230
78-92	01093910
78-92	01092300
78-92	458700
78-92	458770
78-92	462380
78-92	457690
78-93	460680
78-93	460240
78-93	456920
78-93	461080
78-93	458970
78-93	460830
78-93	460360
78-93	01092310
78-93	458040
78-93	01093520
78-94	456830
78-94	457680
78-94	456400
78-94	457330
78-94	457540
78-94	458770
78-94	464970
78-94	458870
78-94	462080
78-94	457690
79-1	458930
79-1	459910
79-1	458770
79-1	460380
79-1	461500
79-1	460460
79-1	01093520
79-1	458270
79-1	456100
79-1	456830
79-2	460300
79-2	458510
79-2	457740
79-2	456240
79-2	456620
79-2	456230
79-2	456110
79-2	457270
79-2	01092000
79-2	456750
79-3	456390
79-3	455970
79-3	457100
79-3	457280
79-3	456690
79-3	456810
79-3	458620
79-3	455780
79-3	457110
79-3	460210
79-4	460330
79-4	01091970
79-4	456260
79-4	461040
79-4	456430
79-4	464720
79-4	457320
79-4	457420
79-4	458490
79-4	308100
79-5	460610
79-5	459620
79-5	460670
79-5	461170
79-5	500060
79-5	455750
79-5	461250
79-5	290050
79-5	457780
79-5	426620
79-6	460560
79-6	459610
79-6	058770
79-6	01100310
79-6	458580
79-6	456110
79-6	523690
79-6	462910
79-6	461730
79-6	456370
79-7	460630
79-7	459520
79-7	425660
79-7	457940
79-7	464060
79-7	456510
79-7	464340
79-7	455850
79-7	01094310
79-7	01091920
79-8	461030
79-8	461040
79-8	230650
79-8	464510
79-8	308940
79-8	458020
79-8	457690
79-8	331500
79-8	489060
79-8	463510
79-9	461080
79-9	461350
79-9	461070
79-9	434770
79-9	01093910
79-9	524070
79-9	463980
79-9	01094170
79-9	461370
79-9	462380
79-10	461440
79-10	457940
79-10	458070
79-10	524270
79-10	463260
79-10	459410
79-10	455870
79-10	456420
79-10	464450
79-10	01092200
79-11	461230
79-11	458640
79-11	464060
79-11	457320
79-11	434700
79-11	456450
79-11	458010
79-11	457210
79-11	457530
79-11	457720
79-12	461730
79-12	457400
79-12	01093880
79-12	463480
79-12	461250
79-12	462220
79-12	456190
79-12	465540
79-12	457440
79-12	460980
79-13	458980
79-13	464910
79-13	457400
79-13	462780
79-13	456040
79-13	459640
79-13	457930
79-13	462480
79-13	01094170
79-13	01093650
79-14	01093880
79-14	460640
79-14	462460
79-14	459410
79-14	464910
79-14	310400
79-14	459910
79-14	464060
79-14	460650
79-14	461250
79-15	463660
79-15	462450
79-15	457690
79-15	456740
79-15	462090
79-15	460810
79-15	01092300
79-15	459470
79-15	463720
79-15	464240
79-16	462040
79-16	217510
79-16	457920
79-16	464680
79-16	425040
79-16	01094660
79-16	094660
79-16	461250
79-16	525000
79-16	459540
79-17	461820
79-17	01094050
79-17	459640
79-17	462700
79-17	456370
79-17	01093910
79-17	462660
79-17	306090
79-17	456040
79-17	464560
79-18	394400
79-18	336510
79-18	539340
79-18	462510
79-18	539330
79-18	187630
79-18	539260
79-18	539130
79-18	336590
79-18	539230
79-19	463190
79-19	459560
79-19	460150
79-19	459230
79-19	465300
79-19	458820
79-19	307360
79-19	459330
79-19	464780
79-19	460470
79-20	061700
79-20	125720
79-20	370640
79-20	463400
79-20	159160
79-20	381200
79-20	102420
79-20	173830
79-20	463000
79-20	427800
79-21	463370
79-21	459410
79-21	310890
79-21	462280
79-21	350770
79-21	01087820
79-21	174450
79-21	457120
79-21	01098700
79-21	461980
79-22	463200
79-22	461400
79-22	502990
79-22	01093850
79-22	174040
79-22	463990
79-22	461190
79-22	525830
79-22	460060
79-22	141570
79-23	428140
79-23	462900
79-23	461140
79-23	462960
79-23	463330
79-23	465520
79-23	01093910
79-23	466090
79-23	463660
79-23	459490
79-24	463610
79-24	465070
79-24	457780
79-24	457900
79-24	456550
79-24	458580
79-24	465320
79-24	114950
79-24	460330
79-24	525970
79-25	463070
79-25	311290
79-25	01093220
79-25	231720
79-25	01093310
79-25	465210
79-25	01072200
79-25	464170
79-25	457920
79-25	463420
79-26	462970
79-26	392780
79-26	462790
79-26	140920
79-26	461740
79-26	237390
79-26	01093110
79-26	465570
79-26	457570
79-26	457360
79-27	463360
79-27	466190
79-27	462720
79-27	457340
79-27	457700
79-27	457650
79-27	463830
79-27	01092300
79-27	464060
79-27	464670
79-28	464300
79-28	456310
79-28	457870
79-28	456370
79-28	464770
79-28	458710
79-28	460400
79-28	01092180
79-28	457230
79-28	458700
79-29	464450
79-29	01093590
79-29	465510
79-29	01092300
79-29	220460
79-29	459070
79-29	464170
79-29	01094060
79-29	464250
79-29	458880
79-30	408010
79-30	464150
79-30	393130
79-30	218520
79-30	126290
79-30	143220
79-30	487440
79-30	205790
79-30	340840
79-30	01064120
79-31	01091920
79-31	457230
79-31	461770
79-31	463670
79-31	457880
79-31	459020
79-31	463770
79-31	464270
79-31	463290
79-31	458770
79-32	463980
79-32	458360
79-32	458020
79-32	220540
79-32	459680
79-32	464470
79-32	462810
79-32	460090
79-32	457040
79-32	303160
79-33	311870
79-33	464100
79-33	464910
79-33	464070
79-33	463300
79-33	462240
79-33	465030
79-33	460680
79-33	102680
79-33	456160
79-34	457320
79-34	462700
79-34	463360
79-34	464470
79-34	463870
79-34	463150
79-34	461900
79-34	465310
79-34	457680
79-34	465130
79-35	464620
79-35	464060
79-35	464910
79-35	460640
79-35	461250
79-35	01092240
79-35	01094170
79-35	459410
79-35	462460
79-35	458580
79-36	464580
79-36	464460
79-36	465170
79-36	464820
79-36	142770
79-36	01094310
79-36	463600
79-36	143780
79-36	313380
79-36	210050
79-37	464460
79-37	313380
79-37	464580
79-37	463600
79-37	145050
79-37	01094790
79-37	078460
79-37	210050
79-37	115570
79-37	461540
79-38	463980
79-38	463230
79-38	458360
79-38	462810
79-38	464780
79-38	527140
79-38	460260
79-38	464910
79-38	458980
79-38	463370
79-39	465070
79-39	461690
79-39	461860
79-39	461260
79-39	277690
79-39	465110
79-39	460930
79-39	457690
79-39	277420
79-39	460400
79-40	141030
79-40	057930
79-40	295900
79-40	460780
79-40	059450
79-40	463000
79-40	459750
79-40	464810
79-40	303610
79-40	180080
79-41	463980
79-41	465850
79-41	465230
79-41	463670
79-41	429480
79-41	456280
79-41	456020
79-41	465160
79-41	459410
79-41	464780
79-42	01094550
79-42	465670
79-42	464950
79-42	313300
79-42	464610
79-42	01094620
79-42	458220
79-42	01094590
79-42	465520
79-42	464940
79-43	01092310
79-43	465760
79-43	456010
79-43	455830
79-43	455970
79-43	459490
79-43	01091830
79-43	457490
79-43	457650
79-43	456560
79-44	464610
79-44	465970
79-44	466150
79-44	01093910
79-44	01092400
79-44	463160
79-44	465950
79-44	463130
79-44	464940
79-44	463420
79-45	465710
79-45	465960
79-45	409650
79-45	463120
79-45	01093770
79-45	461030
79-45	465000
79-45	463950
79-45	466310
79-45	465190
79-46	466160
79-46	464610
79-46	465520
79-46	464940
79-46	466150
79-46	465970
79-46	463250
79-46	463110
79-46	459740
79-46	01092730
79-47	456890
79-47	457970
79-47	01093650
79-47	457400
79-47	456070
79-47	456290
79-47	458950
79-47	456900
79-47	458150
79-47	460040
79-48	462770
79-48	464470
79-48	466100
79-48	463370
79-48	458360
79-48	464070
79-48	461350
79-48	464230
79-48	464910
79-48	01094170
79-49	01092240
79-49	458580
79-49	01094050
79-49	461780
79-49	315060
79-49	464910
79-49	460040
79-49	459640
79-49	460650
79-49	457440
79-50	466280
79-50	461930
79-50	01093880
79-50	459800
79-50	430240
79-50	462290
79-50	463770
79-50	463820
79-50	463990
79-50	01094170
79-51	465660
79-51	463870
79-51	01094660
79-51	458350
79-51	465770
79-51	463920
79-51	457690
79-51	463670
79-51	01093650
79-51	01094030
79-52	457690
79-52	465570
79-52	464170
79-52	464450
79-52	458470
79-52	461250
79-52	464700
79-52	465660
79-52	464270
79-52	095060
79-53	466410
79-53	430370
79-53	313960
79-53	129670
79-53	394790
79-53	188330
79-53	504500
79-53	462140
79-53	466270
79-53	316850
79-54	151190
79-54	436630
79-54	062830
79-54	410050
79-54	233920
79-54	466430
79-54	064640
79-54	057930
79-54	336590
79-54	004640
79-55	466530
79-55	01092300
79-55	462380
79-55	458580
79-55	01093590
79-55	461780
79-55	465120
79-55	466190
79-55	01093910
79-55	462750
79-56	466490
79-56	463000
79-56	370640
79-56	463390
79-56	464900
79-56	062300
79-56	465940
79-56	254820
79-56	383100
79-56	436010
79-57	467740
79-57	468590
79-57	467750
79-57	043690
79-57	467860
79-57	467760
79-57	467770
79-57	468100
79-57	468280
79-57	467830
79-58	467870
79-58	468280
79-58	468590
79-58	468100
79-58	468560
79-58	467880
79-58	467950
79-58	468370
79-58	468250
79-58	468110
79-59	467960
79-59	468420
79-59	468410
79-59	469130
79-59	468920
79-59	468100
79-59	468160
79-59	469770
79-59	470110
79-59	468490
79-60	468300
79-60	468280
79-60	468170
79-60	468360
79-60	468100
79-60	01094980
79-60	468590
79-60	467790
79-60	467740
79-60	468060
79-61	468140
79-61	468270
79-61	468560
79-61	468830
79-61	468590
79-61	468250
79-61	468260
79-61	468240
79-61	468280
79-61	467850
79-62	468560
79-62	468090
79-62	468370
79-62	468340
79-62	468250
79-62	468290
79-62	469770
79-62	468280
79-62	467870
79-62	468350
79-63	468350
79-63	468560
79-63	468410
79-63	468640
79-63	468280
79-63	470110
79-63	468420
79-63	469050
79-63	469770
79-63	468920
79-64	468280
79-64	467850
79-64	468590
79-64	469270
79-64	468100
79-64	468090
79-64	468910
79-64	468870
79-64	470090
79-64	468850
79-65	468280
79-65	467850
79-65	468850
79-65	468590
79-65	469270
79-65	468560
79-65	468640
79-65	468090
79-65	468960
79-65	469360
79-66	468280
79-66	01094980
79-66	467790
79-66	468500
79-66	467980
79-66	468100
79-66	468430
79-66	468710
79-66	468150
79-66	043690
79-67	468150
79-67	468410
79-67	468930
79-67	468790
79-67	469130
79-67	324800
79-67	468420
79-67	469720
79-67	468160
79-67	469070
79-68	469520
79-68	468700
79-68	468280
79-68	469130
79-68	467740
79-68	468100
79-68	469370
79-68	469830
79-68	468450
79-68	468980
79-69	468730
79-69	468150
79-69	468790
79-69	468280
79-69	468430
79-69	469360
79-69	468590
79-69	468500
79-69	468410
79-69	470620
79-70	470590
79-70	470410
79-70	469940
79-70	469770
79-70	470840
79-70	470700
79-70	469480
79-70	469440
79-70	469500
79-70	470460
79-71	468280
79-71	469100
79-71	01094980
79-71	469130
79-71	468360
79-71	468410
79-71	468500
79-71	468970
79-71	469210
79-71	468480
79-72	469490
79-72	469100
79-72	468280
79-72	468940
79-72	470380
79-72	468090
79-72	468150
79-72	469120
79-72	467740
79-72	468410
79-73	209020
79-73	210140
79-73	01053960
79-73	01053950
79-73	209590
79-73	015270
79-73	211000
79-73	211390
79-73	206980
79-73	211010
79-74	470410
79-74	469820
79-74	469630
79-74	469830
79-74	468790
79-74	469310
79-74	469330
79-74	469540
79-74	468930
79-74	470030
79-75	468570
79-75	468800
79-75	468470
79-75	468730
79-75	469420
79-75	324800
79-75	469650
79-75	043690
79-75	469540
79-75	468150
79-76	469690
79-76	470040
79-76	469900
79-76	469010
79-76	469770
79-76	468170
79-76	468280
79-76	469940
79-76	469960
79-76	468150
79-77	468590
79-77	468280
79-77	467740
79-77	468410
79-77	468970
79-77	468430
79-77	468480
79-77	469160
79-77	043690
79-77	468100
79-78	469330
79-78	469390
79-78	469080
79-78	468730
79-78	468360
79-78	468150
79-78	468410
79-78	469940
79-78	469900
79-78	468790
79-79	468410
79-79	470300
79-79	468490
79-79	468280
79-79	468150
79-79	469900
79-79	324800
79-79	469690
79-79	469540
79-79	468100
79-80	468000
79-80	469100
79-80	469540
79-80	470820
79-80	470390
79-80	470350
79-80	468050
79-80	469370
79-80	470480
79-80	471000
79-81	468110
79-81	469960
79-81	468100
79-81	470410
79-81	01095290
79-81	470640
79-81	468930
79-81	470130
79-81	470810
79-81	470100
79-82	470590
79-82	470840
79-82	470780
79-82	469290
79-82	469050
79-82	470260
79-82	469540
79-82	469770
79-82	470410
79-82	471000
79-83	468500
79-83	468730
79-83	467740
79-83	468210
79-83	468280
79-83	468590
79-83	469660
79-83	324800
79-83	468330
79-83	469590
79-84	471330
79-84	471340
79-84	258690
79-84	154580
79-84	154680
79-84	258700
79-84	471300
79-84	471230
79-84	154440
79-84	037990
79-85	471440
79-85	259990
79-85	471860
79-85	472440
79-85	473370
79-85	472580
79-85	473600
79-85	472470
79-85	472760
79-85	030410
79-86	471510
79-86	471530
79-86	415960
79-86	258970
79-86	471250
79-86	161160
79-86	471500
79-86	326870
79-86	466780
79-86	155310
79-87	471540
79-87	471690
79-87	471300
79-87	471340
79-87	471410
79-87	472020
79-87	471330
79-87	002110
79-87	472390
79-87	472470
79-88	471870
79-88	260190
79-88	040500
79-88	472920
79-88	471380
79-88	416270
79-88	259210
79-88	223280
79-88	327810
79-88	149150
79-89	472010
79-89	472310
79-89	471770
79-89	110540
79-89	472540
79-89	473190
79-89	040680
79-89	471240
79-89	260840
79-89	472180
79-90	261030
79-90	472070
79-90	328890
79-90	417860
79-90	472540
79-90	416750
79-90	471240
79-90	041380
79-90	473210
79-90	156100
79-91	473240
79-91	472000
79-91	094290
79-91	471880
79-91	472550
79-91	473680
79-91	492120
79-91	090730
79-91	263060
79-91	092450
79-92	330300
79-92	472970
79-92	261920
79-92	473330
79-92	471700
79-92	472600
79-92	501020
79-92	473660
79-92	260260
79-92	473720
79-93	472400
79-93	471520
79-93	472410
79-93	261430
79-93	261440
79-93	471680
79-93	472250
79-93	155620
79-93	042520
79-93	472050
79-94	472420
79-94	471920
79-94	473000
79-94	471900
79-94	474700
79-94	472360
79-94	473050
79-94	472570
79-94	472860
79-94	473370
80-1	471520
80-1	472400
80-1	472410
80-1	261440
80-1	155620
80-1	472050
80-1	261430
80-1	472250
80-1	471750
80-1	472190
80-2	472430
80-2	01095780
80-2	471410
80-2	471950
80-2	471300
80-2	471340
80-2	471710
80-2	471330
80-2	471780
80-2	473920
80-3	471260
80-3	472150
80-3	472750
80-3	473490
80-3	471320
80-3	157540
80-3	471590
80-3	474600
80-3	471750
80-3	471270
80-4	472330
80-4	471410
80-4	471300
80-4	471690
80-4	471340
80-4	330160
80-4	473050
80-4	471310
80-4	270910
80-4	472580
80-5	472130
80-5	472770
80-5	471720
80-5	472460
80-5	471320
80-5	260800
80-5	473740
80-5	471600
80-5	473670
80-5	472160
80-6	472690
80-6	472740
80-6	473780
80-6	473510
80-6	472760
80-6	472360
80-6	473020
80-6	472580
80-6	474400
80-6	473920
80-7	471220
80-7	472310
80-7	473000
80-7	471800
80-7	472390
80-7	472300
80-7	044170
80-7	472500
80-7	472420
80-7	471400
80-8	473890
80-8	046670
80-8	473840
80-8	472110
80-8	475190
80-8	473070
80-8	473850
80-8	472440
80-8	474600
80-8	473190
80-9	473910
80-9	473510
80-9	263590
80-9	472450
80-9	518310
80-9	472700
80-9	272380
80-9	475100
80-9	474320
80-9	040880
80-10	474880
80-10	473100
80-10	01095860
80-10	472820
80-10	471670
80-10	265390
80-10	472730
80-10	471270
80-10	01096040
80-10	471590
80-11	471690
80-11	471550
80-11	473690
80-11	471670
80-11	472230
80-11	473600
80-11	472700
80-11	471530
80-11	472470
80-11	471290
80-12	474600
80-12	472450
80-12	472440
80-12	473710
80-12	474210
80-12	474450
80-12	472170
80-12	472300
80-12	471300
80-12	471590
80-13	471680
80-13	472030
80-13	471600
80-13	472160
80-13	471670
80-13	471530
80-13	475190
80-13	471320
80-13	471300
80-13	472060
80-14	472440
80-14	473070
80-14	474400
80-14	471600
80-14	471720
80-14	474480
80-14	471680
80-14	473510
80-14	473540
80-14	160320
80-15	325970
80-15	01009920
80-15	326000
80-15	474670
80-15	471940
80-15	01095860
80-15	097350
80-15	419400
80-15	429930
80-15	474340
80-16	475490
80-16	162980
80-16	112100
80-16	163330
80-16	195940
80-16	162630
80-16	243380
80-16	032650
80-16	166390
80-16	317820
80-17	475500
80-17	475550
80-17	133500
80-17	166740
80-17	134590
80-17	475560
80-17	475590
80-17	306170
80-17	056150
80-17	475600
80-18	475640
80-18	01066560
80-18	005100
80-18	029810
80-18	01073060
80-18	01002340
80-18	01002660
80-18	004510
80-18	007920
80-18	224330
80-19	330020
80-19	472790
80-19	254740
80-19	259250
80-19	476280
80-19	475910
80-19	475790
80-19	476390
80-19	261410
80-19	225820
80-20	476240
80-20	215060
80-20	531800
80-20	248920
80-20	243780
80-20	405590
80-20	531580
80-20	475990
80-20	122040
80-20	091890
80-21	476150
80-21	236020
80-21	271280
80-21	475780
80-21	476160
80-21	377630
80-21	403950
80-21	267640
80-21	215360
80-21	225820
80-22	476270
80-22	01001830
80-22	363170
80-22	358880
80-22	476250
80-22	364210
80-22	000080
80-22	345970
80-22	477190
80-22	357950
80-23	393140
80-23	390780
80-23	176920
80-23	394320
80-23	393650
80-23	390970
80-23	390690
80-23	01083690
80-23	392240
80-23	277030
80-24	477610
80-24	01096650
80-24	476580
80-24	476550
80-24	01096640
80-24	476740
80-24	476930
80-24	476800
80-24	476120
80-24	477100
80-25	479850
80-25	479840
80-25	480240
80-25	01096930
80-25	479740
80-25	479140
80-25	476620
80-25	321030
80-25	476380
80-25	478080
80-26	270910
80-26	148590
80-26	477120
80-26	478250
80-26	01011750
80-26	484980
80-26	086950
80-26	477670
80-26	106000
80-26	337080
80-27	479110
80-27	01096930
80-27	285030
80-27	479160
80-27	081230
80-27	478830
80-27	480390
80-27	01097010
80-27	479720
80-27	109710
80-28	01097010
80-28	479530
80-28	479900
80-28	081170
80-28	479840
80-28	243410
80-28	343940
80-28	081240
80-28	479390
80-28	479270
80-29	479610
80-29	480800
80-29	479740
80-29	479600
80-29	000900
80-29	260500
80-29	444480
80-29	480150
80-29	165410
80-29	479480
80-30	479630
80-30	479930
80-30	481440
80-30	481230
80-30	480290
80-30	479480
80-30	481940
80-30	479580
80-30	248060
80-30	481270
80-31	479960
80-31	479520
80-31	479160
80-31	415840
80-31	015730
80-31	395640
80-31	288300
80-31	254810
80-31	01096930
80-31	396050
80-32	479860
80-32	082710
80-32	01020850
80-32	270250
80-32	478810
80-32	478840
80-32	478710
80-32	081710
80-32	078390
80-32	026410
80-33	479970
80-33	479930
80-33	480120
80-33	479580
80-33	480760
80-33	479630
80-33	479460
80-33	480290
80-33	480000
80-33	481230
80-34	479460
80-34	482960
80-34	01021960
80-34	479870
80-34	479310
80-34	479220
80-34	342810
80-34	479340
80-34	479790
80-34	244180
80-35	480600
80-35	479990
80-35	479090
80-35	168950
80-35	245990
80-35	383870
80-35	479390
80-35	068300
80-35	200380
80-35	031540
80-36	480100
80-36	480190
80-36	479510
80-36	026410
80-36	355110
80-36	479160
80-36	083630
80-36	480280
80-36	348960
80-36	518920
80-37	480830
80-37	480650
80-37	481470
80-37	480080
80-37	481160
80-37	480280
80-37	046620
80-37	026410
80-37	480320
80-37	479840
80-38	481240
80-38	481500
80-38	479580
80-38	479630
80-38	479400
80-38	480090
80-38	481020
80-38	480130
80-38	294250
80-38	479350
80-39	481510
80-39	481300
80-39	480960
80-39	481970
80-39	481150
80-39	480010
80-39	480750
80-39	478710
80-39	480320
80-39	481710
80-40	481660
80-40	479950
80-40	480470
80-40	479790
80-40	482140
80-40	479580
80-40	482200
80-40	480930
80-40	481380
80-40	480720
80-41	481760
80-41	360840
80-41	214030
80-41	244960
80-41	480240
80-41	481980
80-41	265480
80-41	513360
80-41	479150
80-41	354220
80-42	481840
80-42	479610
80-42	081620
80-42	481010
80-42	480320
80-42	480730
80-42	480930
80-42	480850
80-42	026410
80-42	479740
80-43	518920
80-43	479960
80-43	479970
80-43	479520
80-43	120710
80-43	480840
80-43	083320
80-43	479480
80-43	01096930
80-43	482150
80-44	481990
80-44	085860
80-44	479740
80-44	01000090
80-44	056360
80-44	01013770
80-44	01024580
80-44	056400
80-44	098170
80-44	154720
80-45	482100
80-45	480710
80-45	247050
80-45	244960
80-45	239460
80-45	480610
80-45	481290
80-45	060260
80-45	481700
80-45	479800
80-46	481720
80-46	482010
80-46	482100
80-46	481050
80-46	481660
80-46	480470
80-46	064660
80-46	105440
80-46	482170
80-46	083730
80-47	546360
80-47	482650
80-47	288450
80-47	457060
80-47	189020
80-47	269440
80-47	131410
80-47	402160
80-47	188570
80-47	065560
80-48	482660
80-48	01097550
80-48	482600
80-48	01097530
80-48	482700
80-48	01097560
80-48	01097490
80-48	482690
80-48	512830
80-48	498800
80-49	482980
80-49	062560
80-49	108960
80-49	108820
80-49	482960
80-49	270250
80-49	064860
80-49	051770
80-49	108870
80-49	016190
80-50	483310
80-50	402250
80-50	508550
80-50	476610
80-50	322630
80-50	093320
80-50	276290
80-50	135490
80-50	101210
80-50	258110
80-51	396500
80-51	085770
80-51	395850
80-51	133420
80-51	116550
80-51	396290
80-51	395890
80-51	397070
80-51	396090
80-51	124830
80-52	483920
80-52	257640
80-52	514500
80-52	538330
80-52	386660
80-52	257260
80-52	483870
80-52	436690
80-52	386890
80-52	257090
80-53	027890
80-53	01011180
80-53	01011100
80-53	01011050
80-53	432050
80-53	031280
80-53	484130
80-53	484630
80-53	01011130
80-53	484220
80-54	484110
80-54	486000
80-54	484990
80-54	485570
80-54	484560
80-54	484390
80-54	484400
80-54	484860
80-54	171500
80-54	484570
80-55	432190
80-55	484330
80-55	484230
80-55	486000
80-55	241620
80-55	484130
80-55	488430
80-55	484220
80-55	027890
80-55	485570
80-56	484470
80-56	01097680
80-56	432350
80-56	484960
80-56	01088110
80-56	300630
80-56	484730
80-56	487340
80-56	484340
80-56	280850
80-57	484860
80-57	433020
80-57	432760
80-57	485430
80-57	275670
80-57	374900
80-57	485380
80-57	485310
80-57	487340
80-57	484630
80-58	486000
80-58	484660
80-58	485570
80-58	484990
80-58	484330
80-58	397140
80-58	484590
80-58	484320
80-58	484500
80-58	063430
80-59	484780
80-59	305620
80-59	322880
80-59	318070
80-59	412760
80-59	374620
80-59	255560
80-59	234410
80-59	255960
80-59	424530
80-60	484630
80-60	484380
80-60	485280
80-60	485310
80-60	488640
80-60	01097790
80-60	484390
80-60	485150
80-60	486090
80-60	484190
80-61	484470
80-61	01097680
80-61	01088110
80-61	432350
80-61	484960
80-61	300630
80-61	484730
80-61	266880
80-61	280850
80-61	485430
80-62	485150
80-62	484630
80-62	484380
80-62	485200
80-62	485310
80-62	484680
80-62	486130
80-62	485220
80-62	304340
80-62	484560
80-63	485210
80-63	485650
80-63	432790
80-63	485330
80-63	217480
80-63	433530
80-63	004070
80-63	484870
80-63	481100
80-63	432780
80-64	485310
80-64	484630
80-64	484380
80-64	488790
80-64	484680
80-64	304340
80-64	484190
80-64	484390
80-64	484560
80-64	485350
80-65	486110
80-65	485900
80-65	486230
80-65	486000
80-65	208440
80-65	484970
80-65	485840
80-65	485640
80-65	484630
80-65	484930
80-66	486340
80-66	486500
80-66	487770
80-66	487020
80-66	486400
80-66	487490
80-66	486590
80-66	487410
80-66	485560
80-66	488150
80-67	486320
80-67	434510
80-67	101680
80-67	461210
80-67	324920
80-67	487210
80-67	427080
80-67	331100
80-67	487390
80-67	117600
80-68	486190
80-68	434480
80-68	300570
80-68	485280
80-68	484630
80-68	484680
80-68	485150
80-68	487550
80-68	004590
80-68	485310
80-69	486640
80-69	486000
80-69	486760
80-69	484990
80-69	485570
80-69	484970
80-69	485690
80-69	485560
80-69	486350
80-69	484220
80-70	486820
80-70	489340
80-70	486350
80-70	487940
80-70	484960
80-70	489410
80-70	371030
80-70	434630
80-70	485790
80-70	487780
80-71	486020
80-71	487560
80-71	116370
80-71	487710
80-71	487720
80-71	484090
80-71	485790
80-71	487320
80-71	487150
80-71	486300
80-72	487950
80-72	488050
80-72	429900
80-72	108330
80-72	01058720
80-72	356330
80-72	139650
80-72	429970
80-72	486610
80-72	126070
80-73	485570
80-73	01002700
80-73	484290
80-73	484960
80-73	01097670
80-73	487770
80-73	487490
80-73	486550
80-73	487700
80-73	486180
80-74	488410
80-74	488360
80-74	488400
80-74	348730
80-74	488380
80-74	488370
80-74	275360
80-74	335980
80-74	189630
80-74	112160
80-75	489250
80-75	489390
80-75	488830
80-75	488750
80-75	488700
80-75	01098740
80-75	488550
80-75	488620
80-75	01098710
80-75	01098580
80-76	489800
80-76	482780
80-76	032240
80-76	000470
80-76	029860
80-76	000820
80-76	015450
80-76	000640
80-76	029850
80-76	482790
80-77	034560
80-77	033950
80-77	000770
80-77	548950
80-77	387390
80-77	417260
80-77	013450
80-77	516920
80-77	549060
80-77	258190
80-78	041600
80-78	000740
80-78	489960
80-78	489880
80-78	257260
80-78	489870
80-78	489920
80-78	317870
80-78	490050
80-78	01013260
80-79	288180
80-79	416530
80-79	351530
80-79	01006700
80-79	288380
80-79	01009450
80-79	060150
80-79	01006820
80-79	058120
80-79	288220
80-80	254610
80-80	490250
80-80	490280
80-80	000620
80-80	499080
80-80	490580
80-80	000870
80-80	490180
80-80	322480
80-80	395030
80-81	490190
80-81	498350
80-81	490220
80-81	490180
80-81	490150
80-81	456670
80-81	326360
80-81	414140
80-81	029490
80-81	490600
80-82	491350
80-82	491190
80-82	491300
80-82	491540
80-82	491380
80-82	492010
80-82	012130
80-82	288670
80-82	492030
80-82	492760
80-83	491550
80-83	491530
80-83	492050
80-83	491540
80-83	491960
80-83	491060
80-83	491040
80-83	491800
80-83	342980
80-83	492610
80-84	491800
80-84	491840
80-84	494220
80-84	491240
80-84	493690
80-84	491170
80-84	491250
80-84	491370
80-84	492210
80-84	491980
80-85	491800
80-85	492210
80-85	491650
80-85	491620
80-85	493040
80-85	492350
80-85	493000
80-85	491080
80-85	494540
80-85	492040
80-86	492190
80-86	01098200
80-86	493830
80-86	492450
80-86	044840
80-86	492810
80-86	492070
80-86	492800
80-86	491330
80-86	491770
80-87	501860
80-87	491130
80-87	491820
80-87	492070
80-87	492810
80-87	492190
80-87	017530
80-87	402400
80-87	013460
80-87	01098200
80-88	493020
80-88	491380
80-88	492850
80-88	493830
80-88	491540
80-88	492860
80-88	492200
80-88	492190
80-88	491040
80-88	491830
80-89	493250
80-89	491720
80-89	492210
80-89	492450
80-89	311460
80-89	491240
80-89	491370
80-89	282860
80-89	491840
80-89	544710
80-90	493700
80-90	494770
80-90	493710
80-90	491920
80-90	492790
80-90	034730
80-90	493410
80-90	494000
80-90	504820
80-90	493100
80-91	493960
80-91	493550
80-91	033070
80-91	492390
80-91	01098230
80-91	495070
80-91	494770
80-91	494580
80-91	493870
80-91	493250
80-92	492210
80-92	494570
80-92	492190
80-92	491380
80-92	494940
80-92	492040
80-92	492160
80-92	491370
80-92	483590
80-92	491650
80-93	495150
80-93	494770
80-93	494450
80-93	492270
80-93	492990
80-93	492390
80-93	494970
80-93	493690
80-93	492000
80-93	494780
80-94	354490
80-94	494560
80-94	411780
80-94	190520
80-94	385730
80-94	353420
80-94	260020
80-94	352160
80-94	318340
80-94	258430
81-1	493290
81-1	495050
81-1	494680
81-1	495310
81-1	026690
81-1	494950
81-1	493970
81-1	01098230
81-1	492470
81-1	01012500
81-2	495380
81-2	495400
81-2	494180
81-2	034730
81-2	493690
81-2	494770
81-2	206600
81-2	492790
81-2	494100
81-2	495110
81-3	494960
81-3	495390
81-3	495050
81-3	456960
81-3	493290
81-3	494970
81-3	072350
81-3	276540
81-3	495060
81-3	004990
81-4	093830
81-4	495580
81-4	020700
81-4	033600
81-4	194780
81-4	032700
81-4	064850
81-4	003520
81-4	090190
81-4	364900
81-5	495640
81-5	074580
81-5	340210
81-5	495630
81-5	437140
81-5	288090
81-5	288600
81-5	495940
81-5	288410
81-5	170810
81-6	496010
81-6	495600
81-6	496080
81-6	496110
81-6	495810
81-6	496810
81-6	496720
81-6	495610
81-6	495820
81-6	496630
81-7	496720
81-7	496630
81-7	495610
81-7	496360
81-7	495600
81-7	495840
81-7	495810
81-7	496080
81-7	495620
81-7	495510
81-8	240110
81-8	239980
81-8	242010
81-8	497410
81-8	239830
81-8	497370
81-8	497830
81-8	240010
81-8	239850
81-8	497550
81-9	497670
81-9	496050
81-9	497780
81-9	496310
81-9	497760
81-9	497170
81-9	496600
81-9	497540
81-9	497080
81-9	497700
81-10	497550
81-10	239940
81-10	239660
81-10	497830
81-10	497490
81-10	239970
81-10	239830
81-10	01079280
81-10	496820
81-10	239730
81-11	498520
81-11	498600
81-11	479980
81-11	01004670
81-11	540290
81-11	433110
81-11	012250
81-11	238490
81-11	01071410
81-11	432250
81-12	498190
81-12	005300
81-12	519930
81-12	498270
81-12	498550
81-12	498320
81-12	058810
81-12	498170
81-12	119220
81-12	338930
81-13	500080
81-13	499690
81-13	398470
81-13	498150
81-13	01003290
81-13	147200
81-13	396170
81-13	511750
81-13	520740
81-13	433280
81-14	499960
81-14	499540
81-14	269580
81-14	006860
81-14	499780
81-14	501580
81-14	498390
81-14	499350
81-14	498730
81-14	501860
81-15	499840
81-15	499990
81-15	009820
81-15	036410
81-15	005440
81-15	010480
81-15	146830
81-15	256180
81-15	008880
81-15	256160
81-16	500000
81-16	500270
81-16	069410
81-16	466840
81-16	500250
81-16	339320
81-16	327740
81-16	007390
81-16	378080
81-16	072190
81-17	500000
81-17	500550
81-17	498970
81-17	430990
81-17	498960
81-17	500050
81-17	498540
81-17	380930
81-17	521000
81-17	523380
81-18	498910
81-18	01098560
81-18	500610
81-18	498920
81-18	499080
81-18	500630
81-18	499960
81-18	386610
81-18	288030
81-18	501350
81-19	500060
81-19	500900
81-19	500480
81-19	498170
81-19	460610
81-19	498580
81-19	503100
81-19	500630
81-19	500710
81-19	498700
81-20	500570
81-20	505110
81-20	523050
81-20	500010
81-20	498930
81-20	500060
81-20	498540
81-20	542560
81-20	498200
81-20	106800
81-21	500650
81-21	523500
81-21	242870
81-21	398760
81-21	498320
81-21	498570
81-21	501070
81-21	512260
81-21	498540
81-21	538190
81-22	500600
81-22	500980
81-22	330090
81-22	499490
81-22	498530
81-22	325130
81-22	499710
81-22	483620
81-22	314640
81-22	512100
81-23	501310
81-23	022570
81-23	426940
81-23	023830
81-23	025290
81-23	022600
81-23	034470
81-23	022520
81-23	01009710
81-23	024470
81-24	501630
81-24	500120
81-24	500500
81-24	499250
81-24	499380
81-24	501090
81-24	499680
81-24	501250
81-24	498750
81-24	499430
81-25	518480
81-25	524730
81-25	502060
81-25	431490
81-25	519090
81-25	517970
81-25	498900
81-25	552570
81-25	518800
81-25	499290
81-26	502070
81-26	524770
81-26	499960
81-26	501580
81-26	399360
81-26	260860
81-26	499000
81-26	500710
81-26	552570
81-26	498910
81-27	500630
81-27	500710
81-27	498980
81-27	500520
81-27	339500
81-27	499910
81-27	525050
81-27	009330
81-27	499960
81-27	500060
81-28	498540
81-28	498320
81-28	498180
81-28	500710
81-28	499550
81-28	501540
81-28	512840
81-28	503040
81-28	434840
81-28	01082460
81-29	502580
81-29	500010
81-29	01098760
81-29	500570
81-29	502730
81-29	498960
81-29	498530
81-29	500630
81-29	500680
81-29	501330
81-30	503070
81-30	503160
81-30	499550
81-30	503120
81-30	503410
81-30	502660
81-30	500700
81-30	498920
81-30	536170
81-30	498560
81-31	503070
81-31	503280
81-31	503160
81-31	504280
81-31	500520
81-31	01026070
81-31	499000
81-31	502380
81-31	500710
81-31	502110
81-32	499560
81-32	503100
81-32	498920
81-32	503160
81-32	503130
81-32	503040
81-32	499520
81-32	500040
81-32	503070
81-32	502180
81-33	500600
81-33	501380
81-33	503140
81-33	502660
81-33	499530
81-33	503160
81-33	498530
81-33	502580
81-33	01098620
81-33	500580
81-34	503090
81-34	502660
81-34	500600
81-34	504280
81-34	503640
81-34	104460
81-34	104900
81-34	500520
81-34	105240
81-34	033950
81-35	503790
81-35	502740
81-35	503970
81-35	503240
81-35	502980
81-35	504060
81-35	503500
81-35	502420
81-35	501690
81-35	504240
81-36	504610
81-36	016310
81-36	154480
81-36	399960
81-36	099160
81-36	086010
81-36	331470
81-36	104860
81-36	086130
81-36	105660
81-37	504780
81-37	131600
81-37	329260
81-37	405880
81-37	398820
81-37	504660
81-37	260510
81-37	504850
81-37	504730
81-37	402760
81-38	505230
81-38	505290
81-38	508770
81-38	543390
81-38	206970
81-38	505110
81-38	493830
81-38	318810
81-38	524410
81-38	161040
81-39	505860
81-39	505470
81-39	505810
81-39	335590
81-39	109770
81-39	507250
81-39	506050
81-39	171500
81-39	036340
81-39	507020
81-40	505500
81-40	202660
81-40	237150
81-40	011070
81-40	019980
81-40	193540
81-40	046730
81-40	01008850
81-40	194450
81-40	019400
81-41	505810
81-41	505860
81-41	507030
81-41	507250
81-41	507020
81-41	148220
81-41	149860
81-41	505960
81-41	148200
81-41	335590
81-42	506870
81-42	110010
81-42	01099150
81-42	506580
81-42	506130
81-42	508510
81-42	506980
81-42	507370
81-42	509900
81-42	506790
81-43	506540
81-43	506140
81-43	505660
81-43	505970
81-43	506250
81-43	507450
81-43	505550
81-43	505700
81-43	506050
81-43	506000
81-44	506560
81-44	529610
81-44	398180
81-44	339350
81-44	547300
81-44	472470
81-44	506440
81-44	045990
81-44	505960
81-44	506300
81-45	506500
81-45	549560
81-45	506560
81-45	01060090
81-45	507020
81-45	01095450
81-45	505650
81-45	506040
81-45	472470
81-45	472450
81-46	506360
81-46	529530
81-46	533980
81-46	529820
81-46	531400
81-46	359750
81-46	286750
81-46	549630
81-46	102900
81-46	532780
81-47	507020
81-47	507250
81-47	506560
81-47	505550
81-47	507750
81-47	508820
81-47	507500
81-47	042740
81-47	099600
81-47	505810
81-48	507030
81-48	505810
81-48	398470
81-48	507020
81-48	549850
81-48	505860
81-48	506560
81-48	148220
81-48	507950
81-48	505700
81-49	508280
81-49	507260
81-49	547470
81-49	329840
81-49	509030
81-49	044090
81-49	01011170
81-49	507110
81-49	093840
81-49	507720
81-50	452360
81-50	506730
81-50	505750
81-50	506600
81-50	506030
81-50	507240
81-50	508630
81-50	505690
81-50	452490
81-50	505870
81-51	507460
81-51	506180
81-51	506260
81-51	507970
81-51	505550
81-51	099360
81-51	509070
81-51	01099220
81-51	507340
81-51	509660
81-52	507390
81-52	505700
81-52	509140
81-52	036790
81-52	505900
81-52	261700
81-52	507650
81-52	156960
81-52	262490
81-52	507020
81-53	507570
81-53	507160
81-53	509030
81-53	508580
81-53	507710
81-53	507460
81-53	507070
81-53	506650
81-53	506260
81-53	507970
81-54	505560
81-54	505460
81-54	506730
81-54	507760
81-54	508140
81-54	507250
81-54	507990
81-54	507010
81-54	047980
81-54	099730
81-55	507690
81-55	477130
81-55	477060
81-55	476790
81-55	476630
81-55	257770
81-55	476700
81-55	477830
81-55	507990
81-55	477350
81-56	507760
81-56	506730
81-56	505990
81-56	507010
81-56	506290
81-56	505560
81-56	550500
81-56	260920
81-56	099730
81-56	471860
81-57	508340
81-57	508640
81-57	508450
81-57	508470
81-57	508940
81-57	510810
81-57	509240
81-57	509270
81-57	507930
81-57	093380
81-58	508830
81-58	534070
81-58	418360
81-58	508300
81-58	510440
81-58	536960
81-58	422260
81-58	508690
81-58	531100
81-58	529240
81-59	509250
81-59	508170
81-59	508720
81-59	505550
81-59	507460
81-59	508450
81-59	507840
81-59	509140
81-59	508920
81-59	506390
81-60	506330
81-60	507640
81-60	508270
81-60	507970
81-60	506400
81-60	507190
81-60	507520
81-60	506120
81-60	509620
81-60	508230
81-61	506040
81-61	01099300
81-61	505960
81-61	510280
81-61	506250
81-61	506300
81-61	507570
81-61	507970
81-61	505690
81-61	506920
81-62	509330
81-62	361170
81-62	179850
81-62	429080
81-62	545050
81-62	509430
81-62	508830
81-62	366020
81-62	407150
81-62	214850
81-63	509600
81-63	510280
81-63	508260
81-63	507970
81-63	510550
81-63	506910
81-63	506260
81-63	508920
81-63	01099220
81-63	506040
81-64	509510
81-64	510280
81-64	508270
81-64	507460
81-64	508720
81-64	507570
81-64	506050
81-64	506150
81-64	506540
81-64	506910
81-65	510040
81-65	331840
81-65	507360
81-65	509300
81-65	382060
81-65	331110
81-65	327700
81-65	428880
81-65	092810
81-65	435730
81-66	508080
81-66	507250
81-66	506030
81-66	508630
81-66	508230
81-66	505990
81-66	507760
81-66	506050
81-66	505960
81-66	258030
81-67	510280
81-67	265360
81-67	505550
81-67	506180
81-67	509510
81-67	509700
81-67	01099220
81-67	508920
81-67	506300
81-67	507340
81-68	505960
81-68	507250
81-68	507000
81-68	507610
81-68	510220
81-68	507260
81-68	507640
81-68	506040
81-68	507440
81-68	508960
81-69	510490
81-69	510550
81-69	508840
81-69	507330
81-69	509600
81-69	509700
81-69	508490
81-69	508920
81-69	506770
81-69	508120
81-70	510880
81-70	507330
81-70	01099510
81-70	507290
81-70	510720
81-70	510860
81-70	510300
81-70	510730
81-70	508420
81-70	01099450
81-71	510780
81-71	510280
81-71	510800
81-71	507640
81-71	509140
81-71	508660
81-71	506330
81-71	508260
81-71	506060
81-71	508760
81-72	507260
81-72	509380
81-72	01099300
81-72	509930
81-72	505750
81-72	505960
81-72	508350
81-72	506040
81-72	508260
81-72	509920
81-73	506730
81-73	507640
81-73	507400
81-73	510870
81-73	510280
81-73	506330
81-73	508920
81-73	508260
81-73	507250
81-73	505770
81-74	409210
81-74	181240
81-74	528140
81-74	355060
81-74	517260
81-74	417670
81-74	01007150
81-74	160800
81-74	537910
81-74	331090
81-75	510970
81-75	508340
81-75	01099510
81-75	509610
81-75	223140
81-75	510880
81-75	509740
81-75	508700
81-75	01099410
81-75	510160
81-76	511180
81-76	511140
81-76	511160
81-76	242740
81-76	511760
81-76	511100
81-76	512110
81-76	548350
81-76	117850
81-76	511660
81-77	511340
81-77	511200
81-77	511380
81-77	511280
81-77	511860
81-77	031520
81-77	109330
81-77	170320
81-77	148280
81-77	511490
81-78	511800
81-78	242910
81-78	511840
81-78	511310
81-78	511370
81-78	511390
81-78	031430
81-78	511090
81-78	511350
81-78	511470
81-79	512110
81-79	512120
81-79	512130
81-79	511790
81-79	512490
81-79	511660
81-79	511330
81-79	511470
81-79	511310
81-79	511750
81-80	512110
81-80	512760
81-80	511160
81-80	512000
81-80	511760
81-80	512370
81-80	511310
81-80	511410
81-80	512490
81-80	511790
81-81	512930
81-81	512370
81-81	512180
81-81	008080
81-81	511750
81-81	512150
81-81	512270
81-81	513110
81-81	041120
81-81	328700
81-82	513110
81-82	513030
81-82	129110
81-82	512840
81-82	512470
81-82	01005700
81-82	330800
81-82	325140
81-82	359090
81-82	014160
81-83	511370
81-83	512110
81-83	511390
81-83	124950
81-83	511380
81-83	511200
81-83	009020
81-83	511310
81-83	511860
81-83	511790
81-84	513560
81-84	01099680
81-84	550650
81-84	454020
81-84	549950
81-84	513510
81-84	513330
81-84	053080
81-84	399950
81-84	550330
81-85	326680
81-85	498480
81-85	400340
81-85	131930
81-85	033510
81-85	513880
81-85	513680
81-85	412540
81-85	112730
81-85	131830
81-86	513750
81-86	513910
81-86	514220
81-86	514650
81-86	514560
81-86	513870
81-86	006280
81-86	514130
81-86	514190
81-86	513850
81-87	513840
81-87	514120
81-87	515380
81-87	478930
81-87	514100
81-87	514630
81-87	513790
81-87	514170
81-87	514700
81-87	515570
81-88	515100
81-88	514860
81-88	514560
81-88	514220
81-88	514340
81-88	513910
81-88	514500
81-88	514830
81-88	514640
81-88	514690
81-89	514160
81-89	514300
81-89	514700
81-89	514500
81-89	514530
81-89	514050
81-89	513910
81-89	337060
81-89	261600
81-89	514190
81-90	514830
81-90	514190
81-90	514620
81-90	514220
81-90	514950
81-90	514580
81-90	514490
81-90	514670
81-90	514560
81-90	515100
81-91	514120
81-91	515380
81-91	069490
81-91	514450
81-91	116720
81-91	478740
81-91	089740
81-91	071010
81-91	513930
81-91	514140
81-92	515100
81-92	514340
81-92	514260
81-92	514830
81-92	515500
81-92	514500
81-92	514860
81-92	514670
81-92	514820
81-92	514680
81-93	514220
81-93	514560
81-93	514980
81-93	514650
81-93	513910
81-93	515100
81-93	513750
81-93	514080
81-93	515870
81-93	514340
81-94	514370
81-94	01099740
81-94	513830
81-94	514030
81-94	514480
81-94	257040
81-94	514550
81-94	514490
81-94	514250
81-94	513850
82-1	514730
82-1	514630
82-1	514700
82-1	514530
82-1	513900
82-1	514580
82-1	514050
82-1	293790
82-1	514300
82-1	514980
82-2	514940
82-2	514120
82-2	513910
82-2	514070
82-2	515000
82-2	513790
82-2	514660
82-2	514190
82-2	514130
82-2	514220
82-3	515810
82-3	515000
82-3	515780
82-3	515820
82-3	515500
82-3	514640
82-3	514920
82-3	515410
82-3	515990
82-3	515860
82-4	515920
82-4	514820
82-4	515090
82-4	515050
82-4	514930
82-4	514670
82-4	514850
82-4	514340
82-4	515710
82-4	514460
82-5	515810
82-5	515000
82-5	515700
82-5	516390
82-5	515550
82-5	515410
82-5	514920
82-5	515500
82-5	515100
82-5	515370
82-6	418530
82-6	516220
82-6	516180
82-6	038140
82-6	067810
82-6	290060
82-6	316940
82-6	435210
82-6	044330
82-6	039110
82-7	516250
82-7	516310
82-7	476620
82-7	244280
82-7	087330
82-7	516140
82-7	336940
82-7	256840
82-7	298080
82-7	098850
82-8	467740
82-8	467770
82-8	516470
82-8	017760
82-8	017770
82-8	037510
82-8	017780
82-8	516500
82-8	01007970
82-8	043690
82-9	468350
82-9	468560
82-9	468640
82-9	469050
82-9	470110
82-9	468420
82-9	468920
82-9	469770
82-9	468410
82-9	054520
82-10	516550
82-10	467790
82-10	01094980
82-10	017770
82-10	468500
82-10	043690
82-10	017900
82-10	468170
82-10	469670
82-10	469660
82-11	469760
82-11	469140
82-11	516570
82-11	469320
82-11	468490
82-11	468150
82-11	469740
82-11	468790
82-11	468930
82-11	468680
82-12	470440
82-12	055300
82-12	516610
82-12	017770
82-12	037510
82-12	017760
82-12	055000
82-12	468670
82-12	469220
82-12	469220
82-13	470560
82-13	470820
82-13	018140
82-13	469860
82-13	017770
82-13	470870
82-13	471000
82-13	469420
82-13	470890
82-13	315390
82-14	015940
82-14	184560
82-14	516780
82-14	087250
82-14	087330
82-14	123580
82-14	01017190
82-14	057530
82-14	01031730
82-14	034740
82-15	098920
82-15	238260
82-15	031900
82-15	01097410
82-15	044480
82-15	516930
82-15	045830
82-15	356370
82-15	516940
82-15	467810
82-16	518310
82-16	325190
82-16	157090
82-16	254690
82-16	042720
82-16	157480
82-16	094570
82-16	502060
82-16	517970
82-16	254620
82-17	517950
82-17	517780
82-17	518320
82-17	517930
82-17	518030
82-17	517810
82-17	518570
82-17	517800
82-17	518160
82-17	517840
82-18	518960
82-18	519090
82-18	517970
82-18	518670
82-18	517980
82-18	518870
82-18	01067950
82-18	406300
82-18	519130
82-18	435140
82-19	519040
82-19	090300
82-19	099820
82-19	457690
82-19	459570
82-19	088890
82-19	519170
82-19	305850
82-19	090330
82-19	164910
82-20	518680
82-20	378840
82-20	190080
82-20	213410
82-20	155410
82-20	518160
82-20	086110
82-20	517860
82-20	518940
82-20	090660
82-21	519460
82-21	518940
82-21	519170
82-21	085890
82-21	519040
82-21	322570
82-21	045510
82-21	308270
82-21	092060
82-21	191710
82-22	386890
82-22	545370
82-22	238360
82-22	087640
82-22	01028630
82-22	483920
82-22	035100
82-22	087150
82-22	327880
82-22	035250
82-23	520020
82-23	519900
82-23	522050
82-23	519940
82-23	521690
82-23	520090
82-23	520690
82-23	521260
82-23	520340
82-23	373590
82-24	521570
82-24	521290
82-24	521470
82-24	520930
82-24	520050
82-24	522240
82-24	520030
82-24	521820
82-24	398490
82-24	521170
82-25	520510
82-25	520050
82-25	521010
82-25	521570
82-25	520310
82-25	520860
82-25	520030
82-25	520990
82-25	520100
82-25	522240
82-26	524730
82-26	520070
82-26	522290
82-26	521130
82-26	523260
82-26	525130
82-26	522070
82-26	520250
82-26	525120
82-26	523510
82-27	398290
82-27	520010
82-27	520630
82-27	521280
82-27	519900
82-27	397820
82-27	519940
82-27	432830
82-27	521160
82-27	522050
82-28	520860
82-28	520050
82-28	521290
82-28	306050
82-28	520610
82-28	451970
82-28	520930
82-28	520510
82-28	521390
82-28	521690
82-29	520690
82-29	521590
82-29	521390
82-29	522490
82-29	520150
82-29	399010
82-29	522300
82-29	398070
82-29	398010
82-29	520840
82-30	328750
82-30	521620
82-30	525210
82-30	520210
82-30	336250
82-30	527030
82-30	295250
82-30	522680
82-30	526300
82-30	520300
82-31	521500
82-31	520780
82-31	522010
82-31	519940
82-31	398150
82-31	520080
82-31	520320
82-31	520800
82-31	519900
82-31	524200
82-32	458290
82-32	521960
82-32	071630
82-32	414550
82-32	328820
82-32	483180
82-32	506710
82-32	520200
82-32	521950
82-32	073450
82-33	522280
82-33	523260
82-33	521390
82-33	520050
82-33	520550
82-33	520860
82-33	522240
82-33	520740
82-33	522700
82-33	520100
82-34	522450
82-34	520450
82-34	299790
82-34	294540
82-34	049140
82-34	291540
82-34	383160
82-34	133860
82-34	01101360
82-34	01068630
82-35	521160
82-35	522150
82-35	523600
82-35	521260
82-35	527120
82-35	523620
82-35	520780
82-35	520070
82-35	523950
82-35	523260
82-36	522370
82-36	522520
82-36	520510
82-36	521300
82-36	521570
82-36	523040
82-36	521470
82-36	522600
82-36	520050
82-36	520030
82-37	522570
82-37	523840
82-37	523310
82-37	524320
82-37	525610
82-37	091790
82-37	378010
82-37	457720
82-37	024470
82-37	456400
82-38	522590
82-38	520550
82-38	398570
82-38	520860
82-38	523260
82-38	521460
82-38	522600
82-38	523250
82-38	520050
82-38	521030
82-39	520550
82-39	522600
82-39	523340
82-39	520070
82-39	01100370
82-39	522690
82-39	520860
82-39	521520
82-39	521440
82-39	520700
82-40	524200
82-40	523160
82-40	527260
82-40	520080
82-40	521500
82-40	512180
82-40	524220
82-40	523270
82-40	460400
82-40	520530
82-41	522700
82-41	523150
82-41	522070
82-41	398690
82-41	519950
82-41	520620
82-41	521390
82-41	520320
82-41	521200
82-41	522090
82-42	398270
82-42	523170
82-42	521390
82-42	519950
82-42	519920
82-42	521200
82-42	522070
82-42	398790
82-42	521630
82-42	398120
82-43	523600
82-43	522600
82-43	524710
82-43	521370
82-43	522790
82-43	523850
82-43	521540
82-43	522370
82-43	521260
82-43	522810
82-44	523130
82-44	485750
82-44	488920
82-44	521630
82-44	151450
82-44	521410
82-44	531940
82-44	519920
82-44	519940
82-44	520500
82-45	523590
82-45	525700
82-45	418520
82-45	392630
82-45	523710
82-45	01100320
82-45	525500
82-45	521690
82-45	525000
82-45	521700
82-46	523570
82-46	523530
82-46	501470
82-46	522400
82-46	523640
82-46	500690
82-46	524120
82-46	523420
82-46	520960
82-46	525770
82-47	520690
82-47	522490
82-47	520510
82-47	520340
82-47	522060
82-47	520970
82-47	542610
82-47	522300
82-47	525060
82-47	521770
82-48	523510
82-48	521390
82-48	520080
82-48	520150
82-48	522210
82-48	522740
82-48	520620
82-48	519960
82-48	523260
82-48	519950
82-49	524480
82-49	524280
82-49	489060
82-49	088880
82-49	523210
82-49	461040
82-49	520590
82-49	523990
82-49	523970
82-49	520850
82-50	523980
82-50	01100500
82-50	525240
82-50	524270
82-50	527490
82-50	378920
82-50	522880
82-50	522400
82-50	338460
82-50	522630
82-51	524070
82-51	522920
82-51	522420
82-51	520900
82-51	523190
82-51	522700
82-51	523200
82-51	519950
82-51	520860
82-51	399300
82-52	524260
82-52	398050
82-52	522420
82-52	522700
82-52	522290
82-52	522210
82-52	520120
82-52	520510
82-52	521190
82-52	520050
82-53	01100490
82-53	522330
82-53	340190
82-53	504600
82-53	526710
82-53	434800
82-53	522900
82-53	523220
82-53	523460
82-53	526150
82-54	524010
82-54	521690
82-54	521390
82-54	520690
82-54	520150
82-54	523620
82-54	520020
82-54	522210
82-54	520800
82-54	524200
82-55	524450
82-55	524060
82-55	378310
82-55	523920
82-55	074100
82-55	465240
82-55	405730
82-55	340260
82-55	526600
82-55	277270
82-56	524410
82-56	519950
82-56	521390
82-56	523050
82-56	520150
82-56	520630
82-56	527460
82-56	522700
82-56	398790
82-56	524600
82-57	523100
82-57	523090
82-57	526470
82-57	520970
82-57	398460
82-57	522780
82-57	520050
82-57	520990
82-57	520340
82-57	522420
82-58	01100500
82-58	523980
82-58	524270
82-58	01001870
82-58	525240
82-58	527090
82-58	524440
82-58	526150
82-58	527030
82-58	527490
82-59	524350
82-59	521040
82-59	522290
82-59	520050
82-59	521110
82-59	521690
82-59	520070
82-59	519950
82-59	522010
82-59	522700
82-60	524350
82-60	522290
82-60	521040
82-60	522500
82-60	522700
82-60	519950
82-60	525020
82-60	520150
82-60	523240
82-60	519920
82-61	524850
82-61	520990
82-61	521650
82-61	520610
82-61	526600
82-61	523920
82-61	498970
82-61	523380
82-61	526350
82-61	162020
82-62	509230
82-62	524570
82-62	521880
82-62	527210
82-62	391990
82-62	523310
82-62	521410
82-62	524840
82-62	525680
82-62	534120
82-63	462770
82-63	525330
82-63	525720
82-63	524770
82-63	523860
82-63	523460
82-63	527140
82-63	528050
82-63	525000
82-63	523870
82-64	524570
82-64	526020
82-64	171760
82-64	213660
82-64	527120
82-64	521210
82-64	523210
82-64	521190
82-64	521200
82-64	457400
82-65	525930
82-65	431570
82-65	428250
82-65	463740
82-65	526600
82-65	094930
82-65	527480
82-65	527680
82-65	463580
82-65	520990
82-66	418590
82-66	525480
82-66	418740
82-66	523320
82-66	494340
82-66	546050
82-66	509570
82-66	407460
82-66	522760
82-66	191170
82-67	525900
82-67	526330
82-67	523260
82-67	520550
82-67	522240
82-67	521470
82-67	525780
82-67	523200
82-67	521610
82-67	523190
82-68	520930
82-68	524060
82-68	522250
82-68	523380
82-68	522240
82-68	520310
82-68	520990
82-68	521890
82-68	521470
82-68	526160
82-69	525020
82-69	520070
82-69	523850
82-69	522810
82-69	523600
82-69	522010
82-69	521390
82-69	525980
82-69	524200
82-69	520020
82-70	525020
82-70	522050
82-70	521140
82-70	521260
82-70	522010
82-70	524200
82-70	520080
82-70	521390
82-70	523950
82-70	520340
82-71	465120
82-71	526680
82-71	527140
82-71	521130
82-71	524890
82-71	523870
82-71	01093650
82-71	465310
82-71	524910
82-71	525840
82-72	527140
82-72	525290
82-72	522180
82-72	523180
82-72	526380
82-72	521780
82-72	526700
82-72	466120
82-72	524130
82-72	523610
82-73	527540
82-73	527710
82-73	525140
82-73	526780
82-73	526290
82-73	526970
82-73	525510
82-73	524720
82-73	527390
82-73	521810
82-74	548270
82-74	529800
82-74	528300
82-74	020820
82-74	020620
82-74	528290
82-74	243890
82-74	548260
82-74	169180
82-74	343420
82-75	015790
82-75	015830
82-75	395670
82-75	029840
82-75	154770
82-75	528170
82-75	01006750
82-75	258940
82-75	015890
82-75	289540
82-76	528430
82-76	528480
82-76	528330
82-76	528530
82-76	174790
82-76	530160
82-76	243780
82-76	061210
82-76	528210
82-76	231870
82-77	530180
82-77	529190
82-77	528890
82-77	530980
82-77	531440
82-77	528650
82-77	529950
82-77	534150
82-77	528830
82-77	224170
82-78	530970
82-78	087140
82-78	529150
82-78	105240
82-78	271810
82-78	330250
82-78	088180
82-78	300410
82-78	223740
82-78	087150
82-79	528400
82-79	106560
82-79	517370
82-79	034620
82-79	01028000
82-79	01025760
82-79	105560
82-79	131950
82-79	034660
82-79	529150
82-80	529060
82-80	529700
82-80	528460
82-80	230260
82-80	528310
82-80	529610
82-80	532190
82-80	231970
82-80	498270
82-80	230950
82-81	529090
82-81	529320
82-81	530930
82-81	528470
82-81	528430
82-81	528260
82-81	530070
82-81	531010
82-81	529050
82-81	529690
82-82	530070
82-82	528330
82-82	529570
82-82	534150
82-82	529870
82-82	530810
82-82	531110
82-82	529690
82-82	531010
82-82	528530
82-83	530090
82-83	531100
82-83	529820
82-83	528600
82-83	532900
82-83	01013280
82-83	530610
82-83	000900
82-83	529240
82-83	533200
82-84	533990
82-84	531100
82-84	529500
82-84	530610
82-84	536310
82-84	529820
82-84	532900
82-84	528600
82-84	528350
82-84	530090
82-85	530010
82-85	531450
82-85	532550
82-85	530310
82-85	530070
82-85	529690
82-85	529570
82-85	531010
82-85	529870
82-85	528330
82-86	529920
82-86	528680
82-86	530100
82-86	529030
82-86	531110
82-86	535770
82-86	533490
82-86	530310
82-86	531170
82-86	535560
82-87	530270
82-87	529950
82-87	528260
82-87	530310
82-87	533280
82-87	534390
82-87	529570
82-87	529300
82-87	532820
82-87	529630
82-88	529610
82-88	528270
82-88	528310
82-88	528960
82-88	01001050
82-88	529060
82-88	531260
82-88	530060
82-88	534650
82-88	528970
82-89	529570
82-89	534150
82-89	529690
82-89	529630
82-89	501400
82-89	534280
82-89	533140
82-89	529720
82-89	530770
82-89	529950
82-90	530810
82-90	529580
82-90	530180
82-90	533280
82-90	529220
82-90	530070
82-90	534150
82-90	529190
82-90	528780
82-90	532270
82-91	530770
82-91	529690
82-91	530070
82-91	501400
82-91	533140
82-91	529570
82-91	534150
82-91	530180
82-91	529110
82-91	533110
82-92	530100
82-92	529720
82-92	530170
82-92	535860
82-92	529570
82-92	529580
82-92	531570
82-92	530930
82-92	277000
82-92	486400
82-93	530960
82-93	398370
82-93	009790
82-93	433210
82-93	387630
82-93	387400
82-93	395030
82-93	387670
82-93	387240
82-93	387540
82-94	530180
82-94	529190
82-94	530980
82-94	531440
82-94	529950
82-94	534280
82-94	528890
82-94	530570
82-94	529230
82-94	261550
83-1	534290
83-1	530050
83-1	534030
83-1	529690
83-1	535410
83-1	533040
83-1	532270
83-1	531220
83-1	531510
83-1	529920
83-2	531530
83-2	537230
83-2	535010
83-2	537760
83-2	535870
83-2	536310
83-2	529830
83-2	529640
83-2	530750
83-2	529530
83-3	531770
83-3	531220
83-3	398790
83-3	398500
83-3	398210
83-3	533920
83-3	531160
83-3	529910
83-3	535840
83-3	399020
83-4	531220
83-4	531110
83-4	530890
83-4	530560
83-4	532550
83-4	533920
83-4	532290
83-4	533490
83-4	529950
83-4	528500
83-5	529580
83-5	529300
83-5	535770
83-5	531490
83-5	531200
83-5	533510
83-5	534390
83-5	529090
83-5	174790
83-5	530010
83-6	531440
83-6	530180
83-6	529950
83-6	529190
83-6	261550
83-6	530980
83-6	532500
83-6	529230
83-6	534280
83-6	528890
83-7	530180
83-7	532220
83-7	529190
83-7	532030
83-7	531220
83-7	530740
83-7	533110
83-7	529950
83-7	529540
83-7	529920
83-8	532640
83-8	530180
83-8	529190
83-8	530100
83-8	535860
83-8	531990
83-8	532120
83-8	530930
83-8	542510
83-8	529570
83-9	533810
83-9	533510
83-9	532640
83-9	531490
83-9	531840
83-9	532770
83-9	532630
83-9	530100
83-9	529090
83-9	529300
83-10	533810
83-10	531840
83-10	532770
83-10	533510
83-10	532640
83-10	531490
83-10	530100
83-10	529090
83-10	533860
83-10	532630
83-11	532180
83-11	530100
83-11	534890
83-11	530180
83-11	533790
83-11	529190
83-11	531010
83-11	535860
83-11	529950
83-11	532120
83-12	532380
83-12	535840
83-12	533110
83-12	532520
83-12	531470
83-12	530180
83-12	533280
83-12	530810
83-12	532480
83-12	531600
83-13	530770
83-13	533260
83-13	530180
83-13	528360
83-13	529190
83-13	535410
83-13	529690
83-13	531220
83-13	534280
83-13	528330
83-14	533510
83-14	531490
83-14	529300
83-14	533810
83-14	532640
83-14	530010
83-14	532770
83-14	532630
83-14	174790
83-14	535560
83-15	535700
83-15	531210
83-15	535260
83-15	535850
83-15	535060
83-15	408440
83-15	535520
83-15	408750
83-15	533150
83-15	378740
83-16	536010
83-16	530720
83-16	532230
83-16	533960
83-16	532520
83-16	532170
83-16	013240
83-16	532330
83-16	529910
83-16	533270
83-17	534390
83-17	533280
83-17	529950
83-17	529690
83-17	534430
83-17	529630
83-17	534150
83-17	531740
83-17	530070
83-17	530810
83-18	529950
83-18	530180
83-18	530170
83-18	531590
83-18	531620
83-18	531220
83-18	529190
83-18	528650
83-18	524220
83-18	531870
83-19	534280
83-19	531220
83-19	529950
83-19	530010
83-19	529690
83-19	532920
83-19	530740
83-19	530050
83-19	534030
83-19	530770
83-20	534530
83-20	536010
83-20	531220
83-20	532290
83-20	531590
83-20	532800
83-20	534390
83-20	529910
83-20	534520
83-20	531740
83-21	534270
83-21	530180
83-21	529690
83-21	529190
83-21	534280
83-21	529110
83-21	533140
83-21	501400
83-21	534150
83-21	528890
83-22	534390
83-22	534280
83-22	530770
83-22	535770
83-22	530810
83-22	531220
83-22	533650
83-22	532500
83-22	530980
83-22	534430
83-23	534670
83-23	535840
83-23	532640
83-23	530010
83-23	532550
83-23	534390
83-23	535820
83-23	533040
83-23	534430
83-23	532500
83-24	535270
83-24	530100
83-24	534370
83-24	531110
83-24	529950
83-24	530180
83-24	529190
83-24	531220
83-24	535860
83-24	533280
83-25	01094020
83-25	535700
83-25	418580
83-25	525650
83-25	535520
83-25	535120
83-25	531210
83-25	405420
83-25	535850
83-25	509720
83-26	534670
83-26	535840
83-26	529920
83-26	529950
83-26	531850
83-26	534900
83-26	530770
83-26	532640
83-26	532180
83-26	536040
83-27	536010
83-27	532170
83-27	529490
83-27	532480
83-27	532600
83-27	529580
83-27	531740
83-27	532230
83-27	531170
83-27	528470
83-28	535560
83-28	529950
83-28	534030
83-28	529740
83-28	531770
83-28	534390
83-28	530180
83-28	524220
83-28	529920
83-28	535840
83-29	535770
83-29	536010
83-29	534370
83-29	533510
83-29	532570
83-29	532640
83-29	533640
83-29	529760
83-29	531990
83-29	529300
83-30	532640
83-30	535840
83-30	530810
83-30	530180
83-30	532520
83-30	529300
83-30	532810
83-30	533860
83-30	533280
83-30	529190
83-31	536310
83-31	529640
83-31	529530
83-31	537760
83-31	279020
83-31	533630
83-31	531400
83-31	531730
83-31	535870
83-31	535010
83-32	533270
83-32	533650
83-32	537560
83-32	531220
83-32	535410
83-32	530180
83-32	532520
83-32	534380
83-32	534130
83-32	532630
83-33	535770
83-33	535840
83-33	530180
83-33	533340
83-33	535220
83-33	532220
83-33	534390
83-33	529190
83-33	535350
83-33	529300
83-34	537760
83-34	537510
83-34	530680
83-34	534790
83-34	531730
83-34	531400
83-34	535530
83-34	537230
83-34	533870
83-34	535710
83-35	032420
83-35	353630
83-35	478690
83-35	000840
83-35	021510
83-35	537980
83-35	031900
83-35	185480
83-35	549160
83-35	326130
83-36	338460
83-36	434570
83-36	524270
83-36	048770
83-36	083820
83-36	378920
83-36	101920
83-36	538250
83-36	501920
83-36	523980
83-37	258030
83-37	258250
83-37	257770
83-37	258510
83-37	257780
83-37	386590
83-37	257920
83-37	257760
83-37	257720
83-37	257660
83-38	538650
83-38	539450
83-38	538660
83-38	01000140
83-38	539410
83-38	086990
83-38	034230
83-38	367800
83-38	087130
83-38	003260
83-39	538940
83-39	538920
83-39	538760
83-39	538680
83-39	088620
83-39	538720
83-39	033940
83-39	033730
83-39	087330
83-39	033910
83-40	539340
83-40	01045460
83-40	280460
83-40	178680
83-40	394400
83-40	539260
83-40	538970
83-40	539240
83-40	303940
83-40	301930
83-41	539130
83-41	417670
83-41	394400
83-41	417400
83-41	417410
83-41	538970
83-41	538630
83-41	551790
83-41	096440
83-41	331850
83-42	539400
83-42	372870
83-42	330580
83-42	242090
83-42	109160
83-42	539470
83-42	024490
83-42	275890
83-42	275470
83-42	372690
83-43	539420
83-43	539610
83-43	538970
83-43	539170
83-43	337930
83-43	539280
83-43	539500
83-43	156580
83-43	326140
83-43	013110
83-44	539390
83-44	539610
83-44	018400
83-44	01001930
83-44	224150
83-44	539700
83-44	396100
83-44	538880
83-44	004210
83-44	418260
83-45	539260
83-45	539510
83-45	539610
83-45	539100
83-45	539170
83-45	539280
83-45	224150
83-45	084830
83-45	539390
83-45	084760
83-46	540050
83-46	01079120
83-46	350300
83-46	172020
83-46	071610
83-46	164260
83-46	213910
83-46	036270
83-46	01082800
83-46	170200
83-47	540060
83-47	540600
83-47	540210
83-47	280420
83-47	067700
83-47	086180
83-47	166400
83-47	540590
83-47	01070760
83-47	269750
83-48	540060
83-48	540600
83-48	01101270
83-48	166400
83-48	067700
83-48	280420
83-48	058810
83-48	01100210
83-48	540590
83-48	066370
83-49	085740
83-49	540060
83-49	540470
83-49	026810
83-49	420200
83-49	491330
83-49	027400
83-49	190110
83-49	022020
83-49	027410
83-50	540470
83-50	528700
83-50	540390
83-50	066070
83-50	540060
83-50	190110
83-50	491330
83-50	01101270
83-50	343930
83-50	085740
83-51	087890
83-51	483040
83-51	01012710
83-51	223410
83-51	482850
83-51	035210
83-51	161390
83-51	327690
83-51	108080
83-51	372360
83-52	416950
83-52	103830
83-52	179490
83-52	094140
83-52	542850
83-52	514480
83-52	418210
83-52	514520
83-52	030820
83-52	403640
83-53	542950
83-53	301640
83-53	085510
83-53	138240
83-53	281360
83-53	459880
83-53	225530
83-53	377160
83-53	168350
83-53	125590
83-54	543090
83-54	543070
83-54	537240
83-54	027510
83-54	544050
83-54	171530
83-54	543210
83-54	505140
83-54	543020
83-54	082350
83-55	543290
83-55	543070
83-55	422080
83-55	301770
83-55	083490
83-55	543380
83-55	543300
83-55	056750
83-55	317090
83-55	543340
83-56	543620
83-56	543880
83-56	543890
83-56	056040
83-56	266670
83-56	544030
83-56	544270
83-56	504900
83-56	451710
83-56	163790
83-57	543850
83-57	103720
83-57	543900
83-57	300030
83-57	456110
83-57	055600
83-57	056330
83-57	103760
83-57	031360
83-57	300170
83-58	543920
83-58	544810
83-58	544050
83-58	521260
83-58	543850
83-58	543070
83-58	544150
83-58	543820
83-58	01014920
83-58	300730
83-59	118260
83-59	056910
83-59	164990
83-59	195210
83-59	228510
83-59	432700
83-59	401610
83-59	466850
83-59	305910
83-59	100340
83-60	066370
83-60	544050
83-60	543850
83-60	044840
83-60	543820
83-60	521440
83-60	01014920
83-60	544150
83-60	544810
83-60	506820
83-61	544290
83-61	460680
83-61	523260
83-61	060650
83-61	085470
83-61	398950
83-61	399140
83-61	301730
83-61	543850
83-61	544180
83-62	544380
83-62	01101440
83-62	480620
83-62	083080
83-62	544660
83-62	064390
83-62	383560
83-62	479580
83-62	417560
83-62	083100
83-63	544750
83-63	544630
83-63	544280
83-63	544810
83-63	300910
83-63	473090
83-63	544070
83-63	520800
83-63	543800
83-63	543870
83-64	115710
83-64	102350
83-64	012350
83-64	115760
83-64	115660
83-64	148080
83-64	115620
83-64	545030
83-64	115790
83-64	011290
83-65	545370
83-65	519650
83-65	386890
83-65	494560
83-65	321310
83-65	483920
83-65	433260
83-65	361170
83-65	376320
83-65	158530
83-66	545410
83-66	543850
83-66	544640
83-66	544120
83-66	544240
83-66	543820
83-66	544810
83-66	545490
83-66	491770
83-66	543920
83-67	386530
83-67	386440
83-67	386510
83-67	316100
83-67	008580
83-67	196460
83-67	054550
83-67	387220
83-67	387280
83-67	387480
83-68	386800
83-68	322640
83-68	147940
83-68	147290
83-68	335570
83-68	259970
83-68	317550
83-68	01080100
83-68	130660
83-68	320030
83-69	002540
83-69	022790
83-69	024320
83-69	322680
83-69	025950
83-69	223350
83-69	375140
83-69	407750
83-69	021710
83-69	458590
83-70	545560
83-70	032910
83-70	545580
83-70	159050
83-70	317060
83-70	324020
83-70	324360
83-70	037550
83-70	489800
83-70	446150
83-71	546020
83-71	546050
83-71	545980
83-71	546060
83-71	546150
83-71	546130
83-71	545960
83-71	545910
83-71	546120
83-71	545970
83-72	546060
83-72	546020
83-72	546150
83-72	546050
83-72	545980
83-72	545970
83-72	546100
83-72	545910
83-72	546130
83-72	545800
83-73	256190
83-73	256160
83-73	255700
83-73	255750
83-73	255890
83-73	255680
83-73	255660
83-73	256050
83-73	540440
83-73	255930
83-74	546480
83-74	546520
83-74	546780
83-74	546770
83-74	546530
83-74	546650
83-74	546930
83-74	546730
83-74	546620
83-74	546850
83-75	546970
83-75	254160
83-75	031920
83-75	243650
83-75	221350
83-75	020700
83-75	088850
83-75	005830
83-75	373250
83-75	117110
83-76	547390
83-76	547410
83-76	547740
83-76	184810
83-76	548130
83-76	547870
83-76	547980
83-76	548160
83-76	547450
83-76	476760
83-77	548350
83-77	071140
83-77	103760
83-77	103770
83-77	268530
83-77	268430
83-77	103910
83-77	270030
83-77	242740
83-77	511180
83-78	548880
83-78	548870
83-78	548960
83-78	548940
83-78	326700
83-78	328180
83-78	259050
83-78	154860
83-78	081450
83-78	548910
83-79	059640
83-79	098920
83-79	021480
83-79	185480
83-79	036320
83-79	549160
83-79	326330
83-79	01004510
83-79	064730
83-79	032590
83-80	543460
83-80	002220
83-80	549190
83-80	327920
83-80	002370
83-80	327860
83-80	279340
83-80	002290
83-80	431970
83-80	002340
83-81	549700
83-81	055870
83-81	163560
83-81	451630
83-81	548460
83-81	320220
83-81	243080
83-81	029210
83-81	107060
83-81	228600
83-82	224750
83-82	446520
83-82	109940
83-82	161800
83-82	372870
83-82	446620
83-82	329520
83-82	259330
83-82	022300
83-82	327920
83-83	549710
83-83	550140
83-83	493430
83-83	491940
83-83	493250
83-83	529250
83-83	544630
83-83	367740
83-83	349350
83-83	491720
83-84	549660
83-84	549210
83-84	549700
83-84	505850
83-84	550020
83-84	505540
83-84	495270
83-84	328130
83-84	549600
83-84	549720
83-85	549810
83-85	549610
83-85	550030
83-85	060180
83-85	493430
83-85	039760
83-85	549220
83-85	447770
83-85	446270
83-85	493440
83-86	330830
83-86	549830
83-86	003360
83-86	019020
83-86	549990
83-86	516920
83-86	295880
83-86	270280
83-86	090690
83-86	482950
83-87	550140
83-87	493430
83-87	225100
83-87	540870
83-87	549710
83-87	224480
83-87	042110
83-87	549430
83-87	336640
83-87	491940
83-88	550030
83-88	332690
83-88	111360
83-88	290020
83-88	01062800
83-88	344890
83-88	549810
83-88	330510
83-88	496390
83-88	487030
83-89	544620
83-89	313060
83-89	396540
83-89	050900
83-89	100030
83-89	432970
83-89	538400
83-89	226170
83-89	062190
83-89	162790
83-90	432960
83-90	538080
83-90	538300
83-90	538200
83-90	488620
83-90	432990
83-90	100240
83-90	508270
83-90	275850
83-90	288030
83-91	550740
83-91	550610
83-91	523720
83-91	009270
83-91	163660
83-91	524580
83-91	460960
83-91	165950
83-91	243750
83-91	01026890
83-92	01097250
83-92	551810
83-92	482090
83-92	551830
83-92	335950
83-92	481300
83-92	085240
83-92	254810
83-92	258230
83-92	489860
83-93	551960
83-93	551940
83-93	551930
83-93	552010
83-93	545750
83-93	362950
83-93	551950
83-93	065090
83-93	551990
83-93	442020
83-94	552350
83-94	035900
83-94	01049800
83-94	01013260
83-94	011480
83-94	100310
83-94	451700
83-94	007500
83-94	068460
83-94	290140
84-1	01009450
84-1	060150
84-1	015790
84-1	058070
84-1	154770
84-1	01006820
84-1	490990
84-1	258940
84-1	080490
84-1	003660
84-2	166810
84-2	01046670
84-2	164660
84-2	173040
84-2	166380
84-2	117640
84-2	164650
84-2	172930
84-2	01027200
84-2	170790
84-3	437860
84-3	441700
84-3	440090
84-3	441980
84-3	440840
84-3	191730
84-3	442630
84-3	443360
84-3	441800
84-3	140180
84-4	237090
84-4	123750
84-4	140180
84-4	217320
84-4	172370
84-4	011310
84-4	01058540
84-4	235950
84-4	01058550
84-4	235060
